CGG_NM,STDG_NM,MNO,SNO,BLDG_NM,JIBUN_ADDR,LAT,LON,GEOCODE_METHOD
구로구,온수동,154,0,리치안풍산,서울특별시 구로구 온수동 154,37.4958657705491,126.817575770016,address
중랑구,망우동,479,0,한일써너스빌리젠시1단지(101동),서울특별시 중랑구 망우동 479,37.5973351400052,127.093477736804,address
강동구,천호동,19,1,우성,서울특별시 강동구 천호동 19-1,37.5497684861221,127.138816135129,address
강북구,미아동,194,2,엘리프미아역1단지,서울특별시 강북구 미아동 194-2,37.6292755859794,127.025459152278,address
서초구,방배동,866,20,방배대우디오빌,서울특별시 서초구 방배동 866-20,37.486044022746,126.984200927218,address
성북구,정릉동,780,0,"산장아파트가동,나동",서울특별시 성북구 정릉동 780,37.6167648609946,127.002136993966,address
도봉구,창동,818,0,창동현대4차,서울특별시 도봉구 창동 818,37.658956130778,127.046300185008,address
마포구,연남동,573,0,코오롱,서울특별시 마포구 연남동 573,37.5644996108505,126.920421359818,address
중랑구,중화동,462,0,리버센SKVIEW롯데캐슬,서울특별시 중랑구 중화동 462,37.6027640054814,127.075560229011,address
은평구,신사동,360,0,신사성원,서울특별시 은평구 신사동 360,37.6004445878031,126.913301309199,address
중랑구,신내동,783,0,성원,서울특별시 중랑구 신내동 783,37.6049590200548,127.094533350571,address
강북구,미아동,811,0,두산위브트레지움,서울특별시 강북구 미아동 811,37.6177643032662,127.01693069632,address
강서구,화곡동,919,1,유림노르웨이숲(919-1),서울특별시 강서구 화곡동 919-1,37.5301648129326,126.843935091187,address
양천구,신정동,1308,0,동원로데오,서울특별시 양천구 신정동 1308,37.528743622939,126.862767440375,address
금천구,시흥동,817,29,시흥(817-29),서울특별시 금천구 시흥동 817-29,37.4558386091227,126.907818376125,address
성북구,길음동,1277,0,길음현대,서울특별시 성북구 길음동 1277,37.6081777622982,127.019941171614,address
은평구,진관동,14,0,상림마을8단지롯데캐슬(801~809동)BL1-2,서울특별시 은평구 진관동 14,37.6452288057488,126.924900323142,address
은평구,응암동,376,1,미가마하나임,서울특별시 은평구 응암동 376-1,37.5917008831426,126.917913613611,address
도봉구,창동,821,0,초안산신도브래뉴,서울특별시 도봉구 창동 821,37.6334329434769,127.04255535448,address
도봉구,창동,45,0,삼성래미안,서울특별시 도봉구 창동 45,37.6490832554147,127.04854019084,address
구로구,오류동,338,0,동부골든,서울특별시 구로구 오류동 338,37.4992909110144,126.839531583839,address
도봉구,방학동,689,0,동부센트레빌아파트,서울특별시 도봉구 방학동 689,37.6633180819517,127.039531579839,address
중랑구,묵동,13,0,신내,서울특별시 중랑구 묵동 13,37.6164130659246,127.08487405604,address
강북구,미아동,163,21,신일,서울특별시 강북구 미아동 163-21,37.6322484075867,127.026602806568,address
관악구,신림동,1686,0,신림동쌍용아파트,서울특별시 관악구 신림동 1686,37.4721459611276,126.911763045766,address
도봉구,방학동,271,1,신동아아파트1,서울특별시 도봉구 방학동 271-1,37.6609347988243,127.0267260331,address
성북구,장위동,319,0,꿈의숲코오롱하늘채,서울특별시 성북구 장위동 319,37.6197814798825,127.046108919378,address
동대문구,장안동,333,5,삼현팰리체,서울특별시 동대문구 장안동 333-5,37.5715294876614,127.075962435804,address
성북구,돈암동,552,9,삼성아지오아파트,서울특별시 성북구 돈암동 552-9,37.597425607468,127.012848539041,address
도봉구,창동,373,0,창동주공4단지,서울특별시 도봉구 창동 373,37.645841010278,127.048016739909,address
도봉구,창동,347,0,창동주공3단지(해등마을),서울특별시 도봉구 창동 347,37.6500631583751,127.04420113616,address
은평구,대조동,179,16,북한산포레스트,서울특별시 은평구 대조동 179-16,37.6075919366078,126.922186036575,address
구로구,개봉동,481,0,현대,서울특별시 구로구 개봉동 481,37.492077368255,126.858496444041,address
은평구,진관동,10,0,상림마을7단지아이파크(730~742동)BL1-14,서울특별시 은평구 진관동 10,37.6424032153905,126.931075917531,address
도봉구,쌍문동,56,0,삼익세라믹,서울특별시 도봉구 쌍문동 56,37.6575242550096,127.034882395018,address
마포구,신수동,462,0,마포아이파크포레,서울특별시 마포구 신수동 462,37.5511313387285,126.934179457937,address
구로구,구로동,97,0,로제리움2차,서울특별시 구로구 구로동 97,37.49600114179,126.891030972504,address
동대문구,이문동,54,0,현대,서울특별시 동대문구 이문동 54,37.6013509634573,127.07019199549,address
관악구,봉천동,7,312,동아타운21,서울특별시 관악구 봉천동 7-312,37.4889292724364,126.957145812964,address
송파구,문정동,145,0,문정시영,서울특별시 송파구 문정동 145,37.4906081165342,127.135334331832,address
성북구,장위동,62,1,장위자이레디언트(4단지),서울특별시 성북구 장위동 62-1,37.6135909157727,127.056587326538,address
성북구,돈암동,15,1,돈암동삼성,서울특별시 성북구 돈암동 15-1,37.5994822164406,127.023373194038,address
중랑구,면목동,1501,0,두산6,서울특별시 중랑구 면목동 1501,37.5775605393485,127.080619776402,address
구로구,신도림동,637,0,우성3,서울특별시 구로구 신도림동 637,37.5130191866004,126.884347609326,address
서초구,서초동,1487,63,서초1차e-편한세상,서울특별시 서초구 서초동 1487-63,37.4811480824098,127.006787516275,address
서대문구,북아현동,1013,0,e편한세상신촌2단지,서울특별시 서대문구 북아현동 1013,37.5582659643517,126.950153860719,address
노원구,하계동,167,10,아주,서울특별시 노원구 하계동 167-10,37.6359554425313,127.074501433471,address
송파구,장지동,854,0,송파파인타운11단지,서울특별시 송파구 장지동 854,37.4796433254146,127.133173446134,address
구로구,구로동,798,21,(798-21),서울특별시 구로구 구로동 798-21,37.4851425240449,126.887526964716,address
도봉구,방학동,717,2,방학지음재힐스,서울특별시 도봉구 방학동 717-2,37.6672859117735,127.044821359728,address
도봉구,방학동,734,0,청구아파트,서울특별시 도봉구 방학동 734,37.6580488858301,127.026228957921,address
구로구,구로동,685,124,중앙하이츠,서울특별시 구로구 구로동 685-124,37.496778679083,126.876098477883,address
영등포구,신길동,4958,0,보라매에스케이뷰,서울특별시 영등포구 신길동 4958,37.5029425844622,126.917366701934,address
은평구,대조동,88,0,힐스테이트 메디알레,서울특별시 은평구 대조동 88,37.6120492662394,126.923358380629,address
은평구,응암동,742,3,남청파인힐,서울특별시 은평구 응암동 742-3,37.5840304729144,126.91600494024,address
중랑구,신내동,656,0,화성.두산아파트,서울특별시 중랑구 신내동 656,37.6136323565234,127.095137479055,address
구로구,항동,236,0,항동중흥에스클래스베르데카운티,서울특별시 구로구 항동 236,37.4810367866964,126.820790760052,address
강북구,번동,418,3,효성네오인텔리안,서울특별시 강북구 번동 418-3,37.6386747667765,127.027039148071,address
관악구,신림동,1706,0,금호2,서울특별시 관악구 신림동 1706,37.4682499779039,126.944282502442,address
강서구,마곡동,1467,0,마곡우림필유아파트,서울특별시 강서구 마곡동 1467,37.5717925752818,126.821349834096,address
송파구,오금동,166,0,상아1차아파트,서울특별시 송파구 오금동 166,37.4985544476068,127.135337701813,address
송파구,문정동,104,0,현대,서울특별시 송파구 문정동 104,37.4857688614506,127.1303164596,address
영등포구,영등포동5가,32,8,리버센트 푸르지오 위브,서울특별시 영등포구 영등포동5가 32-8,37.5215880879594,126.908145917735,address
강북구,수유동,732,0,형인휴아름,서울특별시 강북구 수유동 732,37.6384529594017,127.022219095506,address
양천구,신정동,325,0,목동신시가지11,서울특별시 양천구 신정동 325,37.5120560613111,126.858409872488,address
관악구,신림동,763,0,한라타운아파트,서울특별시 관악구 신림동 763,37.476541586877,126.915152218223,address
은평구,응암동,116,17,서강스카이빌2,서울특별시 은평구 응암동 116-17,37.5981564599415,126.92024058349,address
영등포구,당산동,121,200,휴브리지빌딩,서울특별시 영등포구 당산동 121-200,37.528512185726,126.90824580901,address
도봉구,창동,305,0,창동주공1단지,서울특별시 도봉구 창동 305,37.6535360746342,127.039404572356,address
광진구,화양동,21,2,브라운스톤,서울특별시 광진구 화양동 21-2,37.5479950295146,127.068554495728,address
동대문구,장안동,95,1,장안현대,서울특별시 동대문구 장안동 95-1,37.5808826791312,127.069120244697,address
도봉구,쌍문동,13,2,대웅,서울특별시 도봉구 쌍문동 13-2,37.6599075567277,127.035703351898,address
구로구,구로동,1260,0,이화우성,서울특별시 구로구 구로동 1260,37.4898358033032,126.893880128121,address
도봉구,창동,38,0,주공17단지,서울특별시 도봉구 창동 38,37.6442064819292,127.05338274179,address
강북구,번동,242,0,주공1단지,서울특별시 강북구 번동 242,37.6247095737389,127.04711402283,address
관악구,봉천동,867,12,프라비다2,서울특별시 관악구 봉천동 867-12,37.479680684799,126.950448167247,address
구로구,오류동,339,0,동부(105동~106동),서울특별시 구로구 오류동 339,37.4970730544702,126.848726529372,address
은평구,신사동,278,1,우공101동,서울특별시 은평구 신사동 278-1,37.600141423771,126.9065956429,address
송파구,풍납동,401,1,쌍용,서울특별시 송파구 풍납동 401-1,37.5272518297608,127.117703245843,address
관악구,신림동,1433,55,프라비다트라움,서울특별시 관악구 신림동 1433-55,37.4848051201951,126.928086408982,address
구로구,항동,238,0,하버라인4단지,서울특별시 구로구 항동 238,37.4812930891044,126.826871035904,address
도봉구,창동,815,0,창동2차현대,서울특별시 도봉구 창동 815,37.6610336966577,127.046089315065,address
중랑구,상봉동,497,0,태영데시앙1,서울특별시 중랑구 상봉동 497,37.6031459393664,127.092739964795,address
양천구,신월동,203,18,주함헤븐105동,서울특별시 양천구 신월동 203-18,37.5302552429753,126.829697860442,address
은평구,갈현동,395,2,효민아크로뷰,서울특별시 은평구 갈현동 395-2,37.6205827444968,126.91975833281,address
강서구,공항동,1398,0,더트루엘마곡HQ,서울특별시 강서구 공항동 1398,37.5613941334125,126.815106975018,address
관악구,봉천동,1712,0,관악드림(동아),서울특별시 관악구 봉천동 1712,37.489767905811,126.950619822698,address
성북구,정릉동,1031,0,정릉힐스테이트3차,서울특별시 성북구 정릉동 1031,37.6144302680147,127.007547825596,address
중랑구,면목동,1502,0,현대,서울특별시 중랑구 면목동 1502,37.5762581128666,127.089787282993,address
구로구,구로동,256,1,삼성래미안,서울특별시 구로구 구로동 256-1,37.4877325877276,126.891899158263,address
강서구,방화동,860,0,마곡서광(치현마을),서울특별시 강서구 방화동 860,37.5793097745828,126.819298295646,address
성북구,정릉동,210,0,정릉푸른마을동아,서울특별시 성북구 정릉동 210,37.6075161605071,127.01440352853,address
양천구,목동,956,0,롯데캐슬위너,서울특별시 양천구 목동 956,37.5468252120401,126.867150717582,address
강서구,내발산동,673,11,청솔숲속마을101동,서울특별시 강서구 내발산동 673-11,37.5512061585253,126.839664673036,address
도봉구,방학동,720,18,방학동삼성래미안1,서울특별시 도봉구 방학동 720-18,37.6669775389205,127.047276059135,address
서초구,서초동,1600,11,서초레몬,서울특별시 서초구 서초동 1600-11,37.4857852096649,127.0154466978,address
양천구,신정동,1306,0,세양청마루,서울특별시 양천구 신정동 1306,37.5071533161833,126.863675809775,address
양천구,신정동,1295,0,목동2삼성래미안,서울특별시 양천구 신정동 1295,37.5104950665501,126.86829619457,address
양천구,신정동,1323,0,목동힐스테이트,서울특별시 양천구 신정동 1323,37.5203061709519,126.856457667129,address
은평구,진관동,102,0,박석고개1단지힐스테이트(116~131동)BL2-1,서울특별시 은평구 진관동 102,37.6330388638858,126.922287528799,address
동대문구,답십리동,530,15,현대썬앤빌청계,서울특별시 동대문구 답십리동 530-15,37.5661625518015,127.055151048753,address
용산구,이촌동,300,27,리버뷰,서울특별시 용산구 이촌동 300-27,37.5201637323928,126.971946115671,address
구로구,구로동,1281,0,한일유앤아이,서울특별시 구로구 구로동 1281,37.4864737258532,126.876052971485,address
강서구,내발산동,711,6,청솔수(711-6),서울특별시 강서구 내발산동 711-6,37.5503160972745,126.832485324659,address
양천구,신월동,1030,0,방주기픈샘,서울특별시 양천구 신월동 1030,37.5250628168519,126.842857208829,address
중랑구,면목동,1531,0,마젤란21,서울특별시 중랑구 면목동 1531,37.5868340887344,127.084126489209,address
강동구,성내동,545,7,집앤사비디아파트,서울특별시 강동구 성내동 545-7,37.5274210709483,127.128973615608,address
중랑구,신내동,479,0,중앙하이츠,서울특별시 중랑구 신내동 479,37.6034907491923,127.098088211575,address
성북구,정릉동,1024,0,피오레,서울특별시 성북구 정릉동 1024,37.6171972611388,127.00090319015,address
강북구,미아동,812,0,삼성래미안트리베라2단지,서울특별시 강북구 미아동 812,37.6173116384026,127.020401549408,address
영등포구,대림동,696,0,우성1,서울특별시 영등포구 대림동 696,37.495536270806,126.900586695699,address
영등포구,영등포동1가,92,3,여의도이튼브라운,서울특별시 영등포구 영등포동1가 92-3,37.5183976290038,126.913505369315,address
강남구,역삼동,826,29,역삼동우정에쉐르1,서울특별시 강남구 역삼동 826-29,37.4963043323795,127.030170484473,address
영등포구,대림동,717,0,쌍용플래티넘S,서울특별시 영등포구 대림동 717,37.4952957246824,126.898075565712,address
서대문구,남가좌동,389,0,DMC에코자이,서울특별시 서대문구 남가좌동 389,37.5771753939051,126.919159886739,address
관악구,봉천동,1733,0,e편한세상서울대입구2차,서울특별시 관악구 봉천동 1733,37.4783897162813,126.941752107316,address
동대문구,답십리동,1003,0,래미안위브,서울특별시 동대문구 답십리동 1003,37.5720377764558,127.053951855019,address
강남구,압구정동,486,0,한양4,서울특별시 강남구 압구정동 486,37.5309077439444,127.036865226776,address
송파구,오금동,165,0,상아2차아파트,서울특별시 송파구 오금동 165,37.4979386318395,127.136727327347,address
강북구,미아동,198,36,그린힐빌라트,서울특별시 강북구 미아동 198-36,37.6271540923676,127.028732278173,address
성북구,길음동,1278,0,길음동동부센트레빌(1278-0),서울특별시 성북구 길음동 1278,37.6102709913229,127.024462245599,address
관악구,신림동,1694,0,신림현대,서울특별시 관악구 신림동 1694,37.4749935380104,126.932280766666,address
강북구,미아동,813,0,래미안트리베라1단지,서울특별시 강북구 미아동 813,37.6139423356183,127.020726256988,address
영등포구,당산동4가,99,0,당산롯데캐슬프레스티지,서울특별시 영등포구 당산동4가 99,37.5286609363432,126.902942298813,address
구로구,구로동,1273,0,대림아르빌,서울특별시 구로구 구로동 1273,37.4905183603451,126.895241945722,address
관악구,신림동,1730,0,신림푸르지오,서울특별시 관악구 신림동 1730,37.4791218767665,126.910484296891,address
관악구,신림동,1746,0,힐스테이트뉴포레,서울특별시 관악구 신림동 1746,37.4840017278246,126.9056068235,address
관악구,봉천동,1717,0,관악푸르지오,서울특별시 관악구 봉천동 1717,37.4873112715491,126.960864947013,address
영등포구,당산동4가,94,1,당산삼성2차,서울특별시 영등포구 당산동4가 94-1,37.5278539911899,126.89843233437,address
강서구,염창동,262,2,대림,서울특별시 강서구 염창동 262-2,37.5482264632628,126.875776069072,address
동대문구,휘경동,57,0,휘경리오포레아파트(2단지),서울특별시 동대문구 휘경동 57,37.5829871567703,127.070747052227,address
동작구,대방동,501,0,대림아파트,서울특별시 동작구 대방동 501,37.5072946636747,126.924711747263,address
구로구,오류동,345,0,동선,서울특별시 구로구 오류동 345,37.4936888150456,126.839463283461,address
도봉구,쌍문동,59,0,한양2,서울특별시 도봉구 쌍문동 59,37.6569864317373,127.031453992625,address
은평구,신사동,370,0,은평신사두산위브,서울특별시 은평구 신사동 370,37.5999408732609,126.905701745197,address
은평구,진관동,65,0,은평뉴타운엘크루,서울특별시 은평구 진관동 65,37.6395667912613,126.919232371431,address
양천구,신정동,312,0,목동신시가지9,서울특별시 양천구 신정동 312,37.5185420579875,126.862404579736,address
동작구,사당동,1155,0,대성유니드,서울특별시 동작구 사당동 1155,37.4933197627188,126.975331922893,address
구로구,오류동,349,0,은하수수목원,서울특별시 구로구 오류동 349,37.4889690282229,126.827170152306,address
송파구,송파동,171,0,잠실더샵루벤,서울특별시 송파구 송파동 171,37.5001404027447,127.117028504575,address
강남구,대치동,316,0,은마,서울특별시 강남구 대치동 316,37.4974180026259,127.065327020175,address
동대문구,이문동,425,0,이문삼성래미안아파트,서울특별시 동대문구 이문동 425,37.6003489644361,127.056433366014,address
중랑구,신내동,661,0,신내11대명,서울특별시 중랑구 신내동 661,37.6075380713052,127.094008632781,address
강서구,등촌동,710,0,보람,서울특별시 강서구 등촌동 710,37.5496519390583,126.862606445747,address
강북구,미아동,1369,0,꿈의숲해링턴플레이스,서울특별시 강북구 미아동 1369,37.6184958950826,127.034691191838,address
도봉구,쌍문동,721,0,극동아파트,서울특별시 도봉구 쌍문동 721,37.6514339618397,127.027422598488,address
송파구,가락동,192,0,극동,서울특별시 송파구 가락동 192,37.4956974031715,127.132676564288,address
서대문구,홍제동,454,0,유원하나,서울특별시 서대문구 홍제동 454,37.5951296272667,126.952165445079,address
도봉구,방학동,508,0,우성아파트2,서울특별시 도봉구 방학동 508,37.6569741255456,127.021688802247,address
동대문구,전농동,10,0,전농SK,서울특별시 동대문구 전농동 10,37.5766421261107,127.060465846616,address
광진구,중곡동,190,26,중곡2단지,서울특별시 광진구 중곡동 190-26,37.5667790987175,127.078414071305,address
동대문구,장안동,346,2,태솔아파트2차,서울특별시 동대문구 장안동 346-2,37.5689663103654,127.070785744701,address
중랑구,중화동,207,14,미영리치타운,서울특별시 중랑구 중화동 207-14,37.5950156902891,127.077877524896,address
구로구,항동,242,0,하버라인3단지,서울특별시 구로구 항동 242,37.4793380760672,126.824182383715,address
도봉구,방학동,496,0,벽산아파트2,서울특별시 도봉구 방학동 496,37.6589255083572,127.025138236022,address
광진구,중곡동,186,9,삼성베스트빌(31차),서울특별시 광진구 중곡동 186-9,37.5688426817163,127.078770643714,address
관악구,신림동,1425,4,코스모그린,서울특별시 관악구 신림동 1425-4,37.487426640839,126.929494339284,address
동작구,상도동,415,0,중앙하이츠빌,서울특별시 동작구 상도동 415,37.4990754084704,126.949791769181,address
도봉구,창동,743,23,창동역블루핀2동,서울특별시 도봉구 창동 743-23,37.6603720696484,127.049941415646,address
도봉구,창동,825,0,북한산아이파크5차,서울특별시 도봉구 창동 825,37.6579097559237,127.043633590922,address
중랑구,신내동,657,0,신내9진흥,서울특별시 중랑구 신내동 657,37.6119855898595,127.094726629688,address
마포구,서교동,490,0,메세나폴리스,서울특별시 마포구 서교동 490,37.5507467154903,126.913768796333,address
서대문구,홍은동,202,5,"현대(1,2차)",서울특별시 서대문구 홍은동 202-5,37.5902548794754,126.938328720978,address
양천구,신정동,743,2,신정6현대,서울특별시 양천구 신정동 743-2,37.5081291196913,126.84158898885,address
동작구,사당동,1151,0,갑을명가,서울특별시 동작구 사당동 1151,37.4824711263461,126.966364603949,address
은평구,응암동,771,0,e편한세상백련산,서울특별시 은평구 응암동 771,37.5955669839631,126.923882803525,address
강동구,천호동,571,0,래미안강동팰리스,서울특별시 강동구 천호동 571,37.5372215425849,127.131974711687,address
동작구,상도동,408,0,상도동삼호아파트,서울특별시 동작구 상도동 408,37.4935295589991,126.95743119907,address
구로구,오류동,340,0,삼천리,서울특별시 구로구 오류동 340,37.4925635132182,126.839371158542,address
도봉구,도봉동,642,0,현대성우,서울특별시 도봉구 도봉동 642,37.6763172935299,127.047678959744,address
서대문구,연희동,740,0,성원,서울특별시 서대문구 연희동 740,37.5761445850031,126.938637748386,address
양천구,목동,929,0,목동청구한신아파트,서울특별시 양천구 목동 929,37.5414580717709,126.881654577667,address
강북구,미아동,561,2,현대성우,서울특별시 강북구 미아동 561-2,37.6172043844266,127.022104374602,address
영등포구,문래동3가,93,1,문래건영,서울특별시 영등포구 문래동3가 93-1,37.5183980014505,126.892459322492,address
구로구,구로동,108,2,새솔금호,서울특별시 구로구 구로동 108-2,37.4999944583683,126.890314741102,address
마포구,신수동,456,0,마포경남아너스빌,서울특별시 마포구 신수동 456,37.5491224507214,126.934301404394,address
중랑구,중화동,450,0,한신아파트상가동유치원동(103~109),서울특별시 중랑구 중화동 450,37.5971495731568,127.081907230062,address
도봉구,방학동,731,0,한화성원아파트,서울특별시 도봉구 방학동 731,37.661265380776,127.031765765872,address
성북구,종암동,80,0,래미안크리시엘,서울특별시 성북구 종암동 80,37.6009876756256,127.030155293619,address
영등포구,당산동3가,564,0,당산계룡리슈빌1단지,서울특별시 영등포구 당산동3가 564,37.5250516747965,126.899249519511,address
강동구,길동,349,1,다성이즈빌(349-1),서울특별시 강동구 길동 349-1,37.5406649459172,127.142548285305,address
성북구,돈암동,624,0,구현대,서울특별시 성북구 돈암동 624,37.6016259156478,127.024833910185,address
도봉구,방학동,274,0,삼익세라믹아파트,서울특별시 도봉구 방학동 274,37.6611236514876,127.034044277256,address
중랑구,상봉동,116,49,상봉생활,서울특별시 중랑구 상봉동 116-49,37.5958074680272,127.081761045362,address
동대문구,장안동,381,3,한강훼미리주상복합아파트,서울특별시 동대문구 장안동 381-3,37.568601417413,127.068165655118,address
강서구,마곡동,751,0,마곡엠벨리(15단지),서울특별시 강서구 마곡동 751,37.556726750174,126.828076496675,address
성북구,돈암동,609,1,한진(609-1),서울특별시 성북구 돈암동 609-1,37.5941783218836,127.010321322145,address
성북구,정릉동,809,0,정릉중앙하이츠아파트,서울특별시 성북구 정릉동 809,37.6194079107862,127.002062877606,address
강서구,등촌동,511,4,등촌퀸즈포디엄삼익,서울특별시 강서구 등촌동 511-4,37.5473050125372,126.862368475795,address
구로구,고척동,296,0,대우,서울특별시 구로구 고척동 296,37.5030248070323,126.855476756678,address
관악구,신림동,1704,1,주공1,서울특별시 관악구 신림동 1704-1,37.466047276267,126.927949404295,address
양천구,신정동,1310,0,동일하이빌1단지,서울특별시 양천구 신정동 1310,37.5118701719947,126.839118621137,address
중랑구,신내동,618,0,동성3,서울특별시 중랑구 신내동 618,37.6085274461075,127.096246072268,address
도봉구,도봉동,647,0,도봉파크빌2,서울특별시 도봉구 도봉동 647,37.6843714025297,127.05072081523,address
성북구,장위동,320,0,래미안장위퍼스트하이,서울특별시 성북구 장위동 320,37.6200557016344,127.051434874575,address
동작구,상도동,431,0,래미안상도3차,서울특별시 동작구 상도동 431,37.4993523923787,126.954733217786,address
서초구,반포동,1,0,래미안원베일리,서울특별시 서초구 반포동 1,37.5070610418124,126.99796905841,address
강서구,내발산동,759,0,마곡수명산파크6단지,서울특별시 강서구 내발산동 759,37.5503706507753,126.825729445463,address
양천구,신정동,883,0,심미에셈빌,서울특별시 양천구 신정동 883,37.527951678253,126.859729833829,address
송파구,방이동,89,0,올림픽선수기자촌1단지,서울특별시 송파구 방이동 89,37.5175616546675,127.136371627591,address
용산구,문배동,24,4,용산큐브,서울특별시 용산구 문배동 24-4,37.5371341846874,126.968360848575,address
영등포구,영등포동,647,0,영등포푸르지오,서울특별시 영등포구 영등포동 647,37.5115335007354,126.90238989779,address
중랑구,면목동,494,0,용마금호타운,서울특별시 중랑구 면목동 494,37.5827673646121,127.094265154541,address
은평구,구산동,224,0,경남아너스빌,서울특별시 은평구 구산동 224,37.6055598227771,126.905382650951,address
관악구,신림동,1735,0,관악산휴먼시아2단지,서울특별시 관악구 신림동 1735,37.4591090840362,126.920038790033,address
성북구,정릉동,1018,0,길음뉴타운데시앙,서울특별시 성북구 정릉동 1018,37.6064185309777,127.016134917617,address
동작구,사당동,105,0,사당우성2,서울특별시 동작구 사당동 105,37.4896946254326,126.975650061703,address
구로구,구로동,110,10,효성,서울특별시 구로구 구로동 110-10,37.5015784644458,126.888717940655,address
중구,충무로4가,306,0,남산센트럴자이,서울특별시 중구 충무로4가 306,37.5625353854314,126.997667728847,address
용산구,한남동,829,0,나인원한남,서울특별시 용산구 한남동 829,37.5362536827062,127.003364799713,address
영등포구,여의도동,51,0,삼익,서울특별시 영등포구 여의도동 51,37.5197277260868,126.934252752973,address
서대문구,홍제동,373,0,태영으뜸(데시앙),서울특별시 서대문구 홍제동 373,37.5936456239833,126.946741942579,address
은평구,불광동,638,0,북한산래미안아파트(1단지),서울특별시 은평구 불광동 638,37.6115459583067,126.938580698515,address
양천구,신정동,1259,0,신트리1,서울특별시 양천구 신정동 1259,37.5137367146629,126.853687850909,address
구로구,구로동,145,23,성락,서울특별시 구로구 구로동 145-23,37.4885415197049,126.892996037628,address
마포구,아현동,275,2,마포푸르지오더센트럴,서울특별시 마포구 아현동 275-2,37.5544295438073,126.955881212088,address
은평구,대조동,59,48,만민하늘愛,서울특별시 은평구 대조동 59-48,37.6074832853719,126.922884688887,address
영등포구,영등포동5가,49,1,현대프라자,서울특별시 영등포구 영등포동5가 49-1,37.5222197194343,126.906688343966,address
영등포구,문래동5가,14,0,문래두산위브,서울특별시 영등포구 문래동5가 14,37.5168756500972,126.885817922217,address
노원구,상계동,624,0,상계주공16(고층),서울특별시 노원구 상계동 624,37.6687833155991,127.053725187886,address
송파구,장지동,855,0,송파파인타운12단지,서울특별시 송파구 장지동 855,37.4785343214919,127.132006876001,address
송파구,거여동,606,0,송파레이크힐,서울특별시 송파구 거여동 606,37.485984962468,127.144019029882,address
중랑구,묵동,20,0,신내대림아파트,서울특별시 중랑구 묵동 20,37.6160515822467,127.088201260977,address
성북구,정릉동,1015,0,길음뉴타운경남아너스빌,서울특별시 성북구 정릉동 1015,37.6043632616961,127.016928111633,address
은평구,녹번동,280,1,녹번JR아파트,서울특별시 은평구 녹번동 280-1,37.6000732146222,126.937911025241,address
중랑구,신내동,650,0,신내6대주,서울특별시 중랑구 신내동 650,37.6152619825876,127.091014257029,address
구로구,신도림동,412,3,신도림팰러티움,서울특별시 구로구 신도림동 412-3,37.5039563124013,126.881857090192,address
영등포구,신길동,4950,0,래미안에스티움,서울특별시 영등포구 신길동 4950,37.5011229670024,126.913908792533,address
동작구,상도동,906,0,상도푸르지오클라베뉴,서울특별시 동작구 상도동 906,37.4974502425659,126.939200000817,address
송파구,가락동,55,0,현대(6차),서울특별시 송파구 가락동 55,37.4972264609487,127.12262360564,address
동작구,상도동,904,0,상도역롯데캐슬파크엘,서울특별시 동작구 상도동 904,37.5007770723165,126.946559965444,address
중랑구,면목동,1505,0,리치카운티,서울특별시 중랑구 면목동 1505,37.5892202979161,127.084977792095,address
양천구,목동,965,0,목동롯데캐슬마에스트로,서울특별시 양천구 목동 965,37.5454615691472,126.866050297873,address
송파구,잠실동,22,0,리센츠,서울특별시 송파구 잠실동 22,37.5127510583527,127.088417185047,address
양천구,목동,739,1,목동보미리즌빌,서울특별시 양천구 목동 739-1,37.5391540020624,126.866338909431,address
양천구,신월동,491,1,신월대림,서울특별시 양천구 신월동 491-1,37.5237120880527,126.844873559047,address
노원구,공릉동,742,0,효성아파트,서울특별시 노원구 공릉동 742,37.6206662696947,127.08867090156,address
구로구,고척동,339,0,고척파크푸르지오,서울특별시 구로구 고척동 339,37.5076107829514,126.858113348584,address
영등포구,당산동4가,96,0,당산반도유보라팰리스,서울특별시 영등포구 당산동4가 96,37.5273143682242,126.901285885351,address
동작구,상도동,414,0,건영,서울특별시 동작구 상도동 414,37.5071679625466,126.949774021816,address
중랑구,면목동,1508,0,동원베네스트,서울특별시 중랑구 면목동 1508,37.5838893765516,127.083996259827,address
은평구,진관동,60,0,은평뉴타운솔하임,서울특별시 은평구 진관동 60,37.6394124812671,126.917322630702,address
송파구,방이동,130,19,인텍스빌,서울특별시 송파구 방이동 130-19,37.5098435790419,127.120449904099,address
도봉구,창동,805,0,동아그린,서울특별시 도봉구 창동 805,37.6543732154344,127.046478203288,address
중랑구,상봉동,496,0,우정아파트,서울특별시 중랑구 상봉동 496,37.5994293182578,127.088683853976,address
성북구,정릉동,239,0,정릉풍림아이원,서울특별시 성북구 정릉동 239,37.6184876142783,127.007297911588,address
영등포구,영등포동1가,94,2,여의도더리브스타일,서울특별시 영등포구 영등포동1가 94-2,37.5177534119374,126.913137240393,address
성북구,안암동1가,361,0,안암동삼성래미안,서울특별시 성북구 안암동1가 361,37.5893064316483,127.023748974341,address
강북구,우이동,342,0,대우,서울특별시 강북구 우이동 342,37.6554217594164,127.011140406753,address
양천구,목동,951,0,금호어울림,서울특별시 양천구 목동 951,37.5336815016774,126.867853783085,address
서대문구,남가좌동,385,0,DMC파크뷰자이3단지,서울특별시 서대문구 남가좌동 385,37.5722579341307,126.917837154419,address
은평구,응암동,766,0,백련산파크자이,서울특별시 은평구 응암동 766,37.5922561896809,126.922071453674,address
영등포구,여의도동,30,2,삼부,서울특별시 영등포구 여의도동 30-2,37.5249360133869,126.932097633851,address
양천구,신정동,1283,0,푸른마을3,서울특별시 양천구 신정동 1283,37.5114246121808,126.83687508737,address
은평구,응암동,759,0,백련산힐스테이트1차,서울특별시 은평구 응암동 759,37.5924138318716,126.925226536648,address
도봉구,창동,30,0,창동주공18단지,서울특별시 도봉구 창동 30,37.6464611137803,127.051742474665,address
노원구,하계동,284,0,청구,서울특별시 노원구 하계동 284,37.6378661643059,127.06870677712,address
성북구,정릉동,1016,0,우방,서울특별시 성북구 정릉동 1016,37.6003791426184,127.010103849306,address
서대문구,충정로3가,466,0,우리유앤미,서울특별시 서대문구 충정로3가 466,37.561919631786,126.962415725304,address
동작구,본동,481,0,신동아,서울특별시 동작구 본동 481,37.509687479798,126.951811037328,address
은평구,응암동,96,18,경향렉스빌,서울특별시 은평구 응암동 96-18,37.6007392357361,126.926045324157,address
강북구,번동,234,0,주공4단지,서울특별시 강북구 번동 234,37.630851231879,127.039253927886,address
강북구,미아동,1356,0,경남아너스빌(1356-0),서울특별시 강북구 미아동 1356,37.61513329385,127.035675364032,address
강동구,명일동,257,0,고덕주공9,서울특별시 강동구 명일동 257,37.5479073564229,127.151658365827,address
성북구,돈암동,630,0,동소문현대,서울특별시 성북구 돈암동 630,37.5980630802955,127.012648783809,address
노원구,상계동,1318,0,노원IPARK,서울특별시 노원구 상계동 1318,37.6597839375192,127.069159557523,address
은평구,역촌동,237,0,센트레빌아스테리움시그니처,서울특별시 은평구 역촌동 237,37.6041057910281,126.907409235632,address
영등포구,신길동,4967,0,신길파크자이,서울특별시 영등포구 신길동 4967,37.502798416692,126.913456416156,address
은평구,신사동,19,117,홍익,서울특별시 은평구 신사동 19-117,37.5975063938178,126.908097175525,address
은평구,응암동,197,78,신동아,서울특별시 은평구 응암동 197-78,37.5969861477031,126.923484125256,address
구로구,구로동,106,2,대림역포스큐,서울특별시 구로구 구로동 106-2,37.4981731724382,126.891984983201,address
마포구,망원동,471,3,노아아크빌,서울특별시 마포구 망원동 471-3,37.5619429474863,126.903619550736,address
영등포구,신길동,261,22,신길레전드힐스,서울특별시 영등포구 신길동 261-22,37.5056131906423,126.908363980827,address
양천구,신월동,218,12,동도하이츠,서울특별시 양천구 신월동 218-12,37.5269290347986,126.836076911595,address
도봉구,쌍문동,158,0,한양7,서울특별시 도봉구 쌍문동 158,37.6560145987519,127.033853936885,address
강동구,명일동,15,0,삼익그린2차,서울특별시 강동구 명일동 15,37.5532947928121,127.148458988794,address
구로구,구로동,685,223,주공2,서울특별시 구로구 구로동 685-223,37.4912246519319,126.876746533848,address
도봉구,도봉동,641,0,서원,서울특별시 도봉구 도봉동 641,37.6741332478974,127.04829873867,address
도봉구,도봉동,30,1,한신,서울특별시 도봉구 도봉동 30-1,37.6862789968232,127.047810838565,address
은평구,진관동,13,0,상림마을7단지아이파크(706~708동)BL1-3,서울특별시 은평구 진관동 13,37.6460636102252,126.92625411184,address
동대문구,전농동,690,0,래미안크레시티,서울특별시 동대문구 전농동 690,37.5762290631959,127.050607073529,address
용산구,이태원동,124,12,메이(124-12),서울특별시 용산구 이태원동 124-12,37.5350812105415,126.996635479251,address
도봉구,창동,820,0,창동신도브래뉴1차,서울특별시 도봉구 창동 820,37.656061692227,127.044516111392,address
서대문구,홍은동,464,0,북한산더샵,서울특별시 서대문구 홍은동 464,37.5934132582275,126.941598938105,address
중랑구,중화동,453,0,청광플러스원,서울특별시 중랑구 중화동 453,37.6026780475495,127.080074874206,address
노원구,공릉동,109,0,비선아파트,서울특별시 노원구 공릉동 109,37.6257736838646,127.087356691485,address
서초구,반포동,10,0,반포푸르지오,서울특별시 서초구 반포동 10,37.5038886565254,126.996453891018,address
양천구,신정동,339,0,파인빌,서울특별시 양천구 신정동 339,37.5206899854682,126.875418346765,address
강서구,방화동,902,0,방화메이빌,서울특별시 강서구 방화동 902,37.5795643700213,126.814003315388,address
강남구,세곡동,533,0,세곡푸르지오,서울특별시 강남구 세곡동 533,37.4667793397486,127.092967002535,address
구로구,오류동,341,0,한신플러스타운,서울특별시 구로구 오류동 341,37.4983857947892,126.841022651244,address
노원구,상계동,691,0,상계주공7(고층),서울특별시 노원구 상계동 691,37.6601571577107,127.06230852474,address
광진구,구의동,231,18,현대팰리스,서울특별시 광진구 구의동 231-18,37.5432620368722,127.08865462063,address
노원구,중계동,366,0,라이프,서울특별시 노원구 중계동 366,37.6520774737315,127.08026183166,address
서대문구,홍은동,461,0,홍은센트레빌,서울특별시 서대문구 홍은동 461,37.5972190820679,126.937790082266,address
서대문구,북가좌동,449,0,북가좌삼호,서울특별시 서대문구 북가좌동 449,37.576494133858,126.913171050724,address
구로구,구로동,746,14,(746-14),서울특별시 구로구 구로동 746-14,37.4867597941604,126.886356418087,address
은평구,불광동,633,0,북한산현대홈타운,서울특별시 은평구 불광동 633,37.6117749609115,126.934181884227,address
구로구,구로동,738,39,청우아트빌리지(738-39),서울특별시 구로구 구로동 738-39,37.4875578497719,126.885550710395,address
관악구,신림동,1580,3,태성,서울특별시 관악구 신림동 1580-3,37.4826078812808,126.923573668104,address
관악구,신림동,746,43,건영1,서울특별시 관악구 신림동 746-43,37.4763139977688,126.912321719249,address
구로구,개봉동,492,0,개봉푸르지오,서울특별시 구로구 개봉동 492,37.5003989142298,126.848147697161,address
구로구,온수동,155,0,온수힐스테이트,서울특별시 구로구 온수동 155,37.4967519762673,126.821333676511,address
노원구,상계동,749,5,상계주공4(고층),서울특별시 노원구 상계동 749-5,37.6500654838418,127.062217257976,address
금천구,시흥동,977,1,루체클래식,서울특별시 금천구 시흥동 977-1,37.434643556562,126.904582095052,address
강서구,화곡동,926,5,한양아이클래스,서울특별시 강서구 화곡동 926-5,37.528850565178,126.841934243018,address
도봉구,쌍문동,658,0,그린힐스아파트,서울특별시 도봉구 쌍문동 658,37.6559322636522,127.038229291274,address
은평구,진관동,64,0,힐데스하임,서울특별시 은평구 진관동 64,37.6394727910622,126.918276555472,address
송파구,거여동,697,0,송파시그니처롯데캐슬,서울특별시 송파구 거여동 697,37.4959950468936,127.14746026978,address
영등포구,당산동5가,42,0,당산삼성래미안4차,서울특별시 영등포구 당산동5가 42,37.5319563586232,126.903064856106,address
성북구,장위동,323,0,꿈의숲아이파크,서울특별시 성북구 장위동 323,37.6186615749397,127.048959777301,address
중랑구,중화동,438,0,삼익아파트.상가동,서울특별시 중랑구 중화동 438,37.6045724035792,127.07774751254,address
금천구,독산동,711,2,금천현대,서울특별시 금천구 독산동 711-2,37.4622669072265,126.890336982731,address
성북구,장위동,50,50,장위동동원베네스트,서울특별시 성북구 장위동 50-50,37.6121999174853,127.058722116267,address
강남구,논현동,138,9,월드쉐르빌,서울특별시 강남구 논현동 138-9,37.5102383607112,127.026107250464,address
양천구,목동,901,0,목동신시가지1,서울특별시 양천구 목동 901,37.5396035441466,126.879339191907,address
도봉구,창동,300,0,상아2차아파트,서울특별시 도봉구 창동 300,37.653436772926,127.044028620047,address
마포구,현석동,225,0,래미안웰스트림,서울특별시 마포구 현석동 225,37.5432114151591,126.935550955573,address
은평구,구산동,548,0,은평서해그랑블,서울특별시 은평구 구산동 548,37.6168120996937,126.906409537921,address
동대문구,답십리동,998,0,두산위브,서울특별시 동대문구 답십리동 998,37.5661858435952,127.057693983227,address
동대문구,신설동,96,48,신설동역자이르네,서울특별시 동대문구 신설동 96-48,37.573868769739,127.026060394596,address
동작구,동작동,333,0,이수힐스테이트,서울특별시 동작구 동작동 333,37.4944065466474,126.980045806956,address
구로구,개봉동,170,30,신개봉삼환,서울특별시 구로구 개봉동 170-30,37.4966351639805,126.857942099077,address
서초구,서초동,1648,2,서초현대,서울특별시 서초구 서초동 1648-2,37.4909886298679,127.020165979795,address
노원구,상계동,765,0,상계주공1(고층),서울특별시 노원구 상계동 765,37.647888818238,127.060796984294,address
동대문구,장안동,440,3,상록파라브3차,서울특별시 동대문구 장안동 440-3,37.5638143099705,127.072299599378,address
도봉구,창동,810,0,신창,서울특별시 도봉구 창동 810,37.6406579794438,127.041696110416,address
성북구,정릉동,1021,0,대우,서울특별시 성북구 정릉동 1021,37.618018552562,127.003530567675,address
금천구,가산동,140,9,가산지웰에스테이트,서울특별시 금천구 가산동 140-9,37.4783856787945,126.890497715585,address
송파구,마천동,573,0,삼익1,서울특별시 송파구 마천동 573,37.4989376381992,127.15361430678,address
서초구,서초동,1316,31,밀라텔쉐르빌,서울특별시 서초구 서초동 1316-31,37.4986895925972,127.025048460848,address
강남구,압구정동,426,0,신현대9차,서울특별시 강남구 압구정동 426,37.5262225982289,127.024479347433,address
강서구,염창동,305,0,염창1차보람더하임,서울특별시 강서구 염창동 305,37.5516285043884,126.870295152244,address
구로구,구로동,1274,0,신성미소지움,서울특별시 구로구 구로동 1274,37.479457829213,126.896643712778,address
구로구,구로동,1259,0,구일우성,서울특별시 구로구 구로동 1259,37.4902842669298,126.876915542952,address
금천구,시흥동,1011,0,우방,서울특별시 금천구 시흥동 1011,37.4493778208533,126.913439789898,address
강동구,성내동,194,0,에스케이허브진,서울특별시 강동구 성내동 194,37.5351572291186,127.132727205861,address
금천구,독산동,1150,0,금천롯데캐슬골드파크2차201동202동,서울특별시 금천구 독산동 1150,37.4582398216699,126.894176501534,address
은평구,진관동,27,0,구파발10단지어울림(1011~1019동)BL3-1,서울특별시 은평구 진관동 27,37.6437016075042,126.917052851909,address
은평구,응암동,240,63,뉴월드(240-63),서울특별시 은평구 응암동 240-63,37.5923840916925,126.920929290173,address
관악구,신림동,1715,0,우방,서울특별시 관악구 신림동 1715,37.4889356289722,126.918798258761,address
영등포구,대림동,1132,0,영등포자이르네,서울특별시 영등포구 대림동 1132,37.4883126246883,126.904851053938,address
중구,신당동,842,0,약수하이츠,서울특별시 중구 신당동 842,37.5547365066187,127.014263668771,address
강동구,길동,400,0,길동우성,서울특별시 강동구 길동 400,37.5371649256151,127.144179292388,address
은평구,신사동,140,1,미성,서울특별시 은평구 신사동 140-1,37.5894982225769,126.907778331354,address
동대문구,제기동,153,0,안암골벽산,서울특별시 동대문구 제기동 153,37.5834528290559,127.03191008258,address
금천구,독산동,1155,0,금천롯데캐슬골드파크3차,서울특별시 금천구 독산동 1155,37.4599188671036,126.897250450783,address
금천구,시흥동,1013,0,관악산벽산타운5,서울특별시 금천구 시흥동 1013,37.4479160600139,126.918442104095,address
금천구,시흥동,959,11,백운스위트빌,서울특별시 금천구 시흥동 959-11,37.4395359235939,126.905746887366,address
노원구,월계동,944,0,풍림아이원,서울특별시 노원구 월계동 944,37.6166125600718,127.066759655645,address
은평구,응암동,768,0,백련산해모로,서울특별시 은평구 응암동 768,37.5962667571824,126.922047341972,address
서대문구,홍제동,453,1,청구2차,서울특별시 서대문구 홍제동 453-1,37.5812596591358,126.95150625398,address
성동구,상왕십리동,811,0,텐즈힐(2단지),서울특별시 성동구 상왕십리동 811,37.5693369136369,127.025374102832,address
영등포구,당산동1가,16,1,진로,서울특별시 영등포구 당산동1가 16-1,37.5206528936117,126.896336466877,address
금천구,시흥동,1010,0,벽산,서울특별시 금천구 시흥동 1010,37.451950845138,126.919033889334,address
송파구,방이동,51,4,올림픽카운티,서울특별시 송파구 방이동 51-4,37.5149227018459,127.114485862279,address
성북구,석관동,10,0,두산,서울특별시 성북구 석관동 10,37.6123138667374,127.06893164021,address
동작구,사당동,169,8,대림(169-8),서울특별시 동작구 사당동 169-8,37.4862311600572,126.973195217153,address
성북구,길음동,1281,0,길음뉴타운4단지(e편한세상),서울특별시 성북구 길음동 1281,37.6120673819839,127.019648869071,address
강서구,등촌동,715,0,등촌동아이파크,서울특별시 강서구 등촌동 715,37.5439005769284,126.859981715413,address
강서구,화곡동,899,31,디아인스,서울특별시 강서구 화곡동 899-31,37.530384213943,126.846414900817,address
도봉구,창동,661,13,원산아파트33차,서울특별시 도봉구 창동 661-13,37.6492229181077,127.035927926906,address
노원구,중계동,512,0,중계무지개,서울특별시 노원구 중계동 512,37.6427209041194,127.066567506035,address
강동구,성내동,419,13,동아1,서울특별시 강동구 성내동 419-13,37.5288481672288,127.132954510685,address
서대문구,홍은동,22,0,유원,서울특별시 서대문구 홍은동 22,37.5975065241554,126.944721080693,address
노원구,상계동,1255,0,은빛1단지,서울특별시 노원구 상계동 1255,37.6810986070578,127.053755380663,address
노원구,중계동,359,1,주공5,서울특별시 노원구 중계동 359-1,37.6528314028999,127.07592630319,address
용산구,이촌동,412,0,이촌코오롱(A),서울특별시 용산구 이촌동 412,37.52007490322,126.977937544932,address
노원구,월계동,556,0,주공2,서울특별시 노원구 월계동 556,37.6281259684663,127.052782051404,address
광진구,군자동,99,0,일성파크,서울특별시 광진구 군자동 99,37.5512697055385,127.072627886348,address
성북구,돈암동,524,0,일신건영휴먼빌아파트,서울특별시 성북구 돈암동 524,37.6007329051266,127.012568720788,address
동대문구,장안동,347,8,정은스카이빌201동,서울특별시 동대문구 장안동 347-8,37.5678751887241,127.070662238255,address
동대문구,전농동,6,0,전농우성,서울특별시 동대문구 전농동 6,37.5772719673359,127.064958044841,address
도봉구,창동,814,0,대우그린,서울특별시 도봉구 창동 814,37.6465325360126,127.049492612915,address
성북구,정릉동,1019,0,정릉성원상떼빌,서울특별시 성북구 정릉동 1019,37.6065021367371,127.008389043126,address
강북구,미아동,1357,0,삼각산아이원,서울특별시 강북구 미아동 1357,37.6152263118285,127.01812709371,address
동대문구,이문동,291,35,이문스카이뷰,서울특별시 동대문구 이문동 291-35,37.5980808729347,127.06101529612,address
서초구,방배동,485,3,방배래미안타워,서울특별시 서초구 방배동 485-3,37.4750476984424,126.990469150051,address
성동구,하왕십리동,258,0,벽산,서울특별시 성동구 하왕십리동 258,37.5687121152751,127.03188805913,address
강서구,마곡동,1171,0,마곡현대아파트,서울특별시 강서구 마곡동 1171,37.5730344439131,126.819061476376,address
서초구,서초동,1363,25,한라비발디스튜디오193,서울특별시 서초구 서초동 1363-25,37.4857131040687,127.032128521297,address
마포구,대흥동,12,41,서희스타힐스,서울특별시 마포구 대흥동 12-41,37.5563009364317,126.943270982821,address
마포구,아현동,777,0,마포래미안푸르지오2단지,서울특별시 마포구 아현동 777,37.5555932310828,126.953656665391,address
금천구,시흥동,1002,1,럭키남서울아파트,서울특별시 금천구 시흥동 1002-1,37.4504759758931,126.899439923534,address
동대문구,용두동,790,0,롯데캐슬피렌체,서울특별시 동대문구 용두동 790,37.5771845144736,127.035721439041,address
은평구,응암동,122,4,명남래희안(122-4),서울특별시 은평구 응암동 122-4,37.5968757066445,126.916090037742,address
동작구,본동,494,0,래미안트윈파크,서울특별시 동작구 본동 494,37.5140983783256,126.950796763912,address
구로구,개봉동,470,0,삼환,서울특별시 구로구 개봉동 470,37.4947561015806,126.85445143621,address
동작구,본동,484,0,경동윈츠리버,서울특별시 동작구 본동 484,37.5098242452634,126.954520252958,address
양천구,신월동,514,3,해태,서울특별시 양천구 신월동 514-3,37.5217737068159,126.843057885909,address
강남구,개포동,12,0,삼익대청아파트,서울특별시 강남구 개포동 12,37.4941848052621,127.075215384158,address
강북구,번동,658,0,한진,서울특별시 강북구 번동 658,37.6245533076865,127.044892541889,address
은평구,불광동,248,0,라이프미성,서울특별시 은평구 불광동 248,37.6148201496954,126.928054489549,address
영등포구,대림동,785,0,현대2,서울특별시 영등포구 대림동 785,37.502766352235,126.894615373342,address
송파구,오금동,114,29,한두리,서울특별시 송파구 오금동 114-29,37.5023930774825,127.140595205671,address
서대문구,홍은동,439,1,홍은동아더프라임,서울특별시 서대문구 홍은동 439-1,37.5951450080472,126.940783096628,address
동작구,상도동,488,0,강남(488),서울특별시 동작구 상도동 488,37.4969425476718,126.953538911612,address
강동구,강일동,673,0,강일리버파크4단지,서울특별시 강동구 강일동 673,37.5671442236018,127.17639426168,address
강서구,방화동,814,0,방화5,서울특별시 강서구 방화동 814,37.5771889702167,126.810252932489,address
강동구,고덕동,693,0,고덕그라시움,서울특별시 강동구 고덕동 693,37.5580690838901,127.163465686409,address
영등포구,영등포동7가,46,1,경남아너스빌,서울특별시 영등포구 영등포동7가 46-1,37.5239607571176,126.902706977756,address
마포구,신공덕동,161,0,신공덕래미안3차,서울특별시 마포구 신공덕동 161,37.5455442470644,126.956827021445,address
양천구,신월동,987,1,신월시영,서울특별시 양천구 신월동 987-1,37.517094837206,126.832775211306,address
구로구,구로동,1267,0,신도림태영타운,서울특별시 구로구 구로동 1267,37.506076648181,126.888628588877,address
강동구,천호동,54,13,골드하임(101동),서울특별시 강동구 천호동 54-13,37.5418735788827,127.138277372774,address
관악구,신림동,1703,1,LIG대학마을(건영아파트3차),서울특별시 관악구 신림동 1703-1,37.4668458417824,126.942587158553,address
동대문구,휘경동,106,0,휘경미소지움,서울특별시 동대문구 휘경동 106,37.5915190211052,127.064774428036,address
서대문구,홍제동,156,200,고은,서울특별시 서대문구 홍제동 156-200,37.5857116829706,126.94481754879,address
강서구,화곡동,1091,0,화곡푸르지오,서울특별시 강서구 화곡동 1091,37.5446220190794,126.831442765438,address
동작구,흑석동,328,0,흑석동양아파트,서울특별시 동작구 흑석동 328,37.5003956774642,126.958695268933,address
서대문구,홍제동,468,0,홍제비콘드림힐,서울특별시 서대문구 홍제동 468,37.5905965361709,126.949308809924,address
금천구,독산동,1007,13,e편한세상독산더타워,서울특별시 금천구 독산동 1007-13,37.4658151649342,126.896309478813,address
중랑구,망우동,573,0,신원,서울특별시 중랑구 망우동 573,37.5999764620416,127.108459166081,address
중랑구,신내동,816,0,신내우디안1단지,서울특별시 중랑구 신내동 816,37.6173725389127,127.10682404743,address
송파구,오금동,619,0,송파호반베르디움더퍼스트,서울특별시 송파구 오금동 619,37.5052277287506,127.139683866775,address
도봉구,쌍문동,88,72,신성,서울특별시 도봉구 쌍문동 88-72,37.6495896874337,127.034488649713,address
구로구,구로동,106,10,순영웰라이빌1차,서울특별시 구로구 구로동 106-10,37.4980070767654,126.891645849664,address
서대문구,남가좌동,388,0,DMC센트럴아이파크,서울특별시 서대문구 남가좌동 388,37.5793624340491,126.920840268509,address
구로구,개봉동,60,82,거성푸르뫼2,서울특별시 구로구 개봉동 60-82,37.500085752251,126.843542642515,address
용산구,원효로1가,17,66,로얄카운티-3,서울특별시 용산구 원효로1가 17-66,37.5414766253549,126.966974030346,address
도봉구,방학동,531,0,신동아아파트2,서울특별시 도봉구 방학동 531,37.6591075908241,127.023416013429,address
은평구,진관동,3,0,상림마을6단지푸르지오(601~605동)BL1-8,서울특별시 은평구 진관동 3,37.6468174062531,126.930006027686,address
노원구,공릉동,370,4,신원아파트,서울특별시 노원구 공릉동 370-4,37.6277590706451,127.075092631276,address
중랑구,신내동,802,0,우남푸르미아,서울특별시 중랑구 신내동 802,37.6061758845939,127.098837262995,address
서대문구,홍제동,473,0,홍제센트럴IPARK,서울특별시 서대문구 홍제동 473,37.5845073711947,126.945497402073,address
강서구,화곡동,1165,0,강서힐스테이트,서울특별시 강서구 화곡동 1165,37.5466340065991,126.840034541157,address
영등포구,영등포동1가,145,0,내이처해밀,서울특별시 영등포구 영등포동1가 145,37.5171997077237,126.91271935471,address
구로구,오류동,335,0,금강,서울특별시 구로구 오류동 335,37.4929926320806,126.847646600597,address
관악구,신림동,1719,0,우민조원,서울특별시 관악구 신림동 1719,37.4841814728251,126.907536064129,address
성북구,길음동,1284,0,길음뉴타운8단지(래미안),서울특별시 성북구 길음동 1284,37.6075574804896,127.01794878542,address
금천구,독산동,1147,0,금천롯데캐슬골드파크1차,서울특별시 금천구 독산동 1147,37.4597520638139,126.894460446767,address
강동구,성내동,611,0,그란츠리버파크,서울특별시 강동구 성내동 611,37.5363990087238,127.128222635411,address
구로구,신도림동,646,0,대림e-편한세상4,서울특별시 구로구 신도림동 646,37.5106003394881,126.886846789329,address
마포구,망원동,517,0,영화블렌하임,서울특별시 마포구 망원동 517,37.558489695079,126.90630246749,address
구로구,구로동,1265,0,구로두산,서울특별시 구로구 구로동 1265,37.4893408738135,126.889259288301,address
노원구,상계동,652,0,상계주공11(고층),서울특별시 노원구 상계동 652,37.6658310008746,127.055820883513,address
마포구,상암동,1658,0,상암월드컵파크5단지,서울특별시 마포구 상암동 1658,37.5802112884678,126.885970559624,address
서대문구,홍은동,440,3,풍림1차,서울특별시 서대문구 홍은동 440-3,37.5946679785,126.942146456823,address
서대문구,북아현동,1009,0,두산,서울특별시 서대문구 북아현동 1009,37.5591524524316,126.950146932156,address
서대문구,북가좌동,371,1,월드컵현대,서울특별시 서대문구 북가좌동 371-1,37.5762947166399,126.904390773298,address
노원구,월계동,85,7,서울원 아이파크,서울특별시 노원구 월계동 85-7,37.618312893351,127.064512115401,address
용산구,이촌동,434,0,동원베네스트,서울특별시 용산구 이촌동 434,37.5269327905,126.955057305679,address
송파구,잠실동,19,0,잠실엘스,서울특별시 송파구 잠실동 19,37.5129324772866,127.081460737023,address
마포구,합정동,357,5,두영이지안102동,서울특별시 마포구 합정동 357-5,37.5456251505447,126.918303411446,address
은평구,불광동,637,0,북한산래미안아파트(2단지),서울특별시 은평구 불광동 637,37.6111179547786,126.937316981884,address
동대문구,회기동,346,18,베라체캠퍼스,서울특별시 동대문구 회기동 346-18,37.5908189073182,127.056057049768,address
성북구,하월곡동,90,700,베로니스,서울특별시 성북구 하월곡동 90-700,37.6034598589536,127.03333499488,address
관악구,신림동,1714,0,삼성산주공(주공3단지),서울특별시 관악구 신림동 1714,37.46250743022,126.926129237992,address
도봉구,방학동,720,1,대상타운현대아파트,서울특별시 도봉구 방학동 720-1,37.6651428823127,127.048141717457,address
노원구,상계동,173,1,벽산,서울특별시 노원구 상계동 173-1,37.6614531070852,127.072881636874,address
강동구,길동,53,0,삼익파크맨션,서울특별시 강동구 길동 53,37.5435295214414,127.148590684816,address
강서구,등촌동,701,0,"진로,미주아파트",서울특별시 강서구 등촌동 701,37.559838467768,126.847028675022,address
관악구,신림동,1725,0,로마,서울특별시 관악구 신림동 1725,37.4843947076545,126.935246937652,address
도봉구,도봉동,87,0,삼환도봉,서울특별시 도봉구 도봉동 87,37.6810593866472,127.04884839583,address
노원구,상계동,647,0,상계주공12(고층),서울특별시 노원구 상계동 647,37.6661660800574,127.059319071937,address
강서구,마곡동,1589,0,마곡힐스테이트,서울특별시 강서구 마곡동 1589,37.5641169396916,126.817888477827,address
성북구,동선동4가,295,1,한양수자인,서울특별시 성북구 동선동4가 295-1,37.5958978518004,127.02018032943,address
강서구,염창동,295,0,성원,서울특별시 강서구 염창동 295,37.5555795293289,126.872085952226,address
양천구,신정동,1314,0,중앙하이츠,서울특별시 양천구 신정동 1314,37.5056229099824,126.863710486306,address
중구,인현동2가,240,0,세운푸르지오헤리시티,서울특별시 중구 인현동2가 240,37.5646377447534,126.996608456921,address
강남구,논현동,105,0,동현아파트1~6,서울특별시 강남구 논현동 105,37.5193540121054,127.036575387431,address
송파구,신천동,17,0,파크리오,서울특별시 송파구 신천동 17,37.5205366173754,127.10615089337,address
은평구,응암동,760,0,백련산힐스테이트2차,서울특별시 은평구 응암동 760,37.5908269199714,126.923546818296,address
은평구,신사동,371,0,은평신사두산위브2차,서울특별시 은평구 신사동 371,37.5987658814918,126.907166727673,address
중랑구,면목동,1544,0,라온프라이빗,서울특별시 중랑구 면목동 1544,37.5823286592003,127.078794247247,address
은평구,응암동,669,1,대주피오레,서울특별시 은평구 응암동 669-1,37.5865759575836,126.923422661057,address
중랑구,신내동,654,0,진로아파트,서울특별시 중랑구 신내동 654,37.6140924325305,127.093292571921,address
성북구,삼선동3가,116,0,삼선에스케이뷰,서울특별시 성북구 삼선동3가 116,37.5873141701073,127.011639179336,address
구로구,개봉동,60,101,거성푸르뫼,서울특별시 구로구 개봉동 60-101,37.5009278554889,126.843492595613,address
강서구,염창동,263,7,DH팰리스,서울특별시 강서구 염창동 263-7,37.5492848111284,126.875382199507,address
강동구,강일동,72,0,힐스테이트리슈빌강일,서울특별시 강동구 강일동 72,37.573569789274,127.174613148459,address
노원구,상계동,1312,0,수락리버시티3단지,서울특별시 노원구 상계동 1312,37.6875055926607,127.05425340701,address
마포구,서교동,487,0,대우미래사랑,서울특별시 마포구 서교동 487,37.5573711251344,126.916789419776,address
구로구,오류동,44,10,시티월드,서울특별시 구로구 오류동 44-10,37.4944245902175,126.841072661914,address
중랑구,신내동,397,0,동성1,서울특별시 중랑구 신내동 397,37.6091161460678,127.097679388152,address
도봉구,도봉동,595,0,럭키,서울특별시 도봉구 도봉동 595,37.6792280982444,127.044416589132,address
서대문구,홍은동,456,0,두산,서울특별시 서대문구 홍은동 456,37.5791478594495,126.931573406888,address
광진구,화양동,530,0,씨즈건대힐스,서울특별시 광진구 화양동 530,37.5461943770105,127.074657001323,address
영등포구,당산동4가,88,0,당산현대3차,서울특별시 영등포구 당산동4가 88,37.5310603162321,126.89638327158,address
영등포구,영등포동7가,203,0,아크로타워스퀘어,서울특별시 영등포구 영등포동7가 203,37.5243801067433,126.906871180548,address
용산구,한강로3가,63,389,용산시티파크(1단지),서울특별시 용산구 한강로3가 63-389,37.5251113403049,126.969145035914,address
양천구,신정동,326,0,목동신시가지12,서울특별시 양천구 신정동 326,37.5130367922481,126.86113248111,address
동대문구,장안동,354,2,래미안장안,서울특별시 동대문구 장안동 354-2,37.566445230313,127.072426877432,address
강서구,방화동,852,0,마곡중앙하이츠아파트,서울특별시 강서구 방화동 852,37.5706741669442,126.807145811308,address
강남구,압구정동,489,0,한양3,서울특별시 강남구 압구정동 489,37.5291561440508,127.038166645795,address
마포구,성산동,54,7,만민하늘애,서울특별시 마포구 성산동 54-7,37.5642202656644,126.912354848139,address
노원구,상계동,626,0,상계주공14(고층),서울특별시 노원구 상계동 626,37.6691340218574,127.057453609395,address
구로구,오류동,336,0,동부(101동~103동),서울특별시 구로구 오류동 336,37.4970029525998,126.847881699672,address
마포구,도화동,555,0,한화오벨리스크,서울특별시 마포구 도화동 555,37.5400400282506,126.945470495343,address
은평구,진관동,107,0,마고정3단지센트레빌(310~322동)BL2-3,서울특별시 은평구 진관동 107,37.6330478499663,126.927340294242,address
강동구,길동,332,0,한전우성1,서울특별시 강동구 길동 332,37.5433525504739,127.144168915991,address
송파구,문정동,1,0,문정래미안,서울특별시 송파구 문정동 1,37.4906216221509,127.130293454812,address
은평구,응암동,109,3,서강스카이빌,서울특별시 은평구 응암동 109-3,37.5998093594522,126.9214977136,address
중랑구,신내동,787,0,석탑,서울특별시 중랑구 신내동 787,37.6037044985882,127.101142860377,address
도봉구,쌍문동,388,33,한양1,서울특별시 도봉구 쌍문동 388-33,37.6459021096389,127.030692970618,address
동작구,상도동,529,0,상도두산위브,서울특별시 동작구 상도동 529,37.5046327696867,126.94332525587,address
양천구,목동,903,0,목동신시가지3,서울특별시 양천구 목동 903,37.534359239478,126.872949042002,address
동작구,본동,487,0,한신휴플러스,서울특별시 동작구 본동 487,37.5090587317247,126.949798994942,address
노원구,월계동,947,0,롯데캐슬루나,서울특별시 노원구 월계동 947,37.6265472079358,127.049792127486,address
은평구,녹번동,279,1,해주드림빌,서울특별시 은평구 녹번동 279-1,37.6038040423643,126.923082138624,address
송파구,잠실동,44,0,레이크팰리스,서울특별시 송파구 잠실동 44,37.5092678396302,127.094277269984,address
강서구,방화동,873,0,마곡우림1차아파트,서울특별시 강서구 방화동 873,37.5718718253448,126.815007497084,address
양천구,목동,763,1,목동성원,서울특별시 양천구 목동 763-1,37.5358479839678,126.869907138224,address
양천구,신정동,1293,0,학마을1단지,서울특별시 양천구 신정동 1293,37.5080526501106,126.844319085147,address
도봉구,방학동,735,0,성원아파트,서울특별시 도봉구 방학동 735,37.6618360175175,127.035703142134,address
구로구,고척동,52,332,한효,서울특별시 구로구 고척동 52-332,37.5015134393656,126.861321540533,address
구로구,고척동,331,0,삼익(2단지),서울특별시 구로구 고척동 331,37.5075324025545,126.852817208483,address
노원구,상계동,1289,0,상계불암대림,서울특별시 노원구 상계동 1289,37.6633498822476,127.077362000973,address
노원구,공릉동,408,23,한진아파트,서울특별시 노원구 공릉동 408-23,37.6253564469777,127.078901720782,address
강서구,염창동,288,0,현대1,서울특별시 강서구 염창동 288,37.552852468414,126.875104087032,address
영등포구,신길동,69,20,루나플라체,서울특별시 영등포구 신길동 69-20,37.5136615384446,126.92209929289,address
구로구,구로동,642,9,한신,서울특별시 구로구 구로동 642-9,37.4964979544664,126.873658696219,address
노원구,상계동,1276,0,청암2단지,서울특별시 노원구 상계동 1276,37.6631174377949,127.078575708028,address
은평구,응암동,764,0,백련산힐스테이트4차,서울특별시 은평구 응암동 764,37.5901205682042,126.921391721342,address
양천구,신정동,1281,0,푸른마을2,서울특별시 양천구 신정동 1281,37.5135514147541,126.835370168234,address
양천구,신정동,988,5,중앙하이츠목동펠리시티,서울특별시 양천구 신정동 988-5,37.5254303771654,126.861307372056,address
성북구,보문동1가,228,0,보문리슈빌하우트,서울특별시 성북구 보문동1가 228,37.5872459099988,127.019555501687,address
중랑구,상봉동,484,0,"엘지,쌍용아파트",서울특별시 중랑구 상봉동 484,37.6037624381976,127.090715883139,address
중랑구,면목동,1545,0,사가정센트럴아이파크,서울특별시 중랑구 면목동 1545,37.5823558617405,127.081720632706,address
서대문구,홍은동,11,111,서대문 센트럴 아이파크,서울특별시 서대문구 홍은동 11-111,37.6005948320166,126.947239669248,address
종로구,부암동,218,1,부암스카이뷰,서울특별시 종로구 부암동 218-1,37.5946343238529,126.964011031835,address
광진구,자양동,579,0,우성1,서울특별시 광진구 자양동 579,37.5344089874125,127.075573577702,address
서대문구,북가좌동,459,0,DMC두산위브,서울특별시 서대문구 북가좌동 459,37.5802470424539,126.91718182879,address
구로구,구로동,560,0,신도림현대,서울특별시 구로구 구로동 560,37.5048164707841,126.885764474143,address
은평구,신사동,297,0,신사씨티,서울특별시 은평구 신사동 297,37.6003550347728,126.904106671617,address
강서구,방화동,904,0,신마곡벽산블루밍,서울특별시 강서구 방화동 904,37.5712896980823,126.808179412194,address
마포구,신공덕동,159,0,신공덕래미안2차,서울특별시 마포구 신공덕동 159,37.5464420286085,126.957897447418,address
강남구,자곡동,619,0,강남자곡 힐스테이트,서울특별시 강남구 자곡동 619,37.4712795724748,127.088688007958,address
서대문구,홍제동,82,0,홍제한양,서울특별시 서대문구 홍제동 82,37.5833210740055,126.946971087746,address
은평구,구산동,382,0,갈현현대,서울특별시 은평구 구산동 382,37.6130165932898,126.905613429723,address
강서구,화곡동,1095,4,강서그랜드아이파크주상복합,서울특별시 강서구 화곡동 1095-4,37.5542842133272,126.850925658956,address
강서구,화곡동,1018,32,수산동우,서울특별시 강서구 화곡동 1018-32,37.5436482949047,126.833081184722,address
광진구,구의동,682,0,광진파크하우스,서울특별시 광진구 구의동 682,37.5473875097122,127.08735294776,address
동대문구,장안동,400,3,(해오름),서울특별시 동대문구 장안동 400-3,37.5657078808875,127.064621112594,address
송파구,방이동,456,0,잠실라펜앤,서울특별시 송파구 방이동 456,37.5127451658165,127.116686121501,address
강남구,도곡동,463,1,우성사원5,서울특별시 강남구 도곡동 463-1,37.4859710758229,127.047581472593,address
영등포구,당산동5가,7,2,유원제일2차,서울특별시 영등포구 당산동5가 7-2,37.5330576470523,126.898553578207,address
관악구,봉천동,859,17,관악위버폴리스,서울특별시 관악구 봉천동 859-17,37.4827164165708,126.95322956114,address
영등포구,당산동2가,16,1,당산대우,서울특별시 영등포구 당산동2가 16-1,37.5211689109638,126.893016993992,address
은평구,진관동,150,0,은평뉴타운기자촌11단지,서울특별시 은평구 진관동 150,37.6341673992865,126.933903038575,address
은평구,불광동,629,0,대호아파트,서울특별시 은평구 불광동 629,37.6149089274742,126.933481532792,address
도봉구,쌍문동,730,0,대우파크힐(쌍문동이안),서울특별시 도봉구 쌍문동 730,37.6515523296978,127.029018174117,address
서대문구,현저동,1019,0,독립문파크빌,서울특별시 서대문구 현저동 1019,37.5749616046902,126.951468226859,address
강서구,내발산동,657,0,우장산힐스테이트,서울특별시 강서구 내발산동 657,37.5562956592551,126.838965102044,address
송파구,가락동,8,1,우정에쉐르,서울특별시 송파구 가락동 8-1,37.5026345818507,127.125780068774,address
서대문구,남가좌동,387,0,디엠씨엘가,서울특별시 서대문구 남가좌동 387,37.5699525219787,126.917785126837,address
노원구,중계동,502,1,중계그린1단지,서울특별시 노원구 중계동 502-1,37.6443713328952,127.063281683752,address
마포구,망원동,495,0,신부3차파스카,서울특별시 마포구 망원동 495,37.5600001970412,126.898016237916,address
송파구,잠실동,27,0,주공아파트 5단지,서울특별시 송파구 잠실동 27,37.5143684588228,127.09298211452,address
광진구,중곡동,133,7,대영1동,서울특별시 광진구 중곡동 133-7,37.5561693398393,127.084654368049,address
도봉구,방학동,530,0,신동아아파트3,서울특별시 도봉구 방학동 530,37.6603784146842,127.023012949031,address
성북구,종암동,104,1,종암에스케이,서울특별시 성북구 종암동 104-1,37.6011857517073,127.036988885164,address
강동구,명일동,359,0,래미안솔베뉴,서울특별시 강동구 명일동 359,37.5524804591506,127.145208524251,address
마포구,성산동,25,1,라인성서,서울특별시 마포구 성산동 25-1,37.5593881326645,126.91139022251,address
강동구,상일동,490,0,고덕리엔파크3단지,서울특별시 강동구 상일동 490,37.5528325043365,127.175022524959,address
강서구,마곡동,1478,0,마곡삼성아파트,서울특별시 강서구 마곡동 1478,37.5720972651485,126.822167870369,address
서대문구,홍은동,460,0,홍은동풍림아이원,서울특별시 서대문구 홍은동 460,37.6036449199212,126.948383228249,address
양천구,신정동,1327,0,호반써밋목동,서울특별시 양천구 신정동 1327,37.516494329205,126.853038393761,address
송파구,마천동,575,0,마천금호어울림1차아파트,서울특별시 송파구 마천동 575,37.4982408539268,127.154815784388,address
중구,만리동2가,288,0,서울역한라비발디센트럴,서울특별시 중구 만리동2가 288,37.5550897722338,126.965563662247,address
동대문구,답십리동,997,0,세양청마루,서울특별시 동대문구 답십리동 997,37.5736828896399,127.065549232177,address
강남구,삼성동,48,0,한일,서울특별시 강남구 삼성동 48,37.5139822270859,127.049875942307,address
강남구,대치동,894,0,현대썬앤빌테헤란,서울특별시 강남구 대치동 894,37.5043018098376,127.054808973849,address
관악구,봉천동,1531,39,무학,서울특별시 관악구 봉천동 1531-39,37.4812498521923,126.93867111383,address
도봉구,쌍문동,54,0,현대1,서울특별시 도봉구 쌍문동 54,37.6585642084385,127.031200913055,address
강서구,염창동,272,11,롯데캐슬,서울특별시 강서구 염창동 272-11,37.5507590570618,126.86835517972,address
동대문구,답십리동,1009,0,힐스테이트청계,서울특별시 동대문구 답십리동 1009,37.5714539539342,127.047167730267,address
송파구,가락동,140,0,가락(1차)쌍용아파트,서울특별시 송파구 가락동 140,37.4955429569204,127.128117809357,address
마포구,신수동,459,0,밤섬경남아너스빌,서울특별시 마포구 신수동 459,37.5467372521599,126.93630235903,address
강동구,길동,385,1,예건타워빌,서울특별시 강동구 길동 385-1,37.5385225052912,127.136874036703,address
은평구,진관동,25,0,구파발9단지래미안(916~928동)BL3-2,서울특별시 은평구 진관동 25,37.6438624977627,126.920017019451,address
마포구,망원동,433,9,미원2,서울특별시 마포구 망원동 433-9,37.5589179132829,126.902160953871,address
서대문구,홍은동,468,0,북한산두산위브2차,서울특별시 서대문구 홍은동 468,37.5998131143961,126.944642936837,address
성북구,보문동6가,458,0,보문파크뷰자이,서울특별시 성북구 보문동6가 458,37.5801292275843,127.018477572425,address
강북구,미아동,1353,0,에스케이북한산시티,서울특별시 강북구 미아동 1353,37.6179760334621,127.01263074872,address
강서구,가양동,1461,0,가양2단지(성지),서울특별시 강서구 가양동 1461,37.5704957193283,126.847174411361,address
중랑구,묵동,122,146,백운,서울특별시 중랑구 묵동 122-146,37.6096651786826,127.079606691798,address
동대문구,장안동,372,16,청솔아파트(B동),서울특별시 동대문구 장안동 372-16,37.5709259988426,127.07014203825,address
송파구,잠실동,35,0,트리지움,서울특별시 송파구 잠실동 35,37.5099174003709,127.091143733839,address
성북구,장위동,25,55,푸르지오 라디우스 파크,서울특별시 성북구 장위동 25-55,37.6158072308279,127.058851922741,address
구로구,구로동,1279,0,우민늘푸른,서울특별시 구로구 구로동 1279,37.4880196828403,126.893924872898,address
노원구,월계동,924,0,초안2,서울특별시 노원구 월계동 924,37.6313218014175,127.04292063833,address
도봉구,쌍문동,725,0,쌍문동삼성래미안,서울특별시 도봉구 쌍문동 725,37.646908502592,127.028189076552,address
강서구,방화동,868,0,신안네트빌1단지,서울특별시 강서구 방화동 868,37.5710588449288,126.810174645333,address
광진구,구의동,592,39,강변역 센트럴 아이파크,서울특별시 광진구 구의동 592-39,37.5345276620302,127.090308481473,address
영등포구,대림동,1127,0,e편한세상영등포아델포레,서울특별시 영등포구 대림동 1127,37.4943934373007,126.90677940214,address
영등포구,양평동3가,55,1,경남아너스빌,서울특별시 영등포구 양평동3가 55-1,37.5272172458791,126.888343075419,address
은평구,녹번동,183,2,거장메카,서울특별시 은평구 녹번동 183-2,37.6021410684322,126.927908839215,address
구로구,구로동,43,4,다솜금호,서울특별시 구로구 구로동 43-4,37.5025599589788,126.891952426223,address
서초구,양재동,206,8,아원데코빌,서울특별시 서초구 양재동 206-8,37.4656325445065,127.035368407456,address
도봉구,쌍문동,199,1,금호1,서울특별시 도봉구 쌍문동 199-1,37.6591094842197,127.033494951089,address
성북구,길음동,1283,0,길음뉴타운6단지(래미안),서울특별시 성북구 길음동 1283,37.6062694708825,127.022893664052,address
강남구,개포동,1281,0,디에이치아너힐즈,서울특별시 강남구 개포동 1281,37.4839883187894,127.067391885665,address
서대문구,천연동,145,0,천연뜨란채,서울특별시 서대문구 천연동 145,37.5675621422573,126.958448691465,address
노원구,상계동,1322,0,중계센트럴파크,서울특별시 노원구 상계동 1322,37.6431156549138,127.059603718686,address
중랑구,망우동,574,0,백림금호,서울특별시 중랑구 망우동 574,37.5998940651894,127.107821388666,address
동대문구,이문동,225,0,대림e-편한세상,서울특별시 동대문구 이문동 225,37.6045229147922,127.064973013617,address
은평구,녹번동,276,0,대림아파트(276),서울특별시 은평구 녹번동 276,37.6000986139525,126.937044371203,address
동작구,상도동,527,0,이수브라운스톤상도(527-0),서울특별시 동작구 상도동 527,37.5060045181418,126.943824228081,address
강서구,화곡동,1145,0,우장산롯데캐슬,서울특별시 강서구 화곡동 1145,37.5556368030986,126.848318501804,address
마포구,성산동,667,0,월드컵아이파크(667),서울특별시 마포구 성산동 667,37.5675394820764,126.914495487603,address
강서구,염창동,258,1,동아3,서울특별시 강서구 염창동 258-1,37.5501995704814,126.877425235008,address
강동구,둔촌동,654,0,더샵파크솔레이유,서울특별시 강동구 둔촌동 654,37.5298330902124,127.144871251397,address
도봉구,도봉동,95,0,도봉 금호어울림 리버파크,서울특별시 도봉구 도봉동 95,37.6739298783313,127.047679925867,address
중랑구,상봉동,495,0,동부아파트,서울특별시 중랑구 상봉동 495,37.6020167434299,127.093633868763,address
노원구,공릉동,758,0,태릉해링턴플레이스,서울특별시 노원구 공릉동 758,37.6259281351867,127.083084399952,address
동대문구,청량리동,199,0,청량리 롯데캐슬 하이루체,서울특별시 동대문구 청량리동 199,37.5870944667538,127.044435039536,address
은평구,수색동,415,1,e편한세상 수색 에코포레,서울특별시 은평구 수색동 415-1,37.5868443421612,126.900022355271,address
강남구,일원동,718,0,샘터마을,서울특별시 강남구 일원동 718,37.4842754486616,127.082612734524,address
구로구,구로동,104,9,성호메이플라워멤버스빌,서울특별시 구로구 구로동 104-9,37.4969004814267,126.891373669998,address
중랑구,상봉동,501,0,상봉듀오트리스,서울특별시 중랑구 상봉동 501,37.5974404475209,127.092241321677,address
송파구,삼전동,38,12,하이파크아파트,서울특별시 송파구 삼전동 38-12,37.5005978050329,127.087515997037,address
서초구,방배동,917,4,서초훼미리하우스,서울특별시 서초구 방배동 917-4,37.4807579856042,126.993950804829,address
노원구,월계동,12,0,삼호4,서울특별시 노원구 월계동 12,37.6265226116642,127.064158523429,address
강서구,내발산동,741,0,마곡수명산파크2단지,서울특별시 강서구 내발산동 741,37.5545042353103,126.827440597469,address
강서구,방화동,819,0,개화,서울특별시 강서구 방화동 819,37.5807528992991,126.812541288959,address
동대문구,용두동,779,0,신동아,서울특별시 동대문구 용두동 779,37.5726984528527,127.032314709479,address
강남구,도곡동,953,1,SK허브프리모,서울특별시 강남구 도곡동 953-1,37.4853093524453,127.034403378938,address
도봉구,창동,817,0,수산트리플,서울특별시 도봉구 창동 817,37.6404368710879,127.034148817125,address
마포구,망원동,439,1,솔루체,서울특별시 마포구 망원동 439-1,37.5592632090787,126.898256729352,address
강서구,가양동,1485,0,가양6단지,서울특별시 강서구 가양동 1485,37.5632291233676,126.859294056062,address
강서구,마곡동,717,0,마곡금호어울림,서울특별시 강서구 마곡동 717,37.5745942801032,126.837612448089,address
동작구,신대방동,712,0,신대방경남,서울특별시 동작구 신대방동 712,37.4894876099441,126.908593434869,address
중구,신당동,844,0,남산타운,서울특별시 중구 신당동 844,37.5486807945139,127.008880476432,address
영등포구,신길동,365,0,우성1,서울특별시 영등포구 신길동 365,37.5053277170475,126.900416734067,address
중랑구,망우동,577,0,예성그린캐슬,서울특별시 중랑구 망우동 577,37.5970041028912,127.102085087725,address
은평구,수색동,75,0,DMC자이1단지,서울특별시 은평구 수색동 75,37.5795941415816,126.898649192226,address
동대문구,장안동,373,7,가야써니빌(373-7),서울특별시 동대문구 장안동 373-7,37.5696018595628,127.069288779614,address
중랑구,면목동,1527,0,신성미소지움,서울특별시 중랑구 면목동 1527,37.587214362585,127.09609294746,address
은평구,응암동,770,0,힐스테이트녹번역,서울특별시 은평구 응암동 770,37.5992916659593,126.934685022167,address
강서구,내발산동,749,0,마곡수명산파크5단지,서울특별시 강서구 내발산동 749,37.5519895481685,126.827067848467,address
강서구,등촌동,707,0,"등촌7,8단지주공아파트",서울특별시 강서구 등촌동 707,37.56080406349,126.851687961989,address
강서구,화곡동,899,4,동양하우징(899-4),서울특별시 강서구 화곡동 899-4,37.5300749337646,126.846787409413,address
노원구,공릉동,747,0,두산힐스빌아파트,서울특별시 노원구 공릉동 747,37.6209351870697,127.079878214628,address
구로구,구로동,110,4,도림두산베어스타워,서울특별시 구로구 구로동 110-4,37.5010127770035,126.889639794059,address
성동구,금호동3가,1331,0,두산,서울특별시 성동구 금호동3가 1331,37.5500382701277,127.016217362383,address
양천구,신정동,1198,3,대성유니드2차,서울특별시 양천구 신정동 1198-3,37.5210153975411,126.848911008994,address
강서구,염창동,311,0,등촌제이스카이,서울특별시 강서구 염창동 311,37.5498427418337,126.867951321821,address
노원구,하계동,271,3,극동,서울특별시 노원구 하계동 271-3,37.6354452993831,127.064243687991,address
동대문구,장안동,329,2,장안힐스테이트,서울특별시 동대문구 장안동 329-2,37.5756429203038,127.075350784878,address
성북구,정릉동,1032,0,정릉2차대주피오레,서울특별시 성북구 정릉동 1032,37.6018362255029,127.008979537483,address
금천구,시흥동,1017,0,관악산신도브래뉴,서울특별시 금천구 시흥동 1017,37.4479379750889,126.910620803071,address
성북구,하월곡동,222,0,월곡두산위브,서울특별시 성북구 하월곡동 222,37.607033098723,127.038365407563,address
동작구,동작동,331,0,금강KCC,서울특별시 동작구 동작동 331,37.4939870207165,126.978411339186,address
도봉구,창동,804,0,대우,서울특별시 도봉구 창동 804,37.6423706175541,127.037531292722,address
구로구,고척동,327,0,동아한신,서울특별시 구로구 고척동 327,37.501027400899,126.864945312405,address
은평구,녹번동,282,0,힐스테이트녹번,서울특별시 은평구 녹번동 282,37.6017858743741,126.936661658569,address
강동구,둔촌동,94,16,동아,서울특별시 강동구 둔촌동 94-16,37.5287785526099,127.144213719526,address
마포구,대흥동,660,0,대흥동태영아파트,서울특별시 마포구 대흥동 660,37.5447306086574,126.942570708808,address
동작구,신대방동,717,0,신동아파밀리에,서울특별시 동작구 신대방동 717,37.4917463805151,126.914538879214,address
도봉구,쌍문동,731,0,e편한세상,서울특별시 도봉구 쌍문동 731,37.6497971759976,127.027292929292,address
강북구,미아동,1358,0,신일해피트리,서울특별시 강북구 미아동 1358,37.6259376478707,127.031299304387,address
서대문구,북가좌동,453,0,DMC현대아파트,서울특별시 서대문구 북가좌동 453,37.5768029058835,126.907940591797,address
은평구,수색동,416,1,DMC 진흥,서울특별시 은평구 수색동 416-1,37.5853704589019,126.900295145391,address
강북구,미아동,796,0,경남아너스빌,서울특별시 강북구 미아동 796,37.6288952855074,127.018684601425,address
강서구,방화동,870,0,동부센트레빌,서울특별시 강서구 방화동 870,37.5732659649631,126.806100290213,address
은평구,응암동,769,0,녹번역e편한세상캐슬,서울특별시 은평구 응암동 769,37.5992189656793,126.930904468222,address
서대문구,홍제동,456,0,성원,서울특별시 서대문구 홍제동 456,37.5836699249845,126.942886344639,address
서대문구,연희동,723,9,홍연(723-9),서울특별시 서대문구 연희동 723-9,37.5764967764598,126.932358420319,address
강북구,미아동,190,2,현대(190-2),서울특별시 강북구 미아동 190-2,37.6307830435313,127.025793298194,address
중구,신당동,840,0,현대,서울특별시 중구 신당동 840,37.5599721399106,127.021759346522,address
강동구,고덕동,688,0,래미안힐스테이트고덕,서울특별시 강동구 고덕동 688,37.5589494593044,127.147082524967,address
노원구,상계동,1301,0,상계대림e편한세상,서울특별시 노원구 상계동 1301,37.6748157140036,127.050930136747,address
강서구,화곡동,913,1,삼도,서울특별시 강서구 화곡동 913-1,37.5286809679879,126.843740652851,address
도봉구,창동,826,0,북한산한신휴플러스,서울특별시 도봉구 창동 826,37.6558003021092,127.042854036995,address
동대문구,휘경동,368,0,브라운스톤휘경,서울특별시 동대문구 휘경동 368,37.5904739061859,127.066492298357,address
구로구,항동,241,0,한양수자인에듀힐즈,서울특별시 구로구 항동 241,37.4779939218141,126.826049153125,address
동작구,사당동,169,32,현대,서울특별시 동작구 사당동 169-32,37.4881257625269,126.970397032906,address
강서구,공항동,1371,0,해태,서울특별시 강서구 공항동 1371,37.5637619304778,126.815786689665,address
구로구,개봉동,480,0,현대홈타운,서울특별시 구로구 개봉동 480,37.4916167844078,126.861624228247,address
노원구,중계동,599,0,중계스타클래스,서울특별시 노원구 중계동 599,37.6588550742898,127.077350763596,address
노원구,중계동,593,0,삼성,서울특별시 노원구 중계동 593,37.6489530022198,127.083313103375,address
노원구,공릉동,254,0,태릉우성아파트,서울특별시 노원구 공릉동 254,37.6245301199643,127.084793114871,address
동작구,사당동,1139,0,사당자이,서울특별시 동작구 사당동 1139,37.4886969037068,126.962444639513,address
서초구,방배동,3283,0,방배그랑자이,서울특별시 서초구 방배동 3283,37.4764753723025,126.999784970981,address
용산구,한강로3가,65,500,철우,서울특별시 용산구 한강로3가 65-500,37.5235496234232,126.969108800283,address
동대문구,휘경동,336,32,캠퍼스드림오피스텔,서울특별시 동대문구 휘경동 336-32,37.5887717921907,127.054649388282,address
노원구,월계동,945,0,초안산쌍용스윗닷홈,서울특별시 노원구 월계동 945,37.6305824413885,127.044410845954,address
성북구,보문동1가,196,11,보문 센트럴 아이파크,서울특별시 성북구 보문동1가 196-11,37.5848729791481,127.020532630628,address
마포구,연남동,515,23,청기와,서울특별시 마포구 연남동 515-23,37.5620246976769,126.921819881683,address
강서구,방화동,832,0,청솔,서울특별시 강서구 방화동 832,37.5756309765944,126.812965285254,address
노원구,상계동,1063,0,상계현대3차,서울특별시 노원구 상계동 1063,37.6715473265812,127.05296241189,address
성북구,길음동,1288,0,래미안길음센터피스,서울특별시 성북구 길음동 1288,37.6108450847147,127.027018309971,address
강동구,천호동,338,20,한건브리앙아파트,서울특별시 강동구 천호동 338-20,37.5427984695335,127.122342222753,address
구로구,구로동,685,70,현대연예인,서울특별시 구로구 구로동 685-70,37.492986322182,126.877113407262,address
구로구,개봉동,476,0,한마을,서울특별시 구로구 개봉동 476,37.4952644521652,126.862501576596,address
구로구,구로동,104,3,해담채3,서울특별시 구로구 구로동 104-3,37.4969785298244,126.891005465235,address
마포구,성산동,601,0,성산월드타운대림,서울특별시 마포구 성산동 601,37.569343987133,126.908243398976,address
서대문구,홍제동,463,0,문화촌현대,서울특별시 서대문구 홍제동 463,37.5922766950616,126.949493139598,address
송파구,가락동,102,0,한신1,서울특별시 송파구 가락동 102,37.4896792863336,127.121735961606,address
성북구,보문동3가,2,0,현대I-PARK,서울특별시 성북구 보문동3가 2,37.5856097355382,127.016410528984,address
구로구,고척동,334,0,벽산,서울특별시 구로구 고척동 334,37.4957004752141,126.864395031441,address
중구,신당동,852,0,청구e편한세상,서울특별시 중구 신당동 852,37.5604485958729,127.016730517193,address
노원구,하계동,280,0,미성,서울특별시 노원구 하계동 280,37.634682675193,127.069541310656,address
강남구,청담동,50,5,대우유로카운티,서울특별시 강남구 청담동 50-5,37.5237365164635,127.049806641062,address
광진구,자양동,227,7,더샵스타시티,서울특별시 광진구 자양동 227-7,37.5378031898538,127.072632021718,address
송파구,잠실동,101,1,우성아파트,서울특별시 송파구 잠실동 101-1,37.5068653318826,127.073141863071,address
중랑구,면목동,1077,1,용마한신,서울특별시 중랑구 면목동 1077-1,37.5813217157076,127.095949065546,address
구로구,개봉동,475,0,영화,서울특별시 구로구 개봉동 475,37.4961874853839,126.860006160686,address
금천구,독산동,1140,0,독산동중앙하이츠빌,서울특별시 금천구 독산동 1140,37.4648129442296,126.888559946819,address
송파구,문정동,150,0,올림픽훼밀리타운,서울특별시 송파구 문정동 150,37.4885199252165,127.114377260406,address
강남구,역삼동,754,1,역삼푸르지오,서울특별시 강남구 역삼동 754-1,37.4977533273856,127.046780606935,address
성북구,길음동,1276,0,삼부컨비니언,서울특별시 성북구 길음동 1276,37.6027726439023,127.023775903506,address
은평구,진관동,88,0,우물골2단지두산위브(209~222동)BL2-8,서울특별시 은평구 진관동 88,37.6363158180727,126.931411345217,address
광진구,중곡동,190,29,엘림퍼스트중곡동,서울특별시 광진구 중곡동 190-29,37.5663848032316,127.07803594337,address
강동구,암사동,472,18,에스엠해그린,서울특별시 강동구 암사동 472-18,37.5520803772305,127.13324496599,address
중랑구,중화동,208,33,동양엔파트,서울특별시 중랑구 중화동 208-33,37.5939935621882,127.075023361031,address
성북구,삼선동2가,296,0,창경궁 롯데캐슬 시그니처,서울특별시 성북구 삼선동2가 296,37.5841200944964,127.010295931361,address
강남구,논현동,211,21,펜트힐루논현,서울특별시 강남구 논현동 211-21,37.5138352212455,127.034968900437,address
노원구,공릉동,727,0,풍림아파트B,서울특별시 노원구 공릉동 727,37.6284095507027,127.069253048767,address
은평구,불광동,635,0,북한산힐스테이트1차아파트,서울특별시 은평구 불광동 635,37.6126197353159,126.937001651616,address
노원구,상계동,1293,0,불암현대,서울특별시 노원구 상계동 1293,37.6678293922943,127.081618174815,address
마포구,성산동,650,0,성산동자담이움아파트,서울특별시 마포구 성산동 650,37.5597062587169,126.910651800526,address
도봉구,쌍문동,53,0,성원,서울특별시 도봉구 쌍문동 53,37.6585287700527,127.028839788429,address
동작구,동작동,332,0,이수교KCC스위첸,서울특별시 동작구 동작동 332,37.4976673624748,126.981032972614,address
구로구,오류동,343,0,금강(343),서울특별시 구로구 오류동 343,37.4882786172515,126.832381753098,address
도봉구,도봉동,81,1,극동,서울특별시 도봉구 도봉동 81-1,37.6824505305941,127.049631193507,address
중구,회현동1가,208,0,남산롯데캐슬아이리스,서울특별시 중구 회현동1가 208,37.5582562719927,126.981925536214,address
서대문구,홍제동,461,0,홍제삼성래미안,서울특별시 서대문구 홍제동 461,37.5783538682014,126.95129779809,address
동대문구,휘경동,264,2,효자워너빌,서울특별시 동대문구 휘경동 264-2,37.5899418233666,127.060902672111,address
영등포구,신길동,4964,0,신길센트럴자이아파트,서울특별시 영등포구 신길동 4964,37.5031181861687,126.907745237872,address
금천구,시흥동,806,0,시흥동월드메르디앙,서울특별시 금천구 시흥동 806,37.4597029538162,126.907119183387,address
동대문구,장안동,309,6,SM해그린아파트,서울특별시 동대문구 장안동 309-6,37.5736023958542,127.072394527554,address
송파구,거여동,607,0,송파레이크파크호반써밋Ⅱ,서울특별시 송파구 거여동 607,37.4833974866875,127.141526870293,address
노원구,중계동,586,0,LIG건영,서울특별시 노원구 중계동 586,37.6615026017262,127.076114088377,address
강남구,삼성동,142,3,LG선릉에클라트(B),서울특별시 강남구 삼성동 142-3,37.5061683570162,127.050928670633,address
은평구,수색동,431,0,DMC파인시티자이,서울특별시 은평구 수색동 431,37.5843139850688,126.894827494126,address
은평구,수색동,432,0,DMC아트포레자이,서울특별시 은평구 수색동 432,37.5850745829803,126.897053085386,address
강북구,번동,761,0,센트로힐,서울특별시 강북구 번동 761,37.634699803905,127.036115344821,address
강동구,상일동,513,0,고덕센트럴IPARK,서울특별시 강동구 상일동 513,37.5522479658082,127.166786120594,address
강동구,상일동,519,0,고덕아르테온,서울특별시 강동구 상일동 519,37.5555369138929,127.164445782028,address
노원구,상계동,995,0,한신4차,서울특별시 노원구 상계동 995,37.6729844852423,127.05920275961,address
용산구,문배동,3,3,이안용산프리미어,서울특별시 용산구 문배동 3-3,37.5386874768496,126.970318445052,address
강남구,역삼동,755,4,e-편한세상,서울특별시 강남구 역삼동 755-4,37.4987776755024,127.049878493722,address
종로구,사직동,9,0,광화문스페이스본(101동~105동),서울특별시 종로구 사직동 9,37.5744172415207,126.968880867164,address
강남구,도곡동,895,8,한신엠비씨,서울특별시 강남구 도곡동 895-8,37.4878521403159,127.040226925461,address
강서구,등촌동,688,0,주공3,서울특별시 강서구 등촌동 688,37.5616418349754,126.841111422493,address
송파구,거여동,46,0,현대3차,서울특별시 송파구 거여동 46,37.4969503144817,127.145041452166,address
양천구,신정동,1326,0,래미안목동아델리체(101동~118동),서울특별시 양천구 신정동 1326,37.5191734678965,126.851674813154,address
노원구,중계동,598,0,한화꿈에그린,서울특별시 노원구 중계동 598,37.6473308810022,127.083300413431,address
강서구,방화동,793,0,현대,서울특별시 강서구 방화동 793,37.5703736330423,126.814306445709,address
마포구,도화동,353,0,현대홈타운,서울특별시 마포구 도화동 353,37.5377845095099,126.951787191666,address
성북구,장위동,322,0,래미안포레카운티,서울특별시 성북구 장위동 322,37.61800187915,127.053308726309,address
노원구,공릉동,371,11,서일이츠뷰,서울특별시 노원구 공릉동 371-11,37.6275214663813,127.073830085037,address
구로구,오류동,334,0,라인,서울특별시 구로구 오류동 334,37.4966573575279,126.847068079363,address
노원구,월계동,925,0,대동,서울특별시 노원구 월계동 925,37.621772863049,127.060433283371,address
구로구,신도림동,642,0,대림1,서울특별시 구로구 신도림동 642,37.5058449867495,126.880590578918,address
강북구,번동,191,0,기산그린,서울특별시 강북구 번동 191,37.6274734188867,127.04365714028,address
영등포구,당산동4가,30,1,당산현대5차,서울특별시 영등포구 당산동4가 30-1,37.5296404475771,126.900812746942,address
성북구,길음동,1280,0,길음뉴타운2단지푸르지오,서울특별시 성북구 길음동 1280,37.6118263552925,127.016166325966,address
강서구,내발산동,708,14,낙원연립재건축조합아파트,서울특별시 강서구 내발산동 708-14,37.5510104995572,126.834918887847,address
중구,신당동,851,0,래미안하이베르,서울특별시 중구 신당동 851,37.5616192513452,127.022720407044,address
강서구,등촌동,642,0,제일(코오롱),서울특별시 강서구 등촌동 642,37.5559780461935,126.858281994359,address
강서구,방화동,841,0,장미,서울특별시 강서구 방화동 841,37.5742998188535,126.81749374049,address
서대문구,남가좌동,376,0,남가좌동현대,서울특별시 서대문구 남가좌동 376,37.5749918612212,126.920125943504,address
관악구,신림동,1728,0,제창그로힐,서울특별시 관악구 신림동 1728,37.4847156167784,126.910495261784,address
금천구,시흥동,1035,0,그린포레아파트,서울특별시 금천구 시흥동 1035,37.4353933083802,126.906633874379,address
서초구,서초동,1615,10,극동스타클래스2,서울특별시 서초구 서초동 1615-10,37.4887809280773,127.022925943302,address
양천구,신정동,333,0,대림,서울특별시 양천구 신정동 333,37.5177128493315,126.87359680782,address
금천구,시흥동,1026,0,남서울힐스테이트,서울특별시 금천구 시흥동 1026,37.4477871989419,126.900966570969,address
강서구,가양동,1490,0,가양도시개발9-2단지,서울특별시 강서구 가양동 1490,37.5587212796979,126.863532908859,address
서대문구,창천동,510,2,3RU-City,서울특별시 서대문구 창천동 510-2,37.5588196964988,126.927359353553,address
송파구,송파동,162,0,송파삼성래미안아파트,서울특별시 송파구 송파동 162,37.5047238856642,127.118675108271,address
서초구,서초동,1511,3,N-Suite102동(1511-3),서울특별시 서초구 서초동 1511-3,37.4874339106742,127.007727136911,address
영등포구,여의도동,32,0,수정,서울특별시 영등포구 여의도동 32,37.5231044207595,126.930795195012,address
중랑구,망우동,226,0,경남,서울특별시 중랑구 망우동 226,37.6037968132191,127.106709844411,address
구로구,신도림동,640,0,신성은하수,서울특별시 구로구 신도림동 640,37.5078312535253,126.887381527736,address
서초구,양재동,6,29,미영(101),서울특별시 서초구 양재동 6-29,37.4820497236442,127.041308762793,address
서초구,반포동,60,4,반포미도,서울특별시 서초구 반포동 60-4,37.5013542148345,127.008779079669,address
강동구,성내동,444,4,강동네스빌,서울특별시 강동구 성내동 444-4,37.5247871770276,127.131906988084,address
구로구,구로동,1269,0,중앙하이츠(1269),서울특별시 구로구 구로동 1269,37.4988452187698,126.880552645833,address
금천구,가산동,140,36,비즈트위트바이올렛5차,서울특별시 금천구 가산동 140-36,37.4781250924735,126.889803702217,address
성북구,보문동4가,116,0,보문하우스토리,서울특별시 성북구 보문동4가 116,37.5841413862939,127.020967748216,address
은평구,응암동,767,0,백련산에스케이뷰아이파크,서울특별시 은평구 응암동 767,37.5950594635753,126.9208808264,address
중구,황학동,2033,0,청계리버팰리스A,서울특별시 중구 황학동 2033,37.5696874945972,127.020742512867,address
노원구,월계동,13,0,미성,서울특별시 노원구 월계동 13,37.6244655609391,127.065322271669,address
용산구,도원동,23,0,삼성래미안,서울특별시 용산구 도원동 23,37.5382964045291,126.955316835387,address
중구,신당동,843,0,삼성,서울특별시 중구 신당동 843,37.5581689025054,127.017895622274,address
광진구,중곡동,699,0,욱현하이브Ⅲ,서울특별시 광진구 중곡동 699,37.5545660100192,127.087867657521,address
강서구,화곡동,1159,0,"우장산아이파크,이편한세상",서울특별시 강서구 화곡동 1159,37.5493547358614,126.838765589968,address
성북구,정릉동,1028,0,정릉e-편한세상,서울특별시 성북구 정릉동 1028,37.6149954353423,127.01024117658,address
성동구,하왕십리동,1070,0,센트라스,서울특별시 성동구 하왕십리동 1070,37.5663313038338,127.028440866987,address
강서구,가양동,1475,0,강변,서울특별시 강서구 가양동 1475,37.5652163063579,126.855667621933,address
노원구,공릉동,744,0,건영장미아파트,서울특별시 노원구 공릉동 744,37.6291371037778,127.075414954062,address
강서구,염창동,287,1,우성2,서울특별시 강서구 염창동 287-1,37.5557240025396,126.8694909718,address
은평구,진관동,83,0,우물골2단지두산위브(204~208동)BL2-5,서울특별시 은평구 진관동 83,37.6345080270596,126.927698804762,address
성동구,옥수동,250,0,옥수삼성,서울특별시 성동구 옥수동 250,37.5424312325016,127.014052103004,address
성북구,상월곡동,101,0,동아에코빌,서울특별시 성북구 상월곡동 101,37.6078992370885,127.045423992015,address
도봉구,도봉동,654,0,동아에코빌,서울특별시 도봉구 도봉동 654,37.6815163431126,127.046899391178,address
구로구,개봉동,478,0,한진,서울특별시 구로구 개봉동 478,37.4846795429977,126.851939768222,address
영등포구,신길동,389,0,대성유니드,서울특별시 영등포구 신길동 389,37.5017427360353,126.903050776213,address
성동구,하왕십리동,966,19,왕십리지음재,서울특별시 성동구 하왕십리동 966-19,37.5624013229515,127.032677656283,address
강서구,마곡동,738,0,마곡엠밸리4단지,서울특별시 강서구 마곡동 738,37.5695461117631,126.824402736642,address
동대문구,이문동,64,0,쌍용,서울특별시 동대문구 이문동 64,37.5997835954564,127.068513545003,address
강남구,논현동,103,0,쌍용,서울특별시 강남구 논현동 103,37.5196304885538,127.038130798745,address
노원구,중계동,587,0,양지마을(대림)1,서울특별시 노원구 중계동 587,37.6511844264436,127.070523641827,address
구로구,고척동,321,0,우성꿈동산,서울특별시 구로구 고척동 321,37.5031584820158,126.866312742274,address
노원구,월계동,436,0,동신,서울특별시 노원구 월계동 436,37.617552477555,127.061266120643,address
동작구,사당동,1131,0,두산위브트레지움,서울특별시 동작구 사당동 1131,37.4853926822134,126.971279925511,address
중랑구,묵동,388,0,동구햇살,서울특별시 중랑구 묵동 388,37.6133092647094,127.074443044774,address
송파구,오금동,67,0,송파더플래티넘,서울특별시 송파구 오금동 67,37.5026865105314,127.135841640768,address
송파구,거여동,356,0,우방1,서울특별시 송파구 거여동 356,37.4927531195922,127.14218194548,address
마포구,상암동,1660,0,상암월드컵파크7단지,서울특별시 마포구 상암동 1660,37.5817590063066,126.881479978349,address
도봉구,쌍문동,567,0,성원하이츠(C동),서울특별시 도봉구 쌍문동 567,37.6579293609198,127.039113486042,address
동작구,상도1동,501,3,현진베스트빌,서울특별시 동작구 상도1동 501-3,37.5052361959304,126.952804632766,address
은평구,신사동,359,0,현대1,서울특별시 은평구 신사동 359,37.5934266709861,126.908632905636,address
동작구,흑석동,10,0,명수대현대,서울특별시 동작구 흑석동 10,37.5078356376452,126.966995755893,address
서초구,서초동,1757,0,서초그랑자이,서울특별시 서초구 서초동 1757,37.4889311077704,127.026056752479,address
송파구,장지동,835,0,송파파인타운2단지,서울특별시 송파구 장지동 835,37.4840354791372,127.131151942452,address
서대문구,남가좌동,377,0,DMC래미안클라시스,서울특별시 서대문구 남가좌동 377,37.5777836266316,126.916529880454,address
강동구,성내동,423,15,신성,서울특별시 강동구 성내동 423-15,37.5280822529352,127.131885977838,address
마포구,신수동,91,90,힐스테이트마포더퍼스트,서울특별시 마포구 신수동 91-90,37.5486242462155,126.935532150053,address
서대문구,북가좌동,481,0,DMC래미안e편한세상,서울특별시 서대문구 북가좌동 481,37.5726489857162,126.910550761779,address
광진구,구의동,668,0,래미안파크스위트,서울특별시 광진구 구의동 668,37.5457933439539,127.090266282695,address
노원구,중계동,361,1,롯데우성,서울특별시 노원구 중계동 361-1,37.6468291149362,127.072828819069,address
노원구,상계동,740,0,상계주공2(고층),서울특별시 노원구 상계동 740,37.6497540150085,127.058517787643,address
서초구,방배동,3276,0,한진로즈힐,서울특별시 서초구 방배동 3276,37.4868252783735,126.983479490711,address
양천구,목동,911,0,목동신시가지6,서울특별시 양천구 목동 911,37.5346424311653,126.884816122965,address
동대문구,답십리동,494,1,한일노벨리아,서울특별시 동대문구 답십리동 494-1,37.5669003328218,127.053285984052,address
용산구,산천동,193,0,리버힐삼성,서울특별시 용산구 산천동 193,37.535002087034,126.95059340676,address
영등포구,문래동5가,21,0,현대3차,서울특별시 영등포구 문래동5가 21,37.5161066557991,126.884440462108,address
양천구,신월동,217,8,해주,서울특별시 양천구 신월동 217-8,37.5271035607392,126.834656403746,address
마포구,상암동,1752,0,상암월드컵파크9단지,서울특별시 마포구 상암동 1752,37.5835469334073,126.879166069383,address
강서구,마곡동,1252,0,마곡보타닉경남아너스빌,서울특별시 강서구 마곡동 1252,37.5723114753777,126.818701895134,address
은평구,진관동,105,0,마고정3단지센트레빌(323~335동)BL2-2,서울특별시 은평구 진관동 105,37.6334242331886,126.923974377572,address
도봉구,창동,813,0,현대조합,서울특별시 도봉구 창동 813,37.6557910057363,127.040868682592,address
성동구,행당동,346,0,행당한진타운,서울특별시 성동구 행당동 346,37.5558804553964,127.029207383318,address
양천구,목동,966,0,목동에버하임,서울특별시 양천구 목동 966,37.546572529153,126.870683224828,address
강서구,등촌동,634,2,한사랑2삼성,서울특별시 강서구 등촌동 634-2,37.554612829484,126.864162394395,address
서대문구,홍제동,478,0,서대문푸르지오센트럴파크,서울특별시 서대문구 홍제동 478,37.5807515598662,126.949926262258,address
성북구,석관동,410,0,래미안아트리치,서울특별시 성북구 석관동 410,37.6060457872052,127.063614432719,address
금천구,시흥동,882,61,와이즈플레이스,서울특별시 금천구 시흥동 882-61,37.4550181232559,126.900994108649,address
서초구,우면동,773,0,서초힐스,서울특별시 서초구 우면동 773,37.4573997644016,127.018070846664,address
은평구,진관동,82,0,우물골2단지두산위브(201~203동)BL2-4,서울특별시 은평구 진관동 82,37.6345826403906,126.92455178598,address
성동구,성수동2가,834,0,현대I-PARK,서울특별시 성동구 성수동2가 834,37.5474076014004,127.05661103942,address
송파구,오금동,615,0,올림픽파크센트레빌,서울특별시 송파구 오금동 615,37.5102884076822,127.127737073867,address
구로구,구로동,43,2,예원아파트,서울특별시 구로구 구로동 43-2,37.5032363970964,126.891617370429,address
은평구,역촌동,232,0,역촌센트레빌,서울특별시 은평구 역촌동 232,37.6031134891166,126.905988894856,address
강동구,둔촌동,630,0,둔촌푸르지오,서울특별시 강동구 둔촌동 630,37.5341452290037,127.146518101181,address
강남구,역삼동,835,67,금호어울림,서울특별시 강남구 역삼동 835-67,37.492084518075,127.034890345627,address
중랑구,망우동,495,0,한일써너스빌리젠시2단지,서울특별시 중랑구 망우동 495,37.597668127547,127.094406811956,address
구로구,가리봉동,779,0,남구로역동일센타시아,서울특별시 구로구 가리봉동 779,37.4832681349114,126.88941263499,address
은평구,진관동,62,0,은평스카이뷰자이,서울특별시 은평구 진관동 62,37.635172972633,126.917817891844,address
종로구,숭인동,766,0,종로청계힐스테이트,서울특별시 종로구 숭인동 766,37.5760304266335,127.02115124233,address
광진구,자양동,783,1,자양우성7,서울특별시 광진구 자양동 783-1,37.5363526161092,127.074596726286,address
동작구,흑석동,28,0,한강현대,서울특별시 동작구 흑석동 28,37.5070082560032,126.969728846898,address
강서구,방화동,614,11,원미,서울특별시 강서구 방화동 614-11,37.5648113868815,126.808913292816,address
노원구,상계동,1256,0,은빛2단지,서울특별시 노원구 상계동 1256,37.6799630377746,127.053504710908,address
강서구,등촌동,631,9,대동황토방,서울특별시 강서구 등촌동 631-9,37.5559200375489,126.862254058442,address
강서구,염창동,292,0,동아,서울특별시 강서구 염창동 292,37.5548515573392,126.873119215493,address
노원구,상계동,1355,0,노원센트럴푸르지오,서울특별시 노원구 상계동 1355,37.665075832033,127.074514888683,address
영등포구,문래동3가,94,0,문래힐스테이트,서울특별시 영등포구 문래동3가 94,37.5183596867889,126.890863632146,address
송파구,신천동,11,9,한신잠실코아,서울특별시 송파구 신천동 11-9,37.51656737837,127.104184316695,address
은평구,역촌동,32,3,명남뉴(32-3),서울특별시 은평구 역촌동 32-3,37.6040485515006,126.918228463665,address
강남구,압구정동,448,0,현대13차(208~211동),서울특별시 강남구 압구정동 448,37.530233501672,127.027336644402,address
중랑구,면목동,193,1,면목한신,서울특별시 중랑구 면목동 193-1,37.5875052368198,127.075465206913,address
송파구,거여동,362,0,현대1차,서울특별시 송파구 거여동 362,37.4928499146725,127.141031891927,address
강동구,성내동,607,0,라움포레,서울특별시 강동구 성내동 607,37.5330863356607,127.123971178236,address
송파구,문정동,3,0,문정가락현대1차,서울특별시 송파구 문정동 3,37.4915680488385,127.128143359737,address
동대문구,제기동,1212,0,한신아파트,서울특별시 동대문구 제기동 1212,37.5888514825052,127.0391170512,address
강서구,방화동,546,1,방화3차우림필유,서울특별시 강서구 방화동 546-1,37.5682727499685,126.808198355281,address
동대문구,답십리동,41,0,동서울한양,서울특별시 동대문구 답십리동 41,37.5714096375794,127.060391546906,address
은평구,응암동,761,0,백련산힐스테이트3차,서울특별시 은평구 응암동 761,37.5879222068298,126.924098691995,address
강남구,청담동,62,6,청담디에브스아파트,서울특별시 강남구 청담동 62-6,37.5228845147707,127.049194525559,address
동작구,사당동,1160,0,사당롯데캐슬골든포레,서울특별시 동작구 사당동 1160,37.4917967324373,126.962169440604,address
강북구,번동,656,0,번동금호어울림,서울특별시 강북구 번동 656,37.6306059364989,127.035415967486,address
동대문구,답십리동,80,2,청솔2차우성,서울특별시 동대문구 답십리동 80-2,37.5755574275884,127.062012465081,address
서대문구,북가좌동,431,0,DMC한양,서울특별시 서대문구 북가좌동 431,37.575893797905,126.90909696044,address
은평구,응암동,368,6,청안파인,서울특별시 은평구 응암동 368-6,37.5907868154326,126.918156696479,address
송파구,문정동,72,3,건영1,서울특별시 송파구 문정동 72-3,37.4816696674372,127.125713147116,address
중구,입정동,280,0,힐스테이트세운센트럴2단지,서울특별시 중구 입정동 280,37.5680483704991,126.994184286586,address
동대문구,답십리동,999,0,청계벽산메가트리움,서울특별시 동대문구 답십리동 999,37.5698611275083,127.049698222216,address
노원구,상계동,639,0,보람아파트,서울특별시 노원구 상계동 639,37.6661826658174,127.064948745871,address
성북구,하월곡동,90,2066,창방트윈(B동),서울특별시 성북구 하월곡동 90-2066,37.6040952664425,127.034177949437,address
강북구,미아동,474,0,미아동부센트레빌,서울특별시 강북구 미아동 474,37.613739986561,127.025698726597,address
서대문구,홍은동,459,0,진흥,서울특별시 서대문구 홍은동 459,37.5797835131076,126.932516884721,address
강서구,방화동,858,0,삼성꽃마을,서울특별시 강서구 방화동 858,37.5723385124426,126.813329982301,address
동대문구,전농동,620,47,청량리역롯데캐슬 SKY-L65,서울특별시 동대문구 전농동 620-47,37.5788571390771,127.045136566595,address
노원구,중계동,597,0,경남아너스빌,서울특별시 노원구 중계동 597,37.6620722057411,127.077079604212,address
은평구,수색동,419,0,DMCSK뷰아이파크포레,서울특별시 은평구 수색동 419,37.5864152915636,126.892638369338,address
금천구,독산동,955,0,신도브래뉴,서울특별시 금천구 독산동 955,37.4774000409794,126.900238433464,address
구로구,구로동,501,0,신구로자이,서울특별시 구로구 구로동 501,37.4998966345713,126.884112834869,address
중랑구,상봉동,63,0,건영2차아파트,서울특별시 중랑구 상봉동 63,37.6012129721752,127.093061552443,address
구로구,고척동,76,55,"우성,현대아파트",서울특별시 구로구 고척동 76-55,37.4988429574306,126.862794471861,address
동대문구,이문동,45,0,대우,서울특별시 동대문구 이문동 45,37.6025672690785,127.06978908124,address
강남구,도곡동,527,0,도곡렉슬,서울특별시 강남구 도곡동 527,37.4935418220116,127.050547158351,address
금천구,독산동,1088,0,독산주공14단지,서울특별시 금천구 독산동 1088,37.4600847128236,126.886483831561,address
동대문구,이문동,428,0,신이문금호어울림,서울특별시 동대문구 이문동 428,37.6037505972754,127.062957573829,address
성동구,성수동1가,685,696,갤러리아포레,서울특별시 성동구 성수동1가 685-696,37.5457843454815,127.042476851287,address
양천구,신정동,733,31,수정,서울특별시 양천구 신정동 733-31,37.5124181807796,126.842002609885,address
중랑구,중화동,307,76,강오(A동),서울특별시 중랑구 중화동 307-76,37.6040414076697,127.078492351061,address
동작구,사당동,1135,0,경남아너스빌2차,서울특별시 동작구 사당동 1135,37.487399031884,126.967729757633,address
양천구,신정동,1277,0,신트리4,서울특별시 양천구 신정동 1277,37.5112616967361,126.850765825047,address
송파구,장지동,833,0,송파파인타운1단지,서울특별시 송파구 장지동 833,37.4870071185927,127.134811218952,address
강남구,세곡동,525,0,강남데시앙파크,서울특별시 강남구 세곡동 525,37.4602885503743,127.101185384316,address
송파구,송파동,151,0,2차한양아파트,서울특별시 송파구 송파동 151,37.5050878510736,127.116178045093,address
노원구,공릉동,111,0,화랑타운아파트,서울특별시 노원구 공릉동 111,37.6236130522383,127.088532352814,address
서대문구,홍제동,474,0,홍제역해링턴플레이스,서울특별시 서대문구 홍제동 474,37.5898207618352,126.947612200935,address
구로구,구로동,1289,0,승윤노블리안,서울특별시 구로구 구로동 1289,37.4887883793716,126.877575175635,address
서대문구,대현동,144,0,신촌럭키,서울특별시 서대문구 대현동 144,37.5596039122151,126.947581754502,address
노원구,중계동,515,2,건영2,서울특별시 노원구 중계동 515-2,37.6470012906428,127.066099834282,address
중랑구,망우동,576,0,가야써니빌,서울특별시 중랑구 망우동 576,37.5958162762101,127.094687331937,address
동작구,상도동,56,45,수정빌라트(56-45),서울특별시 동작구 상도동 56-45,37.5007926761642,126.952503667783,address
관악구,신림동,1736,0,신림2차푸르지오,서울특별시 관악구 신림동 1736,37.4613442263637,126.919908571535,address
관악구,봉천동,1000,0,현대(관악),서울특별시 관악구 봉천동 1000,37.4922662673536,126.958473250898,address
영등포구,당산동3가,2,6,당산한양,서울특별시 영등포구 당산동3가 2-6,37.5253662414527,126.900556967623,address
강서구,염창동,282,0,삼정그린코아,서울특별시 강서구 염창동 282,37.5479652131545,126.874704745545,address
종로구,인의동,48,2,효성쥬얼리시티,서울특별시 종로구 인의동 48-2,37.5714829206881,126.998666645245,address
은평구,수색동,417,0,DMC롯데캐슬더퍼스트,서울특별시 은평구 수색동 417,37.5848396509236,126.891865430054,address
송파구,가락동,95,1,가락금호아파트,서울특별시 송파구 가락동 95-1,37.496363142953,127.116362425198,address
강서구,등촌동,726,0,가양역두산위브,서울특별시 강서구 등촌동 726,37.55652334419,126.854223754912,address
노원구,상계동,1313,0,수락리버시티4단지,서울특별시 노원구 상계동 1313,37.6861512919266,127.053555865086,address
강서구,방화동,839,0,방화그린,서울특별시 강서구 방화동 839,37.5747821264629,126.818960346599,address
중랑구,상봉동,81,5,한일써너스빌,서울특별시 중랑구 상봉동 81-5,37.5971033094494,127.091181352662,address
광진구,광장동,218,1,극동2,서울특별시 광진구 광장동 218-1,37.5431587122415,127.104188607133,address
노원구,상계동,1282,0,상계2차중앙하이츠,서울특별시 노원구 상계동 1282,37.6548991492543,127.0682742717,address
강동구,성내동,428,2,파크프라자,서울특별시 강동구 성내동 428-2,37.5269261388506,127.134714798864,address
마포구,상암동,1689,0,상암월드컵파크6단지,서울특별시 마포구 상암동 1689,37.5798183170436,126.884254666215,address
강서구,염창동,293,0,한강동아,서울특별시 강서구 염창동 293,37.5539729003829,126.874209750249,address
은평구,신사동,356,0,뉴신사신성,서울특별시 은평구 신사동 356,37.5934783373821,126.906383850549,address
노원구,상계동,666,0,상계주공10(고층),서울특별시 노원구 상계동 666,37.6630145873682,127.055709518101,address
송파구,풍납동,413,1,현대1,서울특별시 송파구 풍납동 413-1,37.5293864522228,127.118902312279,address
영등포구,문래동2가,35,0,남성,서울특별시 영등포구 문래동2가 35,37.5125889887418,126.8916007938,address
영등포구,신길동,4943,0,선원가와인,서울특별시 영등포구 신길동 4943,37.5111808590706,126.910599170661,address
동대문구,장안동,373,3,현대썬앤빌601,서울특별시 동대문구 장안동 373-3,37.5691800617318,127.06936015395,address
광진구,자양동,670,0,현대3,서울특별시 광진구 자양동 670,37.5285796157998,127.083446711719,address
도봉구,창동,299,0,상아1차아파트,서울특별시 도봉구 창동 299,37.6540244978375,127.042266004364,address
성동구,응봉동,15,0,대림강변타운,서울특별시 성동구 응봉동 15,37.5534299267708,127.03574110661,address
중랑구,묵동,383,0,세방,서울특별시 중랑구 묵동 383,37.6154121957482,127.083558941061,address
동작구,노량진동,331,0,형인한강,서울특별시 동작구 노량진동 331,37.5077338671126,126.948274032852,address
구로구,구로동,44,8,비즈트위트오렌지,서울특별시 구로구 구로동 44-8,37.5021157892034,126.891391108359,address
송파구,신천동,11,0,장미2,서울특별시 송파구 신천동 11,37.5200313952778,127.10261654141,address
중랑구,면목동,1073,0,용마한신2,서울특별시 중랑구 면목동 1073,37.5810714583691,127.094448797345,address
관악구,봉천동,1707,1,은천2단지아파트,서울특별시 관악구 봉천동 1707-1,37.4699751263377,126.964561833048,address
양천구,신정동,980,5,은행,서울특별시 양천구 신정동 980-5,37.5224987009826,126.858800892086,address
동작구,사당동,1157,0,이수역리가,서울특별시 동작구 사당동 1157,37.4894898027989,126.973853272882,address
강동구,천호동,46,5,우정아파트,서울특별시 강동구 천호동 46-5,37.5441734311924,127.1412021827,address
영등포구,양평동1가,271,0,영등포중흥에스클래스,서울특별시 영등포구 양평동1가 271,37.5234728842551,126.886288197415,address
강서구,등촌동,702,0,주공10,서울특별시 강서구 등촌동 702,37.5623617210231,126.848366667212,address
강서구,등촌동,695,0,주공5,서울특별시 강서구 등촌동 695,37.5604516606831,126.84486883674,address
서초구,서초동,1362,0,두산위브(1362),서울특별시 서초구 서초동 1362,37.4861512219599,127.032612190841,address
강서구,내발산동,686,1,보람,서울특별시 강서구 내발산동 686-1,37.5533067656633,126.831780032578,address
양천구,신정동,318,10,삼성쉐르빌,서울특별시 양천구 신정동 318-10,37.5226627705923,126.870431626145,address
서초구,잠원동,162,0,반포센트럴자이,서울특별시 서초구 잠원동 162,37.5068638149098,127.001841493789,address
구로구,항동,237,0,하버라인2단지,서울특별시 구로구 항동 237,37.4820384064352,126.822261684006,address
금천구,가산동,234,46,삼익,서울특별시 금천구 가산동 234-46,37.4728973966473,126.892996299156,address
강서구,염창동,244,2,삼성한마음,서울특별시 강서구 염창동 244-2,37.5544666796958,126.868290600923,address
서초구,우면동,70,0,코오롱,서울특별시 서초구 우면동 70,37.4725958105331,127.027656932074,address
성북구,안암동3가,135,0,삼익,서울특별시 성북구 안암동3가 135,37.5818825555184,127.024886334822,address
중랑구,면목동,126,1,킴스아파트,서울특별시 중랑구 면목동 126-1,37.5902091383725,127.086710027773,address
광진구,구의동,560,15,청목파크빌,서울특별시 광진구 구의동 560-15,37.5549370817087,127.09547419392,address
관악구,봉천동,863,9,코스모블루,서울특별시 관악구 봉천동 863-9,37.4799096458368,126.951790256382,address
구로구,개봉동,175,8,청실,서울특별시 구로구 개봉동 175-8,37.495471233959,126.859743110312,address
강서구,등촌동,691,1,동성,서울특별시 강서구 등촌동 691-1,37.5638696352592,126.845798929518,address
광진구,구의동,662,0,아차산한라아파트,서울특별시 광진구 구의동 662,37.5540171153721,127.09707993751,address
강남구,논현동,245,0,동양파라곤,서울특별시 강남구 논현동 245,37.5147469578798,127.038136684255,address
송파구,잠실동,320,0,우성4차,서울특별시 송파구 잠실동 320,37.5028185760695,127.082933312453,address
도봉구,방학동,740,0,동양크레오아파트,서울특별시 도봉구 방학동 740,37.6643336090575,127.030293219915,address
노원구,공릉동,108,0,우방아파트,서울특별시 노원구 공릉동 108,37.6266499248028,127.087314103707,address
강동구,둔촌동,633,0,올림픽파크포레온,서울특별시 강동구 둔촌동 633,37.5249677176279,127.140290598327,address
도봉구,쌍문동,285,5,동익미라벨,서울특별시 도봉구 쌍문동 285-5,37.6512628099218,127.024824026691,address
강서구,마곡동,748,0,마곡13단지힐스테이트마스터,서울특별시 강서구 마곡동 748,37.5577905837789,126.818287997332,address
영등포구,대림동,1061,0,문영칸타빌레,서울특별시 영등포구 대림동 1061,37.4897649569956,126.897108947343,address
금천구,독산동,1136,0,진도3차아파트,서울특별시 금천구 독산동 1136,37.4683432379199,126.893292290962,address
강남구,청담동,122,35,청담신원아침도시마인,서울특별시 강남구 청담동 122-35,37.5264326441473,127.049667021648,address
강남구,역삼동,706,10,우림루미아트2,서울특별시 강남구 역삼동 706-10,37.5021444429171,127.04355364093,address
강서구,화곡동,926,3,메종드로제,서울특별시 강서구 화곡동 926-3,37.5288171641919,126.842628497594,address
마포구,도화동,357,0,도화동현대,서울특별시 마포구 도화동 357,37.5394262391027,126.953860158167,address
도봉구,창동,819,0,태영데시앙,서울특별시 도봉구 창동 819,37.6428035408469,127.033329906769,address
구로구,고척동,326,0,청구,서울특별시 구로구 고척동 326,37.5015402432524,126.863837897922,address
노원구,월계동,781,0,청백4,서울특별시 노원구 월계동 781,37.6316907439266,127.051711047208,address
서초구,서초동,1755,0,래미안 리더스원,서울특별시 서초구 서초동 1755,37.4909064602367,127.028095292642,address
강서구,마곡동,744,0,마곡엠밸리9단지,서울특별시 강서구 마곡동 744,37.5622669688172,126.81920602303,address
강서구,화곡동,1139,0,초록,서울특별시 강서구 화곡동 1139,37.545684414842,126.833623087174,address
서초구,서초동,1625,7,티에스프리우스,서울특별시 서초구 서초동 1625-7,37.4879076313243,127.016070384299,address
송파구,가락동,166,10,진넥스베르디엠,서울특별시 송파구 가락동 166-10,37.4973473497595,127.133375072455,address
구로구,고척동,352,0,더헤리츠,서울특별시 구로구 고척동 352,37.4991953022095,126.856616717011,address
노원구,상계동,1277,0,수락한신,서울특별시 노원구 상계동 1277,37.6738366111389,127.060133723949,address
강동구,둔촌동,546,0,신성둔촌미소지움1,서울특별시 강동구 둔촌동 546,37.5278537369158,127.142828226919,address
강동구,고덕동,210,1,고덕센트럴푸르지오,서울특별시 강동구 고덕동 210-1,37.5576094801473,127.170103050262,address
동대문구,장안동,576,0,흥해오크팰리스(576-0),서울특별시 동대문구 장안동 576,37.5645919981446,127.068611694295,address
동작구,흑석동,343,0,흑석리버파크자이,서울특별시 동작구 흑석동 343,37.5024629483784,126.963346676611,address
동대문구,휘경동,375,0,휘경해모로프레스티지,서울특별시 동대문구 휘경동 375,37.5913908413923,127.062374115172,address
강동구,천호동,568,0,강변그대가리버뷰,서울특별시 강동구 천호동 568,37.5483347041107,127.12333487935,address
강동구,강일동,114,0,강동리버스트4단지,서울특별시 강동구 강일동 114,37.5729114322678,127.17240682181,address
강남구,대치동,890,42,대치동우정에쉐르2(890-42),서울특별시 강남구 대치동 890-42,37.504315177562,127.052555769681,address
용산구,서빙고동,241,21,신동아,서울특별시 용산구 서빙고동 241-21,37.5180979697285,126.987501145071,address
영등포구,신길동,4969,0,힐스테이트클래시안,서울특별시 영등포구 신길동 4969,37.5040707550625,126.91215265022,address
마포구,아현동,804,0,더클래시,서울특별시 마포구 아현동 804,37.555162019119,126.950560295066,address
강서구,등촌동,727,0,"등촌지와인아파트,비지니스센터",서울특별시 강서구 등촌동 727,37.5539150573177,126.866497246105,address
도봉구,방학동,507,0,우성아파트1,서울특별시 도봉구 방학동 507,37.6580383072687,127.023857206994,address
영등포구,양평동2가,23,0,양평벽산블루밍,서울특별시 영등포구 양평동2가 23,37.5222797950425,126.882985680027,address
은평구,구산동,14,21,에덴드림,서울특별시 은평구 구산동 14-21,37.6110941988596,126.910886414608,address
도봉구,창동,807,0,쌍용,서울특별시 도봉구 창동 807,37.6597477570553,127.048043148301,address
노원구,상계동,135,0,한신1차,서울특별시 노원구 상계동 135,37.6660836140376,127.068667494845,address
강남구,일원동,734,0,상록수,서울특별시 강남구 일원동 734,37.4815500818027,127.08209044113,address
강동구,천호동,565,0,현대코아아파트,서울특별시 강동구 천호동 565,37.5359998715165,127.133741337049,address
관악구,신림동,1693,0,국제산장,서울특별시 관악구 신림동 1693,37.4608369090379,126.927805429571,address
양천구,목동,930,0,현대,서울특별시 양천구 목동 930,37.5234672580771,126.871736601929,address
중랑구,신내동,795,0,새한,서울특별시 중랑구 신내동 795,37.6051905864565,127.101463214375,address
송파구,풍납동,508,0,한강극동,서울특별시 송파구 풍납동 508,37.5294311471654,127.112741446081,address
노원구,공릉동,590,1,현대(고려)아파트,서울특별시 노원구 공릉동 590-1,37.6210304767085,127.077223544919,address
은평구,응암동,738,0,해태드림타운,서울특별시 은평구 응암동 738,37.5990703503183,126.916996205854,address
영등포구,신길동,897,1,삼환,서울특별시 영등포구 신길동 897-1,37.5081540942389,126.919331418736,address
서초구,서초동,1593,7,서초이오빌,서울특별시 서초구 서초동 1593-7,37.4865392949204,127.012934226484,address
서초구,서초동,1682,0,서초래미안,서울특별시 서초구 서초동 1682,37.4985563082368,127.018886847051,address
영등포구,여의도동,41,0,대교,서울특별시 영등포구 여의도동 41,37.5221520969759,126.933684558017,address
구로구,항동,233,0,현대홈타운스위트,서울특별시 구로구 항동 233,37.4842666467638,126.820091196301,address
강서구,등촌동,637,22,대림아르빌아파트,서울특별시 강서구 등촌동 637-22,37.5559300330624,126.859345241838,address
동작구,상도동,900,0,상도파크자이,서울특별시 동작구 상도동 900,37.5057835505554,126.938323177813,address
노원구,중계동,49,0,현대그린,서울특별시 노원구 중계동 49,37.6469665895494,127.084474372634,address
양천구,신월동,341,1,길훈,서울특별시 양천구 신월동 341-1,37.5236449874919,126.830908959617,address
강동구,명일동,270,0,삼익가든,서울특별시 강동구 명일동 270,37.5472156002521,127.147148298089,address
강남구,도곡동,467,19,현대비젼21,서울특별시 강남구 도곡동 467-19,37.4873620167241,127.05132532941,address
서초구,방배동,1015,0,임광,서울특별시 서초구 방배동 1015,37.4770651465799,127.002519092669,address
노원구,월계동,939,0,월계흥화브라운빌,서울특별시 노원구 월계동 939,37.6316105424881,127.04396713928,address
송파구,송파동,161,0,미성맨션,서울특별시 송파구 송파동 161,37.5059447033373,127.119255426618,address
서초구,반포동,1342,0,반포써밋,서울특별시 서초구 반포동 1342,37.5017842958819,127.018033586979,address
노원구,중계동,362,1,주공8,서울특별시 노원구 중계동 362-1,37.6463145257443,127.075327845357,address
노원구,중계동,369,0,주공2,서울특별시 노원구 중계동 369,37.6568915639532,127.078983583783,address
강서구,방화동,878,0,월드메르디앙101동,서울특별시 강서구 방화동 878,37.5750892365061,126.809210001343,address
노원구,중계동,364,12,주공6,서울특별시 노원구 중계동 364-12,37.6486528898603,127.078307435154,address
은평구,진관동,154,0,은평뉴타운 제각말 푸르지오(5-1단지),서울특별시 은평구 진관동 154,37.6364004361044,126.935760587979,address
관악구,봉천동,1021,0,일두(1021),서울특별시 관악구 봉천동 1021,37.4889071966167,126.954726970361,address
은평구,진관동,155,0,은평뉴타운 제각말 푸르지오(5-2단지),서울특별시 은평구 진관동 155,37.6381686141123,126.936416651273,address
은평구,불광동,641,0,북한산현대힐스테이트3차아파트,서울특별시 은평구 불광동 641,37.6184800665697,126.934904405769,address
성동구,금호동4가,340,0,서울숲푸르지오,서울특별시 성동구 금호동4가 340,37.5449828510511,127.022319532051,address
노원구,공릉동,754,0,삼익2차아파트,서울특별시 노원구 공릉동 754,37.6259574192854,127.080613565961,address
은평구,진관동,92,0,은평뉴타운 제각말 푸르지오(5-4단지),서울특별시 은평구 진관동 92,37.6362276825971,126.933104177994,address
노원구,상계동,766,1,미도,서울특별시 노원구 상계동 766-1,37.6462253424076,127.060952224108,address
금천구,독산동,989,0,독산오르페움타워,서울특별시 금천구 독산동 989,37.472820282158,126.901182937249,address
영등포구,문래동6가,47,1,대원,서울특별시 영등포구 문래동6가 47-1,37.5186174632374,126.882776814949,address
노원구,상계동,1305,0,동양엔파트,서울특별시 노원구 상계동 1305,37.6576198173239,127.063983775645,address
동대문구,전농동,645,2,동아,서울특별시 동대문구 전농동 645-2,37.5748821844995,127.045703803592,address
영등포구,양평동3가,66,0,삼호,서울특별시 영등포구 양평동3가 66,37.5283213879865,126.892777800058,address
노원구,월계동,943,0,세양청마루,서울특별시 노원구 월계동 943,37.6207224637927,127.060663621701,address
노원구,중계동,583,0,금호타운(583),서울특별시 노원구 중계동 583,37.6470266788091,127.081276998765,address
동대문구,휘경동,78,0,롯데,서울특별시 동대문구 휘경동 78,37.590993239562,127.063377768441,address
양천구,신월동,1017,0,대방샤인힐,서울특별시 양천구 신월동 1017,37.520464450295,126.838505157117,address
은평구,증산동,244,0,DMC우방,서울특별시 은평구 증산동 244,37.5819352063225,126.903173422548,address
강남구,자곡동,618,0,강남브리즈힐,서울특별시 강남구 자곡동 618,37.4726114960743,127.09099181045,address
강동구,상일동,515,0,고덕숲아이파크,서울특별시 강동구 상일동 515,37.5514162278537,127.161622713771,address
동작구,흑석동,340,0,롯데캐슬에듀포레,서울특별시 동작구 흑석동 340,37.5043325032888,126.95965566148,address
성동구,옥수동,561,0,래미안 옥수 리버젠,서울특별시 성동구 옥수동 561,37.5451371536209,127.013714834954,address
서초구,내곡동,384,0,서초포레스타2단지,서울특별시 서초구 내곡동 384,37.4553807440196,127.060992084986,address
양천구,신정동,311,0,목동신시가지10,서울특별시 양천구 신정동 311,37.5174039317093,126.858682558236,address
마포구,중동,391,0,중동계룡아파트,서울특별시 마포구 중동 391,37.5704847242836,126.905937440776,address
도봉구,도봉동,51,12,중흥에스-클래스,서울특별시 도봉구 도봉동 51-12,37.6847891360472,127.047149731171,address
마포구,망원동,522,0,마포한강제이스카이,서울특별시 마포구 망원동 522,37.5589071188193,126.899500027153,address
강동구,암사동,413,0,프라이어팰리스,서울특별시 강동구 암사동 413,37.5535270917359,127.139500544208,address
노원구,공릉동,81,0,태강아파트(아이파크),서울특별시 노원구 공릉동 81,37.6236489350667,127.083557738377,address
서대문구,홍은동,8,26,초원,서울특별시 서대문구 홍은동 8-26,37.6038482248306,126.949731855161,address
중랑구,면목동,1513,0,면목삼호101,서울특별시 중랑구 면목동 1513,37.5764203108934,127.088449167558,address
성북구,길음동,1289,0,롯데캐슬클라시아,서울특별시 성북구 길음동 1289,37.6078469014623,127.025631352105,address
마포구,망원동,483,3,리츠,서울특별시 마포구 망원동 483-3,37.5581468770536,126.906772017092,address
은평구,갈현동,267,1,라이프시티,서울특별시 은평구 갈현동 267-1,37.6229984255016,126.910428392329,address
마포구,망원동,456,65,태경크레앙스(101동),서울특별시 마포구 망원동 456-65,37.5543149495155,126.900817400439,address
송파구,송파동,243,0,래미안송파파인탑,서울특별시 송파구 송파동 243,37.5026771694066,127.120006146918,address
양천구,신월동,1063,0,롯데캐슬,서울특별시 양천구 신월동 1063,37.5185331395679,126.847302166894,address
양천구,신정동,329,0,목동신시가지14,서울특별시 양천구 신정동 329,37.5161909461632,126.870337507112,address
성북구,길음동,1287,1,롯데캐슬골든힐스,서울특별시 성북구 길음동 1287-1,37.6089183504682,127.015960479682,address
강동구,길동,401,1,하나플러스,서울특별시 강동구 길동 401-1,37.536167703341,127.144175788422,address
강서구,화곡동,351,89,중앙화곡하이츠,서울특별시 강서구 화곡동 351-89,37.5357166260267,126.843685242147,address
구로구,천왕동,279,2,천왕이펜하우스2단지,서울특별시 구로구 천왕동 279-2,37.4847091509638,126.838501308614,address
동작구,대방동,512,0,경남아너스빌,서울특별시 동작구 대방동 512,37.5114582912698,126.925701096167,address
노원구,상계동,680,0,포레나노원,서울특별시 노원구 상계동 680,37.6640540533317,127.062361877372,address
강동구,상일동,28,0,강동리엔파크14단지,서울특별시 강동구 상일동 28,37.5515902080636,127.180764675329,address
노원구,하계동,274,0,청솔(시영7),서울특별시 노원구 하계동 274,37.6324803379916,127.071299559248,address
강서구,가양동,448,1,가양강나루현대,서울특별시 강서구 가양동 448-1,37.5607561619781,126.856971359725,address
강동구,명일동,44,0,신동아,서울특별시 강동구 명일동 44,37.5537388436088,127.152109058036,address
성동구,행당동,344,0,신동아,서울특별시 성동구 행당동 344,37.5543710515072,127.032836890544,address
중구,신당동,850,0,신당푸르지오,서울특별시 중구 신당동 850,37.5592004695562,127.019504822129,address
노원구,공릉동,715,0,시영3차(라이프)아파트,서울특별시 노원구 공릉동 715,37.6272668429353,127.068613417088,address
노원구,공릉동,707,0,시영2단지(라이프)아파트,서울특별시 노원구 공릉동 707,37.6305877904328,127.066724120963,address
구로구,천왕동,281,0,천왕연지타운2단지,서울특별시 구로구 천왕동 281,37.4833077901474,126.844803139606,address
송파구,장지동,879,0,송파더센트레,서울특별시 송파구 장지동 879,37.4793589648994,127.1401853902,address
강남구,개포동,1284,0,개포자이프레지던스,서울특별시 강남구 개포동 1284,37.4855631276841,127.071783045827,address
강동구,상일동,514,0,고덕롯데캐슬베네루체,서울특별시 강동구 상일동 514,37.5485938849143,127.167800631257,address
종로구,창신동,703,0,창신쌍용2,서울특별시 종로구 창신동 703,37.5803232585025,127.011785265273,address
강서구,염창동,248,3,삼성하나로,서울특별시 강서구 염창동 248-3,37.5516297228771,126.871906542332,address
관악구,봉천동,1718,0,벽산블루밍,서울특별시 관악구 봉천동 1718,37.4892878706206,126.944767004216,address
서대문구,홍제동,460,0,인왕산현대,서울특별시 서대문구 홍제동 460,37.5853156078907,126.950942398624,address
관악구,봉천동,1723,0,반석푸른숲,서울특별시 관악구 봉천동 1723,37.4686370417152,126.965807061019,address
종로구,숭인동,2,1,종로센트레빌,서울특별시 종로구 숭인동 2-1,37.5809772541379,127.015927681909,address
강서구,염창동,290,0,벽산늘푸른,서울특별시 강서구 염창동 290,37.5580224101735,126.866239117827,address
강서구,방화동,831,0,방화4단지,서울특별시 강서구 방화동 831,37.5770009123079,126.814663568613,address
노원구,하계동,251,0,하계1청구,서울특별시 노원구 하계동 251,37.6393888471761,127.071555308755,address
영등포구,신길동,4937,0,포레나 신길,서울특별시 영등포구 신길동 4937,37.502963391709,126.909607748113,address
양천구,목동,404,13,목동센트럴푸르지오,서울특별시 양천구 목동 404-13,37.5237134838621,126.876711432618,address
동대문구,장안동,329,3,래미안장안2차,서울특별시 동대문구 장안동 329-3,37.5739643441634,127.075387468834,address
성북구,정릉동,435,0,중앙하이츠빌2단지,서울특별시 성북구 정릉동 435,37.6037394590557,127.010309279898,address
양천구,신정동,337,0,목동우성2,서울특별시 양천구 신정동 337,37.5077431079687,126.866510976521,address
관악구,봉천동,1721,0,브라운스톤관악,서울특별시 관악구 봉천동 1721,37.4878124150224,126.957233855036,address
성북구,종암동,135,0,종암2차SKVIEW,서울특별시 성북구 종암동 135,37.6017705330128,127.03478840074,address
성북구,동소문동7가,120,0,브라운스톤동선,서울특별시 성북구 동소문동7가 120,37.5963328688368,127.013792053736,address
강북구,미아동,1354,0,벽산라이브파크,서울특별시 강북구 미아동 1354,37.6211496720682,127.010827075164,address
강서구,방화동,871,0,방신서광,서울특별시 강서구 방화동 871,37.5720215579008,126.81068023575,address
중랑구,묵동,387,0,브라운스톤태릉,서울특별시 중랑구 묵동 387,37.6187414214185,127.08242725632,address
노원구,상계동,730,2,상계주공3(고층),서울특별시 노원구 상계동 730-2,37.6523851714328,127.060626929817,address
강서구,염창동,282,19,현대아이파크,서울특별시 강서구 염창동 282-19,37.5475437845075,126.87578331269,address
관악구,봉천동,1737,0,관악중앙하이츠포레,서울특별시 관악구 봉천동 1737,37.4795657585191,126.939863564693,address
노원구,상계동,670,0,상계주공9(고층),서울특별시 노원구 상계동 670,37.6629791595786,127.059974680305,address
강동구,둔촌동,70,5,현대2,서울특별시 강동구 둔촌동 70-5,37.5293650086604,127.140556326181,address
서초구,서초동,1330,0,서초동삼성쉐르빌2,서울특별시 서초구 서초동 1330,37.4939600245321,127.02788124423,address
영등포구,대림동,887,1,한신휴1차,서울특별시 영등포구 대림동 887-1,37.4944781124108,126.903500958255,address
도봉구,쌍문동,719,0,현대3,서울특별시 도봉구 쌍문동 719,37.6523831576565,127.02125900287,address
강동구,둔촌동,89,0,현대4,서울특별시 강동구 둔촌동 89,37.5295737819916,127.143839418859,address
구로구,고척동,141,1,서울가든,서울특별시 구로구 고척동 141-1,37.5026965980834,126.860597588858,address
도봉구,방학동,519,1,선덕빌라트아파트,서울특별시 도봉구 방학동 519-1,37.6576710637953,127.021033060538,address
구로구,고척동,336,0,삼환로즈빌,서울특별시 구로구 고척동 336,37.4978848081215,126.857974675569,address
은평구,진관동,11,0,상림마을7단지아이파크(719~729동)BL1-13,서울특별시 은평구 진관동 11,37.6420380991311,126.929337256328,address
중랑구,면목동,715,0,늘푸른동아,서울특별시 중랑구 면목동 715,37.5728763501551,127.080633631046,address
용산구,신계동,48,0,용산e편한세상,서울특별시 용산구 신계동 48,37.5366288530455,126.966226243946,address
성북구,정릉동,1017,0,쌍용2,서울특별시 성북구 정릉동 1017,37.5995194259025,127.018274910803,address
구로구,신도림동,692,0,디큐브시티,서울특별시 구로구 신도림동 692,37.5085848476582,126.888897552736,address
성북구,상월곡동,55,56,우남푸르미아,서울특별시 성북구 상월곡동 55-56,37.6058820062924,127.046592295148,address
강서구,방화동,817,0,동성,서울특별시 강서구 방화동 817,37.579602932122,126.812182127338,address
강동구,성내동,407,2,동방,서울특별시 강동구 성내동 407-2,37.5313737269484,127.133066360532,address
노원구,상계동,1110,0,두산,서울특별시 노원구 상계동 1110,37.677384417801,127.053148160922,address
강서구,등촌동,634,13,심미에셈빌,서울특별시 강서구 등촌동 634-13,37.5538688660513,126.863840755019,address
강서구,염창동,242,8,염창동예성그린캐슬,서울특별시 강서구 염창동 242-8,37.5553374966805,126.867408015619,address
은평구,역촌동,46,29,엔에스,서울특별시 은평구 역촌동 46-29,37.607380719517,126.913111602877,address
동대문구,휘경동,363,0,현대,서울특별시 동대문구 휘경동 363,37.5863213939361,127.055547243491,address
노원구,월계동,18,0,한진한화그랑빌,서울특별시 노원구 월계동 18,37.6179959729426,127.068427292503,address
노원구,상계동,720,0,상계주공6(고층),서울특별시 노원구 상계동 720,37.6537976139077,127.064748595375,address
구로구,구로동,1278,0,구로두산위브,서울특별시 구로구 구로동 1278,37.4860999022608,126.890367848173,address
서초구,신원동,557,0,힐스테이트서초젠트리스,서울특별시 서초구 신원동 557,37.4561548767835,127.05743009824,address
동작구,상도동,531,0,힐스테이트 상도 센트럴파크,서울특별시 동작구 상도동 531,37.495409757977,126.950873258289,address
노원구,중계동,579,0,화인상가,서울특별시 노원구 중계동 579,37.6494326189139,127.081342964165,address
노원구,공릉동,746,0,화랑해링턴플레이스아파트,서울특별시 노원구 공릉동 746,37.6238708270864,127.081134878842,address
동대문구,장안동,564,0,신일해피트리아파트101동,서울특별시 동대문구 장안동 564,37.5654164750873,127.062828861793,address
성동구,행당동,376,0,서울숲행당푸르지오,서울특별시 성동구 행당동 376,37.5551988096516,127.032469328395,address
성북구,길음동,635,168,길음뉴타운신안파크아파트,서울특별시 성북구 길음동 635-168,37.6141280572304,127.015902356929,address
노원구,상계동,172,0,상계대림,서울특별시 노원구 상계동 172,37.6630431287568,127.074515576814,address
성북구,돈암동,637,0,성일우리미,서울특별시 성북구 돈암동 637,37.6023654839334,127.028280749108,address
금천구,독산동,1093,4,한신아파트,서울특별시 금천구 독산동 1093-4,37.4565209738324,126.88803052732,address
강서구,방화동,874,0,대림e-편한세상,서울특별시 강서구 방화동 874,37.5701011122966,126.808182800069,address
영등포구,문래동6가,55,1,현대6차,서울특별시 영등포구 문래동6가 55-1,37.5184314503883,126.883824685897,address
성북구,길음동,1285,0,길음뉴타운7단지(두산위브),서울특별시 성북구 길음동 1285,37.6096747261883,127.019032016559,address
노원구,중계동,590,0,신안,서울특별시 노원구 중계동 590,37.6514403520627,127.071938783036,address
강서구,등촌동,713,0,대동황토방2,서울특별시 강서구 등촌동 713,37.5551770674789,126.862401758505,address
서초구,신원동,568,0,서초포레스타3단지,서울특별시 서초구 신원동 568,37.4547927807654,127.058783958518,address
금천구,독산동,1069,0,호정타워,서울특별시 금천구 독산동 1069,37.4611676510962,126.900279217997,address
동대문구,청량리동,60,0,한신,서울특별시 동대문구 청량리동 60,37.5879992451232,127.04920145701,address
용산구,용산동2가,47,17,한신,서울특별시 용산구 용산동2가 47-17,37.539841152026,126.986939461885,address
광진구,자양동,673,0,현대강변,서울특별시 광진구 자양동 673,37.5284372034525,127.085909787145,address
성북구,종암동,128,0,극동,서울특별시 성북구 종암동 128,37.5952781323054,127.033682708793,address
강남구,도곡동,464,0,한신(개포),서울특별시 강남구 도곡동 464,37.4868899273565,127.048897057659,address
성동구,응봉동,97,0,대림(2차),서울특별시 성동구 응봉동 97,37.5528940433582,127.032519707429,address
성북구,길음동,1286,0,길음뉴타운9단지(래미안),서울특별시 성북구 길음동 1286,37.6037838061852,127.019452698782,address
성북구,하월곡동,224,0,샹그레빌아파트,서울특별시 성북구 하월곡동 224,37.5964358866582,127.041393315971,address
은평구,대조동,9,45,대경홈타운,서울특별시 은평구 대조동 9-45,37.6102381634052,126.927452529297,address
강동구,길동,384,1,한빛골드빌1차,서울특별시 강동구 길동 384-1,37.5385318230461,127.136374393471,address
강동구,암사동,518,0,한솔솔파크,서울특별시 강동구 암사동 518,37.5496335182594,127.123569119809,address
노원구,월계동,929,0,현대,서울특별시 노원구 월계동 929,37.6185519738013,127.062581879712,address
노원구,월계동,922,0,서광,서울특별시 노원구 월계동 922,37.6232658513135,127.064750763568,address
서초구,신원동,579,0,서초포레스타5단지,서울특별시 서초구 신원동 579,37.451587382318,127.057221593792,address
구로구,신도림동,649,0,대림e-편한세상7,서울특별시 구로구 신도림동 649,37.5084845025198,126.882772416879,address
노원구,상계동,637,0,상계주공13(고층),서울특별시 노원구 상계동 637,37.6676719950496,127.062259494942,address
강동구,성내동,405,9,한솔애리즈,서울특별시 강동구 성내동 405-9,37.5310884969836,127.133760398554,address
강서구,화곡동,1026,13,우공팰리스102동,서울특별시 강서구 화곡동 1026-13,37.5446086705692,126.838327597711,address
노원구,상계동,1299,0,양우,서울특별시 노원구 상계동 1299,37.6566248477263,127.07094231653,address
성북구,하월곡동,219,0,동신,서울특별시 성북구 하월곡동 219,37.6044079465985,127.035278405071,address
영등포구,양평동5가,76,0,양평한신,서울특별시 영등포구 양평동5가 76,37.5401145097335,126.892103512609,address
동대문구,용두동,791,0,용두두산위브,서울특별시 동대문구 용두동 791,37.5734290181702,127.036216935229,address
금천구,시흥동,384,12,남서울건영2,서울특별시 금천구 시흥동 384-12,37.4492852104287,126.910792562458,address
강동구,암사동,497,6,한건브리앙,서울특별시 강동구 암사동 497-6,37.5511856816225,127.130098353637,address
영등포구,대림동,785,1,현대1,서울특별시 영등포구 대림동 785-1,37.5021418472898,126.894898417631,address
강서구,방화동,579,0,마곡 한진해모로,서울특별시 강서구 방화동 579,37.5715416391155,126.81336525129,address
은평구,역촌동,63,16,뉴캐슬,서울특별시 은평구 역촌동 63-16,37.6031794445148,126.915022979101,address
도봉구,창동,824,0,창동한승미메이드,서울특별시 도봉구 창동 824,37.6329124775143,127.042712078629,address
동작구,신대방동,713,0,롯데낙천대,서울특별시 동작구 신대방동 713,37.4943314525612,126.913661930354,address
강남구,청담동,14,0,"청담2차이-편한세상(201동,202동,203동)",서울특별시 강남구 청담동 14,37.5214034379514,127.045390847073,address
강서구,등촌동,654,79,풍성애뜨란아파트,서울특별시 강서구 등촌동 654-79,37.5554283750733,126.857481089717,address
도봉구,도봉동,655,0,래미안도봉,서울특별시 도봉구 도봉동 655,37.6794935934997,127.046578551654,address
동대문구,이문동,257,42,래미안라그란데,서울특별시 동대문구 이문동 257-42,37.6000836382077,127.060230246956,address
양천구,신정동,1325,0,목동파크자이(101동~108동),서울특별시 양천구 신정동 1325,37.5094018354724,126.868743291644,address
양천구,목동,902,0,목동신시가지2,서울특별시 양천구 목동 902,37.537476456673,126.875940767923,address
마포구,중동,392,0,마포중동현대,서울특별시 마포구 중동 392,37.5711389667522,126.906884530156,address
영등포구,당산동5가,40,0,성원,서울특별시 영등포구 당산동5가 40,37.5344147856697,126.89956254627,address
노원구,상계동,1410,0,노원롯데캐슬시그니처,서울특별시 노원구 상계동 1410,37.6655035187839,127.076637838652,address
중랑구,묵동,379,0,극동늘푸른,서울특별시 중랑구 묵동 379,37.6146144421553,127.076129132154,address
노원구,상계동,1283,0,성원상떼빌,서울특별시 노원구 상계동 1283,37.6603694861932,127.065851927214,address
송파구,가락동,913,0,헬리오시티,서울특별시 송파구 가락동 913,37.4974199508211,127.107103026758,address
마포구,토정동,138,0,한강삼성,서울특별시 마포구 토정동 138,37.539551560872,126.941263620089,address
성동구,하왕십리동,1066,0,텐즈힐(1단지),서울특별시 성동구 하왕십리동 1066,37.5684498209013,127.028040516397,address
마포구,창전동,42,10,중앙하이츠104동,서울특별시 마포구 창전동 42-10,37.5494723917883,126.927808861178,address
구로구,항동,244,0,우남퍼스트빌더센트럴,서울특별시 구로구 항동 244,37.4771497555445,126.82067737771,address
송파구,장지동,901,0,위례24단지(꿈에그린),서울특별시 송파구 장지동 901,37.4758879665566,127.139306701251,address
강서구,방화동,804,0,방화동진로아파트,서울특별시 강서구 방화동 804,37.577043495555,126.80843408324,address
노원구,공릉동,714,0,삼익4단지아파트,서울특별시 노원구 공릉동 714,37.6298798919633,127.071927285529,address
노원구,하계동,273,0,장미(시영6),서울특별시 노원구 하계동 273,37.6337021175518,127.067865375948,address
서초구,반포동,1109,0,반포 래미안 트리니원,서울특별시 서초구 반포동 1109,37.4993701613654,126.986914622936,address
노원구,상계동,1280,0,희락,서울특별시 노원구 상계동 1280,37.6711786341723,127.057230301512,address
서초구,서초동,1337,3,urbanplace,서울특별시 서초구 서초동 1337-3,37.4916489530151,127.028955295374,address
관악구,봉천동,1703,0,봉천동아,서울특별시 관악구 봉천동 1703,37.4895920965132,126.955554597324,address
송파구,장지동,837,0,송파파인타운4단지,서울특별시 송파구 장지동 837,37.4818027649899,127.129615143735,address
동대문구,장안동,336,0,장안현대홈타운(336),서울특별시 동대문구 장안동 336,37.569725659288,127.074606226438,address
강남구,수서동,708,0,삼익,서울특별시 강남구 수서동 708,37.4891612481309,127.100945930371,address
도봉구,쌍문동,729,0,브라운스톤쌍문,서울특별시 도봉구 쌍문동 729,37.6473174834296,127.029200092887,address
도봉구,방학동,743,0,북한산청호아파트,서울특별시 도봉구 방학동 743,37.6643041976202,127.039555563856,address
금천구,시흥동,999,1,산호시티빌,서울특별시 금천구 시흥동 999-1,37.4561864907243,126.899528461154,address
강서구,염창동,264,27,삼성한아름,서울특별시 강서구 염창동 264-27,37.5500695849946,126.871602195238,address
은평구,응암동,176,0,응암푸르지오,서울특별시 은평구 응암동 176,37.5974154551923,126.926148375621,address
서대문구,홍제동,469,0,인왕산한신휴플러스,서울특별시 서대문구 홍제동 469,37.585252170243,126.947368473304,address
은평구,응암동,739,0,응암동금호,서울특별시 은평구 응암동 739,37.5992181430505,126.922198721687,address
중랑구,신내동,817,0,신내 데시앙포레,서울특별시 중랑구 신내동 817,37.6151579384782,127.110126255007,address
관악구,봉천동,1708,0,두산,서울특별시 관악구 봉천동 1708,37.4845267749186,126.942894626699,address
성북구,돈암동,639,0,돈암힐스테이트,서울특별시 성북구 돈암동 639,37.5986117692027,127.015075015956,address
강동구,성내동,164,1,씨제이나인,서울특별시 강동구 성내동 164-1,37.5358219957571,127.131268378817,address
강서구,등촌동,630,3,우성,서울특별시 강서구 등촌동 630-3,37.55751251764,126.859701941934,address
동작구,노량진동,323,0,우성,서울특별시 동작구 노량진동 323,37.5096291040511,126.947804247748,address
강남구,역삼동,713,11,역삼I'PARK,서울특별시 강남구 역삼동 713-11,37.4993054329332,127.04577859271,address
노원구,중계동,445,0,염광,서울특별시 노원구 중계동 445,37.6561812439276,127.072945385819,address
동작구,흑석동,329,0,우리유앤미,서울특별시 동작구 흑석동 329,37.5007119974567,126.959671180415,address
성북구,종암동,130,0,아이파크종암동1차,서울특별시 성북구 종암동 130,37.602534840189,127.029865332341,address
송파구,풍납동,512,0,송파해모로아파트,서울특별시 송파구 풍납동 512,37.5299446017313,127.117119628887,address
영등포구,신길동,4955,0,신길센트럴아이파크,서울특별시 영등포구 신길동 4955,37.5041566198912,126.904600687125,address
강동구,강일동,695,0,강일리버파크10단지,서울특별시 강동구 강일동 695,37.5600708225056,127.180715216341,address
중랑구,상봉동,85,1,솔렌시아3(85-1),서울특별시 중랑구 상봉동 85-1,37.5943197101439,127.091977488485,address
강서구,가양동,14,3,가양우성,서울특별시 강서구 가양동 14-3,37.5622291386486,126.854195547538,address
노원구,공릉동,382,14,신명아파트,서울특별시 노원구 공릉동 382-14,37.625095308099,127.070860912382,address
송파구,잠실동,40,0,갤러리아팰리스,서울특별시 송파구 잠실동 40,37.5111038313694,127.093918656887,address
양천구,신정동,1014,5,SM엘루이아파트,서울특별시 양천구 신정동 1014-5,37.5215151290689,126.862588147092,address
도봉구,창동,661,89,황지,서울특별시 도봉구 창동 661-89,37.6501793937443,127.036540979123,address
영등포구,신길동,4935,0,신기목련아파트,서울특별시 영등포구 신길동 4935,37.5084064349722,126.914921289635,address
강서구,염창동,300,0,강변한솔솔파크,서울특별시 강서구 염창동 300,37.5566842439508,126.866552401948,address
강동구,길동,456,3,강동큐브,서울특별시 강동구 길동 456-3,37.5354371290998,127.13710056693,address
강동구,둔촌동,62,0,KNP이스트빌,서울특별시 강동구 둔촌동 62,37.5327587741725,127.141790479069,address
동대문구,장안동,319,6,U-포그니,서울특별시 동대문구 장안동 319-6,37.578029851709,127.073174398508,address
강북구,번동,204,0,신원,서울특별시 강북구 번동 204,37.6258177151975,127.043305343873,address
양천구,신정동,1276,0,신트리3,서울특별시 양천구 신정동 1276,37.5118997336939,126.852950017333,address
강동구,강일동,717,0,고덕리엔파크2단지,서울특별시 강동구 강일동 717,37.5595969760082,127.173086679368,address
관악구,신림동,1559,19,상목에버빌B,서울특별시 관악구 신림동 1559-19,37.4679073403013,126.932242734022,address
구로구,개봉동,487,0,개봉동상우,서울특별시 구로구 개봉동 487,37.493539865586,126.862140395119,address
동작구,신대방동,360,17,신동아,서울특별시 동작구 신대방동 360-17,37.4965796340355,126.924007472569,address
성북구,동소문동6가,3,1,시티플레이스,서울특별시 성북구 동소문동6가 3-1,37.5923099829478,127.01342773248,address
양천구,신월동,429,1,성우,서울특별시 양천구 신월동 429-1,37.5240450897729,126.841072182197,address
강서구,방화동,891,0,태승훼미리4차,서울특별시 강서구 방화동 891,37.5719106786882,126.809357117373,address
양천구,신월동,418,4,탑건위너빌,서울특별시 양천구 신월동 418-4,37.5233984570842,126.836789630304,address
강서구,등촌동,694,0,대림,서울특별시 강서구 등촌동 694,37.5626461178697,126.846655652033,address
동대문구,답십리동,808,0,대림,서울특별시 동대문구 답십리동 808,37.5709181082427,127.063717776024,address
송파구,가락동,80,0,성원상떼빌,서울특별시 송파구 가락동 80,37.4950644942941,127.120436228994,address
강동구,성내동,434,13,다성이즈빌아파트,서울특별시 강동구 성내동 434-13,37.5269952840197,127.130017866999,address
성동구,하왕십리동,1052,0,금호베스트빌,서울특별시 성동구 하왕십리동 1052,37.5613628898771,127.025917842455,address
은평구,진관동,12,0,상림마을7단지아이파크(709~712동)BL1-10,서울특별시 은평구 진관동 12,37.644833690056,126.927730495248,address
중구,만리동2가,273,0,서울역센트럴자이,서울특별시 중구 만리동2가 273,37.5537819672024,126.96402989384,address
중랑구,면목동,1529,0,경남아너스빌,서울특별시 중랑구 면목동 1529,37.5754872890389,127.080447509343,address
동대문구,답십리동,990,0,두산,서울특별시 동대문구 답십리동 990,37.5693117654531,127.060205006732,address
금천구,가산동,769,0,두산,서울특별시 금천구 가산동 769,37.4760395859626,126.891719741887,address
성북구,돈암동,603,0,돈암동더샵아파트,서울특별시 성북구 돈암동 603,37.5976209472385,127.010006432046,address
성북구,돈암동,644,0,돈암코오롱하늘채,서울특별시 성북구 돈암동 644,37.5992700563333,127.012569607103,address
성동구,마장동,819,0,마장동중앙하이츠,서울특별시 성동구 마장동 819,37.5654232046355,127.039099251132,address
구로구,오류동,347,0,오류동금호어울림,서울특별시 구로구 오류동 347,37.4984566083239,126.839154866366,address
영등포구,문래동3가,77,2,문래공원한신,서울특별시 영등포구 문래동3가 77-2,37.5175839837132,126.892997679027,address
마포구,도화동,82,0,우성,서울특별시 마포구 도화동 82,37.5363678259177,126.947063641704,address
광진구,자양동,762,0,한라아파트,서울특별시 광진구 자양동 762,37.5356576727188,127.070038503855,address
강동구,천호동,467,11,현진리버파크,서울특별시 강동구 천호동 467-11,37.5421803349701,127.120814775545,address
서초구,서초동,1346,0,현대아파트,서울특별시 서초구 서초동 1346,37.4867903061507,127.025675868573,address
은평구,불광동,631,1,대호프라자아파트,서울특별시 은평구 불광동 631-1,37.6147551376677,126.932860874394,address
광진구,광장동,554,7,현대5,서울특별시 광진구 광장동 554-7,37.5397148467697,127.100097759202,address
관악구,신림동,255,189,현대,서울특별시 관악구 신림동 255-189,37.463742276861,126.937210536521,address
동작구,신대방동,470,8,한성아파트,서울특별시 동작구 신대방동 470-8,37.4955679657051,126.915240275078,address
영등포구,신길동,769,1,한성,서울특별시 영등포구 신길동 769-1,37.5046770229472,126.919326677841,address
구로구,고척동,227,1,한성,서울특별시 구로구 고척동 227-1,37.5082340287077,126.853771768568,address
강북구,번동,760,0,오동공원현대,서울특별시 강북구 번동 760,37.6315060777268,127.035528776935,address
관악구,남현동,1134,0,예성2차그린캐슬,서울특별시 관악구 남현동 1134,37.4735450699404,126.976280806081,address
영등포구,여의도동,37,0,미성,서울특별시 영등포구 여의도동 37,37.5204821824446,126.923972038897,address
강동구,암사동,508,0,삼성광나루,서울특별시 강동구 암사동 508,37.5540369094746,127.127100652964,address
서초구,반포동,2,12,아크로리버파크,서울특별시 서초구 반포동 2-12,37.5054572291322,126.992771916234,address
동작구,신대방동,395,62,삼성보라매옴니타워,서울특별시 동작구 신대방동 395-62,37.4925890130386,126.923631685439,address
성동구,금호동2가,1217,0,래미안하이리버,서울특별시 성동구 금호동2가 1217,37.5512924647715,127.024541411946,address
구로구,오류동,342,0,영풍마드레빌,서울특별시 구로구 오류동 342,37.4915379834557,126.838640730471,address
금천구,시흥동,109,1,무지개,서울특별시 금천구 시흥동 109-1,37.456049610913,126.898350714765,address
양천구,신정동,327,0,목동신시가지13,서울특별시 양천구 신정동 327,37.5141910493429,126.865002695714,address
강동구,고덕동,486,0,아남1,서울특별시 강동구 고덕동 486,37.5578867585046,127.14597379187,address
양천구,목동,925,0,목동신시가지7,서울특별시 양천구 목동 925,37.5288232909409,126.867840519363,address
송파구,가락동,96,1,우성,서울특별시 송파구 가락동 96-1,37.4966230130343,127.117796965622,address
양천구,신월동,1077,0,목동센트럴아이파크위브3단지,서울특별시 양천구 신월동 1077,37.5165385791656,126.845906213279,address
노원구,공릉동,757,0,우국리더스빌,서울특별시 노원구 공릉동 757,37.6260854660972,127.070302587256,address
성북구,종암동,134,0,래미안라센트,서울특별시 성북구 종암동 134,37.5992882913524,127.038595496935,address
강서구,마곡동,743,4,마곡엠밸리7단지,서울특별시 강서구 마곡동 743-4,37.5648812125749,126.823376663134,address
강동구,천호동,414,0,두산위브센티움,서울특별시 강동구 천호동 414,37.5394152598787,127.126995720254,address
은평구,구산동,355,95,동익파크1동(355-95),서울특별시 은평구 구산동 355-95,37.6145898381894,126.906783485647,address
강동구,둔촌동,545,0,둔촌하이츠,서울특별시 강동구 둔촌동 545,37.52952678243,127.142399810412,address
송파구,삼전동,39,0,현대1,서울특별시 송파구 삼전동 39,37.5002566823487,127.088606351704,address
서초구,서초동,1588,5,디아레나서초,서울특별시 서초구 서초동 1588-5,37.4857481030788,127.013873912414,address
강북구,번동,657,0,동문,서울특별시 강북구 번동 657,37.6239783197816,127.038174633568,address
용산구,이촌동,415,0,한강(대우),서울특별시 용산구 이촌동 415,37.5222169556785,126.969475303103,address
영등포구,문래동6가,45,0,현대2차,서울특별시 영등포구 문래동6가 45,37.5204421670597,126.882860836863,address
구로구,오류동,63,4,한가람,서울특별시 구로구 오류동 63-4,37.4963060817547,126.847088472295,address
영등포구,대림동,1123,0,한솔솔파크,서울특별시 영등포구 대림동 1123,37.4873873070059,126.899432755484,address
구로구,구로동,1263,0,신도림롯데아파트,서울특별시 구로구 구로동 1263,37.5034982286456,126.88421007151,address
중랑구,면목동,1528,0,면목동금호어울림아파트,서울특별시 중랑구 면목동 1528,37.5772688573595,127.089180691778,address
구로구,구로동,487,24,M센트럴뷰,서울특별시 구로구 구로동 487-24,37.4963094418984,126.882816102903,address
관악구,봉천동,1701,0,건영6,서울특별시 관악구 봉천동 1701,37.4770636681279,126.95188953809,address
노원구,중계동,360,15,건영3,서울특별시 노원구 중계동 360-15,37.6485882715667,127.074295126943,address
서대문구,홍은동,470,0,힐스테이트홍은포레스트,서울특별시 서대문구 홍은동 470,37.5864765081814,126.924856018645,address
구로구,구로동,43,1,신도림로제리움,서울특별시 구로구 구로동 43-1,37.5034298667765,126.891447109362,address
영등포구,대림동,1122,0,신대림자이2단지,서울특별시 영등포구 대림동 1122,37.4860019396281,126.902250469811,address
구로구,고척동,306,0,경남2,서울특별시 구로구 고척동 306,37.5043353109062,126.856802204555,address
용산구,이촌동,402,0,강촌,서울특별시 용산구 이촌동 402,37.5192338183281,126.977468237095,address
서대문구,홍은동,469,0,e편한세상서대문,서울특별시 서대문구 홍은동 469,37.5944049697577,126.940318184999,address
용산구,한강로3가,65,7,시티하우스,서울특별시 용산구 한강로3가 65-7,37.5243970537181,126.966281308179,address
마포구,공덕동,479,0,공덕SK리더스뷰,서울특별시 마포구 공덕동 479,37.5455836799342,126.948853628999,address
강북구,수유동,205,0,수유벽산1차,서울특별시 강북구 수유동 205,37.6426076840355,127.019046080601,address
강남구,역삼동,765,32,역삼2차아이파크,서울특별시 강남구 역삼동 765-32,37.4967695014167,127.051582815175,address
노원구,공릉동,492,1,대아2차아파트,서울특별시 노원구 공릉동 492-1,37.6233359689655,127.07142868169,address
동작구,상도동,301,226,청운아파트,서울특별시 동작구 상도동 301-226,37.4936772812034,126.933520672882,address
영등포구,영등포동7가,29,130,근상프리즘,서울특별시 영등포구 영등포동7가 29-130,37.5232298083945,126.908965642423,address
강서구,염창동,240,32,금호타운,서울특별시 강서구 염창동 240-32,37.5563178192884,126.865134525013,address
송파구,방이동,120,2,광명아파트,서울특별시 송파구 방이동 120-2,37.5098720763952,127.115645951446,address
관악구,봉천동,1616,11,코스코수,서울특별시 관악구 봉천동 1616-11,37.4751745207614,126.954621750944,address
구로구,구로동,1275,0,성삼하이츠,서울특별시 구로구 구로동 1275,37.4956348340034,126.892551679319,address
강동구,성내동,590,0,성내동삼성아파트,서울특별시 강동구 성내동 590,37.5307605206146,127.125987937235,address
강동구,성내동,410,2,중앙하이츠,서울특별시 강동구 성내동 410-2,37.5305281388283,127.133544327063,address
성동구,행당동,349,0,서울숲 한신 더 휴,서울특별시 성동구 행당동 349,37.5549200740591,127.036079977869,address
마포구,성산동,446,0,성산시영(대우),서울특별시 마포구 성산동 446,37.5721152959697,126.901892164797,address
동대문구,용두동,798,0,청량리역한양수자인그라시엘,서울특별시 동대문구 용두동 798,37.5772405224004,127.042861502081,address
영등포구,대림동,946,1,대림현대,서울특별시 영등포구 대림동 946-1,37.4930271633818,126.908176269801,address
마포구,망원동,433,3,성신,서울특별시 마포구 망원동 433-3,37.5595759799171,126.902570935205,address
성동구,행당동,347,0,대림e-편한세상,서울특별시 성동구 행당동 347,37.5579017106154,127.02711847087,address
도봉구,도봉동,555,0,서울가든,서울특별시 도봉구 도봉동 555,37.6865526246139,127.041630978619,address
마포구,망원동,489,0,성원2,서울특별시 마포구 망원동 489,37.5562377346012,126.901423165067,address
구로구,구로동,1286,0,다울숲,서울특별시 구로구 구로동 1286,37.4922537455444,126.888594726094,address
강동구,암사동,445,0,한강포스파크,서울특별시 강동구 암사동 445,37.5562378899734,127.134242531809,address
광진구,자양동,810,0,자양힐101동,서울특별시 광진구 자양동 810,37.5401127232157,127.081730289398,address
송파구,방이동,225,0,한양3,서울특별시 송파구 방이동 225,37.5061373693844,127.122656614403,address
서초구,서초동,1446,11,현대슈퍼빌,서울특별시 서초구 서초동 1446-11,37.4831095760729,127.016112094844,address
은평구,불광동,71,16,북한산대창센시티,서울특별시 은평구 불광동 71-16,37.6252249174966,126.929368581204,address
동작구,상도동,7,92,종인아네스트,서울특별시 동작구 상도동 7-92,37.5070379213915,126.953908940139,address
은평구,대조동,231,0,삼성타운,서울특별시 은평구 대조동 231,37.609031353119,126.9217710449,address
동대문구,전농동,687,0,전농동신성미소지움,서울특별시 동대문구 전농동 687,37.5783117738141,127.048527041801,address
강서구,방화동,867,0,길성그랑프리텔,서울특별시 강서구 방화동 867,37.569183074574,126.816100583063,address
강남구,대치동,506,0,선경1차(1동-7동),서울특별시 강남구 대치동 506,37.4921265332679,127.062565123948,address
서대문구,연희동,738,0,임광,서울특별시 서대문구 연희동 738,37.5651873431789,126.927122833211,address
동대문구,청량리동,235,1,미주,서울특별시 동대문구 청량리동 235-1,37.5840013582663,127.046766367893,address
마포구,상암동,1655,0,상암월드컵파크4단지,서울특별시 마포구 상암동 1655,37.5776864156328,126.888688773185,address
송파구,풍납동,514,0,잠실올림픽공원아이파크,서울특별시 송파구 풍납동 514,37.5257689008856,127.114557641967,address
양천구,신월동,475,0,서울가든,서울특별시 양천구 신월동 475,37.5252977950342,126.848649985014,address
강남구,대치동,910,5,풍림아이원1차103동(910-5),서울특별시 강남구 대치동 910-5,37.5017062540884,127.055065152882,address
노원구,월계동,949,0,꿈의숲SKVIEW,서울특별시 노원구 월계동 949,37.621795353791,127.053802477095,address
노원구,공릉동,725,0,풍림아파트A,서울특별시 노원구 공릉동 725,37.6291637289683,127.066817667405,address
중랑구,면목동,138,15,우정아파트,서울특별시 중랑구 면목동 138-15,37.5907319765058,127.084986077965,address
동작구,신대방동,724,0,보라매자이더포레스트,서울특별시 동작구 신대방동 724,37.498559088724,126.926048617167,address
성동구,홍익동,53,0,청계대주파크빌,서울특별시 성동구 홍익동 53,37.5674713084173,127.031386204827,address
마포구,염리동,520,0,염리삼성래미안,서울특별시 마포구 염리동 520,37.5489089575613,126.946728410444,address
강남구,개포동,1280,0,래미안블레스티지,서울특별시 강남구 개포동 1280,37.4811712758974,127.064886971612,address
금천구,시흥동,882,3,우림메르디앙,서울특별시 금천구 시흥동 882-3,37.4564119505923,126.900625508689,address
송파구,신천동,7,14,잠실더샵스타파크,서울특별시 송파구 신천동 7-14,37.5169785483722,127.102280367857,address
중랑구,망우동,506,22,아스테르아파트,서울특별시 중랑구 망우동 506-22,37.5956623476153,127.093947264648,address
노원구,공릉동,755,0,비콘아파트,서울특별시 노원구 공릉동 755,37.6216046997065,127.079360477951,address
구로구,구로동,440,0,보광,서울특별시 구로구 구로동 440,37.4951077701649,126.885480952845,address
마포구,신수동,457,0,벽산솔렌스힐,서울특별시 마포구 신수동 457,37.5494230649757,126.936017162939,address
구로구,온수동,157,0,다청림시티,서울특별시 구로구 온수동 157,37.4922572116335,126.821209934084,address
성동구,송정동,90,0,건영,서울특별시 성동구 송정동 90,37.5559988343778,127.070895139132,address
강남구,개포동,1282,0,개포래미안포레스트,서울특별시 강남구 개포동 1282,37.4783842282264,127.054256523217,address
동작구,노량진동,325,0,신동아리버파크,서울특별시 동작구 노량진동 325,37.5074254730822,126.945123370196,address
양천구,신월동,1053,0,수명산SKVIEW,서울특별시 양천구 신월동 1053,37.5440526286777,126.829338214187,address
금천구,시흥동,1015,0,시흥베르빌,서울특별시 금천구 시흥동 1015,37.4575358863909,126.897580242085,address
강북구,수유동,729,0,수유현대,서울특별시 강북구 수유동 729,37.6454193720425,127.018562399428,address
은평구,증산동,258,0,DMC센트럴자이(3단지),서울특별시 은평구 증산동 258,37.579982499336,126.903633434786,address
서초구,양재동,90,0,신영체르니,서울특별시 서초구 양재동 90,37.4790337093576,127.041499188077,address
관악구,봉천동,1719,0,관악동부센트레빌,서울특별시 관악구 봉천동 1719,37.4872048734348,126.950991136661,address
구로구,구로동,792,102,(792-102),서울특별시 구로구 구로동 792-102,37.4864872832647,126.888292010104,address
강북구,수유동,130,43,JKapartment,서울특별시 강북구 수유동 130-43,37.6374380268026,127.018398171477,address
중랑구,신내동,786,0,동성타워프라자,서울특별시 중랑구 신내동 786,37.6080532191686,127.097279347621,address
관악구,봉천동,1574,1,생모리츠타운,서울특별시 관악구 봉천동 1574-1,37.4789186987613,126.94772397663,address
강동구,천호동,237,0,한신아파트,서울특별시 강동구 천호동 237,37.5458256093034,127.134867278695,address
서대문구,연희동,739,0,대우푸르지오,서울특별시 서대문구 연희동 739,37.5615205693803,126.929514782543,address
강남구,대치동,511,0,한보미도맨션2,서울특별시 강남구 대치동 511,37.4933931510549,127.067350014658,address
강동구,천호동,168,6,현대아파트,서울특별시 강동구 천호동 168-6,37.5384272598894,127.132778939664,address
양천구,신정동,1252,0,현대,서울특별시 양천구 신정동 1252,37.5171420982147,126.874473736299,address
서대문구,홍제동,455,0,현대그린,서울특별시 서대문구 홍제동 455,37.5892370609952,126.949383554299,address
중구,신당동,846,0,신당동파라다이스,서울특별시 중구 신당동 846,37.5623955702618,127.017282610735,address
노원구,공릉동,748,0,신도1차아파트,서울특별시 노원구 공릉동 748,37.6275443515351,127.069985977178,address
동작구,대방동,381,3,드림빌라트,서울특별시 동작구 대방동 381-3,37.5049718493677,126.924392884173,address
영등포구,당산동3가,561,0,동부센트레빌,서울특별시 영등포구 당산동3가 561,37.5244567573023,126.900434866955,address
용산구,이촌동,404,0,한가람,서울특별시 용산구 이촌동 404,37.5215850190543,126.970286646638,address
동작구,대방동,510,0,신일해피트리,서울특별시 동작구 대방동 510,37.5141048003428,126.92771806735,address
강남구,역삼동,900,0,시티프라디움더강남101동,서울특별시 강남구 역삼동 900,37.507400373274,127.039162050559,address
서대문구,남가좌동,381,0,DMC센트레빌,서울특별시 서대문구 남가좌동 381,37.5761635101917,126.915714237952,address
양천구,목동,928,0,건영,서울특별시 양천구 목동 928,37.5418777174077,126.872777644776,address
강북구,수유동,47,23,수유아름채,서울특별시 강북구 수유동 47-23,37.6348471994864,127.021335690709,address
강서구,가양동,1497,0,가양1차보람더하임,서울특별시 강서구 가양동 1497,37.567131942386,126.848570476197,address
영등포구,여의도동,50,0,시범,서울특별시 영등포구 여의도동 50,37.5206933527238,126.937105491683,address
동작구,상도동,535,0,두산위브트레지움2차,서울특별시 동작구 상도동 535,37.5038799849199,126.942775389314,address
구로구,개봉동,472,0,두산,서울특별시 구로구 개봉동 472,37.4950033610049,126.852653178887,address
중구,흥인동,119,0,동대문와이즈캐슬,서울특별시 중구 흥인동 119,37.5658415020925,127.015468306711,address
은평구,응암동,90,23,조이팰리스(90-23),서울특별시 은평구 응암동 90-23,37.6000579619333,126.919255736137,address
성북구,돈암동,636,0,이수브라운스톤돈암,서울특별시 성북구 돈암동 636,37.5980217244898,127.017576773103,address
동대문구,장안동,344,11,우정A(344-11),서울특별시 동대문구 장안동 344-11,37.5710668776146,127.072441087565,address
강서구,염창동,245,1,이너스내안에201동,서울특별시 강서구 염창동 245-1,37.5540619479456,126.870404219284,address
송파구,석촌동,158,5,미켈란호수가,서울특별시 송파구 석촌동 158-5,37.507404277741,127.102411054722,address
은평구,불광동,643,0,북한산힐스테이트7차,서울특별시 은평구 불광동 643,37.6165291109629,126.926683005796,address
동대문구,장안동,371,1,장안삼성쉐르빌,서울특별시 동대문구 장안동 371-1,37.5716707486031,127.069859628795,address
중구,중림동,200,0,삼성사이버빌리지,서울특별시 중구 중림동 200,37.5581161473011,126.965306488642,address
서초구,잠원동,163,0,반포르엘,서울특별시 서초구 잠원동 163,37.5076756920378,127.002785569445,address
양천구,신월동,1049,0,장수마을2단지동원데쟈뷰,서울특별시 양천구 신월동 1049,37.5223085331443,126.845856564242,address
동작구,사당동,1147,0,대창센시티,서울특별시 동작구 사당동 1147,37.4869196887028,126.968370617854,address
종로구,내수동,72,0,경희궁의아침3단지,서울특별시 종로구 내수동 72,37.573660668544,126.972093823848,address
강서구,염창동,272,28,염창3우성,서울특별시 강서구 염창동 272-28,37.5512994254885,126.867424675484,address
양천구,신정동,948,24,신호,서울특별시 양천구 신정동 948-24,37.5246564224396,126.85523050514,address
송파구,문정동,18,0,문정대우푸르지오1차,서울특별시 송파구 문정동 18,37.4868780773275,127.128105384944,address
강북구,미아동,195,0,엘리프 미아역 2단지,서울특별시 강북구 미아동 195,37.6287053934105,127.025682467794,address
구로구,오류동,9,231,오류동삼전솔하임,서울특별시 구로구 오류동 9-231,37.4955376197127,126.841756376556,address
마포구,용강동,380,0,마포용강삼성래미안,서울특별시 마포구 용강동 380,37.543375950534,126.941276687895,address
성북구,하월곡동,225,0,래미안월곡,서울특별시 성북구 하월곡동 225,37.610440395666,127.036873189543,address
성북구,장위동,312,0,우방아파트,서울특별시 성북구 장위동 312,37.6102357287674,127.055051746889,address
양천구,신월동,1075,0,목동센트럴아이파크위브1단지,서울특별시 양천구 신월동 1075,37.5166217122062,126.841929272696,address
양천구,신월동,1078,0,목동센트럴아이파크위브4단지,서울특별시 양천구 신월동 1078,37.5180177927167,126.844012878449,address
은평구,대조동,6,13,예가크레시아,서울특별시 은평구 대조동 6-13,37.6109859641691,126.928304178417,address
동대문구,전농동,688,0,래미안아름숲,서울특별시 동대문구 전농동 688,37.5809441481616,127.06107602833,address
양천구,신월동,538,4,연흥,서울특별시 양천구 신월동 538-4,37.5192647554298,126.84162472502,address
노원구,월계동,941,0,성북역신도브래뉴,서울특별시 노원구 월계동 941,37.6232025554202,127.058997534912,address
용산구,문배동,24,6,CJ나인파크,서울특별시 용산구 문배동 24-6,37.5360844630167,126.969170724866,address
동대문구,장안동,346,1,태솔아파트3차,서울특별시 동대문구 장안동 346-1,37.5692589301709,127.070974942794,address
영등포구,양평동4가,12,0,성원,서울특별시 영등포구 양평동4가 12,37.5342936373846,126.893936076898,address
관악구,봉천동,179,58,낙성대현대아파트,서울특별시 관악구 봉천동 179-58,37.4723908122469,126.966365956183,address
영등포구,당산동3가,565,0,당산계룡리슈빌3단지,서울특별시 영등포구 당산동3가 565,37.5246067600694,126.899144004978,address
성북구,정릉동,494,0,중앙하이츠빌1단지,서울특별시 성북구 정릉동 494,37.6026562735055,127.009409966425,address
서대문구,홍은동,454,0,극동,서울특별시 서대문구 홍은동 454,37.6026153795328,126.950968524813,address
양천구,신월동,547,5,세아쎄닛빌,서울특별시 양천구 신월동 547-5,37.5182338958521,126.839472137639,address
동작구,상도동,459,0,상도2차갑을명가,서울특별시 동작구 상도동 459,37.4935684967854,126.935245916317,address
성북구,길음동,1282,0,길음뉴타운5단지(래미안),서울특별시 성북구 길음동 1282,37.6096855257791,127.020710239187,address
영등포구,영등포동7가,208,0,포레나영등포센트럴,서울특별시 영등포구 영등포동7가 208,37.5233606097041,126.905606241539,address
마포구,서교동,465,1,광남벨라스(1차),서울특별시 마포구 서교동 465-1,37.5547376391352,126.916207586959,address
서초구,반포동,64,5,현대동궁아파트,서울특별시 서초구 반포동 64-5,37.5003963928922,127.00208413965,address
양천구,신정동,1311,0,동일하이빌2단지,서울특별시 양천구 신정동 1311,37.5107833089061,126.84019342287,address
구로구,고척동,337,0,한일유앤아이,서울특별시 구로구 고척동 337,37.5079923546198,126.851154956339,address
양천구,신월동,1025,0,탑건진선미,서울특별시 양천구 신월동 1025,37.5384001294387,126.827976695407,address
노원구,공릉동,737,0,삼익포레스트아파트,서울특별시 노원구 공릉동 737,37.6269131279747,127.082005016461,address
서대문구,연희동,747,0,연희파크푸르지오,서울특별시 서대문구 연희동 747,37.575684003261,126.928558106259,address
마포구,창전동,439,0,신촌태영데시앙,서울특별시 마포구 창전동 439,37.5533866511831,126.931064388029,address
양천구,신월동,1085,0,신목동파라곤,서울특별시 양천구 신월동 1085,37.5229582194078,126.844530543737,address
은평구,증산동,250,0,DMC월드,서울특별시 은평구 증산동 250,37.5862818148423,126.911485385772,address
노원구,월계동,942,0,월계역신도브래뉴,서울특별시 노원구 월계동 942,37.6290827264263,127.058693594607,address
양천구,신정동,1322,0,이펜하우스2단지,서울특별시 양천구 신정동 1322,37.5161106638708,126.830117649497,address
영등포구,여의도동,30,0,목화,서울특별시 영등포구 여의도동 30,37.5260016646304,126.932632672415,address
강남구,청담동,30,33,청담대림이-편한세상,서울특별시 강남구 청담동 30-33,37.5205048036403,127.047836421504,address
금천구,독산동,1131,0,라이프,서울특별시 금천구 독산동 1131,37.4610803410277,126.892269962037,address
강남구,일원동,711,0,수서,서울특별시 강남구 일원동 711,37.4926342499883,127.090283572636,address
노원구,중계동,78,0,진로유통조합대림,서울특별시 노원구 중계동 78,37.6488617334993,127.081896451525,address
마포구,망원동,523,0,마포월드컵제이스카이,서울특별시 마포구 망원동 523,37.5625148083271,126.903728149805,address
강동구,천호동,427,3,천호엘크루,서울특별시 강동구 천호동 427-3,37.5401629353223,127.124517641553,address
강동구,둔촌동,555,0,신동아파밀리에,서울특별시 강동구 둔촌동 555,37.5291388391094,127.141702623042,address
강동구,명일동,42,0,명일우성,서울특별시 강동구 명일동 42,37.5511541272374,127.151918890555,address
광진구,자양동,860,0,테라팰리스건대2차,서울특별시 광진구 자양동 860,37.5382459828861,127.077937363821,address
서초구,서초동,1754,0,래미안서초에스티지S,서울특별시 서초구 서초동 1754,37.4930078397051,127.02710923867,address
동대문구,답십리동,488,18,센시티16,서울특별시 동대문구 답십리동 488-18,37.5662755970916,127.056358640081,address
강동구,둔촌동,435,3,광남캐스빌103동,서울특별시 강동구 둔촌동 435-3,37.5328323233009,127.13903930194,address
강북구,수유동,553,61,극동,서울특별시 강북구 수유동 553-61,37.6418330424189,127.012013426161,address
구로구,고척동,320,0,센츄리,서울특별시 구로구 고척동 320,37.5044524027282,126.86230162527,address
성북구,하월곡동,228,0,꿈의숲푸르지오,서울특별시 성북구 하월곡동 228,37.6107702871516,127.038993186153,address
광진구,화양동,113,1,광진코지웰,서울특별시 광진구 화양동 113-1,37.547067569974,127.07184085057,address
서대문구,홍제동,471,0,금호어울림,서울특별시 서대문구 홍제동 471,37.584564968792,126.940867900154,address
구로구,구로동,42,0,신도림LG자이,서울특별시 구로구 구로동 42,37.5035567212154,126.892127870292,address
광진구,광장동,576,0,광장현대9단지,서울특별시 광진구 광장동 576,37.5424699220874,127.09773245669,address
광진구,광장동,582,0,광장힐스테이트,서울특별시 광진구 광장동 582,37.5431780182608,127.099564904065,address
강북구,번동,136,0,번동솔그린,서울특별시 강북구 번동 136,37.6261268924628,127.039305478078,address
양천구,신월동,1022,0,벽산블루밍1단지,서울특별시 양천구 신월동 1022,37.5136395462496,126.842178975353,address
동작구,신대방동,720,0,보라매e편한세상,서울특별시 동작구 신대방동 720,37.4953773291312,126.928478394701,address
성북구,종암동,34,3,종암선경,서울특별시 성북구 종암동 34-3,37.5944293650104,127.033798955562,address
서대문구,홍은동,440,1,반석블레스,서울특별시 서대문구 홍은동 440-1,37.5954647668081,126.94113715218,address
양천구,신월동,416,1,보람쉬움1,서울특별시 양천구 신월동 416-1,37.5247337955297,126.837810066593,address
노원구,공릉동,670,20,노원프레미어스엠코,서울특별시 노원구 공릉동 670-20,37.6185318804274,127.076218870796,address
은평구,녹번동,281,0,북한산푸르지오,서울특별시 은평구 녹번동 281,37.6068385939235,126.93626654464,address
강남구,도곡동,91,5,삼성래미안,서울특별시 강남구 도곡동 91-5,37.4898181942659,127.050628550219,address
서대문구,충정로3가,465,0,충정리시온,서울특별시 서대문구 충정로3가 465,37.5602879536746,126.964843138591,address
중랑구,상봉동,89,10,레그노시티,서울특별시 중랑구 상봉동 89-10,37.5959382168159,127.089561468584,address
성북구,석관동,405,0,코오롱,서울특별시 성북구 석관동 405,37.606282766343,127.065717692893,address
강서구,내발산동,753,0,마곡수명산파크4단지,서울특별시 강서구 내발산동 753,37.5512348671569,126.823351155728,address
노원구,중계동,358,2,주공4,서울특별시 노원구 중계동 358-2,37.6553473821348,127.076921363501,address
동작구,상도동,409,3,종인아네스트(409-3),서울특별시 동작구 상도동 409-3,37.4962964254829,126.939574226589,address
마포구,합정동,466,0,장미(466-0),서울특별시 마포구 합정동 466,37.5461994077655,126.918899700308,address
송파구,신천동,11,4,잠실푸르지오월드마크,서울특별시 송파구 신천동 11-4,37.5174387314714,127.10357764333,address
관악구,봉천동,1707,0,은천1,서울특별시 관악구 봉천동 1707,37.4713903407759,126.964853955359,address
강동구,길동,247,0,광남캐스빌(247-0),서울특별시 강동구 길동 247,37.5348132097042,127.139999143206,address
관악구,신림동,1735,1,관악산휴먼시아1단지,서울특별시 관악구 신림동 1735-1,37.4616571207165,126.921208668907,address
양천구,신월동,1027,0,양천벽산블루밍2단지,서울특별시 양천구 신월동 1027,37.525027565104,126.838828820465,address
강서구,가양동,1459,0,동신대아,서울특별시 강서구 가양동 1459,37.5721731420165,126.843356532019,address
성동구,하왕십리동,1064,0,왕십리지웰,서울특별시 성동구 하왕십리동 1064,37.5608436535918,127.031107374699,address
동대문구,용두동,794,0,용두롯데캐슬리치,서울특별시 동대문구 용두동 794,37.5791419092022,127.030991700968,address
은평구,신사동,368,0,대주파크빌,서울특별시 은평구 신사동 368,37.5906913110252,126.908118237623,address
은평구,증산동,173,1,디오반,서울특별시 은평구 증산동 173-1,37.5834767103338,126.908591063424,address
노원구,공릉동,738,0,공릉우성아파트,서울특별시 노원구 공릉동 738,37.6285645918387,127.072728296047,address
강남구,삼성동,50,0,현대힐스테이트2단지,서울특별시 강남구 삼성동 50,37.5138589096778,127.051485875359,address
중랑구,묵동,171,4,공감대,서울특별시 중랑구 묵동 171-4,37.6136159805342,127.078311115034,address
영등포구,신길동,67,1,경남,서울특별시 영등포구 신길동 67-1,37.5156952809645,126.918489883562,address
은평구,신사동,355,0,현대2,서울특별시 은평구 신사동 355,37.5979257512934,126.907107755526,address
성북구,하월곡동,218,0,아남,서울특별시 성북구 하월곡동 218,37.6056911305289,127.034690906775,address
광진구,구의동,631,1,현대프라임,서울특별시 광진구 구의동 631-1,37.5373977464389,127.097621063329,address
서초구,양재동,385,9,우면파크아파트,서울특별시 서초구 양재동 385-9,37.4701126060206,127.048428070616,address
강서구,등촌동,628,15,등촌라인(조합),서울특별시 강서구 등촌동 628-15,37.5591969717505,126.856290173496,address
노원구,하계동,270,0,현대,서울특별시 노원구 하계동 270,37.636849832574,127.066382239396,address
노원구,공릉동,683,14,한일휴니스빌,서울특별시 노원구 공릉동 683-14,37.6175228036926,127.074336243442,address
중랑구,상봉동,101,19,상봉베스트원,서울특별시 중랑구 상봉동 101-19,37.5960062935176,127.086471374579,address
서초구,잠원동,53,15,강변,서울특별시 서초구 잠원동 53-15,37.5177496639756,127.012287721629,address
도봉구,방학동,701,15,거성학마을아파트,서울특별시 도봉구 방학동 701-15,37.6666102018529,127.039453759806,address
성북구,석관동,407,0,석관래미안,서울특별시 성북구 석관동 407,37.6083659730107,127.054518530421,address
성동구,성수동2가,846,0,E-아름다운세상,서울특별시 성동구 성수동2가 846,37.5477682412513,127.060838129195,address
강남구,역삼동,902,0,강남센트럴아이파크,서울특별시 강남구 역삼동 902,37.5004909218409,127.045687600172,address
동작구,상도동,407,0,현대(관악),서울특별시 동작구 상도동 407,37.492485409446,126.957507893352,address
송파구,거여동,290,0,거여1단지,서울특별시 송파구 거여동 290,37.4909745878818,127.144586186705,address
종로구,교북동,126,0,경희궁자이(4단지),서울특별시 종로구 교북동 126,37.5715794191082,126.961393223766,address
마포구,염리동,515,1,상록,서울특별시 마포구 염리동 515-1,37.5515563766668,126.94797600816,address
마포구,노고산동,107,36,현대벤처빌,서울특별시 마포구 노고산동 107-36,37.5536591479402,126.93676114681,address
성북구,돈암동,643,0,길음역금호어울림센터힐,서울특별시 성북구 돈암동 643,37.6003766616613,127.022750193302,address
중랑구,신내동,804,0,경남아너스빌,서울특별시 중랑구 신내동 804,37.6037224247933,127.096740656991,address
양천구,목동,961,0,하이페리온2,서울특별시 양천구 목동 961,37.5243483395844,126.869916701549,address
동작구,사당동,1134,0,경남아너스빌1차,서울특별시 동작구 사당동 1134,37.4882472616145,126.967806168575,address
동대문구,답십리동,1001,0,한신휴플러스그린파크,서울특별시 동대문구 답십리동 1001,37.5739044995154,127.049753887285,address
강서구,방화동,894,0,강서센트레빌3차(894-0),서울특별시 강서구 방화동 894,37.5712478353642,126.816127880729,address
은평구,구산동,547,0,갈현1단지e-편한세상,서울특별시 은평구 구산동 547,37.6118777632825,126.906203021872,address
은평구,구산동,169,1,한성산장,서울특별시 은평구 구산동 169-1,37.6091166242924,126.906697561373,address
광진구,중곡동,681,0,성원,서울특별시 광진구 중곡동 681,37.5711840707054,127.07961710743,address
노원구,상계동,1078,0,현대2차,서울특별시 노원구 상계동 1078,37.6722748151583,127.050409481365,address
강서구,마곡동,716,0,한솔솔파크,서울특별시 강서구 마곡동 716,37.569719911244,126.82331418689,address
양천구,신월동,1041,0,삼정그린뷰,서울특별시 양천구 신월동 1041,37.5228033270409,126.838546157349,address
용산구,한남동,828,0,한남아이파크애비뉴,서울특별시 용산구 한남동 828,37.5324308327973,127.007232043734,address
관악구,신림동,233,11,LIG5차,서울특별시 관악구 신림동 233-11,37.4681855405961,126.941820841953,address
성북구,돈암동,632,0,돈암동 풍림아파트 101~105동,서울특별시 성북구 돈암동 632,37.5958567117629,127.02340512447,address
성동구,성수동1가,656,421,오티에르 포레,서울특별시 성동구 성수동1가 656-421,37.5429669900718,127.046134329304,address
강북구,수유동,223,7,예도팔라티움,서울특별시 강북구 수유동 223-7,37.6386090202159,127.023104010149,address
용산구,효창동,287,0,용산롯데캐슬센터포레,서울특별시 용산구 효창동 287,37.5396272338792,126.963314009135,address
도봉구,도봉동,656,0,양우내안애,서울특별시 도봉구 도봉동 656,37.6832798336953,127.04952914866,address
노원구,공릉동,745,0,동신아파트,서울특별시 노원구 공릉동 745,37.6279956104976,127.07686359966,address
영등포구,양평동3가,101,0,양평현대6차,서울특별시 영등포구 양평동3가 101,37.5318487496203,126.893510634364,address
강서구,화곡동,1154,0,화곡6차보람쉬움,서울특별시 강서구 화곡동 1154,37.5553049123389,126.850893634869,address
노원구,월계동,780,0,청백3,서울특별시 노원구 월계동 780,37.6317703289986,127.050185552827,address
종로구,구기동,125,5,마운틴뷰,서울특별시 종로구 구기동 125-5,37.6090364727392,126.956263487952,address
강남구,삼성동,189,0,래미안라클래시,서울특별시 강남구 삼성동 189,37.5177086025156,127.049864848381,address
양천구,신정동,972,2,목동경동미르웰,서울특별시 양천구 신정동 972-2,37.5218171244046,126.852486889572,address
강동구,천호동,328,1,집앤사스윗사이드아파트,서울특별시 강동구 천호동 328-1,37.5458272593456,127.122436680943,address
강서구,등촌동,632,2,태영,서울특별시 강서구 등촌동 632-2,37.5557025027625,126.864090588329,address
강동구,성내동,434,4,중명,서울특별시 강동구 성내동 434-4,37.5268831562718,127.130872709806,address
영등포구,여의도동,43,4,롯데캐슬아이비,서울특별시 영등포구 여의도동 43-4,37.5201951845943,126.931743565817,address
강남구,도곡동,467,17,타워팰리스2,서울특별시 강남구 도곡동 467-17,37.4897107879722,127.054490523453,address
마포구,상암동,1637,0,상암월드컵파크2단지,서울특별시 마포구 상암동 1637,37.5748398903005,126.891577074081,address
노원구,공릉동,91,0,청솔아파트8,서울특별시 노원구 공릉동 91,37.6232695689707,127.086010646808,address
강북구,미아동,1379,0,한화포레나미아,서울특별시 강북구 미아동 1379,37.6198926294966,127.022278475056,address
강남구,압구정동,493,0,한양2,서울특별시 강남구 압구정동 493,37.5298218375736,127.040500612861,address
강동구,천호동,447,17,강동역신동아파밀리에,서울특별시 강동구 천호동 447-17,37.5364985295234,127.133223572592,address
마포구,공덕동,371,0,공덕1삼성래미안,서울특별시 마포구 공덕동 371,37.5466958858357,126.951444914726,address
서초구,내곡동,411,0,서초더샵포레,서울특별시 서초구 내곡동 411,37.4520000205529,127.063784257656,address
강서구,내발산동,751,0,마곡수명산파크3단지,서울특별시 강서구 내발산동 751,37.5528192530167,126.824912207374,address
영등포구,문래동5가,67,0,문래모아미래도,서울특별시 영등포구 문래동5가 67,37.5170218003715,126.887043981913,address
강동구,상일동,476,0,중앙하이츠,서울특별시 강동구 상일동 476,37.5506499809446,127.159797615589,address
서초구,방배동,3001,1,디오수페리움2,서울특별시 서초구 방배동 3001-1,37.4860378545084,126.982622717409,address
노원구,중계동,585,0,중계3우성,서울특별시 노원구 중계동 585,37.6524185993566,127.073029868368,address
관악구,남현동,1137,0,관악산대창센시티,서울특별시 관악구 남현동 1137,37.4715433738226,126.97248657286,address
강북구,미아동,461,0,송천센트레빌,서울특별시 강북구 미아동 461,37.6127523875236,127.025814365129,address
영등포구,대림동,1124,0,신대림신동아파밀리에,서울특별시 영등포구 대림동 1124,37.4951135958709,126.902736157191,address
금천구,독산동,1028,0,대덕트윈빌,서울특별시 금천구 독산동 1028,37.4673141651969,126.89910651287,address
도봉구,쌍문동,69,1,금호2,서울특별시 도봉구 쌍문동 69-1,37.65876551388754,127.03340855242507,keyword
중랑구,신내동,796,0,다우훼밀리,서울특별시 중랑구 신내동 796,37.6003850259687,127.096239885415,address
은평구,신사동,365,0,신사동한신휴플러스,서울특별시 은평구 신사동 365,37.5989642121392,126.906169863044,address
노원구,공릉동,604,11,대동아파트,서울특별시 노원구 공릉동 604-11,37.6198598363558,127.072517400692,address
영등포구,신길동,4759,0,삼성,서울특별시 영등포구 신길동 4759,37.4963597218512,126.911248303182,address
종로구,평창동,596,0,삼성,서울특별시 종로구 평창동 596,37.6109285108121,126.978673182753,address
도봉구,방학동,716,5,이에스에이아파트2,서울특별시 도봉구 방학동 716-5,37.6663850778413,127.045614095751,address
도봉구,창동,26,0,동아,서울특별시 도봉구 창동 26,37.6512697309111,127.050332274529,address
강서구,등촌동,562,5,임광,서울특별시 강서구 등촌동 562-5,37.540480296954,126.863368034573,address
서초구,반포동,20,43,반포자이,서울특별시 서초구 반포동 20-43,37.5063518132638,127.011034636758,address
서초구,방배동,797,30,방배3차e-편한세상,서울특별시 서초구 방배동 797-30,37.4942905588855,126.991987305661,address
광진구,광장동,148,4,워커힐푸르지오,서울특별시 광진구 광장동 148-4,37.5496541994049,127.108873720121,address
송파구,신천동,7,0,장미1,서울특별시 송파구 신천동 7,37.5188849274204,127.099280476931,address
서초구,우면동,764,0,우솔마을서초리슈빌S아파트,서울특별시 서초구 우면동 764,37.456461265481,127.016236805991,address
구로구,고척동,330,0,삼익(1단지),서울특별시 구로구 고척동 330,37.5086321795224,126.852971017596,address
동작구,상도동,421,0,삼성래미안2,서울특별시 동작구 상도동 421,37.4980563380301,126.958276440435,address
영등포구,신길동,255,9,신길AK푸르지오,서울특별시 영등포구 신길동 255-9,37.5066122035087,126.910094992544,address
강서구,염창동,298,0,일신건영휴먼빌,서울특별시 강서구 염창동 298,37.5521253803936,126.873427807174,address
양천구,신월동,1029,0,신도신월1차,서울특별시 양천구 신월동 1029,37.5180484528284,126.846439281936,address
종로구,연지동,163,3,아르젠종로,서울특별시 종로구 연지동 163-3,37.5732441865852,126.998735666018,address
광진구,자양동,516,0,우성3,서울특별시 광진구 자양동 516,37.53601431485,127.071647065678,address
영등포구,신길동,499,0,동훈노보빌,서울특별시 영등포구 신길동 499,37.4995040835855,126.919068972523,address
강남구,도곡동,952,0,대우디오빌,서울특별시 강남구 도곡동 952,37.4864772207879,127.03352762796,address
영등포구,양평동3가,102,0,우림루미아트,서울특별시 영등포구 양평동3가 102,37.5266187666336,126.888021660823,address
마포구,망원동,509,0,휴먼빌,서울특별시 마포구 망원동 509,37.5586810422792,126.898742602721,address
양천구,신정동,334,0,쌍용,서울특별시 양천구 신정동 334,37.5172447842902,126.875553931104,address
서대문구,홍제동,459,0,홍제원현대(459-0),서울특별시 서대문구 홍제동 459,37.5876593304485,126.949588082808,address
노원구,월계동,803,1,극동,서울특별시 노원구 월계동 803-1,37.6295411399429,127.045906276065,address
영등포구,당산동2가,164,0,당산2가현대홈타운,서울특별시 영등포구 당산동2가 164,37.5236014309912,126.894917191256,address
서초구,양재동,352,13,금강,서울특별시 서초구 양재동 352-13,37.4673887175583,127.04464703148,address
도봉구,창동,823,0,금호어울림,서울특별시 도봉구 창동 823,37.656473916567,127.041736798042,address
영등포구,당산동5가,12,0,당산효성1차,서울특별시 영등포구 당산동5가 12,37.530620458402,126.901773216588,address
강서구,화곡동,24,90,근상프리즘,서울특별시 강서구 화곡동 24-90,37.5464706346225,126.845706340059,address
은평구,갈현동,550,0,대경아르체,서울특별시 은평구 갈현동 550,37.623042887584,126.919357977477,address
강북구,수유동,87,5,수유시그니티,서울특별시 강북구 수유동 87-5,37.6322988798863,127.02309945078,address
송파구,마천동,20,0,신동아,서울특별시 송파구 마천동 20,37.5004263627003,127.144773140255,address
강서구,내발산동,716,16,그린씨티,서울특별시 강서구 내발산동 716-16,37.5496523936224,126.833228716297,address
성북구,동소문동4가,279,0,송산아파트,서울특별시 성북구 동소문동4가 279,37.592389569798,127.010468499624,address
노원구,상계동,1101,2,송이월드A동,서울특별시 노원구 상계동 1101-2,37.6761043174604,127.052114911405,address
금천구,시흥동,992,2,남서울건영아파트,서울특별시 금천구 시흥동 992-2,37.4528488059904,126.898715349579,address
성동구,옥수동,436,0,극동그린,서울특별시 성동구 옥수동 436,37.542081527886,127.009867068046,address
서대문구,북아현동,1011,0,신촌푸르지오,서울특별시 서대문구 북아현동 1011,37.5602053578652,126.952106970386,address
관악구,신림동,1721,0,우정하이비전,서울특별시 관악구 신림동 1721,37.4716461056597,126.929357003298,address
동작구,사당동,1140,0,삼성,서울특별시 동작구 사당동 1140,37.4933893531578,126.979252032264,address
마포구,도화동,550,0,삼성,서울특별시 마포구 도화동 550,37.5401140793415,126.95034743992,address
서초구,우면동,753,0,서초호반써밋,서울특별시 서초구 우면동 753,37.4564360491133,127.013251949969,address
송파구,석촌동,24,3,석촌호수효성해링턴타워,서울특별시 송파구 석촌동 24-3,37.5065627773963,127.10037230504,address
구로구,개봉동,493,0,한양아이클래스구로,서울특별시 구로구 개봉동 493,37.4954197628397,126.856868759349,address
강남구,개포동,651,1,개포더샵트리에,서울특별시 강남구 개포동 651-1,37.4848296233372,127.057251233763,address
동대문구,청량리동,234,2,현대,서울특별시 동대문구 청량리동 234-2,37.584976577075,127.046350448809,address
은평구,진관동,2,0,상림마을6단지푸르지오(606~614동)BL1-7,서울특별시 은평구 진관동 2,37.6489648175447,126.931865892719,address
서초구,서초동,1509,1,서초한빛삼성,서울특별시 서초구 서초동 1509-1,37.4881042475702,127.007924176834,address
노원구,중계동,578,0,현대2(4차),서울특별시 노원구 중계동 578,37.6478441137209,127.084646922951,address
마포구,현석동,222,0,강변힐스테이트,서울특별시 마포구 현석동 222,37.543330888333,126.933280962995,address
노원구,중계동,584,1,삼창타워주상프라자,서울특별시 노원구 중계동 584-1,37.6590546172174,127.072714963046,address
구로구,개봉동,471,0,삼호,서울특별시 구로구 개봉동 471,37.4943248911439,126.857266745291,address
강동구,강일동,66,0,강동리버스트8단지,서울특별시 강동구 강일동 66,37.5715315670081,127.176246018824,address
은평구,수색동,418,0,DMCSKVIEW,서울특별시 은평구 수색동 418,37.5811245495641,126.900106082912,address
동대문구,장안동,372,9,청솔아파트(A동),서울특별시 동대문구 장안동 372-9,37.5710674882904,127.070237709182,address
강서구,마곡동,741,0,마곡엠밸리8단지,서울특별시 강서구 마곡동 741,37.5639536123299,126.819605455478,address
마포구,염리동,532,0,마포프레스티지자이,서울특별시 마포구 염리동 532,37.5527919981747,126.947755600775,address
성북구,하월곡동,70,4,동신주택,서울특별시 성북구 하월곡동 70-4,37.6058986239341,127.03620594499,address
양천구,목동,200,0,우성,서울특별시 양천구 목동 200,37.541299390644,126.875505927686,address
서초구,양재동,137,1,우성112,서울특별시 서초구 양재동 137-1,37.4751599611319,127.032726797431,address
서초구,반포동,114,1,더샵반포리버파크,서울특별시 서초구 반포동 114-1,37.4987792309782,126.992555092161,address
강남구,대치동,670,0,동부센트레빌,서울특별시 강남구 대치동 670,37.4927930896911,127.055744544281,address
마포구,창전동,6,31,대원파크빌,서울특별시 마포구 창전동 6-31,37.5531594406798,126.929573471005,address
중랑구,신내동,591,0,동성아파트,서울특별시 중랑구 신내동 591,37.6067265670772,127.096444206008,address
광진구,구의동,254,123,대영(1동),서울특별시 광진구 구의동 254-123,37.5419226066041,127.083596006138,address
노원구,월계동,951,0,월계센트럴아이파크,서울특별시 노원구 월계동 951,37.6302464149326,127.057463536772,address
성북구,석관동,110,2,중앙하이츠,서울특별시 성북구 석관동 110-2,37.6110925130042,127.066689824435,address
노원구,공릉동,90,0,청솔아파트9,서울특별시 노원구 공릉동 90,37.6214491190448,127.085148465261,address
금천구,독산동,961,13,목화102,서울특별시 금천구 독산동 961-13,37.4767650598509,126.904108004472,address
양천구,신정동,1013,15,목동해오름101동,서울특별시 양천구 신정동 1013-15,37.5225661376811,126.861576252171,address
강북구,수유동,741,0,칸타빌수유팰리스,서울특별시 강북구 수유동 741,37.6422149099986,127.025443625804,address
강서구,내발산동,728,0,롯데1차,서울특별시 강서구 내발산동 728,37.5541245097483,126.841080078124,address
강북구,미아동,160,3,푸르지오시티,서울특별시 강북구 미아동 160-3,37.6341884558025,127.023860909253,address
강북구,수유동,730,0,래미안수유,서울특별시 강북구 수유동 730,37.6447576270981,127.018385246533,address
서대문구,충정로2가,69,60,로얄패밀리아파트B동,서울특별시 서대문구 충정로2가 69-60,37.5645649414027,126.963223797634,address
동대문구,답십리동,989,1,우성그린,서울특별시 동대문구 답십리동 989-1,37.5749319843241,127.065952197042,address
중랑구,묵동,8,0,에이트플레이스,서울특별시 중랑구 묵동 8,37.6188673798391,127.087068608541,address
금천구,독산동,1144,0,독산동한양수자인,서울특별시 금천구 독산동 1144,37.4759170971238,126.899314724455,address
강남구,신사동,659,0,압구정대원칸타빌아파트,서울특별시 강남구 신사동 659,37.5274686878192,127.037226006238,address
용산구,원효로3가,277,8,용산소미글로벌리버파크,서울특별시 용산구 원효로3가 277-8,37.5329822031505,126.956010948315,address
성북구,종암동,131,0,아이파크종암동2차,서울특별시 성북구 종암동 131,37.5968551400627,127.031722511149,address
강서구,염창동,281,22,염창1차한화꿈에그린,서울특별시 강서구 염창동 281-22,37.5481830295131,126.873143646461,address
영등포구,도림동,221,1,도림청구,서울특별시 영등포구 도림동 221-1,37.5091665664743,126.895343471061,address
중랑구,신내동,797,0,동성7,서울특별시 중랑구 신내동 797,37.6060544878653,127.097141297689,address
성북구,돈암동,1,0,돈암현대아파트,서울특별시 성북구 돈암동 1,37.6032350599381,127.026198036694,address
은평구,응암동,117,22,응암하이포롬,서울특별시 은평구 응암동 117-22,37.5969211208422,126.919063567093,address
은평구,신사동,19,100,은평자이더스타,서울특별시 은평구 신사동 19-100,37.5981680351425,126.909671049316,address
구로구,신도림동,644,0,동아2,서울특별시 구로구 신도림동 644,37.5085457625955,126.885892478427,address
서초구,서초동,1350,13,동원베네스트아파트,서울특별시 서초구 서초동 1350-13,37.4854295104624,127.026505319429,address
중랑구,묵동,396,0,이편한세상화랑대,서울특별시 중랑구 묵동 396,37.6159945268682,127.083016486874,address
도봉구,창동,808,0,동아청솔,서울특별시 도봉구 창동 808,37.6578643872043,127.048380333971,address
은평구,구산동,355,98,동익파크2동(355-98),서울특별시 은평구 구산동 355-98,37.6150019079499,126.90718709549,address
동대문구,장안동,575,0,장안평월드메르디앙2차,서울특별시 동대문구 장안동 575,37.5633565631434,127.071180433514,address
용산구,이촌동,436,0,래미안첼리투스,서울특별시 용산구 이촌동 436,37.5171784532934,126.979990652892,address
성북구,장위동,322,22,장위지웰에스테이트,서울특별시 성북구 장위동 322-22,37.617835164631,127.056287438219,address
구로구,신도림동,645,0,동아3,서울특별시 구로구 신도림동 645,37.5095494557989,126.884199706954,address
은평구,대조동,198,10,대조동아트캐슬주상복합,서울특별시 은평구 대조동 198-10,37.6178079570163,126.920133512812,address
강동구,암사동,463,18,우암쎈스뷰,서울특별시 강동구 암사동 463-18,37.5534144834426,127.129602920973,address
강서구,내발산동,672,15,원다벨라빌,서울특별시 강서구 내발산동 672-15,37.5536085796559,126.840597935799,address
강남구,역삼동,720,25,대우디오빌,서울특별시 강남구 역삼동 720-25,37.5014564802212,127.042688993712,address
동대문구,장안동,432,12,장안솔렌시아6,서울특별시 동대문구 장안동 432-12,37.5627189671546,127.064692666614,address
서초구,방배동,459,1,현대아르빌,서울특별시 서초구 방배동 459-1,37.4815787160707,126.987193031786,address
은평구,역촌동,72,4,명남뉴아파트,서울특별시 은평구 역촌동 72-4,37.6045647713915,126.909286313482,address
강동구,암사동,414,2,롯데캐슬퍼스트,서울특별시 강동구 암사동 414-2,37.5566230974592,127.143039980028,address
서초구,방배동,888,38,롯데캐슬파크(38),서울특별시 서초구 방배동 888-38,37.486332410343,126.999744124817,address
강남구,삼성동,11,0,롯데캐슬프레미어,서울특별시 강남구 삼성동 11,37.5152740694001,127.04474442839,address
은평구,역촌동,85,41,리더스파크,서울특별시 은평구 역촌동 85-41,37.59928973309,126.915335301904,address
영등포구,대림동,897,1,한신휴2차,서울특별시 영등포구 대림동 897-1,37.4947718406647,126.904387593154,address
양천구,신월동,1036,0,수명산롯데캐슬,서울특별시 양천구 신월동 1036,37.5445574100504,126.828496648213,address
송파구,장지동,845,0,송파파인타운5단지,서울특별시 송파구 장지동 845,37.4800417298343,127.129956141818,address
노원구,공릉동,404,3,건영아파트,서울특별시 노원구 공릉동 404-3,37.6244393287891,127.071410253652,address
강동구,명일동,332,0,명일지에스아파트,서울특별시 강동구 명일동 332,37.5490172711955,127.145666455175,address
강남구,논현동,22,0,신동아(22),서울특별시 강남구 논현동 22,37.5147157100303,127.022668627156,address
마포구,신공덕동,155,0,신공덕1차삼성래미안1아파트,서울특별시 마포구 신공덕동 155,37.5433755525349,126.955640369823,address
마포구,신수동,190,0,신수동성원,서울특별시 마포구 신수동 190,37.5468465276338,126.93762318666,address
서대문구,홍은동,455,0,홍은동벽산,서울특별시 서대문구 홍은동 455,37.5953795593755,126.944732392243,address
강서구,방화동,872,0,마곡드림힐,서울특별시 강서구 방화동 872,37.5706065129227,126.815035303455,address
마포구,서교동,486,0,서교푸르지오,서울특별시 마포구 서교동 486,37.5537936941359,126.923694441522,address
성북구,동소문동6가,24,0,청기와,서울특별시 성북구 동소문동6가 24,37.5925010338335,127.013066111956,address
노원구,월계동,320,11,사슴3,서울특별시 노원구 월계동 320-11,37.6317295957652,127.059686274576,address
은평구,진관동,135,0,폭포동4단지힐스테이트(426~428동)BL3-11,서울특별시 은평구 진관동 135,37.6276515409663,126.936495053805,address
성북구,길음동,1279,0,길음뉴타운1단지(래미안길음1차),서울특별시 성북구 길음동 1279,37.6058391908289,127.020250058627,address
강서구,내발산동,696,2,내츄럴2차,서울특별시 강서구 내발산동 696-2,37.551760377308,126.832853621626,address
은평구,응암동,97,3,서안에이스,서울특별시 은평구 응암동 97-3,37.600297504204,126.926661567248,address
용산구,이태원동,22,2,청화1,서울특별시 용산구 이태원동 22-2,37.529947960527,126.994806998596,address
강동구,고덕동,312,0,배재현대,서울특별시 강동구 고덕동 312,37.5565174045034,127.152197097039,address
성북구,동선동1가,121,6,코아루센타시아,서울특별시 성북구 동선동1가 121-6,37.5930327773352,127.019165692086,address
도봉구,쌍문동,732,0,북한산코오롱하늘채,서울특별시 도봉구 쌍문동 732,37.6482484515853,127.023195607393,address
광진구,광장동,567,0,광나루현대,서울특별시 광진구 광장동 567,37.5471690328846,127.108616059607,address
동작구,사당동,1143,0,남해오네뜨,서울특별시 동작구 사당동 1143,37.487079274448,126.965533168568,address
송파구,거여동,294,0,거여5단지,서울특별시 송파구 거여동 294,37.4888423797669,127.145300427878,address
서대문구,홍제동,331,0,홍제현대,서울특별시 서대문구 홍제동 331,37.5888686374104,126.941383174425,address
구로구,구로동,98,0,대림오페라타워,서울특별시 구로구 구로동 98,37.4951463878047,126.889415703683,address
송파구,오금동,138,0,우방,서울특별시 송파구 오금동 138,37.5014248849179,127.139584273161,address
구로구,신도림동,638,0,우성5,서울특별시 구로구 신도림동 638,37.5126270852356,126.884179456304,address
영등포구,당산동5가,43,0,당산센트럴아이파크,서울특별시 영등포구 당산동5가 43,37.529977001915,126.903128849889,address
동대문구,답십리동,1014,0,답십리파크자이,서울특별시 동대문구 답십리동 1014,37.5677324870223,127.059520848719,address
광진구,자양동,520,2,우성2,서울특별시 광진구 자양동 520-2,37.5332682453268,127.073984735652,address
서초구,양재동,12,10,양재한신휴플러스,서울특별시 서초구 양재동 12-10,37.4841105663675,127.034997780761,address
구로구,구로동,314,0,극동,서울특별시 구로구 구로동 314,37.4910702074775,126.889773719203,address
양천구,신월동,547,9,당곡,서울특별시 양천구 신월동 547-9,37.5176563351209,126.839724153362,address
성동구,하왕십리동,1071,0,왕십리자이,서울특별시 성동구 하왕십리동 1071,37.560680599542,127.024489937553,address
강동구,성내동,606,0,올림픽파크한양수자인,서울특별시 강동구 성내동 606,37.5267470684684,127.128195139583,address
중구,신당동,290,42,삼성V아파트A동,서울특별시 중구 신당동 290-42,37.5615458357655,127.016037971964,address
영등포구,양평동4가,160,2,약산,서울특별시 영등포구 양평동4가 160-2,37.5367128136412,126.897912412559,address
강서구,등촌동,691,3,부영,서울특별시 강서구 등촌동 691-3,37.5635578457422,126.843641011129,address
도봉구,쌍문동,195,0,청구,서울특별시 도봉구 쌍문동 195,37.6595394036872,127.034532917843,address
노원구,상계동,1281,0,코오롱,서울특별시 노원구 상계동 1281,37.6527020046054,127.069828720855,address
도봉구,쌍문동,724,0,백조,서울특별시 도봉구 쌍문동 724,37.6460347946701,127.026343935522,address
은평구,증산동,174,8,삼성베스트빌,서울특별시 은평구 증산동 174-8,37.581756386698,126.906675449511,address
관악구,봉천동,1706,0,봉천우성,서울특별시 관악구 봉천동 1706,37.4849781107912,126.959527564225,address
금천구,독산동,182,1,정심아파트,서울특별시 금천구 독산동 182-1,37.4707548636939,126.906455724684,address
강남구,수서동,746,0,까치마을,서울특별시 강남구 수서동 746,37.4847340598121,127.087618357538,address
강서구,염창동,66,9,염창동한강우성,서울특별시 강서구 염창동 66-9,37.5557364730159,126.870260078656,address
강서구,화곡동,1151,0,우장산한화꿈에그린,서울특별시 강서구 화곡동 1151,37.5540084096723,126.847392667674,address
동작구,사당동,1161,0,이수푸르지오더프레티움,서울특별시 동작구 사당동 1161,37.4924131847065,126.980201593608,address
양천구,목동,944,0,대원칸타빌3,서울특별시 양천구 목동 944,37.5309676507482,126.867097955947,address
마포구,중동,398,0,울트라월드컵(참누리),서울특별시 마포구 중동 398,37.5716676137759,126.905565343328,address
동대문구,답십리동,42,0,동답한신,서울특별시 동대문구 답십리동 42,37.5708103275802,127.062579152969,address
성북구,정릉동,1014,0,정릉스카이쌍용아파트,서울특별시 성북구 정릉동 1014,37.5995593887366,127.016729758853,address
금천구,독산동,293,10,독산현대,서울특별시 금천구 독산동 293-10,37.4674569169307,126.895005775673,address
노원구,중계동,137,39,정진아트리움,서울특별시 노원구 중계동 137-39,37.662033497416,127.075494801587,address
중랑구,면목동,1522,1,두산5,서울특별시 중랑구 면목동 1522-1,37.5780844808533,127.081257133954,address
동작구,신대방동,565,0,우성1차,서울특별시 동작구 신대방동 565,37.4923450045827,126.911834501109,address
강서구,화곡동,1173,0,우장산숲아이파크,서울특별시 강서구 화곡동 1173,37.5449498497367,126.839296506434,address
은평구,증산동,174,14,자선메르시안(102),서울특별시 은평구 증산동 174-14,37.582479005233,126.90738972176,address
노원구,공릉동,389,13,임성아파트,서울특별시 노원구 공릉동 389-13,37.6275524605638,127.075958921815,address
강동구,길동,477,0,이편한세상강동에코포레,서울특별시 강동구 길동 477,37.5413460748366,127.148205142647,address
관악구,신림동,1695,0,동부,서울특별시 관악구 신림동 1695,37.4805264748276,126.929237392735,address
영등포구,당산동4가,98,0,브라운스톤당산,서울특별시 영등포구 당산동4가 98,37.5275616499524,126.901882778959,address
도봉구,쌍문동,723,0,신원2,서울특별시 도봉구 쌍문동 723,37.6583073087137,127.035750750525,address
송파구,거여동,44,0,현대2차,서울특별시 송파구 거여동 44,37.4946310684934,127.146402085938,address
마포구,연남동,564,35,리츠,서울특별시 마포구 연남동 564-35,37.5588875430381,126.918918885223,address
영등포구,양평동3가,79,4,현대2차,서울특별시 영등포구 양평동3가 79-4,37.5320659499141,126.895595005789,address
강서구,마곡동,1577,0,마곡나루경남아파트,서울특별시 강서구 마곡동 1577,37.5680972870618,126.822338113508,address
양천구,신월동,1057,1,롯데캐슬(1057-1),서울특별시 양천구 신월동 1057-1,37.5236188605496,126.840964033697,address
송파구,풍납동,511,0,송파현대힐스테이트,서울특별시 송파구 풍납동 511,37.5310251132157,127.118533373628,address
강북구,번동,139,0,해모로아파트,서울특별시 강북구 번동 139,37.6263821831818,127.037518381078,address
마포구,창전동,443,0,해모로,서울특별시 마포구 창전동 443,37.5462729070764,126.929685980593,address
은평구,대조동,15,49,루체하임,서울특별시 은평구 대조동 15-49,37.6091773187043,126.930411545989,address
구로구,고척동,338,0,마젤란,서울특별시 구로구 고척동 338,37.5043033937635,126.86410600678,address
양천구,목동,912,0,목동신시가지5,서울특별시 양천구 목동 912,37.5341158028542,126.882083784433,address
송파구,마천동,582,0,송파파크데일1단지,서울특별시 송파구 마천동 582,37.4989573942833,127.159109968729,address
마포구,공덕동,30,10,솔리스타,서울특별시 마포구 공덕동 30-10,37.5502837926654,126.960492662094,address
구로구,항동,246,0,항동제일풍경채포레스트,서울특별시 구로구 항동 246,37.4754939111357,126.816123621092,address
구로구,신도림동,432,1,SKVIEW,서울특별시 구로구 신도림동 432-1,37.5070050872767,126.886497534129,address
용산구,효창동,274,0,효창파크푸르지오,서울특별시 용산구 효창동 274,37.5401200964413,126.958208884069,address
중구,묵정동,11,2,충무,서울특별시 중구 묵정동 11-2,37.5607801747959,127.000688822151,address
강북구,수유동,739,0,북한산스카이뷰아파트,서울특별시 강북구 수유동 739,37.6461495433814,127.009281177288,address
양천구,신월동,1042,0,삼익플라주,서울특별시 양천구 신월동 1042,37.5195611712599,126.842760718489,address
도봉구,쌍문동,73,0,경남,서울특별시 도봉구 쌍문동 73,37.6548047423787,127.035145507637,address
금천구,시흥동,949,18,거상홈타운801동,서울특별시 금천구 시흥동 949-18,37.4407873830957,126.907278168334,address
노원구,공릉동,690,2,삼익아파트,서울특별시 노원구 공릉동 690-2,37.618099694586,127.072325173996,address
동작구,노량진동,39,20,한강더퍼스트타워,서울특별시 동작구 노량진동 39-20,37.5126184544791,126.938099819765,address
송파구,마천동,21,0,송파건원여미지아파트,서울특별시 송파구 마천동 21,37.5000201431861,127.145544079111,address
노원구,상계동,1128,0,극동늘푸른,서울특별시 노원구 상계동 1128,37.6773550990509,127.057269052995,address
서초구,우면동,788,0,엘에이치서초4단지,서울특별시 서초구 우면동 788,37.458461703115,127.023654863934,address
관악구,봉천동,905,10,노블레스,서울특별시 관악구 봉천동 905-10,37.4852892776019,126.941927998221,address
강북구,미아동,152,0,요진,서울특별시 강북구 미아동 152,37.6334537426819,127.027015504212,address
성동구,성수동1가,479,1,강변동양,서울특별시 성동구 성수동1가 479-1,37.5376921057983,127.046314602996,address
양천구,신월동,207,24,금강,서울특별시 양천구 신월동 207-24,37.5269317526961,126.833511114007,address
강동구,천호동,55,25,다성이즈빌아파트(55-25),서울특별시 강동구 천호동 55-25,37.5414214352439,127.140206572569,address
광진구,구의동,610,0,구의현대6단지,서울특별시 광진구 구의동 610,37.5384985628719,127.09466413874,address
성북구,하월곡동,229,0,길음서희스타힐스,서울특별시 성북구 하월곡동 229,37.6053900689558,127.027298893023,address
강동구,길동,480,0,길동다성이즈빌,서울특별시 강동구 길동 480,37.5388628391626,127.141439283553,address
송파구,가락동,138,0,가락미륭아파트,서울특별시 송파구 가락동 138,37.4937946759827,127.128586141162,address
동대문구,회기동,65,0,신현대,서울특별시 동대문구 회기동 65,37.5896046831577,127.051822428181,address
중랑구,신내동,785,0,건영2차,서울특별시 중랑구 신내동 785,37.601677289484,127.095719045413,address
성북구,성북동,179,96,성북좋은,서울특별시 성북구 성북동 179-96,37.5905232259376,127.005594632127,address
마포구,공덕동,43,0,공덕2삼성래미안,서울특별시 마포구 공덕동 43,37.5510235757328,126.959614890478,address
강동구,천호동,450,0,강동상떼빌,서울특별시 강동구 천호동 450,37.5370222391811,127.130435922027,address
도봉구,쌍문동,574,0,성원하이츠A동,서울특별시 도봉구 쌍문동 574,37.6575747203012,127.038883697083,address
서대문구,북아현동,1017,0,힐스테이트신촌,서울특별시 서대문구 북아현동 1017,37.5622057682356,126.951051271738,address
노원구,공릉동,504,5,주완위즈빌2,서울특별시 노원구 공릉동 504-5,37.6258490047318,127.076594841386,address
성북구,하월곡동,226,0,월곡래미안루나밸리,서울특별시 성북구 하월곡동 226,37.5991654480784,127.042132130732,address
노원구,상계동,1285,0,동아불암,서울특별시 노원구 상계동 1285,37.6669567609885,127.079688357716,address
강동구,천호동,163,34,우정에쉐르(101동),서울특별시 강동구 천호동 163-34,37.5379433466147,127.133565809765,address
성북구,돈암동,633,0,동부센트레빌,서울특별시 성북구 돈암동 633,37.6019579683172,127.026323062958,address
구로구,고척동,329,0,청솔우성,서울특별시 구로구 고척동 329,37.5062122000515,126.859888142289,address
광진구,광장동,583,0,포제스한강,서울특별시 광진구 광장동 583,37.5473968066676,127.109492596755,address
동작구,상도동,521,0,포스코더샵,서울특별시 동작구 상도동 521,37.5020771686333,126.942973546609,address
강동구,천호동,528,0,천호동삼성아파트,서울특별시 강동구 천호동 528,37.5387182059275,127.135228656951,address
강남구,도곡동,965,0,중명하니빌,서울특별시 강남구 도곡동 965,37.4859163971427,127.038934194329,address
강서구,내발산동,738,0,청솔숲속마을102동,서울특별시 강서구 내발산동 738,37.5519375780382,126.839856397012,address
은평구,신사동,372,0,응암역효성해링턴플레이스,서울특별시 은평구 신사동 372,37.5977171428802,126.908803517148,address
도봉구,창동,27,0,주공19단지(창동리버타운),서울특별시 도봉구 창동 27,37.6492614170598,127.0508054847,address
강동구,성내동,446,12,동남2,서울특별시 강동구 성내동 446-12,37.5247850159679,127.130608626316,address
송파구,문정동,114,0,인택,서울특별시 송파구 문정동 114,37.4867910612173,127.132658324229,address
서대문구,홍제동,467,0,인왕산어울림,서울특별시 서대문구 홍제동 467,37.5838125684033,126.950935686248,address
강서구,등촌동,722,0,등촌파밀리에더클래식101동,서울특별시 강서구 등촌동 722,37.5548397581998,126.858759473823,address
중랑구,면목동,1511,0,두산3,서울특별시 중랑구 면목동 1511,37.5797311516001,127.083048887966,address
노원구,중계동,592,0,중계3벽산,서울특별시 노원구 중계동 592,37.6542913240526,127.073557408671,address
서대문구,홍은동,463,0,동원베네스트,서울특별시 서대문구 홍은동 463,37.5989341410052,126.943949771598,address
중랑구,면목동,1521,0,두원,서울특별시 중랑구 면목동 1521,37.5734234639421,127.079794159815,address
도봉구,창동,812,0,창동현대타운,서울특별시 도봉구 창동 812,37.6470828436738,127.035226059775,address
서초구,잠원동,56,3,한신,서울특별시 서초구 잠원동 56-3,37.5159685270588,127.010781546722,address
구로구,구로동,46,5,한스타워,서울특별시 구로구 구로동 46-5,37.5004450537744,126.891684509507,address
노원구,중계동,360,2,청구3,서울특별시 노원구 중계동 360-2,37.6498275508447,127.074331602869,address
강서구,염창동,291,0,현대3,서울특별시 강서구 염창동 291,37.5519821461266,126.876169884889,address
구로구,구로동,74,30,현대,서울특별시 구로구 구로동 74-30,37.4961099448584,126.893059422957,address
노원구,상계동,1309,0,한일유앤아이,서울특별시 노원구 상계동 1309,37.6541782464313,127.07106577738,address
성북구,동소문동7가,23,0,한신플러스C,서울특별시 성북구 동소문동7가 23,37.5951748724593,127.014148072591,address
중구,묵정동,11,67,묵정,서울특별시 중구 묵정동 11-67,37.560682598836,127.000052968838,address
구로구,구로동,1280,1,한신휴플러스(1280-1),서울특별시 구로구 구로동 1280-1,37.4878141452639,126.889868169002,address
강동구,길동,457,0,청광플러스원큐브2차,서울특별시 강동구 길동 457,37.5351295286391,127.136944432785,address
동대문구,용두동,792,0,래미안 허브리츠,서울특별시 동대문구 용두동 792,37.5753483719501,127.036037644843,address
도봉구,방학동,275,0,벽산아파트1,서울특별시 도봉구 방학동 275,37.6604565423523,127.032527356121,address
광진구,자양동,695,0,한양,서울특별시 광진구 자양동 695,37.531444176204,127.091000782641,address
강남구,삼성동,87,0,아이파크,서울특별시 강남구 삼성동 87,37.5182872615614,127.059339817012,address
성동구,하왕십리동,1061,0,왕십리풍림아이원,서울특별시 성동구 하왕십리동 1061,37.5591231912151,127.025086333415,address
마포구,중동,390,0,DMC마포청구아파트,서울특별시 마포구 중동 390,37.5740531394105,126.901873208452,address
은평구,신사동,358,0,신성수정,서울특별시 은평구 신사동 358,37.5927419948865,126.906318080601,address
송파구,풍납동,506,0,동아한가람1,서울특별시 송파구 풍납동 506,37.5374791620866,127.115622268828,address
금천구,독산동,184,3,아셈그린힐,서울특별시 금천구 독산동 184-3,37.4693177423216,126.905199795277,address
송파구,장지동,849,0,송파파인타운3단지,서울특별시 송파구 장지동 849,37.4838849061894,127.132938562438,address
성동구,성수동2가,279,50,성수1차대우아파트,서울특별시 성동구 성수동2가 279-50,37.545381001259,127.065305369137,address
송파구,거여동,696,0,e편한세상송파파크센트럴,서울특별시 송파구 거여동 696,37.4939016894152,127.150146674183,address
중랑구,망우동,610,0,신내역금강펜테리움센트럴파크,서울특별시 중랑구 망우동 610,37.609280353709,127.110111359196,address
강남구,압구정동,433,0,신현대11차,서울특별시 강남구 압구정동 433,37.5275560033999,127.024419823616,address
강동구,암사동,509,0,선사현대아파트,서울특별시 강동구 암사동 509,37.5523963093311,127.125814420892,address
강동구,성내동,467,1,새한올림픽,서울특별시 강동구 성내동 467-1,37.5252922172171,127.127616490604,address
강서구,염창동,268,0,관음삼성,서울특별시 강서구 염창동 268,37.5525918225659,126.869126258107,address
강서구,염창동,280,0,극동상록수,서울특별시 강서구 염창동 280,37.5489294807352,126.872117460239,address
관악구,봉천동,1728,0,관악파크푸르지오,서울특별시 관악구 봉천동 1728,37.4827737545981,126.961294015978,address
관악구,봉천동,30,8,관악태우미소가,서울특별시 관악구 봉천동 30-8,37.4839896906785,126.955961786126,address
은평구,진관동,1,0,상림마을6단지푸르지오(615~621동)BL1-6,서울특별시 은평구 진관동 1,37.6492243049648,126.930330570768,address
중랑구,상봉동,494,0,금강산아파트,서울특별시 중랑구 상봉동 494,37.5920359056725,127.074282238748,address
동대문구,이문동,311,0,래미안이문2차,서울특별시 동대문구 이문동 311,37.5935265008564,127.060218054769,address
동대문구,휘경동,377,0,이문휘경지웰에스테이트,서울특별시 동대문구 휘경동 377,37.5944086019984,127.063929388682,address
은평구,신사동,367,0,이랜드타운아파트,서울특별시 은평구 신사동 367,37.5905782683193,126.90385947524,address
송파구,가락동,176,0,삼환,서울특별시 송파구 가락동 176,37.4953567464389,127.136772941986,address
동작구,사당동,1159,0,래미안로이파크,서울특별시 동작구 사당동 1159,37.4885121810048,126.973323417623,address
양천구,목동,739,5,목동길성그랑프리텔,서울특별시 양천구 목동 739-5,37.5388323195401,126.866475487726,address
양천구,신월동,1076,0,목동센트럴아이파크위브2단지,서울특별시 양천구 신월동 1076,37.5153280609842,126.842542809508,address
송파구,문정동,4,2,성해,서울특별시 송파구 문정동 4-2,37.4908616209272,127.126675220957,address
성북구,길음동,1280,1,길음뉴타운3단지푸르지오,서울특별시 성북구 길음동 1280-1,37.6101143477321,127.016442073865,address
영등포구,당산동4가,29,0,한강아파트,서울특별시 영등포구 당산동4가 29,37.5279617763568,126.902744092762,address
강동구,암사동,504,8,한건,서울특별시 강동구 암사동 504-8,37.5528437274999,127.127677035167,address
동작구,상도동,450,0,상도동래미안1차,서울특별시 동작구 상도동 450,37.5047906409576,126.933985374094,address
양천구,목동,709,2,성원2,서울특별시 양천구 목동 709-2,37.5427545378085,126.863471041276,address
구로구,구로동,1257,0,럭키,서울특별시 구로구 구로동 1257,37.4920113656363,126.894070412809,address
중랑구,망우동,580,0,금호어울림(580),서울특별시 중랑구 망우동 580,37.6022199011735,127.109269400548,address
성북구,정릉동,1020,0,정릉우성아파트 101~105동,서울특별시 성북구 정릉동 1020,37.600961561447,127.015703871408,address
용산구,이촌동,399,1,우성,서울특별시 용산구 이촌동 399-1,37.5216751604394,126.968363418261,address
동작구,흑석동,341,0,아크로리버하임,서울특별시 동작구 흑석동 341,37.5106657671672,126.959685506035,address
송파구,방이동,171,0,올림픽베어스타운1,서울특별시 송파구 방이동 171,37.5147668372164,127.118944719091,address
서대문구,현저동,200,0,독립문극동(200-0),서울특별시 서대문구 현저동 200,37.5720347102743,126.956767247418,address
서초구,우면동,789,0,엘에이치서초5단지,서울특별시 서초구 우면동 789,37.4589691364304,127.02504854353,address
서대문구,냉천동,261,0,돈의문센트레빌,서울특별시 서대문구 냉천동 261,37.566139089896,126.961583473485,address
영등포구,영등포동2가,139,0,여의도리미티오148,서울특별시 영등포구 영등포동2가 139,37.519274930489,126.912155529644,address
영등포구,신길동,4974,0,더샵파크프레스티지,서울특별시 영등포구 신길동 4974,37.5076988883676,126.916453369827,address
강남구,압구정동,434,0,신현대12차,서울특별시 강남구 압구정동 434,37.5289291939725,127.024109041617,address
동대문구,용두동,104,3,동대문푸르지오시티(도시형생활주택),서울특별시 동대문구 용두동 104-3,37.577770570406,127.032755692159,address
강서구,화곡동,916,32,우공팰리스,서울특별시 강서구 화곡동 916-32,37.5293671969886,126.843284875865,address
양천구,신월동,81,5,덕현해밀(101동),서울특별시 양천구 신월동 81-5,37.5365131777133,126.829537786692,address
강남구,대치동,65,0,쌍용대치2,서울특별시 강남구 대치동 65,37.4994725764941,127.070483284674,address
중랑구,중화동,452,0,동구햇살아파트101동,서울특별시 중랑구 중화동 452,37.5998839504267,127.078518897901,address
중랑구,면목동,1510,0,두산2,서울특별시 중랑구 면목동 1510,37.5805528586606,127.083558345922,address
송파구,가락동,165,0,래미안파크팰리스,서울특별시 송파구 가락동 165,37.4981915870374,127.13209665739,address
은평구,진관동,66,0,은평뉴타운꿈에그린,서울특별시 은평구 진관동 66,37.6399136661294,126.919886990939,address
영등포구,신길동,4501,0,우창,서울특별시 영등포구 신길동 4501,37.4973007949743,126.912296623057,address
강북구,미아동,1361,0,이너스내안에,서울특별시 강북구 미아동 1361,37.6326967302794,127.026637633248,address
강서구,화곡동,1158,0,우장산에스케이뷰,서울특별시 강서구 화곡동 1158,37.5481776604121,126.843036379253,address
동대문구,답십리동,1013,0,래미안미드카운티,서울특별시 동대문구 답십리동 1013,37.5744246920538,127.056267653451,address
영등포구,문래동4가,68,0,리버뷰신안인스빌2단지,서울특별시 영등포구 문래동4가 68,37.5132658869669,126.890304031453,address
용산구,한남동,810,0,한남더힐,서울특별시 용산구 한남동 810,37.5369726180181,127.009490412576,address
용산구,한강로3가,98,0,센트럴파크,서울특별시 용산구 한강로3가 98,37.5259402145642,126.967620397573,address
강서구,가양동,1500,0,강서한강자이,서울특별시 강서구 가양동 1500,37.5664868440078,126.849144523266,address
동작구,흑석동,339,0,흑석한강센트레빌Ⅱ,서울특별시 동작구 흑석동 339,37.5022759634365,126.958629091553,address
양천구,목동,722,5,세종그랑시아,서울특별시 양천구 목동 722-5,37.5385605252314,126.864060041611,address
노원구,공릉동,743,0,공릉동한보에센시티아파트,서울특별시 노원구 공릉동 743,37.6280886404723,127.080308529909,address
노원구,하계동,288,0,하계2현대,서울특별시 노원구 하계동 288,37.6446075819338,127.072058758551,address
강남구,삼성동,188,0,삼성동센트럴아이파크,서울특별시 강남구 삼성동 188,37.5154203230155,127.051131434251,address
중랑구,상봉동,500,0,프레미어스엠코,서울특별시 중랑구 상봉동 500,37.598101220303,127.090513674158,address
송파구,거여동,597,0,송파레이크파크호반써밋Ⅰ,서울특별시 송파구 거여동 597,37.4845453113215,127.138843147048,address
은평구,갈현동,537,0,갈현동현대,서울특별시 은평구 갈현동 537,37.6222185598846,126.914226401537,address
중랑구,묵동,382,0,신안2,서울특별시 중랑구 묵동 382,37.6141121269446,127.080097893145,address
강서구,화곡동,24,123,화성파크빌,서울특별시 강서구 화곡동 24-123,37.5459067332913,126.846008052149,address
관악구,신림동,1702,1,건영4,서울특별시 관악구 신림동 1702-1,37.4803693369171,126.933100688351,address
동대문구,장안동,432,11,프라하임장안1,서울특별시 동대문구 장안동 432-11,37.5626220571184,127.064624785485,address
은평구,구산동,159,10,브라운스톤구산,서울특별시 은평구 구산동 159-10,37.61150506029,126.90924503932,address
강서구,등촌동,714,0,코오롱하늘채,서울특별시 강서구 등촌동 714,37.5543262265236,126.860686283703,address
서대문구,홍제동,453,0,청구1차,서울특별시 서대문구 홍제동 453,37.5819153538654,126.95204947944,address
도봉구,창동,316,0,창동주공2단지,서울특별시 도봉구 창동 316,37.6527358103485,127.042299723487,address
강북구,미아동,797,0,미아1차래미안,서울특별시 강북구 미아동 797,37.6260087812506,127.01932742399,address
서초구,방배동,841,12,방배대우멤버스카운티301,서울특별시 서초구 방배동 841-12,37.4917983345695,126.994458649139,address
송파구,오금동,160,0,삼성,서울특별시 송파구 오금동 160,37.4964543852991,127.139059809813,address
강북구,미아동,4,0,꿈의숲롯데캐슬,서울특별시 강북구 미아동 4,37.6174080707171,127.036391166899,address
동작구,신대방동,395,66,보라매삼성쉐르빌,서울특별시 동작구 신대방동 395-66,37.4914351023845,126.923367582379,address
송파구,문정동,618,0,파크하비오,서울특별시 송파구 문정동 618,37.4806047633012,127.12366621502,address
은평구,갈현동,538,0,미미,서울특별시 은평구 갈현동 538,37.6189925230757,126.913538710261,address
성동구,사근동,314,0,벽산,서울특별시 성동구 사근동 314,37.5603831621427,127.049548639186,address
서초구,잠원동,71,17,중앙하이츠,서울특별시 서초구 잠원동 71-17,37.5101985288116,127.004848246086,address
송파구,가락동,78,1,한화오벨리스크,서울특별시 송파구 가락동 78-1,37.4948258197176,127.121927507127,address
영등포구,대림동,1119,0,대림동갑을명가아파트,서울특별시 영등포구 대림동 1119,37.4956735475526,126.903696863133,address
은평구,구산동,546,0,대림e-편한세상2,서울특별시 은평구 구산동 546,37.6123949614304,126.905676281624,address
광진구,구의동,670,0,광진파크프라이빗,서울특별시 광진구 구의동 670,37.5432509878955,127.091910752474,address
강동구,명일동,354,0,형인허브빌,서울특별시 강동구 명일동 354,37.5470552421548,127.144432355393,address
광진구,자양동,769,1,노블스카이,서울특별시 광진구 자양동 769-1,37.5393463984714,127.081635312991,address
구로구,구로동,98,4,대림역와이즈플레이스,서울특별시 구로구 구로동 98-4,37.4955829797241,126.890343922923,address
노원구,하계동,256,5,한신동성,서울특별시 노원구 하계동 256-5,37.6398090940931,127.075557282958,address
송파구,송파동,119,0,한양아파트,서울특별시 송파구 송파동 119,37.5056922024259,127.114095713741,address
동작구,신대방동,707,0,현대,서울특별시 동작구 신대방동 707,37.4945653935954,126.912248369811,address
영등포구,대림동,1101,7,G밸리소홈,서울특별시 영등포구 대림동 1101-7,37.4865912720053,126.900182794019,address
구로구,고척동,148,1,고척 푸르지오 힐스테이트,서울특별시 구로구 고척동 148-1,37.5036041619324,126.85816006202,address
송파구,풍납동,261,0,현대리버빌2지구,서울특별시 송파구 풍납동 261,37.5321396358538,127.116830825559,address
동작구,상도동,256,28,다온아파트,서울특별시 동작구 상도동 256-28,37.4984577528338,126.933682899663,address
구로구,구로동,685,147,현대상선,서울특별시 구로구 구로동 685-147,37.4960519869948,126.875213329214,address
관악구,봉천동,1730,1,e편한세상서울대입구2단지,서울특별시 관악구 봉천동 1730-1,37.4762733540956,126.942526812084,address
송파구,송파동,166,0,가락삼익맨숀,서울특별시 송파구 송파동 166,37.503928273964,127.121096127946,address
강남구,역삼동,716,3,개나리SK뷰,서울특별시 강남구 역삼동 716-3,37.5014129423797,127.049867919661,address
동작구,대방동,506,0,현대홈타운2,서울특별시 동작구 대방동 506,37.5107716956651,126.931307528779,address
서대문구,대현동,104,36,신촌자이엘라,서울특별시 서대문구 대현동 104-36,37.55684321267,126.942455821627,address
서대문구,홍제동,322,138,홍제에스피엘,서울특별시 서대문구 홍제동 322-138,37.5839158064261,126.942515939074,address
마포구,노고산동,1,3,신촌포스빌,서울특별시 마포구 노고산동 1-3,37.5562257581317,126.942269105772,address
강서구,염창동,299,0,강변힐스테이트,서울특별시 강서구 염창동 299,37.5512518819948,126.874542960241,address
도봉구,창동,635,42,LIG건영캐스빌,서울특별시 도봉구 창동 635-42,37.6414406910731,127.034034160072,address
노원구,공릉동,106,0,공릉해링턴플레이스,서울특별시 노원구 공릉동 106,37.627737624921,127.086908237543,address
구로구,천왕동,282,0,천왕이펜하우스1단지,서울특별시 구로구 천왕동 282,37.4860990493366,126.837387757461,address
종로구,창신동,702,0,창신쌍용1,서울특별시 종로구 창신동 702,37.5805125839757,127.014014651795,address
양천구,목동,962,0,트라팰리스웨스턴에비뉴,서울특별시 양천구 목동 962,37.52599390147,126.870383328651,address
성북구,삼선동4가,73,0,코오롱,서울특별시 성북구 삼선동4가 73,37.5903352709541,127.012680877598,address
노원구,상계동,1272,0,수락현대,서울특별시 노원구 상계동 1272,37.6752765325711,127.060003280733,address
마포구,대흥동,806,0,마포그랑자이,서울특별시 마포구 대흥동 806,37.555259297312,126.944416178426,address
종로구,평창동,595,0,갑을아파트,서울특별시 종로구 평창동 595,37.6047043115562,126.963630877352,address
마포구,도화동,536,0,정우상가맨션,서울특별시 마포구 도화동 536,37.5425216964611,126.947355980265,address
강서구,염창동,250,3,이너스양화6차,서울특별시 강서구 염창동 250-3,37.5503005515302,126.874319921281,address
양천구,목동,950,0,목동이-편한세상,서울특별시 양천구 목동 950,37.5391415775902,126.871708852576,address
서초구,잠원동,60,3,메이플자이,서울특별시 서초구 잠원동 60-3,37.5116545437445,127.012376190147,address
양천구,목동,904,0,목동신시가지4,서울특별시 양천구 목동 904,37.5319318273523,126.871591433831,address
중랑구,면목동,1519,0,신성,서울특별시 중랑구 면목동 1519,37.5889191199438,127.072956118746,address
동대문구,장안동,581,0,일성트루엘,서울특별시 동대문구 장안동 581,37.5652943577914,127.065377531925,address
중구,인현동2가,192,30,인현상가/신성아파트,서울특별시 중구 인현동2가 192-30,37.5637577158708,126.99580566902,address
종로구,무악동,60,0,인왕산아이파크,서울특별시 종로구 무악동 60,37.5770012392237,126.95744531003,address
강북구,번동,470,1,삼성,서울특별시 강북구 번동 470-1,37.6414389494623,127.031882975676,address
은평구,응암동,116,26,드림캐시아1,서울특별시 은평구 응암동 116-26,37.597629368032,126.919956354596,address
관악구,신림동,1727,0,그대家,서울특별시 관악구 신림동 1727,37.4697051500318,126.919101109642,address
영등포구,영등포동2가,28,138,현대팰리스,서울특별시 영등포구 영등포동2가 28-138,37.5219671762817,126.910660284463,address
중구,정동,37,0,삼정아트테라스정동,서울특별시 중구 정동 37,37.5632014230769,126.971934852329,address
강동구,길동,344,5,대상,서울특별시 강동구 길동 344-5,37.5411636636112,127.144758181737,address
송파구,마천동,576,0,우방아파트,서울특별시 송파구 마천동 576,37.5003219980014,127.15203942412,address
성북구,돈암동,641,0,대성유니드(641-0),서울특별시 성북구 돈암동 641,37.5973189457117,127.020925811003,address
동작구,신대방동,686,48,동작협성휴포레시그니처,서울특별시 동작구 신대방동 686-48,37.4863264672324,126.905217202756,address
강서구,염창동,306,0,염창힐스테이트,서울특별시 강서구 염창동 306,37.551385614756,126.873552523552,address
도봉구,도봉동,644,0,도봉파크빌3,서울특별시 도봉구 도봉동 644,37.6876330896878,127.048658044037,address
강서구,등촌동,852,0,등촌센트럴르씨엘,서울특별시 강서구 등촌동 852,37.555676657825,126.856339487325,address
중랑구,면목동,1286,1,동일스카이씨티(37차),서울특별시 중랑구 면목동 1286-1,37.5922409204764,127.088710197832,address
강서구,방화동,895,0,동일스위트리버2차,서울특별시 강서구 방화동 895,37.5788088478587,126.816163629115,address
서대문구,냉천동,260,0,동부센트레빌,서울특별시 서대문구 냉천동 260,37.5666069058543,126.96001226599,address
종로구,숭인동,1420,0,에비뉴청계Ⅱ,서울특별시 종로구 숭인동 1420,37.573217563545,127.022387385825,address
동대문구,휘경동,117,0,동양2차,서울특별시 동대문구 휘경동 117,37.5923134152138,127.066893180891,address
송파구,오금동,119,27,그랑밸리(119-27),서울특별시 송파구 오금동 119-27,37.5033259407648,127.13933391501,address
광진구,구의동,198,4,광남캐스빌(198-4),서울특별시 광진구 구의동 198-4,37.5401038249449,127.095731137132,address
광진구,자양동,784,1,대동,서울특별시 광진구 자양동 784-1,37.5364211918477,127.06832734047,address
동대문구,답십리동,1002,0,청계한신휴플러스,서울특별시 동대문구 답십리동 1002,37.5723553121327,127.046019329585,address
노원구,월계동,923,0,초안1,서울특별시 노원구 월계동 923,37.6329811765686,127.04430328766,address
은평구,응암동,117,24,펠리시티,서울특별시 은평구 응암동 117-24,37.5965708759107,126.919151704036,address
강서구,화곡동,347,13,태경(347-13),서울특별시 강서구 화곡동 347-13,37.5322743318752,126.842988367429,address
강북구,번동,133,1,번동한양아파트,서울특별시 강북구 번동 133-1,37.6267143060941,127.041240405765,address
서초구,우면동,720,0,서초네이처힐4단지,서울특별시 서초구 우면동 720,37.4636344096655,127.02623346136,address
마포구,망원동,420,0,성원1,서울특별시 마포구 망원동 420,37.5568179169546,126.900921146997,address
성동구,마장동,818,0,현대,서울특별시 성동구 마장동 818,37.5694595542901,127.042547908615,address
중랑구,면목동,1543,0,한양수자인사가정파크,서울특별시 중랑구 면목동 1543,37.5794901864405,127.094032791992,address
송파구,가락동,8,0,가락스타클래스,서울특별시 송파구 가락동 8,37.5028765892116,127.126120548077,address
송파구,가락동,95,0,동부센트레빌,서울특별시 송파구 가락동 95,37.4978926729313,127.116289143694,address
중구,신당동,857,0,약수역더시티,서울특별시 중구 신당동 857,37.5531773450446,127.010711986181,address
동대문구,제기동,1213,0,어진재,서울특별시 동대문구 제기동 1213,37.5909696582811,127.037911611595,address
도봉구,쌍문동,59,3,한양5,서울특별시 도봉구 쌍문동 59-3,37.6560211163906,127.032133993703,address
은평구,응암동,113,35,애필리움,서울특별시 은평구 응암동 113-35,37.5979028370539,126.916472080344,address
용산구,한강로2가,417,0,용산파크e-편한세상,서울특별시 용산구 한강로2가 417,37.5339990786581,126.970873901839,address
노원구,월계동,938,0,건양노블레스빌,서울특별시 노원구 월계동 938,37.6172054322533,127.066401242979,address
노원구,월계동,496,2,송암,서울특별시 노원구 월계동 496-2,37.6196855576631,127.056966984565,address
송파구,가락동,52,0,쌍용스윗닷홈(104동),서울특별시 송파구 가락동 52,37.4981289264845,127.122779783965,address
동작구,신대방동,377,1,동작 보라매역 프리센트,서울특별시 동작구 신대방동 377-1,37.4980154419779,126.920663856201,address
영등포구,영등포동,651,0,라르파크,서울특별시 영등포구 영등포동 651,37.5159429980559,126.909735296927,address
종로구,숭인동,482,0,동문(482-0),서울특별시 종로구 숭인동 482,37.5782147993394,127.021636842455,address
양천구,신월동,506,1,우당,서울특별시 양천구 신월동 506-1,37.5229954377086,126.847577354117,address
서대문구,영천동,100,0,독립문삼호,서울특별시 서대문구 영천동 100,37.5703103898017,126.958794223203,address
강동구,강일동,674,0,강일리버파크3단지,서울특별시 강동구 강일동 674,37.5667866706884,127.174601614913,address
용산구,이촌동,400,0,현대한강,서울특별시 용산구 이촌동 400,37.5233240369668,126.957576158124,address
구로구,구로동,806,14,(806-14),서울특별시 구로구 구로동 806-14,37.4856607056382,126.886409302725,address
도봉구,쌍문동,50,0,현대2,서울특별시 도봉구 쌍문동 50,37.6592749660609,127.030615857036,address
노원구,상계동,1321,0,건영,서울특별시 노원구 상계동 1321,37.6685222630104,127.078133920589,address
강동구,성내동,594,0,한솔브리즈,서울특별시 강동구 성내동 594,37.5248855327111,127.129905150994,address
영등포구,여의도동,42,0,한양,서울특별시 영등포구 여의도동 42,37.5214748650508,126.932503484941,address
종로구,홍파동,199,0,경희궁자이(2단지),서울특별시 종로구 홍파동 199,37.5706961564115,126.963608594078,address
동대문구,장안동,350,7,현대리노빌101동,서울특별시 동대문구 장안동 350-7,37.5669252757047,127.070801471018,address
마포구,아현동,692,0,서서울삼성,서울특별시 마포구 아현동 692,37.5564806162715,126.959256236895,address
영등포구,신길동,4938,0,신길자이,서울특별시 영등포구 신길동 4938,37.5063984455818,126.916548917659,address
서초구,방배동,918,14,멤버스빌,서울특별시 서초구 방배동 918-14,37.4816978842114,126.993320069046,address
마포구,창전동,437,0,창전래미안,서울특별시 마포구 창전동 437,37.5512308823934,126.930994059899,address
서초구,방배동,923,6,방배아크로타워,서울특별시 서초구 방배동 923-6,37.4831486931702,126.995282960833,address
강남구,대치동,891,6,테헤란로대우아이빌(891-6),서울특별시 강남구 대치동 891-6,37.5056878366523,127.05400382324,address
송파구,가락동,166,6,테라펠리체송파,서울특별시 송파구 가락동 166-6,37.4977257028395,127.133834761886,address
관악구,봉천동,1720,0,벽산블루밍3차,서울특별시 관악구 봉천동 1720,37.4884224766886,126.944433852392,address
영등포구,여의도동,36,0,롯데캐슬엠파이어,서울특별시 영등포구 여의도동 36,37.5202422355855,126.926374275404,address
동대문구,제기동,252,0,이수브라운스톤,서울특별시 동대문구 제기동 252,37.5822001108387,127.034083932884,address
중구,황학동,2545,0,롯데캐슬,서울특별시 중구 황학동 2545,37.5709308562197,127.021315520202,address
강남구,역삼동,762,3,래미안그레이튼(진달래2차),서울특별시 강남구 역삼동 762-3,37.4951650013344,127.047244552337,address
중랑구,묵동,164,4,묵동자이(1단지),서울특별시 중랑구 묵동 164-4,37.6148560082174,127.077906819525,address
서초구,서초동,1445,4,래미안서초유니빌,서울특별시 서초구 서초동 1445-4,37.4846980245878,127.016967219084,address
성동구,사근동,199,0,중앙하이츠,서울특별시 성동구 사근동 199,37.5618106231627,127.048653288549,address
서초구,잠원동,73,0,신반포2,서울특별시 서초구 잠원동 73,37.51069847089,127.002864403384,address
강남구,논현동,205,2,논현동한화꿈에그린,서울특별시 강남구 논현동 205-2,37.5068232477705,127.030395375198,address
동대문구,장안동,393,8,시온,서울특별시 동대문구 장안동 393-8,37.5688976780158,127.066563328894,address
동작구,흑석동,327,0,청호,서울특별시 동작구 흑석동 327,37.501322376271,126.96309300422,address
강서구,내발산동,671,13,청솔샤르망1004동,서울특별시 강서구 내발산동 671-13,37.5533926883619,126.839524524189,address
양천구,신정동,1309,0,롯데캐슬,서울특별시 양천구 신정동 1309,37.5198451036704,126.874810716113,address
광진구,자양동,219,11,자양동명진센트라임,서울특별시 광진구 자양동 219-11,37.5364189766742,127.081870177833,address
서대문구,연희동,171,10,제니스APT,서울특별시 서대문구 연희동 171-10,37.5826516042461,126.937685368633,address
강남구,일원동,741,0,래미안 개포 루체하임,서울특별시 강남구 일원동 741,37.489385951172,127.07988209455,address
영등포구,당산동,121,130,리버뷰,서울특별시 영등포구 당산동 121-130,37.5268800021104,126.908337067851,address
구로구,오류동,46,1,이좋은집,서울특별시 구로구 오류동 46-1,37.4948283467376,126.842024858993,address
강남구,대치동,1027,0,래미안대치팰리스,서울특별시 강남구 대치동 1027,37.4942977651239,127.058003438015,address
광진구,광장동,453,1,삼성광장2,서울특별시 광진구 광장동 453-1,37.5423978665881,127.102070105349,address
구로구,구로동,104,8,비즈트위트레드,서울특별시 구로구 구로동 104-8,37.4970880284552,126.89172000441,address
영등포구,문래동4가,43,0,문래동삼환,서울특별시 영등포구 문래동4가 43,37.5137696079608,126.88949840102,address
양천구,목동,724,2,동구햇살아파트,서울특별시 양천구 목동 724-2,37.5386334817917,126.865060023098,address
구로구,구로동,1058,0,우성(1058),서울특별시 구로구 구로동 1058,37.4947997169082,126.872465152579,address
강동구,천호동,416,12,엘림스퀘어II,서울특별시 강동구 천호동 416-12,37.5403218617716,127.126308511284,address
강남구,일원동,615,0,우성7,서울특별시 강남구 일원동 615,37.492293011204,127.078327089075,address
강남구,역삼동,826,37,쌍용플레티넘밸류,서울특별시 강남구 역삼동 826-37,37.495399931601,127.030405784953,address
구로구,구로동,1277,0,우리유앤미,서울특별시 구로구 구로동 1277,37.4965291746327,126.881618535814,address
동작구,대방동,503,0,주공2,서울특별시 동작구 대방동 503,37.5098898331137,126.93014754525,address
노원구,상계동,1302,0,대창센시티,서울특별시 노원구 상계동 1302,37.6714106154141,127.051406823345,address
노원구,공릉동,760,0,화랑대디오베이션,서울특별시 노원구 공릉동 760,37.6204210068712,127.082220010972,address
동작구,사당동,1133,0,삼성래미안,서울특별시 동작구 사당동 1133,37.4890992307068,126.970474216959,address
강서구,가양동,1460,0,한강타운,서울특별시 강서구 가양동 1460,37.5713848523162,126.844987319453,address
양천구,목동,758,1,강산빌라트,서울특별시 양천구 목동 758-1,37.5370216138867,126.871458925601,address
강서구,방화동,567,4,삼정코아,서울특별시 강서구 방화동 567-4,37.5719750729246,126.811924288494,address
광진구,구의동,657,0,성동강변파크빌101(강변타워),서울특별시 광진구 구의동 657,37.5378385435946,127.092780543253,address
영등포구,당산동,376,0,강변래미안,서울특별시 영등포구 당산동 376,37.5298247572871,126.908236508058,address
서초구,양재동,11,11,강남월드메르디앙프레스티지,서울특별시 서초구 양재동 11-11,37.4842453548343,127.036201882027,address
구로구,구로동,468,0,초롱타운,서울특별시 구로구 구로동 468,37.4958459517024,126.880822037805,address
광진구,광장동,577,0,현대파크빌,서울특별시 광진구 광장동 577,37.5441456421547,127.101527301469,address
서초구,우면동,717,0,서초네이처힐3단지,서울특별시 서초구 우면동 717,37.4640943932684,127.02811781108,address
강서구,가양동,1474,0,대림경동아파트,서울특별시 강서구 가양동 1474,37.5663473856091,126.854030753209,address
도봉구,방학동,730,0,극동아파트,서울특별시 도봉구 방학동 730,37.6645080610932,127.026854480279,address
송파구,방이동,212,8,코오롱아파트,서울특별시 송파구 방이동 212-8,37.5086093984081,127.122363991153,address
중구,입정동,277,0,힐스테이트세운센트럴1단지,서울특별시 중구 입정동 277,37.5679940708271,126.99307715654,address
중랑구,망우동,620,0,중랑숲시티프라디움,서울특별시 중랑구 망우동 620,37.6076575655921,127.108377338226,address
양천구,목동,962,1,트라팰리스이스턴에비뉴,서울특별시 양천구 목동 962-1,37.5258545874437,126.8712719683,address
성북구,하월곡동,90,1213,창방트윈(A동),서울특별시 성북구 하월곡동 90-1213,37.6041064987814,127.033969919782,address
은평구,응암동,762,0,녹번역센트레빌,서울특별시 은평구 응암동 762,37.5986184438228,126.926703301824,address
노원구,중계동,363,0,대림벽산(363),서울특별시 노원구 중계동 363,37.6472759968008,127.07791494805,address
강남구,수서동,736,0,신동아,서울특별시 강남구 수서동 736,37.4870725721397,127.098442914101,address
성동구,금호동3가,917,0,금호1차푸르지오,서울특별시 성동구 금호동3가 917,37.550574559989,127.020725332593,address
송파구,오금동,617,0,송파레미니스2단지,서울특별시 송파구 오금동 617,37.5064718623646,127.138051786924,address
영등포구,여의도동,11,1,순복음(초원),서울특별시 영등포구 여의도동 11-1,37.5308364747249,126.923936866556,address
구로구,궁동,198,39,수정,서울특별시 구로구 궁동 198-39,37.4934643086133,126.836980761076,address
성동구,금호동1가,1500,0,금호삼성래미안,서울특별시 성동구 금호동1가 1500,37.549177317639,127.027637334732,address
동대문구,장안동,364,7,스마트트라움,서울특별시 동대문구 장안동 364-7,37.5680308910996,127.069735679385,address
은평구,역촌동,2,38,SM벨리체,서울특별시 은평구 역촌동 2-38,37.6092886792553,126.919763446175,address
영등포구,양평동3가,24,0,삼천리,서울특별시 영등포구 양평동3가 24,37.5261331311123,126.885582081027,address
강남구,개포동,187,0,개포주공5단지,서울특별시 강남구 개포동 187,37.4876228868467,127.068503584968,address
성동구,금호동4가,1555,0,서울숲르씨엘,서울특별시 성동구 금호동4가 1555,37.5473715477827,127.022956096727,address
서초구,잠원동,160,0,신반포자이,서울특별시 서초구 잠원동 160,37.5101374243916,127.008362411803,address
서초구,잠원동,50,0,롯데캐슬갤럭시,서울특별시 서초구 잠원동 50,37.5201839405441,127.016436120872,address
은평구,갈현동,543,0,메카,서울특별시 은평구 갈현동 543,37.6224065007832,126.911655075201,address
서초구,잠원동,161,0,래미안신반포리오센트,서울특별시 서초구 잠원동 161,37.5186915147491,127.013638163526,address
강서구,마곡동,1513,0,마곡경남아너스빌,서울특별시 강서구 마곡동 1513,37.5702456973437,126.820484526272,address
동작구,대방동,502,0,대방동현대,서울특별시 동작구 대방동 502,37.5126764953218,126.930821677746,address
동대문구,답십리동,80,0,답십리청솔우성,서울특별시 동대문구 답십리동 80,37.5744481574591,127.059673242852,address
광진구,구의동,589,10,아크로리버,서울특별시 광진구 구의동 589-10,37.5360517267301,127.092835806633,address
성동구,금호동4가,800,0,대우,서울특별시 성동구 금호동4가 800,37.5459699809305,127.01982172766,address
구로구,고척동,328,0,양우,서울특별시 구로구 고척동 328,37.5048493581575,126.856599231769,address
강남구,역삼동,905,0,역삼센트럴아파트,서울특별시 강남구 역삼동 905,37.5053487421007,127.034067059199,address
강북구,미아동,1355,0,미아한일유앤아이,서울특별시 강북구 미아동 1355,37.614985442801,127.036554784672,address
강서구,등촌동,676,0,태진아름,서울특별시 강서구 등촌동 676,37.549652571474,126.860380385492,address
중구,황학동,1572,0,동광팰리스,서울특별시 중구 황학동 1572,37.5695479497411,127.022600451787,address
은평구,갈현동,467,1,연신내 양우내안애 퍼스티지,서울특별시 은평구 갈현동 467-1,37.6132682380202,126.916235171106,address
관악구,신림동,1717,0,두영,서울특별시 관악구 신림동 1717,37.4747991262124,126.913909037697,address
송파구,거여동,27,5,쌍용스윗닷홈2차,서울특별시 송파구 거여동 27-5,37.4926161372875,127.145535704066,address
성동구,옥수동,220,1,한남하이츠,서울특별시 성동구 옥수동 220-1,37.5395152029892,127.014331600201,address
마포구,합정동,200,1,펠리스아트빌,서울특별시 마포구 합정동 200-1,37.5453988851176,126.914576229393,address
강남구,삼성동,16,2,삼성동힐스테이트 1단지,서울특별시 강남구 삼성동 16-2,37.5163123563071,127.048472953744,address
중구,신당동,432,921,푸른마을(432-921),서울특별시 중구 신당동 432-921,37.5508823051453,127.005808607853,address
강동구,명일동,326,9,중앙,서울특별시 강동구 명일동 326-9,37.5499011629322,127.145217100097,address
강동구,암사동,493,14,중앙하이츠,서울특별시 강동구 암사동 493-14,37.5512117457787,127.132023707024,address
서초구,서초동,1315,0,진흥아파트,서울특별시 서초구 서초동 1315,37.4973456019219,127.022614070225,address
영등포구,여의도동,54,0,진주,서울특별시 영등포구 여의도동 54,37.5187352227847,126.932726645667,address
서초구,반포동,1341,0,반포래미안아이파크,서울특별시 서초구 반포동 1341,37.5015252581119,127.013261384902,address
관악구,봉천동,1698,1,보라매삼성,서울특별시 관악구 봉천동 1698-1,37.4941052853678,126.928177342998,address
영등포구,영등포동3가,19,2,포레스트힐시티,서울특별시 영등포구 영등포동3가 19-2,37.5178719966679,126.90711500402,address
노원구,중계동,435,1,중계현대2,서울특별시 노원구 중계동 435-1,37.6558922765504,127.073994045028,address
영등포구,대림동,777,1,신동아,서울특별시 영등포구 대림동 777-1,37.497061865812,126.894672808254,address
서대문구,남가좌동,379,0,래미안남가좌2차,서울특별시 서대문구 남가좌동 379,37.5719886027308,126.912658059687,address
관악구,봉천동,856,1,대우디오슈페리움2단지,서울특별시 관악구 봉천동 856-1,37.4802678000181,126.953141656992,address
강남구,도곡동,467,7,아카데미스위트1,서울특별시 강남구 도곡동 467-7,37.4886726430993,127.052102242886,address
영등포구,신길동,4934,0,삼성래미안,서울특별시 영등포구 신길동 4934,37.5053661207157,126.915348177676,address
양천구,신정동,894,20,삼성,서울특별시 양천구 신정동 894-20,37.5287723915896,126.862017089878,address
마포구,신공덕동,172,0,펜트라우스,서울특별시 마포구 신공덕동 172,37.5433912735909,126.954104279714,address
영등포구,당산동5가,41,0,반도유보라,서울특별시 영등포구 당산동5가 41,37.5337074764094,126.900065499014,address
양천구,신정동,336,0,청구,서울특별시 양천구 신정동 336,37.5190486574855,126.875616204659,address
강북구,미아동,791,364,북서울자이 폴라리스,서울특별시 강북구 미아동 791-364,37.6274487641026,127.018605961149,address
강동구,천호동,566,0,천호태영아파트,서울특별시 강동구 천호동 566,37.5381553837245,127.129984515198,address
노원구,월계동,380,1,삼능스페이스향,서울특별시 노원구 월계동 380-1,37.6240096803094,127.060557433537,address
강남구,삼성동,117,0,쌍용플래티넘,서울특별시 강남구 삼성동 117,37.512317772077,127.051829796699,address
양천구,신정동,338,0,목동우성3,서울특별시 양천구 신정동 338,37.5083581328631,126.865636280342,address
마포구,상암동,1630,0,DMC상암센트럴파크1단지,서울특별시 마포구 상암동 1630,37.5742846533291,126.896137421556,address
노원구,중계동,505,0,상아,서울특별시 노원구 중계동 505,37.6387855630708,127.062487927133,address
관악구,봉천동,1725,0,인헌,서울특별시 관악구 봉천동 1725,37.4679957208875,126.962597316855,address
송파구,방이동,126,12,서림올림피아드,서울특별시 송파구 방이동 126-12,37.5095599489242,127.118394235953,address
구로구,오류동,344,0,경남아너스빌,서울특별시 구로구 오류동 344,37.4904779821208,126.839790384212,address
영등포구,신길동,364,0,건영,서울특별시 영등포구 신길동 364,37.5057437220201,126.901288621319,address
강남구,세곡동,579,0,강남엘에이치1단지,서울특별시 강남구 세곡동 579,37.4667907761882,127.10286961908,address
구로구,구로동,745,15,(745-15),서울특별시 구로구 구로동 745-15,37.4875682469922,126.886240652674,address
서대문구,북가좌동,467,0,DMC서부인터빌,서울특별시 서대문구 북가좌동 467,37.5832545070894,126.91309991219,address
서초구,서초동,1327,29,서초파라곤,서울특별시 서초구 서초동 1327-29,37.4949428604471,127.027421365889,address
송파구,풍납동,260,0,현대리버빌1지구,서울특별시 송파구 풍납동 260,37.5307503555818,127.115299852169,address
서초구,방배동,847,25,렉스빌,서울특별시 서초구 방배동 847-25,37.4914425211559,126.996723149783,address
서초구,방배동,444,3,SK리더스뷰(파스텔시티),서울특별시 서초구 방배동 444-3,37.4776670632433,126.982230881975,address
중랑구,상봉동,1,0,건영1,서울특별시 중랑구 상봉동 1,37.6039982711767,127.093545075406,address
송파구,장지동,847,0,송파파인타운6단지,서울특별시 송파구 장지동 847,37.4803033522667,127.131934803154,address
서대문구,연희동,703,25,선명(102동),서울특별시 서대문구 연희동 703-25,37.5740304448768,126.927877760379,address
중랑구,신내동,437,0,벽산,서울특별시 중랑구 신내동 437,37.6031247734606,127.100119242128,address
강동구,천호동,52,6,천호2차이룸아파트,서울특별시 강동구 천호동 52-6,37.5422896722469,127.139949756131,address
동대문구,답십리동,111,0,답십리대우,서울특별시 동대문구 답십리동 111,37.5734698133483,127.053366848512,address
영등포구,양평동6가,100,0,동양,서울특별시 영등포구 양평동6가 100,37.5420953681164,126.889774229935,address
강동구,성내동,446,17,올림픽파크힐,서울특별시 강동구 성내동 446-17,37.5253806068224,127.129765165272,address
동작구,대방동,508,0,대방1차e-편한세상,서울특별시 동작구 대방동 508,37.5121392075598,126.928967882525,address
구로구,신도림동,290,0,미성,서울특별시 구로구 신도림동 290,37.5073342560063,126.876471231181,address
금천구,시흥동,5,13,삼익,서울특별시 금천구 시흥동 5-13,37.4633791506332,126.909413529837,address
성동구,마장동,834,0,삼성홈타운,서울특별시 성동구 마장동 834,37.5633989437118,127.039077253893,address
종로구,숭인동,243,0,블루빌,서울특별시 종로구 숭인동 243,37.5726057113026,127.017508991317,address
도봉구,방학동,713,0,브라운스톤방학아파트,서울특별시 도봉구 방학동 713,37.6640160368683,127.044915277439,address
서초구,방배동,808,10,벨루체팰리스,서울특별시 서초구 방배동 808-10,37.4921177601325,126.993098187299,address
서초구,서초동,1582,3,서초센트럴IPARK,서울특별시 서초구 서초동 1582-3,37.4869821941409,127.011546029452,address
중구,묵정동,35,0,힐스테이트남산,서울특별시 중구 묵정동 35,37.5615322366192,126.999280611633,address
송파구,문정동,656,0,힐스테이트e편한세상문정,서울특별시 송파구 문정동 656,37.489102960783,127.134170016302,address
구로구,구로동,1287,0,구로지웰,서울특별시 구로구 구로동 1287,37.49063697288,126.886506136169,address
은평구,녹번동,278,1,녹번2현대,서울특별시 은평구 녹번동 278-1,37.6051095696147,126.924606931558,address
노원구,중계동,580,0,성원1,서울특별시 노원구 중계동 580,37.6501612888782,127.070038697796,address
강남구,개포동,185,0,개포주공7단지,서울특별시 강남구 개포동 185,37.4890750603132,127.071512090879,address
서대문구,북아현동,1,122,그린빌,서울특별시 서대문구 북아현동 1-122,37.5635311992529,126.954831821484,address
노원구,중계동,34,5,현대(6차),서울특별시 노원구 중계동 34-5,37.6454844238448,127.082504956168,address
은평구,역촌동,62,16,무궁화,서울특별시 은평구 역촌동 62-16,37.6048703558046,126.914805544387,address
성북구,안암동3가,138,0,해링턴플레이스안암,서울특별시 성북구 안암동3가 138,37.5850142245726,127.023587407071,address
용산구,효창동,5,17,세인트힐,서울특별시 용산구 효창동 5-17,37.5424159761729,126.963793206282,address
강동구,명일동,56,0,현대(고덕),서울특별시 강동구 명일동 56,37.5505038708259,127.153526109123,address
용산구,이촌동,300,10,점보,서울특별시 용산구 이촌동 300-10,37.5180494083878,126.978703263669,address
동작구,노량진동,57,1,메가스터디타워,서울특별시 동작구 노량진동 57-1,37.5128170490556,126.941666546213,address
서대문구,홍은동,186,1,홍은미성,서울특별시 서대문구 홍은동 186-1,37.5937393243817,126.935370168852,address
강서구,마곡동,1454,0,마곡태승훼미리아파트,서울특별시 강서구 마곡동 1454,37.5712848693104,126.819988379217,address
영등포구,대림동,993,8,무림,서울특별시 영등포구 대림동 993-8,37.4873616439473,126.903668524756,address
구로구,구로동,1280,0,한신휴플러스(1280-0),서울특별시 구로구 구로동 1280,37.4885093277413,126.890801238217,address
광진구,구의동,235,30,도성,서울특별시 광진구 구의동 235-30,37.5441283961535,127.086030875048,address
강동구,길동,475,0,장인이즈빌,서울특별시 강동구 길동 475,37.5400905907908,127.143340713176,address
송파구,석촌동,285,0,잠실한솔,서울특별시 송파구 석촌동 285,37.5036153078471,127.104643124891,address
동대문구,전농동,695,0,동대문롯데캐슬노블레스,서울특별시 동대문구 전농동 695,37.5765053861743,127.049358607062,address
영등포구,도림동,165,1,동아에코빌,서울특별시 영등포구 도림동 165-1,37.5091514028001,126.8987236998,address
성동구,성수동1가,708,0,동아그린,서울특별시 성동구 성수동1가 708,37.5509020576675,127.048016199008,address
동작구,대방동,505,0,우정,서울특별시 동작구 대방동 505,37.5142145692016,126.92970283408,address
영등포구,당산동6가,331,1,디마크당산,서울특별시 영등포구 당산동6가 331-1,37.5345186815778,126.901284762739,address
강동구,둔촌동,30,4,더샵둔촌포레,서울특별시 강동구 둔촌동 30-4,37.5318329772539,127.14660250397,address
구로구,구로동,1262,0,월드,서울특별시 구로구 구로동 1262,37.5055505446716,126.87587667391,address
강동구,성내동,410,16,한솔애리즈1,서울특별시 강동구 성내동 410-16,37.5301778846462,127.13333621285,address
마포구,용강동,502,0,래미안마포리버웰,서울특별시 마포구 용강동 502,37.5423430675085,126.941868951536,address
송파구,풍납동,510,0,신성노바빌아파트,서울특별시 송파구 풍납동 510,37.5385648838461,127.116704167079,address
마포구,망원동,493,0,함성백합,서울특별시 마포구 망원동 493,37.5577035344651,126.900632279154,address
동대문구,회기동,65,81,동일스카이씨티,서울특별시 동대문구 회기동 65-81,37.589506350743,127.053910340334,address
중랑구,면목동,581,0,대원칸타빌,서울특별시 중랑구 면목동 581,37.5780867825962,127.090125931705,address
강남구,역삼동,711,3,역삼자이,서울특별시 강남구 역삼동 711-3,37.5000702831355,127.044637645118,address
은평구,불광동,311,13,극동메트로타워,서울특별시 은평구 불광동 311-13,37.6196345309336,126.921478232582,address
서초구,서초동,1642,4,현대빌리지,서울특별시 서초구 서초동 1642-4,37.4915853935868,127.017145289993,address
노원구,상계동,1284,0,대동황토방,서울특별시 노원구 상계동 1284,37.6573544624281,127.07124208291,address
강서구,화곡동,1157,0,길성그랑프리텔,서울특별시 강서구 화곡동 1157,37.5523011467784,126.845068499251,address
노원구,상계동,695,0,대림,서울특별시 노원구 상계동 695,37.6597800027548,127.057527432109,address
구로구,오류동,348,0,우림필유,서울특별시 구로구 오류동 348,37.4939431824111,126.846593474512,address
영등포구,신길동,4518,0,우성2,서울특별시 영등포구 신길동 4518,37.4982165063335,126.912565038201,address
동작구,신대방동,565,21,우성2차,서울특별시 동작구 신대방동 565-21,37.4929218294824,126.910397720888,address
은평구,갈현동,540,0,우남,서울특별시 은평구 갈현동 540,37.6179461839486,126.906764684032,address
은평구,응암동,694,1,우성,서울특별시 은평구 응암동 694-1,37.5839493556075,126.918145501814,address
성동구,마장동,817,0,왕십리삼성아파트,서울특별시 성동구 마장동 817,37.5661616765005,127.040127058738,address
노원구,월계동,950,0,녹천역두산위브아파트,서울특별시 노원구 월계동 950,37.6406037217621,127.052769690439,address
서대문구,북가좌동,458,0,DMC아이파크,서울특별시 서대문구 북가좌동 458,37.5763590042633,126.914680682658,address
은평구,불광동,645,0,불광롯데캐슬,서울특별시 은평구 불광동 645,37.6129093305885,126.93310434473,address
성동구,금호동4가,180,0,삼산금호,서울특별시 성동구 금호동4가 180,37.5474138136569,127.024697434384,address
노원구,공릉동,587,8,하나플러스,서울특별시 노원구 공릉동 587-8,37.6218982401556,127.077601191818,address
강동구,천호동,305,0,중앙하이츠,서울특별시 강동구 천호동 305,37.5474244793634,127.130004003501,address
강서구,방화동,881,0,보람,서울특별시 강서구 방화동 881,37.5746440462561,126.812182016823,address
도봉구,방학동,715,12,방학동삼성래미안2,서울특별시 도봉구 방학동 715-12,37.6648846907662,127.045805061018,address
종로구,창신동,23,816,창신이수,서울특별시 종로구 창신동 23-816,37.5779927812929,127.014696141319,address
강동구,길동,414,5,골드클래스,서울특별시 강동구 길동 414-5,37.5372241275862,127.137989882728,address
관악구,신림동,10,622,성우,서울특별시 관악구 신림동 10-622,37.4836558402702,126.937344252005,address
강동구,상일동,521,0,고덕자이,서울특별시 강동구 상일동 521,37.5523674571083,127.170868716845,address
강동구,고덕동,3,1,고덕풍경채어바니티,서울특별시 강동구 고덕동 3-1,37.56355207433742,127.16873139699652,keyword
강동구,천호동,22,6,고려아파트(A동),서울특별시 강동구 천호동 22-6,37.5503168918467,127.141047644472,address
영등포구,양평동4가,94,0,삼호한숲,서울특별시 영등포구 양평동4가 94,37.5368708718605,126.893750376088,address
강동구,길동,413,11,경지Arium,서울특별시 강동구 길동 413-11,37.536447535073,127.138084737748,address
구로구,고척동,324,0,신원프라자,서울특별시 구로구 고척동 324,37.4992748627833,126.863618661802,address
강서구,공항동,14,10,스카이,서울특별시 강서구 공항동 14-10,37.5626148867809,126.813785024509,address
동대문구,답십리동,1000,0,래미안엘파인아파트,서울특별시 동대문구 답십리동 1000,37.5758810898601,127.06530754342,address
강서구,마곡동,743,0,마곡엠밸리6단지,서울특별시 강서구 마곡동 743,37.565321846623,126.820481062137,address
영등포구,대림동,607,1,코오롱,서울특별시 영등포구 대림동 607-1,37.5069644904387,126.894913824416,address
은평구,진관동,101,0,박석고개1단지힐스테이트(101~111동)BL2-12,서울특별시 은평구 진관동 101,37.6318935180295,126.920109717787,address
동대문구,장안동,309,7,브이티스타일,서울특별시 동대문구 장안동 309-7,37.5739075006676,127.072495685231,address
중랑구,중화동,314,1,태능에셈빌,서울특별시 중랑구 중화동 314-1,37.5992798892602,127.077484271471,address
동대문구,장안동,383,10,태솔에버빌2차,서울특별시 동대문구 장안동 383-10,37.570386524071,127.069309655384,address
중랑구,묵동,58,1,풀내음(A동),서울특별시 중랑구 묵동 58-1,37.6158761106069,127.080585011903,address
은평구,진관동,140,0,폭포동4단지힐스테이트(408~422동)BL3-9,서울특별시 은평구 진관동 140,37.6297936071878,126.932075644383,address
송파구,장지동,843,0,송파파인타운9단지,서울특별시 송파구 장지동 843,37.4781865623828,127.128795455004,address
관악구,봉천동,1690,159,낙성대늘푸른2차,서울특별시 관악구 봉천동 1690-159,37.4760078486443,126.967083016094,address
광진구,자양동,779,8,구의현대홈시티,서울특별시 광진구 자양동 779-8,37.5375232159153,127.083069490545,address
서대문구,홍제동,457,0,남양,서울특별시 서대문구 홍제동 457,37.5887847328743,126.93816134376,address
관악구,신림동,86,3,청암두산위브센티움,서울특별시 관악구 신림동 86-3,37.4826033513701,126.930385514755,address
동작구,상도1동,317,1,숭실그랜드,서울특별시 동작구 상도1동 317-1,37.5015130559673,126.953018345045,address
중랑구,면목동,1522,0,두산4,서울특별시 중랑구 면목동 1522,37.57887341637,127.082261360697,address
동작구,상도동,533,0,힐스테이트 상도 프레스티지,서울특별시 동작구 상도동 533,37.4965353794851,126.948946354609,address
구로구,신도림동,643,0,동아1,서울특별시 구로구 신도림동 643,37.5110419107731,126.882952214932,address
강남구,개포동,660,1,디에이치 퍼스티어 아이파크,서울특별시 강남구 개포동 660-1,37.4831443018083,127.058871288366,address
서초구,방배동,946,8,디에이치 방배,서울특별시 서초구 방배동 946-8,37.484849174599,126.987829717918,address
동대문구,제기동,1158,17,동성네스트빌(1158-17),서울특별시 동대문구 제기동 1158-17,37.5800342227424,127.033096768343,address
광진구,광장동,566,0,청구,서울특별시 광진구 광장동 566,37.542465879397,127.096292344384,address
관악구,봉천동,1690,162,관악캐스빌,서울특별시 관악구 봉천동 1690-162,37.4763798666656,126.966729559132,address
서초구,방배동,957,7,방배대성유니드아파트,서울특별시 서초구 방배동 957-7,37.4830028051683,126.986780331255,address
영등포구,대림동,1125,0,보라매 신동아 파밀리에,서울특별시 영등포구 대림동 1125,37.4931121046496,126.905292985551,address
성북구,삼선동2가,420,0,삼선현대힐스테이트,서울특별시 성북구 삼선동2가 420,37.5821301093423,127.01348658649,address
서초구,방배동,836,1,방배씨티(보성),서울특별시 서초구 방배동 836-1,37.4905493309105,126.991073151709,address
강서구,방화동,875,0,방화동동부센트레빌(875번지),서울특별시 강서구 방화동 875,37.574703238848,126.814976041476,address
서대문구,북아현동,1006,0,북아현경남,서울특별시 서대문구 북아현동 1006,37.5609481554157,126.956330208466,address
은평구,역촌동,17,17,위산엘리시움,서울특별시 은평구 역촌동 17-17,37.6056337574827,126.922097476983,address
강동구,천호동,170,2,천호네스빌,서울특별시 강동구 천호동 170-2,37.538710871835,127.133597955048,address
양천구,목동,408,20,진도1103동,서울특별시 양천구 목동 408-20,37.524940853193,126.868870943222,address
중랑구,묵동,386,0,금호어울림,서울특별시 중랑구 묵동 386,37.6127259039377,127.080041928241,address
마포구,염리동,161,1,중앙하이츠,서울특별시 마포구 염리동 161-1,37.5451158825279,126.945240030297,address
도봉구,방학동,718,7,이에스에이아파트1,서울특별시 도봉구 방학동 718-7,37.6686272019433,127.045525245345,address
성동구,금호동2가,1215,0,금호자이1차,서울특별시 성동구 금호동2가 1215,37.5528380925618,127.022451000726,address
송파구,잠실동,331,0,현대,서울특별시 송파구 잠실동 331,37.5039831432406,127.085312322451,address
영등포구,대림동,608,1,현대3차,서울특별시 영등포구 대림동 608-1,37.5055326031402,126.895613306369,address
노원구,중계동,577,0,현대1(4차),서울특별시 노원구 중계동 577,37.648720301434,127.085048371542,address
강동구,암사동,442,1,한강현대,서울특별시 강동구 암사동 442-1,37.5552096720912,127.131924490362,address
광진구,자양동,498,2,한강로얄,서울특별시 광진구 자양동 498-2,37.5327127713092,127.070611061586,address
영등포구,당산동3가,559,0,쌍용예가클래식,서울특별시 영등포구 당산동3가 559,37.5275605475617,126.893636083906,address
강동구,길동,382,6,우성,서울특별시 강동구 길동 382-6,37.5388644479859,127.137328159751,address
송파구,오금동,43,0,현대(2-4차),서울특별시 송파구 오금동 43,37.5065467006229,127.126832688734,address
광진구,구의동,680,0,e편한세상광진그랜드파크,서울특별시 광진구 구의동 680,37.5441837427939,127.080896132131,address
은평구,응암동,93,8,경원파발리안,서울특별시 은평구 응암동 93-8,37.6008055786079,126.927253324221,address
동작구,신대방동,708,0,해태보라매타워,서울특별시 동작구 신대방동 708,37.4912495126761,126.924797396926,address
관악구,봉천동,729,32,해태보라매타워,서울특별시 관악구 봉천동 729-32,37.4911677124317,126.925098714142,address
용산구,한남동,737,28,현대안성타워,서울특별시 용산구 한남동 737-28,37.5350861954377,126.997907654223,address
중랑구,중화동,274,51,한영(101),서울특별시 중랑구 중화동 274-51,37.6065213238369,127.082152273945,address
동작구,상도동,536,0,상도효성해링턴플레이스,서울특별시 동작구 상도동 536,37.5057513275856,126.942127604277,address
마포구,신정동,30,0,서강GS,서울특별시 마포구 신정동 30,37.5439771831851,126.931098399949,address
종로구,무악동,82,0,현대,서울특별시 종로구 무악동 82,37.5756306329225,126.961060237387,address
관악구,신림동,1700,0,라이프,서울특별시 관악구 신림동 1700,37.4770896764465,126.913175396196,address
동작구,대방동,504,0,한국개나리,서울특별시 동작구 대방동 504,37.5141579169603,126.928536487014,address
강남구,도곡동,551,28,롯데캐슬모닝,서울특별시 강남구 도곡동 551-28,37.490246269916,127.036716441898,address
송파구,신천동,7,18,롯데캐슬골드,서울특별시 송파구 신천동 7-18,37.5144542739603,127.1007349885,address
구로구,오류동,150,42,길훈,서울특별시 구로구 오류동 150-42,37.4905516853489,126.843828483646,address
중구,신당동,366,126,남산정은스카이,서울특별시 중구 신당동 366-126,37.5494498739986,127.007787174305,address
강남구,청담동,15,0,청담2차이-편한세상(204동),서울특별시 강남구 청담동 15,37.5206238754661,127.044958479874,address
성북구,하월곡동,88,64,성북힐스테이트(101동),서울특별시 성북구 하월곡동 88-64,37.6065445649621,127.030381206983,address
서초구,서초동,1451,89,서초중흥S-클래스(도시형생활주택),서울특별시 서초구 서초동 1451-89,37.4815557644342,127.013402121701,address
동대문구,장안동,574,0,금강아미움,서울특별시 동대문구 장안동 574,37.5717796908307,127.067673649867,address
동대문구,용두동,797,0,청량리역해링턴플레이스,서울특별시 동대문구 용두동 797,37.5781377785961,127.042233374122,address
강남구,도곡동,550,1,파크힐,서울특별시 강남구 도곡동 550-1,37.4898417098047,127.037029798911,address
동대문구,장안동,416,1,에스아이팰리스장안센텀,서울특별시 동대문구 장안동 416-1,37.5623318745324,127.063241316176,address
성동구,금호동1가,633,0,벽산,서울특별시 성동구 금호동1가 633,37.5516933617965,127.027222938391,address
송파구,풍납동,219,0,미성,서울특별시 송파구 풍납동 219,37.5341796229641,127.113752721633,address
서초구,방배동,840,10,빌라도르,서울특별시 서초구 방배동 840-10,37.4913999380591,126.995115088547,address
강남구,수서동,747,0,삼성,서울특별시 강남구 수서동 747,37.4848961854277,127.090677682629,address
송파구,가락동,169,13,주성파크빌,서울특별시 송파구 가락동 169-13,37.4971291072967,127.134978232603,address
구로구,고척동,342,0,벽산베스트블루밍,서울특별시 구로구 고척동 342,37.5046993958887,126.859115918366,address
성북구,정릉동,1033,0,우정에쉐르,서울특별시 성북구 정릉동 1033,37.6000207685188,127.010672609588,address
강북구,미아동,224,40,인성,서울특별시 강북구 미아동 224-40,37.6260224922895,127.024132776775,address
구로구,개봉동,483,0,율포그레이스빌,서울특별시 구로구 개봉동 483,37.4948353453655,126.855663405582,address
도봉구,방학동,716,1,이에스에이아파트3,서울특별시 도봉구 방학동 716-1,37.6665592478836,127.044882127345,address
중구,흥인동,3,4,우일타운,서울특별시 중구 흥인동 3-4,37.5674299944468,127.016528447054,address
강서구,화곡동,1148,0,우장산롯데,서울특별시 강서구 화곡동 1148,37.552461665687,126.846487416103,address
강남구,논현동,118,8,더원센트럴,서울특별시 강남구 논현동 118-8,37.517191140506,127.039686366862,address
송파구,잠실동,86,0,아시아선수촌아파트,서울특별시 송파구 잠실동 86,37.5080454085035,127.076646227498,address
구로구,고척동,335,0,예주유니츠,서울특별시 구로구 고척동 335,37.5065646155269,126.861059985494,address
송파구,풍납동,509,0,씨티극동1,서울특별시 송파구 풍납동 509,37.5396083679765,127.118207511633,address
광진구,광장동,250,0,신동아파밀리에,서울특별시 광진구 광장동 250,37.5469362093814,127.10483401307,address
노원구,공릉동,568,6,씨엠아파트,서울특별시 노원구 공릉동 568-6,37.6227688224453,127.07329808795,address
송파구,마천동,304,0,마천동금호타운1,서울특별시 송파구 마천동 304,37.4947059157385,127.153312757848,address
도봉구,쌍문동,733,0,솔밭노블리안,서울특별시 도봉구 쌍문동 733,37.6550483819526,127.013795880628,address
영등포구,영등포동5가,24,0,동남,서울특별시 영등포구 영등포동5가 24,37.5205998949029,126.905664809248,address
중구,신당동,432,1957,신신(2차),서울특별시 중구 신당동 432-1957,37.5510327107942,127.0051850711,address
노원구,월계동,775,0,대우,서울특별시 노원구 월계동 775,37.633188969017,127.051353745494,address
성동구,금호동2가,1,0,신금호파크자이,서울특별시 성동구 금호동2가 1,37.5554463365528,127.01862075193,address
중랑구,상봉동,83,1,더샵 퍼스트월드,서울특별시 중랑구 상봉동 83-1,37.5958891997846,127.092025167035,address
강북구,수유동,648,0,수유벽산2차,서울특별시 강북구 수유동 648,37.6434093126405,127.017743258536,address
은평구,신사동,155,1,신성,서울특별시 은평구 신사동 155-1,37.5898530826788,126.90511245446,address
종로구,신교동,6,13,신현(101동),서울특별시 종로구 신교동 6-13,37.5835825115131,126.967866600247,address
강서구,마곡동,429,0,벽산,서울특별시 강서구 마곡동 429,37.5757346149338,126.837836153319,address
광진구,자양동,809,0,자양강변I-Park,서울특별시 광진구 자양동 809,37.5313074199095,127.069650109926,address
동대문구,이문동,292,10,이문동웰츠타워,서울특별시 동대문구 이문동 292-10,37.5984785520783,127.061915413884,address
마포구,신공덕동,174,0,공덕아이파크,서울특별시 마포구 신공덕동 174,37.5446740470437,126.95605352897,address
성동구,금호동1가,1823,0,e편한세상신금호파크힐스,서울특별시 성동구 금호동1가 1823,37.5542846887812,127.022691811161,address
강동구,길동,343,1,현대웰하임(101동),서울특별시 강동구 길동 343-1,37.541067196153,127.145467342144,address
양천구,신월동,458,1,새롬,서울특별시 양천구 신월동 458-1,37.5264656682433,126.845102148411,address
용산구,한남동,263,10,성아1,서울특별시 용산구 한남동 263-10,37.5342112065771,127.008636411833,address
노원구,월계동,926,0,한일1,서울특별시 노원구 월계동 926,37.6219706775366,127.061560974006,address
강서구,화곡동,1065,2,한울에이치밸리움B동,서울특별시 강서구 화곡동 1065-2,37.5416178808637,126.838448339782,address
서대문구,남가좌동,396,0,DMC금호리첸시아,서울특별시 서대문구 남가좌동 396,37.5707257037215,126.915919931548,address
강서구,내발산동,742,0,마곡수명산파크1단지,서울특별시 강서구 내발산동 742,37.554378050436,126.830206010388,address
구로구,신도림동,647,0,대림e-편한세상5,서울특별시 구로구 신도림동 647,37.5070381442343,126.880726434458,address
은평구,불광동,632,0,남해그린힐,서울특별시 은평구 불광동 632,37.6137762058735,126.934287605774,address
강남구,논현동,241,1,논현파라곤,서울특별시 강남구 논현동 241-1,37.5165525364258,127.040139165715,address
강남구,논현동,62,3,"청학아파트에이동,비동,씨동",서울특별시 강남구 논현동 62-3,37.5202894417201,127.032215511612,address
양천구,신월동,986,8,용민홈타워빌,서울특별시 양천구 신월동 986-8,37.5186658209107,126.836895975546,address
중랑구,면목동,1537,0,용마산하늘채,서울특별시 중랑구 면목동 1537,37.5724757281377,127.087033475684,address
광진구,군자동,360,20,광진동양파라곤1단지,서울특별시 광진구 군자동 360-20,37.5485572754677,127.070202436432,address
은평구,구산동,18,10,캐슬아파트(18-10),서울특별시 은평구 구산동 18-10,37.6090683780209,126.912888113785,address
영등포구,양평동3가,103,0,태승훼밀리,서울특별시 영등포구 양평동3가 103,37.5265541470044,126.887150998587,address
서대문구,홍제동,335,10,초원드림빌,서울특별시 서대문구 홍제동 335-10,37.5870041748332,126.937106803578,address
강동구,성내동,599,0,우림루미아트,서울특별시 강동구 성내동 599,37.5329047947587,127.135288985051,address
서초구,잠원동,158,0,래미안신반포팰리스,서울특별시 서초구 잠원동 158,37.5148594201223,127.012330117206,address
용산구,용산동5가,24,1,용산파크타워(24-1),서울특별시 용산구 용산동5가 24-1,37.5233187069721,126.97281622163,address
성동구,하왕십리동,992,0,무학현대,서울특별시 성동구 하왕십리동 992,37.5611862139671,127.027854212704,address
서초구,잠원동,159,0,아크로리버뷰신반포,서울특별시 서초구 잠원동 159,37.5145730619388,127.007080447295,address
강동구,암사동,422,26,암사e편한세상,서울특별시 강동구 암사동 422-26,37.5512824427224,127.138884127153,address
영등포구,문래동3가,97,0,문래금호어울림,서울특별시 영등포구 문래동3가 97,37.519074190752,126.897615078392,address
도봉구,쌍문동,713,0,에덴,서울특별시 도봉구 쌍문동 713,37.6603210622453,127.039518090698,address
은평구,증산동,164,5,목화,서울특별시 은평구 증산동 164-5,37.5854259051109,126.910811502609,address
마포구,공덕동,188,108,마포현대,서울특별시 마포구 공덕동 188-108,37.5502197140808,126.949775701926,address
구로구,구로동,685,222,주공1,서울특별시 구로구 구로동 685-222,37.4935973219516,126.875504296971,address
서초구,반포동,60,5,반포미도2차아파트,서울특별시 서초구 반포동 60-5,37.5023618079689,127.007495703107,address
관악구,신림동,1718,0,보라매갑을,서울특별시 관악구 신림동 1718,37.4891219909489,126.921922382389,address
성북구,정릉동,1025,0,정릉힐스테이트,서울특별시 성북구 정릉동 1025,37.6028250097742,127.015555006077,address
성동구,성수동1가,718,0,트리마제,서울특별시 성동구 성수동1가 718,37.5388239825147,127.045045893181,address
구로구,신도림동,691,0,대림3,서울특별시 구로구 신도림동 691,37.5068509675721,126.877954767058,address
강서구,마곡동,1565,0,길훈,서울특별시 강서구 마곡동 1565,37.5689193920077,126.822243342114,address
강서구,내발산동,680,5,천우명덕,서울특별시 강서구 내발산동 680-5,37.5530469680384,126.835072607156,address
강동구,천호동,333,55,천호e-편한세상,서울특별시 강동구 천호동 333-55,37.5443676371512,127.124337813111,address
강북구,수유동,269,25,청솔(269-25),서울특별시 강북구 수유동 269-25,37.6469202002366,127.018179891659,address
관악구,남현동,1058,7,현대이즈빌,서울특별시 관악구 남현동 1058-7,37.4760062348057,126.977967011926,address
강남구,도곡동,961,0,현대아파트1동~3동,서울특별시 강남구 도곡동 961,37.4889635443741,127.038017284005,address
금천구,독산동,1142,0,한아마인드,서울특별시 금천구 독산동 1142,37.4670144360773,126.89410320597,address
성동구,행당동,147,0,서울숲삼부아파트,서울특별시 성동구 행당동 147,37.5599261876545,127.037549092954,address
성동구,행당동,380,0,서울숲리버뷰자이,서울특별시 성동구 행당동 380,37.5551406328318,127.038383152493,address
구로구,개봉동,473,0,상우,서울특별시 구로구 개봉동 473,37.4936986929115,126.860969951003,address
구로구,고척동,325,0,경남1,서울특별시 구로구 고척동 325,37.5053490409378,126.862730314835,address
강남구,도곡동,967,0,경남,서울특별시 강남구 도곡동 967,37.4888731448198,127.040803692142,address
금천구,시흥동,1006,0,벽산3,서울특별시 금천구 시흥동 1006,37.4531329985761,126.917763976913,address
은평구,대조동,31,17,장미아파트,서울특별시 은평구 대조동 31-17,37.6099256076372,126.926140990575,address
서대문구,연희동,106,2,삼우장미,서울특별시 서대문구 연희동 106-2,37.5723363708354,126.928579755582,address
동대문구,답십리동,494,2,우창프라자,서울특별시 동대문구 답십리동 494-2,37.5664757976441,127.053850726268,address
동작구,사당동,240,15,제일,서울특별시 동작구 사당동 240-15,37.4829255590342,126.969553932208,address
동작구,사당동,1145,0,사당해그린,서울특별시 동작구 사당동 1145,37.4918891020579,126.963364961211,address
영등포구,양평동2가,45,0,상록수,서울특별시 영등포구 양평동2가 45,37.5237774483018,126.883540257535,address
구로구,천왕동,280,0,천왕연지타운1단지,서울특별시 구로구 천왕동 280,37.4863835703857,126.840081687518,address
구로구,궁동,236,4,뉴파인,서울특별시 구로구 궁동 236-4,37.4964727330254,126.825844477406,address
광진구,자양동,779,11,구의현대하이엘,서울특별시 광진구 자양동 779-11,37.5378869213256,127.082981639519,address
노원구,공릉동,705,0,동부아파트,서울특별시 노원구 공릉동 705,37.6280770755128,127.078617310086,address
용산구,원효로1가,133,3,리첸시아용산A,서울특별시 용산구 원효로1가 133-3,37.5382765617916,126.967363197885,address
강서구,염창동,255,0,무학,서울특별시 강서구 염창동 255,37.5513949211236,126.876557322294,address
양천구,목동,405,0,목동대림,서울특별시 양천구 목동 405,37.5234409623785,126.874178335257,address
강서구,화곡동,56,100,동진빌라(56-100),서울특별시 강서구 화곡동 56-100,37.5400135512219,126.851622678229,address
양천구,신월동,1040,0,신월2차미소지움,서울특별시 양천구 신월동 1040,37.5216230033302,126.845268947561,address
동대문구,휘경동,366,0,동일스위트리버,서울특별시 동대문구 휘경동 366,37.5874102629887,127.068693094024,address
노원구,중계동,364,0,동진신안,서울특별시 노원구 중계동 364,37.649753153864,127.078467913085,address
마포구,신공덕동,167,0,대우메트로디오빌,서울특별시 마포구 신공덕동 167,37.5434945824726,126.952869805451,address
동작구,사당동,1138,0,삼호그린,서울특별시 동작구 사당동 1138,37.4860478279044,126.965319490538,address
양천구,신월동,1055,0,신정두산위브,서울특별시 양천구 신월동 1055,37.5189928802422,126.845676287504,address
강동구,성내동,419,1,둔촌역청구,서울특별시 강동구 성내동 419-1,37.5294111567593,127.133155304479,address
노원구,중계동,600,0,극동의푸른별1차,서울특별시 노원구 중계동 600,37.6450196152645,127.081845436388,address
강서구,화곡동,923,10,남광쉐르빌(923-10),서울특별시 강서구 화곡동 923-10,37.5291011095184,126.840575773786,address
송파구,오금동,26,3,다성파크뷰,서울특별시 송파구 오금동 26-3,37.5069982996325,127.131109654553,address
은평구,대조동,26,14,대경아르체아파트,서울특별시 은평구 대조동 26-14,37.6091151387602,126.92638279783,address
송파구,오금동,2,0,대림,서울특별시 송파구 오금동 2,37.5102363253288,127.129149666425,address
송파구,문정동,62,5,현대(62-5),서울특별시 송파구 문정동 62-5,37.485667884485,127.125888204464,address
강동구,성내동,448,5,광남캐스빌(448-5),서울특별시 강동구 성내동 448-5,37.5246586010541,127.128642376017,address
광진구,구의동,611,0,구의현대2단지,서울특별시 광진구 구의동 611,37.5386275109447,127.095874079019,address
은평구,역촌동,68,22,궁전,서울특별시 은평구 역촌동 68-22,37.6027150123774,126.912351267655,address
용산구,서빙고동,296,0,금호베스트빌1,서울특별시 용산구 서빙고동 296,37.5228580868465,126.991973730982,address
강서구,내발산동,730,0,길성그랑프리텔,서울특별시 강서구 내발산동 730,37.5520929941253,126.839321458029,address
광진구,구의동,659,0,세림리오빌,서울특별시 광진구 구의동 659,37.5393049079531,127.091990996614,address
서초구,서초동,1311,10,서초푸르지오써밋,서울특별시 서초구 서초동 1311-10,37.5011624121971,127.020829621606,address
은평구,진관동,15,0,상림마을7단지아이파크(713~718동)BL1-11,서울특별시 은평구 진관동 15,37.6441911788633,126.926967082978,address
송파구,가락동,21,6,가락쌍용(2차),서울특별시 송파구 가락동 21-6,37.5015357756159,127.122290698494,address
노원구,상계동,451,0,한신2차,서울특별시 노원구 상계동 451,37.6647793562624,127.068042474749,address
서초구,양재동,312,3,서초파크빌,서울특별시 서초구 양재동 312-3,37.4716734565436,127.040703677053,address
성북구,장위동,8,2,석계역한일노벨리아시티,서울특별시 성북구 장위동 8-2,37.6136471815814,127.06101917786,address
성동구,성수동2가,830,0,강변금호타운,서울특별시 성동구 성수동2가 830,37.5353401035002,127.057458181928,address
성동구,응봉동,100,0,대림(1차),서울특별시 성동구 응봉동 100,37.5519723830491,127.033271987997,address
서초구,서초동,1321,6,서초동아타워,서울특별시 서초구 서초동 1321-6,37.4960174289879,127.025276675735,address
강서구,등촌동,655,27,현대,서울특별시 강서구 등촌동 655-27,37.5559044424097,126.855316749688,address
성동구,옥수동,4,0,현대,서울특별시 성동구 옥수동 4,37.5436917758825,127.018895964412,address
관악구,봉천동,1591,2,서울대입구삼성,서울특별시 관악구 봉천동 1591-2,37.4761521033254,126.952078356798,address
강동구,천호동,288,5,삼익아파트,서울특별시 강동구 천호동 288-5,37.5485762830604,127.128469478103,address
용산구,산천동,204,0,한강타운,서울특별시 용산구 산천동 204,37.5357557043381,126.950212860284,address
강서구,방화동,286,1,한미(286-1),서울특별시 강서구 방화동 286-1,37.5738271799437,126.81513397352,address
은평구,갈현동,542,1,현재트윈빌,서울특별시 은평구 갈현동 542-1,37.6166967885138,126.908496949938,address
강서구,염창동,249,11,현대2,서울특별시 강서구 염창동 249-11,37.5510408939318,126.872798397714,address
강남구,압구정동,447,0,"현대14차(203,204,205,206동)",서울특별시 강남구 압구정동 447,37.5306250782443,127.026136755454,address
마포구,합정동,381,16,KCC엠파이어리버,서울특별시 마포구 합정동 381-16,37.54830521913,126.912097143068,address
송파구,거여동,293,0,거여4단지,서울특별시 송파구 거여동 293,37.4893221464139,127.143843840676,address
송파구,오금동,55,8,반석블레스빌,서울특별시 송파구 오금동 55-8,37.5015472034017,127.132898622527,address
강서구,내발산동,734,0,우장산월드메르디앙,서울특별시 강서구 내발산동 734,37.5543841861533,126.83823382591,address
마포구,합정동,470,0,일신건영휴먼빌아파트,서울특별시 마포구 합정동 470,37.5460264727842,126.917938601227,address
강서구,화곡동,1150,0,화곡3차보람,서울특별시 강서구 화곡동 1150,37.5368176662892,126.857815558701,address
양천구,신월동,1023,0,벽산블루밍2단지,서울특별시 양천구 신월동 1023,37.5136240359991,126.841496388784,address
마포구,신공덕동,13,15,블레스하임,서울특별시 마포구 신공덕동 13-15,37.5456653167954,126.955786684976,address
동대문구,휘경동,372,0,휘경SK뷰,서울특별시 동대문구 휘경동 372,37.5936190873694,127.066173973199,address
동작구,본동,492,0,삼성래미안,서울특별시 동작구 본동 492,37.5100164382346,126.950079418788,address
동대문구,이문동,427,0,이문2차푸르지오,서울특별시 동대문구 이문동 427,37.6043234599775,127.07042785142,address
광진구,군자동,346,44,홍익봄마을(102동),서울특별시 광진구 군자동 346-44,37.5498763515032,127.070329739289,address
강남구,일원동,719,0,푸른마을아파트101동~111동,서울특별시 강남구 일원동 719,37.4838701188972,127.0808707438,address
강남구,청담동,134,38,청담자이,서울특별시 강남구 청담동 134-38,37.5236003613447,127.057196116303,address
동대문구,장안동,344,1,르메이에르1차(344-1),서울특별시 동대문구 장안동 344-1,37.5712482140011,127.072202303825,address
강서구,화곡동,460,1,푸른숲,서울특별시 강서구 화곡동 460-1,37.5363196748514,126.853314603578,address
강동구,천호동,49,8,대명사이버아파트,서울특별시 강동구 천호동 49-8,37.5434660147923,127.140027090051,address
노원구,중계동,514,0,중앙하이츠아쿠아,서울특별시 노원구 중계동 514,37.6450029451238,127.067782742756,address
구로구,개봉동,479,0,진로,서울특별시 구로구 개봉동 479,37.4905157520705,126.850884904243,address
구로구,천왕동,273,0,천왕이펜하우스4단지,서울특별시 구로구 천왕동 273,37.4806068586758,126.837972197254,address
동대문구,휘경동,109,0,롯데낙천대,서울특별시 동대문구 휘경동 109,37.5919735169804,127.064380106947,address
성북구,안암동4가,23,3,안암,서울특별시 성북구 안암동4가 23-3,37.5811496843768,127.025740277308,address
서초구,방배동,1008,2,래미안방배아트힐(1008-2),서울특별시 서초구 방배동 1008-2,37.4776769383245,127.005115104471,address
동작구,상도동,416,0,아이파크,서울특별시 동작구 상도동 416,37.5007519286776,126.942703362893,address
양천구,목동,958,0,목동미소래,서울특별시 양천구 목동 958,37.5378718193992,126.867003785214,address
은평구,녹번동,86,126,예원(86-126),서울특별시 은평구 녹번동 86-126,37.6034433848705,126.929592230092,address
마포구,염리동,521,0,마포자이,서울특별시 마포구 염리동 521,37.5433260217062,126.945184422483,address
동작구,사당동,1132,0,롯데캐슬,서울특별시 동작구 사당동 1132,37.4907773085387,126.972512085381,address
영등포구,신길동,2363,0,메트하임,서울특별시 영등포구 신길동 2363,37.5002845512209,126.916630700973,address
송파구,오금동,133,16,영풍,서울특별시 송파구 오금동 133-16,37.5015568225654,127.141000089844,address
은평구,불광동,217,0,동호스카이,서울특별시 은평구 불광동 217,37.6199386784075,126.931876645526,address
송파구,문정동,55,3,동궁리치웰문정(101),서울특별시 송파구 문정동 55-3,37.486775591593,127.122624838882,address
용산구,이촌동,411,0,동아그린,서울특별시 용산구 이촌동 411,37.5239356203446,126.958032726655,address
구로구,개봉동,477,0,대상,서울특별시 구로구 개봉동 477,37.4823141960706,126.849781656303,address
종로구,창신동,232,0,두산,서울특별시 종로구 창신동 232,37.5742176646077,127.014287420294,address
강동구,성내동,30,2,현대,서울특별시 강동구 성내동 30-2,37.5352441835221,127.126480522691,address
서대문구,연희동,533,5,드파인 연희,서울특별시 서대문구 연희동 533-5,37.5705493965873,126.920765039292,address
송파구,방이동,51,0,올림픽파크리움,서울특별시 송파구 방이동 51,37.5155342649717,127.114988678888,address
도봉구,쌍문동,59,5,한양6,서울특별시 도봉구 쌍문동 59-5,37.655894351358,127.028991985722,address
마포구,중동,40,12,현대,서울특별시 마포구 중동 40-12,37.5704396912599,126.908596924276,address
마포구,망원동,499,0,한강2차대주피오레,서울특별시 마포구 망원동 499,37.5550029517532,126.898485811237,address
강서구,염창동,294,0,길훈,서울특별시 강서구 염창동 294,37.5559169955151,126.868031369771,address
동작구,사당동,1149,0,사당롯데캐슬2차,서울특별시 동작구 사당동 1149,37.4901933009791,126.971479473877,address
광진구,자양동,507,6,이튼타워리버2차,서울특별시 광진구 자양동 507-6,37.5355051981789,127.069164103799,address
동작구,사당동,147,29,이수자이,서울특별시 동작구 사당동 147-29,37.4845094704963,126.980303177741,address
동작구,사당동,206,127,사당휴브리지(206-127),서울특별시 동작구 사당동 206-127,37.4873776781875,126.966755550647,address
용산구,효창동,5,42,아인하우스,서울특별시 용산구 효창동 5-42,37.5418553659449,126.963183696919,address
송파구,풍납동,391,0,극동,서울특별시 송파구 풍납동 391,37.5266022861448,127.116716299892,address
성동구,하왕십리동,1058,0,극동미라주,서울특별시 성동구 하왕십리동 1058,37.5584811461174,127.023300962442,address
노원구,월계동,448,3,삼창,서울특별시 노원구 월계동 448-3,37.6185049088983,127.06022177044,address
용산구,이촌동,395,0,대림,서울특별시 용산구 이촌동 395,37.5252183146702,126.954928463642,address
동대문구,장안동,555,1,한신아파트,서울특별시 동대문구 장안동 555-1,37.5795268167032,127.071914027375,address
노원구,상계동,1270,0,금호타운,서울특별시 노원구 상계동 1270,37.6672868750291,127.068819349511,address
양천구,목동,752,1,극동늘푸른,서울특별시 양천구 목동 752-1,37.5385339193247,126.871438112842,address
강남구,청담동,90,10,이니그마빌2,서울특별시 강남구 청담동 90-10,37.5253583472583,127.042847639596,address
노원구,월계동,383,40,성북맨션,서울특별시 노원구 월계동 383-40,37.6224071938547,127.060187084406,address
강남구,도곡동,467,6,대림아크로빌,서울특별시 강남구 도곡동 467-6,37.4881205925146,127.051077656021,address
강동구,천호동,164,70,하이브2,서울특별시 강동구 천호동 164-70,37.5371744292828,127.133250459102,address
구로구,구로동,49,0,금호,서울특별시 구로구 구로동 49,37.4998873159365,126.892160177534,address
강서구,화곡동,361,1,대림e편한세상,서울특별시 강서구 화곡동 361-1,37.5336462319505,126.837356988102,address
서초구,서초동,1641,1,서초삼성래미안,서울특별시 서초구 서초동 1641-1,37.4934520200233,127.019952808299,address
영등포구,영등포동8가,76,1,삼환,서울특별시 영등포구 영등포동8가 76-1,37.5294570027376,126.905087646303,address
영등포구,양평동3가,90,1,거성파스텔,서울특별시 영등포구 양평동3가 90-1,37.5314993906787,126.891879015082,address
마포구,아현동,800,0,공덕자이,서울특별시 마포구 아현동 800,37.5530357624543,126.958539371542,address
구로구,개봉동,489,0,개봉동현대아이파크,서울특별시 구로구 개봉동 489,37.4900606508744,126.85978624525,address
강서구,화곡동,1146,0,태창네스트힐,서울특별시 강서구 화곡동 1146,37.5376919626751,126.850991848148,address
강서구,내발산동,663,2,천우네오젠5차,서울특별시 강서구 내발산동 663-2,37.5548123316097,126.840013213625,address
중구,흥인동,13,1,청계천두산위브더제니스,서울특별시 중구 흥인동 13-1,37.566861653483,127.017110234475,address
서초구,방배동,3278,0,방배아트자이,서울특별시 서초구 방배동 3278,37.4797890781719,127.002523706474,address
송파구,오금동,164,0,우창,서울특별시 송파구 오금동 164,37.4992573178827,127.136905244926,address
중랑구,묵동,397,0,세이지움태릉입구역,서울특별시 중랑구 묵동 397,37.6153852104817,127.077554553936,address
영등포구,문래동3가,54,0,문래자이,서울특별시 영등포구 문래동3가 54,37.5161435802169,126.896777740873,address
노원구,중계동,363,1,주공7,서울특별시 노원구 중계동 363-1,37.6472663783183,127.079636041649,address
중랑구,신내동,487,0,라이프미성,서울특별시 중랑구 신내동 487,37.6028888838747,127.098741298809,address
노원구,중계동,360,16,주공10,서울특별시 노원구 중계동 360-16,37.6480945366935,127.073280476907,address
강서구,등촌동,687,0,"등촌1,2단지주공아파트",서울특별시 강서구 등촌동 687,37.5649734120019,126.842430453381,address
영등포구,당산동,171,19,드림시드,서울특별시 영등포구 당산동 171-19,37.5281728330404,126.906705365454,address
성동구,마장동,820,0,왕십리금호어울림,서울특별시 성동구 마장동 820,37.5630082761819,127.040664692866,address
서초구,잠원동,157,0,동아,서울특별시 서초구 잠원동 157,37.5087440552448,127.010214201793,address
종로구,명륜2가,4,0,아남1,서울특별시 종로구 명륜2가 4,37.5855421290535,126.999413978947,address
중랑구,면목동,126,48,아이쉐르빌,서울특별시 중랑구 면목동 126-48,37.5901404759913,127.086473645794,address
동대문구,장안동,587,0,동대문더퍼스트데시앙,서울특별시 동대문구 장안동 587,37.5748683003768,127.070597527798,address
강남구,청담동,102,0,연세리버테라스,서울특별시 강남구 청담동 102,37.5288908170279,127.046647994675,address
강동구,길동,347,27,예다움,서울특별시 강동구 길동 347-27,37.5415517692134,127.142722417726,address
마포구,창전동,449,0,마포웨스트리버태영데시앙,서울특별시 마포구 창전동 449,37.5499610769576,126.930484403575,address
강남구,일원동,735,0,가람,서울특별시 강남구 일원동 735,37.4824347030678,127.085380414816,address
동작구,사당동,1152,0,관악푸르지오102동,서울특별시 동작구 사당동 1152,37.4860131537155,126.961858591976,address
영등포구,당산동4가,95,0,당산금호어울림,서울특별시 영등포구 당산동4가 95,37.5284487829851,126.901242531417,address
동작구,대방동,500,0,성원,서울특별시 동작구 대방동 500,37.5093670272736,126.92593559718,address
마포구,망원동,497,0,대림2,서울특별시 마포구 망원동 497,37.557231682287,126.899355714427,address
송파구,오금동,54,1,혜성공원(101동),서울특별시 송파구 오금동 54-1,37.5019900638997,127.132080617451,address
구로구,신도림동,641,0,현대홈타운아파트,서울특별시 구로구 신도림동 641,37.5119722191003,126.884254440618,address
서초구,방배동,802,8,노블씨티,서울특별시 서초구 방배동 802-8,37.4926957860444,126.995604634524,address
마포구,성산동,199,15,한림201동,서울특별시 마포구 성산동 199-15,37.5652149332729,126.906670508444,address
관악구,남현동,1136,0,남현동한일유앤아이,서울특별시 관악구 남현동 1136,37.4716970614711,126.97356227143,address
영등포구,신길동,1343,0,대방전철,서울특별시 영등포구 신길동 1343,37.5145183403065,126.925366645972,address
은평구,신사동,40,2,세민하이파크,서울특별시 은평구 신사동 40-2,37.5959020026259,126.909500992633,address
광진구,구의동,587,54,구의현대7단지현대홈타운,서울특별시 광진구 구의동 587-54,37.5368375299652,127.090930397466,address
강남구,압구정동,456,0,"현대6차(78~81,83,84,86,87동)",서울특별시 강남구 압구정동 456,37.5299339057353,127.028904583335,address
성동구,금호동3가,700,0,금호자이2차,서울특별시 성동구 금호동3가 700,37.5503795490386,127.021916573855,address
강동구,명일동,251,1,현대(명일),서울특별시 강동구 명일동 251-1,37.5485028339658,127.148819526561,address
종로구,숭인동,318,2,삼전솔하임4차,서울특별시 종로구 숭인동 318-2,37.571352181503,127.016717108303,address
은평구,진관동,6,0,상림마을7단지아이파크(702~705동)BL1-4,서울특별시 은평구 진관동 6,37.6470178993725,126.927656652397,address
양천구,신월동,538,6,길성,서울특별시 양천구 신월동 538-6,37.5190265467191,126.841636879658,address
송파구,가락동,478,0,송파동부쎈트레빌,서울특별시 송파구 가락동 478,37.5002551124329,127.108815865347,address
동작구,상도동,466,0,수정,서울특별시 동작구 상도동 466,37.4991716997707,126.952562369566,address
동대문구,답십리동,645,8,신답경남,서울특별시 동대문구 답십리동 645-8,37.5747568063894,127.044656716439,address
구로구,신도림동,338,0,신도림2차푸르지오,서울특별시 구로구 신도림동 338,37.5104945065507,126.889452897425,address
관악구,신림동,1722,0,신림동신도브래뉴,서울특별시 관악구 신림동 1722,37.483710302599,126.911493016213,address
강서구,방화동,869,0,신안네트빌2단지,서울특별시 강서구 방화동 869,37.5702404713701,126.809614706292,address
양천구,신월동,591,1,신안약수,서울특별시 양천구 신월동 591-1,37.5167049193055,126.847584380574,address
동작구,대방동,41,0,신한토탈,서울특별시 동작구 대방동 41,37.5118209875634,126.933161415959,address
강서구,화곡동,461,4,화곡예다움,서울특별시 강서구 화곡동 461-4,37.5367081513196,126.853940891883,address
동작구,신대방동,706,0,보라매우성,서울특별시 동작구 신대방동 706,37.4923512246782,126.925160742948,address
강서구,화곡동,918,6,크로스캐슬,서울특별시 강서구 화곡동 918-6,37.5300902293596,126.845044534544,address
송파구,가락동,126,2,프라임,서울특별시 송파구 가락동 126-2,37.4924747909177,127.126752350781,address
강남구,도곡동,467,0,타워팰리스1,서울특별시 강남구 도곡동 467,37.4882232479436,127.054439125962,address
성북구,장위동,316,5,참누리아파트,서울특별시 성북구 장위동 316-5,37.6231948676477,127.049454481266,address
성동구,성수동1가,656,234,서울숲대림,서울특별시 성동구 성수동1가 656-234,37.5420589174559,127.04532053837,address
서초구,서초동,1527,10,서초로즈힐,서울특별시 서초구 서초동 1527-10,37.4844142129102,127.008576857028,address
도봉구,창동,743,15,성원상떼빌,서울특별시 도봉구 창동 743-15,37.6608041595514,127.049777485447,address
마포구,성산동,142,9,세원,서울특별시 마포구 성산동 142-9,37.5685658193413,126.90746332071,address
중랑구,면목동,1535,0,현대휴온,서울특별시 중랑구 면목동 1535,37.5922413831767,127.078653309882,address
강동구,성내동,510,1,광남캐스빌(510-1),서울특별시 강동구 성내동 510-1,37.53176041786,127.129023174529,address
구로구,구로동,745,28,보성,서울특별시 구로구 구로동 745-28,37.4874090827263,126.886286122261,address
강남구,역삼동,723,16,프리빌리지,서울특별시 강남구 역삼동 723-16,37.4999139101804,127.041302882441,address
동대문구,이문동,84,0,중앙하이츠빌,서울특별시 동대문구 이문동 84,37.5963887720305,127.064644012313,address
노원구,중계동,576,0,현대(3차),서울특별시 노원구 중계동 576,37.6504652482761,127.081715544764,address
강남구,압구정동,481,0,현대8차(성수현대:91~95동),서울특별시 강남구 압구정동 481,37.5312147011021,127.035439289396,address
구로구,신도림동,639,0,우성2,서울특별시 구로구 신도림동 639,37.5121774916784,126.88548066605,address
강남구,역삼동,757,0,역삼래미안,서울특별시 강남구 역삼동 757,37.4975161048325,127.050048075024,address
금천구,독산동,965,1,예전이룸(965-1),서울특별시 금천구 독산동 965-1,37.4766875173642,126.90044559191,address
양천구,신월동,1020,0,신성미소지움,서울특별시 양천구 신월동 1020,37.5226370152574,126.846600015981,address
송파구,송파동,246,0,송파센텀레이크,서울특별시 송파구 송파동 246,37.5091406206727,127.109133462953,address
은평구,신사동,9,24,신사코아,서울특별시 은평구 신사동 9-24,37.6006334683264,126.909975633213,address
노원구,공릉동,756,0,신성미소지움아파트,서울특별시 노원구 공릉동 756,37.6249637189221,127.08101134692,address
영등포구,신길동,4656,0,우성3,서울특별시 영등포구 신길동 4656,37.4972376548008,126.908754635386,address
중랑구,면목동,1525,0,용마산금호어울림,서울특별시 중랑구 면목동 1525,37.5774275202186,127.091421465659,address
동대문구,답십리동,10,0,동아,서울특별시 동대문구 답십리동 10,37.569342253763,127.061708365604,address
영등포구,당산동1가,457,0,신동아파밀리에,서울특별시 영등포구 당산동1가 457,37.519786915481,126.900391525962,address
성북구,장위동,315,0,경헌그린아파트,서울특별시 성북구 장위동 315,37.6180541553306,127.043608930149,address
송파구,송파동,118,2,에스-탑,서울특별시 송파구 송파동 118-2,37.5070252960569,127.112816657093,address
양천구,신월동,217,2,나산,서울특별시 양천구 신월동 217-2,37.5275685130252,126.83436044472,address
강동구,길동,387,4,다성이즈빌(387-4),서울특별시 강동구 길동 387-4,37.538161678202,127.138400184724,address
서초구,방배동,1,11,다이너스티힐,서울특별시 서초구 방배동 1-11,37.4959271773894,126.994007027917,address
강동구,천호동,44,0,금호아파트,서울특별시 강동구 천호동 44,37.5448155610226,127.142188200886,address
서대문구,북가좌동,150,0,요진,서울특별시 서대문구 북가좌동 150,37.5729119395681,126.90837542737,address
강동구,암사동,446,21,양지벨로스,서울특별시 강동구 암사동 446-21,37.5551920114036,127.134955002961,address
강남구,역삼동,835,68,롯데캐슬노블,서울특별시 강남구 역삼동 835-68,37.4923092347932,127.035775737969,address
강동구,암사동,419,0,암사동한솔,서울특별시 강동구 암사동 419,37.552075626614,127.140301898686,address
용산구,원효로1가,41,0,용산더프라임,서울특별시 용산구 원효로1가 41,37.5402099307352,126.970096406378,address
서대문구,홍제동,157,68,광산,서울특별시 서대문구 홍제동 157-68,37.5856076236204,126.945410327023,address
강동구,길동,410,3,광남캐스빌610V,서울특별시 강동구 길동 410-3,37.5364842503377,127.141171390332,address
마포구,망원동,491,0,대상3,서울특별시 마포구 망원동 491,37.5593448741489,126.899560103247,address
영등포구,대림동,695,0,우성2,서울특별시 영등포구 대림동 695,37.4956280479968,126.900010981656,address
용산구,후암동,244,86,신후암,서울특별시 용산구 후암동 244-86,37.5498213338045,126.977833268946,address
강남구,자곡동,686,0,강남한양수자인(4단지),서울특별시 강남구 자곡동 686,37.4753799821393,127.112496841501,address
성북구,돈암동,42,32,고명,서울특별시 성북구 돈암동 42-32,37.5988493344518,127.020088723483,address
영등포구,양평동2가,38,1,삼성래미안,서울특별시 영등포구 양평동2가 38-1,37.5243961073332,126.882570707837,address
은평구,신사동,29,26,린든빌(29-26),서울특별시 은평구 신사동 29-26,37.5964249003592,126.910277946543,address
강북구,수유동,734,0,북한산네이처파크,서울특별시 강북구 수유동 734,37.6462632002159,127.009864289881,address
영등포구,신길동,4780,0,보라매경남아너스빌,서울특별시 영등포구 신길동 4780,37.4948797805032,126.909888661947,address
금천구,시흥동,268,46,탑스빌,서울특별시 금천구 시흥동 268-46,37.4487498560437,126.915868245698,address
성북구,돈암동,631,0,범양,서울특별시 성북구 돈암동 631,37.6033317626866,127.028043185355,address
강서구,화곡동,924,1,리치아파트,서울특별시 강서구 화곡동 924-1,37.5296972430114,126.842007125024,address
강동구,암사동,670,0,동원베네스트,서울특별시 강동구 암사동 670,37.5541057670931,127.13111857582,address
동대문구,전농동,597,5,리베르떼,서울특별시 동대문구 전농동 597-5,37.5831872096235,127.049446684357,address
구로구,오류동,337,0,동보,서울특별시 구로구 오류동 337,37.4896235600364,126.830180479204,address
중랑구,묵동,378,0,한국,서울특별시 중랑구 묵동 378,37.6143378887968,127.073491872132,address
은평구,갈현동,474,4,행운,서울특별시 은평구 갈현동 474-4,37.6144254351401,126.915683529861,address
강남구,압구정동,369,1,"현대1차(12,13,21,22,31,32,33동)",서울특별시 강남구 압구정동 369-1,37.5330267381014,127.027925536556,address
양천구,신월동,529,2,세제뉴타운,서울특별시 양천구 신월동 529-2,37.5198125734033,126.841295520898,address
구로구,오류동,351,0,서해그랑블,서울특별시 구로구 오류동 351,37.4869191670085,126.82941546527,address
강서구,화곡동,1143,0,은창,서울특별시 강서구 화곡동 1143,37.5289238020216,126.852149447957,address
종로구,평창동,145,5,일성빌라트,서울특별시 종로구 평창동 145-5,37.6091263836794,126.972703592087,address
송파구,방이동,46,1,이스턴잠실,서울특별시 송파구 방이동 46-1,37.5163762722061,127.112535956726,address
영등포구,여의도동,52,0,은하,서울특별시 영등포구 여의도동 52,37.5187501241978,126.935206402736,address
중랑구,묵동,170,1,묵동자이(2단지),서울특별시 중랑구 묵동 170-1,37.6138458731114,127.077552615476,address
강동구,암사동,503,31,대은팰리스뷰(101),서울특별시 강동구 암사동 503-31,37.5518955267586,127.127334895371,address
강동구,성내동,413,6,신이모닝빌,서울특별시 강동구 성내동 413-6,37.5295565140415,127.135587494527,address
강서구,마곡동,422,0,신안,서울특별시 강서구 마곡동 422,37.5687748573081,126.823373808305,address
종로구,숭인동,1421,2,숭인한양LEEPS,서울특별시 종로구 숭인동 1421-2,37.5736181490425,127.022370638814,address
강동구,암사동,400,0,현대홈타운,서울특별시 강동구 암사동 400,37.5565793525256,127.138852308901,address
강동구,성내동,457,4,동원,서울특별시 강동구 성내동 457-4,37.5274599863364,127.123501875937,address
동대문구,용두동,100,5,동대문베네스트,서울특별시 동대문구 용두동 100-5,37.577816917793,127.033588464641,address
중구,신당동,432,2164,도현블랑빌,서울특별시 중구 신당동 432-2164,37.5480424320662,127.00611980975,address
마포구,상수동,398,0,래미안밤섬리베뉴Ⅱ,서울특별시 마포구 상수동 398,37.5466753554924,126.927260242735,address
강서구,화곡동,105,362,신한빌라트(105-362),서울특별시 강서구 화곡동 105-362,37.5413990782031,126.842082122826,address
서대문구,북가좌동,455,0,신일해피트리,서울특별시 서대문구 북가좌동 455,37.5750463456097,126.904448291632,address
관악구,신림동,1421,1,신림큐브,서울특별시 관악구 신림동 1421-1,37.4855860298558,126.932054229593,address
강남구,역삼동,727,2,대명벨리온,서울특별시 강남구 역삼동 727-2,37.4979467693109,127.03910848597,address
성북구,하월곡동,227,0,월곡갑을명가,서울특별시 성북구 하월곡동 227,37.6032775735046,127.0421197278,address
영등포구,신길동,102,8,우성4,서울특별시 영등포구 신길동 102-8,37.5138706683039,126.917595014671,address
관악구,봉천동,41,259,에메랄드102동,서울특별시 관악구 봉천동 41-259,37.485964223058,126.952855315178,address
노원구,중계동,588,0,양지마을(대림)2,서울특별시 노원구 중계동 588,37.6534324673993,127.072310927385,address
양천구,신정동,1317,0,이펜하우스4단지,서울특별시 양천구 신정동 1317,37.5107541400778,126.829825083522,address
금천구,독산동,1143,0,이랜드해가든,서울특별시 금천구 독산동 1143,37.461012860734,126.893069638924,address
은평구,응암동,577,16,명남더블레스,서울특별시 은평구 응암동 577-16,37.5912277964365,126.917046018067,address
중랑구,망우동,508,15,로얄팰리스주상복합아파트,서울특별시 중랑구 망우동 508-15,37.5964244330413,127.094139364045,address
관악구,신림동,1705,0,금호(1차),서울특별시 관악구 신림동 1705,37.4651611978444,126.937736894087,address
성북구,장위동,317,0,꿈의숲대명루첸아파트,서울특별시 성북구 장위동 317,37.6205468770084,127.047001861835,address
강서구,방화동,877,0,청성(877-0),서울특별시 강서구 방화동 877,37.5663695039625,126.812073305021,address
양천구,신정동,1291,0,태영데시앙,서울특별시 양천구 신정동 1291,37.5114223595849,126.846765484959,address
관악구,신림동,721,2,건영2,서울특별시 관악구 신림동 721-2,37.4708484624297,126.916922731166,address
강동구,성내동,596,0,경보그레이스힐,서울특별시 강동구 성내동 596,37.5311409612954,127.13539791741,address
동대문구,청량리동,425,0,광남캐스빌,서울특별시 동대문구 청량리동 425,37.5860819009296,127.044514936847,address
성동구,성수동2가,712,0,청구강변1,서울특별시 성동구 성수동2가 712,37.5352464004244,127.054802195707,address
동대문구,답십리동,465,55,한원힐트리움아파트,서울특별시 동대문구 답십리동 465-55,37.5708339554216,127.047451802393,address
강남구,역삼동,706,20,한화진넥스빌,서울특별시 강남구 역삼동 706-20,37.5019559669632,127.044242152066,address
서초구,양재동,11,74,현대테라하임102동,서울특별시 서초구 양재동 11-74,37.4834691071244,127.037165384011,address
마포구,창전동,440,0,창전동현대홈타운,서울특별시 마포구 창전동 440,37.5510214470245,126.931850132328,address
마포구,상암동,1736,0,상암월드컵파크10단지,서울특별시 마포구 상암동 1736,37.5854508203348,126.882105659288,address
강남구,일원동,731,0,한솔마을,서울특별시 강남구 일원동 731,37.4820202153818,127.07784941621,address
서초구,서초동,1454,29,서초한신,서울특별시 서초구 서초동 1454-29,37.4828734725558,127.014317721606,address
영등포구,대림동,650,0,성원(650),서울특별시 영등포구 대림동 650,37.5038414805746,126.896607959674,address
용산구,한남동,522,1,한남동동원베네스트,서울특별시 용산구 한남동 522-1,37.5303376860557,127.007715042965,address
서초구,서초동,1347,20,서초벽산블루밍,서울특별시 서초구 서초동 1347-20,37.4858126339942,127.026033507993,address
서초구,서초동,1316,15,현대성우주상복합아파트,서울특별시 서초구 서초동 1316-15,37.4984717155786,127.024250443985,address
서초구,서초동,1542,6,현대ESA2,서울특별시 서초구 서초동 1542-6,37.4910698691349,127.008573434175,address
동대문구,전농동,155,0,전농동삼성래미안,서울특별시 동대문구 전농동 155,37.5819288502804,127.055593680489,address
마포구,망원동,496,0,대림1,서울특별시 마포구 망원동 496,37.553433582502,126.90485489938,address
마포구,연남동,249,12,노블레스(249-12),서울특별시 마포구 연남동 249-12,37.5637621589012,126.921789656395,address
서초구,우면동,67,0,한라,서울특별시 서초구 우면동 67,37.4715308560823,127.025890636987,address
노원구,공릉동,751,0,대주파크빌아파트,서울특별시 노원구 공릉동 751,37.6211555272767,127.072254959985,address
마포구,성산동,596,0,대원,서울특별시 마포구 성산동 596,37.5644925924115,126.9102569475,address
강동구,암사동,461,0,대원,서울특별시 강동구 암사동 461,37.5545785987007,127.130559995194,address
강동구,강일동,668,0,강일리버파크2단지,서울특별시 강동구 강일동 668,37.5692016717333,127.17613480554,address
노원구,공릉동,222,0,하늘공원(101동),서울특별시 노원구 공릉동 222,37.6252618833567,127.080311492431,address
용산구,원효로4가,109,4,풍전,서울특별시 용산구 원효로4가 109-4,37.5327019212766,126.954166947697,address
동작구,상도동,445,0,경향렉스빌,서울특별시 동작구 상도동 445,37.4952970416671,126.941935290017,address
서초구,잠원동,49,8,한강,서울특별시 서초구 잠원동 49-8,37.5213183876092,127.015130604916,address
광진구,자양동,666,28,경남아너스빌,서울특별시 광진구 자양동 666-28,37.5294776637935,127.083927287513,address
금천구,가산동,143,6,가산지웰에스테이트2차,서울특별시 금천구 가산동 143-6,37.4774564327367,126.890946545488,address
강북구,번동,138,0,한솔솔파크,서울특별시 강북구 번동 138,37.6273613072931,127.038842916774,address
용산구,청암동,181,0,GS자이,서울특별시 용산구 청암동 181,37.5350074800767,126.94723103582,address
송파구,장지동,896,0,위례중앙푸르지오2단지,서울특별시 송파구 장지동 896,37.4747301269203,127.142814347346,address
용산구,효창동,286,0,용산케이씨씨스위첸,서울특별시 용산구 효창동 286,37.5402604684333,126.960019551463,address
노원구,상계동,757,0,한양,서울특별시 노원구 상계동 757,37.6516530389414,127.067422199148,address
양천구,신정동,1296,0,아이파크,서울특별시 양천구 신정동 1296,37.5216476033758,126.872160531588,address
광진구,구의동,59,1,스타파크,서울특별시 광진구 구의동 59-1,37.5490111663673,127.092022274837,address
강동구,성내동,466,1,운암화인빌102,서울특별시 강동구 성내동 466-1,37.5257316162051,127.127634547741,address
중랑구,면목동,1548,0,쌍용더플래티넘용마산,서울특별시 중랑구 면목동 1548,37.5724959931949,127.085315476234,address
관악구,신림동,551,9,신림2차현대,서울특별시 관악구 신림동 551-9,37.4844788288921,126.908958409469,address
강동구,천호동,40,9,아크로파크,서울특별시 강동구 천호동 40-9,37.5453144660072,127.139830710469,address
성동구,응봉동,275,0,신동아,서울특별시 성동구 응봉동 275,37.5502521182132,127.029501454197,address
동대문구,답십리동,464,1,신답극동,서울특별시 동대문구 답십리동 464-1,37.5726924675573,127.044123220013,address
중랑구,면목동,1515,0,성원상떼빌,서울특별시 중랑구 면목동 1515,37.5774850852518,127.090731767812,address
동작구,사당동,1154,0,사당휴먼시아,서울특별시 동작구 사당동 1154,37.4789624423231,126.970148076657,address
성동구,금호동4가,1507,0,브라운스톤금호,서울특별시 성동구 금호동4가 1507,37.5466546398967,127.01569586672,address
서대문구,홍은동,467,0,북한산두산위브,서울특별시 서대문구 홍은동 467,37.5980187651894,126.945555830465,address
은평구,불광동,636,0,북한산한양수자인아파트,서울특별시 은평구 불광동 636,37.6216892860099,126.932170239348,address
성동구,송정동,104,0,서울숲아이파크,서울특별시 성동구 송정동 104,37.5529080625121,127.069207117454,address
강남구,도곡동,933,0,도곡쌍용예가,서울특별시 강남구 도곡동 933,37.4879799725392,127.038115610038,address
강남구,도곡동,934,10,도곡우성아파트,서울특별시 강남구 도곡동 934-10,37.4881982448773,127.037115148391,address
강남구,삼성동,52,9,삼성리치빌1,서울특별시 강남구 삼성동 52-9,37.518529686768,127.051129370461,address
송파구,장지동,883,0,힐스테이트송파위례,서울특별시 송파구 장지동 883,37.479599983979,127.142445998533,address
도봉구,창동,442,17,세인트라디움,서울특별시 도봉구 창동 442-17,37.6425615141413,127.041369268572,address
구로구,구로동,1282,0,덕영드림,서울특별시 구로구 구로동 1282,37.5008467014671,126.88406850513,address
강서구,등촌동,725,0,마곡루나플라체,서울특별시 강서구 등촌동 725,37.5590496638778,126.842316960714,address
양천구,신정동,314,0,목동신시가지8,서울특별시 양천구 신정동 314,37.5216269650802,126.867656607229,address
송파구,문정동,19,0,문정대우푸르지오2차,서울특별시 송파구 문정동 19,37.4868398548048,127.127290087089,address
성북구,종암동,133,0,래미안세레니티,서울특별시 성북구 종암동 133,37.5992448373509,127.031050089448,address
성북구,정릉동,1037,0,정릉꿈에그린,서울특별시 성북구 정릉동 1037,37.60163325465,127.010858105946,address
강서구,염창동,263,2,주상복합태진가람,서울특별시 강서구 염창동 263-2,37.5495183979505,126.874322479382,address
도봉구,창동,621,69,창동한신휴플러스(621-69),서울특별시 도봉구 창동 621-69,37.645665566891,127.035022338758,address
은평구,응암동,88,8,응암아네스트,서울특별시 은평구 응암동 88-8,37.6005226985014,126.921535013261,address
서초구,반포동,30,26,반포리체,서울특별시 서초구 반포동 30-26,37.5037456658496,127.013532527704,address
서초구,방배동,1344,0,방배1차현대홈타운,서울특별시 서초구 방배동 1344,37.4884391320046,126.983901007651,address
강남구,논현동,44,6,은탑리더스카운티,서울특별시 강남구 논현동 44-6,37.5131518613692,127.023917900591,address
양천구,신정동,1316,0,이펜하우스3단지,서울특별시 양천구 신정동 1316,37.5125188976473,126.830802405083,address
구로구,구로동,1261,0,일신건영,서울특별시 구로구 구로동 1261,37.5036640700126,126.885748587163,address
성북구,보문동3가,230,0,이편한세상보문,서울특별시 성북구 보문동3가 230,37.5826754585576,127.015840868484,address
은평구,증산동,174,2,자선메르시안(103),서울특별시 은평구 증산동 174-2,37.5822122005462,126.90747835904,address
강서구,화곡동,1026,27,우공팰리스101동,서울특별시 강서구 화곡동 1026-27,37.5444823739052,126.838542189173,address
양천구,신월동,150,1,올림푸스(150-1),서울특별시 양천구 신월동 150-1,37.5351625319504,126.825008483055,address
강남구,논현동,276,1,아크로힐스논현,서울특별시 강남구 논현동 276-1,37.5095251011602,127.038954823034,address
서대문구,연희동,705,4,연희에스엠,서울특별시 서대문구 연희동 705-4,37.5740118609407,126.928580193136,address
송파구,가락동,101,4,아키죤II,서울특별시 송파구 가락동 101-4,37.4902755952183,127.120836513965,address
강서구,방화동,885,0,방화동2차태승훼미리,서울특별시 강서구 방화동 885,37.5690826437317,126.807915105075,address
마포구,도화동,538,0,성지,서울특별시 마포구 도화동 538,37.5412654070003,126.946298440644,address
동대문구,용두동,255,66,청계천대성스카이렉스2,서울특별시 동대문구 용두동 255-66,37.5703397413814,127.029907259076,address
강남구,청담동,130,0,청담아이파크,서울특별시 강남구 청담동 130,37.5252422082027,127.055217748136,address
강동구,길동,361,18,청원파크빌2,서울특별시 강동구 길동 361-18,37.5387542572085,127.145234516055,address
강서구,방화동,880,0,치현마을동일스위트리버,서울특별시 강서구 방화동 880,37.5792934130853,126.815824055163,address
강남구,도곡동,467,29,타워팰리스3,서울특별시 강남구 도곡동 467-29,37.4873363055886,127.052829715042,address
관악구,신림동,1424,28,태영,서울특별시 관악구 신림동 1424-28,37.4855148927489,126.929966836992,address
강서구,화곡동,925,26,트리움팰리스,서울특별시 강서구 화곡동 925-26,37.5295311622615,126.842257049106,address
노원구,하계동,354,0,학여울청구,서울특별시 노원구 하계동 354,37.636349632113,127.061339558817,address
마포구,망원동,236,2,한강그린1차아파트,서울특별시 마포구 망원동 236-2,37.5522675194366,126.902000687601,address
중구,신당동,432,1972,신신(1차),서울특별시 중구 신당동 432-1972,37.5509168303169,127.00545349403,address
도봉구,방학동,732,0,신동아아파트4,서울특별시 도봉구 방학동 732,37.6628054159966,127.029379109557,address
용산구,한강로3가,63,387,시티파크(2단지),서울특별시 용산구 한강로3가 63-387,37.5261585854458,126.969883111317,address
노원구,상계동,694,0,임광,서울특별시 노원구 상계동 694,37.6607252216914,127.05697203659,address
중랑구,면목동,1520,0,일신강변,서울특별시 중랑구 면목동 1520,37.5868619082189,127.074646310136,address
마포구,용강동,508,0,이편한세상마포리버파크,서울특별시 마포구 용강동 508,37.5415627963579,126.943717448432,address
종로구,숭인동,202,3,종로중흥S클래스,서울특별시 종로구 숭인동 202-3,37.5735489879638,127.021698658509,address
마포구,마포동,253,0,마포쌍용황금아파트,서울특별시 마포구 마포동 253,37.5371402048809,126.94576497541,address
송파구,송파동,104,0,힐스빌,서울특별시 송파구 송파동 104,37.5039319583203,127.113389581016,address
중구,황학동,1743,0,골드캐슬Ⅲ,서울특별시 중구 황학동 1743,37.5702355727167,127.0212346135,address
광진구,자양동,636,11,그랜드아파트,서울특별시 광진구 자양동 636-11,37.5315344650177,127.079639995698,address
동대문구,휘경동,172,0,휘경자이디센시아,서울특별시 동대문구 휘경동 172,37.5929682513999,127.062632237632,address
강남구,대치동,992,0,현대1,서울특별시 강남구 대치동 992,37.4998962366817,127.065297061714,address
강서구,염창동,240,1,강변월드메르디앙,서울특별시 강서구 염창동 240-1,37.5577647356867,126.86537637911,address
종로구,견지동,110,0,대성스카이렉스,서울특별시 종로구 견지동 110,37.5724878538449,126.982441794649,address
강서구,마곡동,1360,0,마곡승윤노블리안아파트,서울특별시 강서구 마곡동 1360,37.5713604871978,126.81765599351,address
강동구,천호동,567,0,동구햇살아파트,서울특별시 강동구 천호동 567,37.5482355707372,127.140834598535,address
영등포구,양평동3가,105,0,삼익플라주201동,서울특별시 영등포구 양평동3가 105,37.5305045311909,126.894195545144,address
동대문구,이문동,73,0,삼익,서울특별시 동대문구 이문동 73,37.5959211476943,127.067557473978,address
양천구,신월동,1060,0,동원데자뷰,서울특별시 양천구 신월동 1060,37.543274868093,126.827959271934,address
동작구,상도동,409,0,동아,서울특별시 동작구 상도동 409,37.4962484613919,126.940044807541,address
강동구,길동,456,4,다성이즈빌,서울특별시 강동구 길동 456-4,37.5352928515791,127.137046559967,address
강동구,성내동,420,16,대주그린빌,서울특별시 강동구 성내동 420-16,37.5296390231176,127.1313015519,address
강남구,역삼동,763,16,래미안그레이튼,서울특별시 강남구 역삼동 763-16,37.4965001990472,127.048147354094,address
양천구,신월동,1057,0,롯데캐슬(1057-0),서울특별시 양천구 신월동 1057,37.523328012312,126.840092912064,address
광진구,자양동,641,0,경남,서울특별시 광진구 자양동 641,37.5289477821397,127.078966591413,address
강서구,염창동,271,4,염창2차보람,서울특별시 강서구 염창동 271-4,37.5525685323862,126.866830214461,address
양천구,신월동,518,2,세진아파트,서울특별시 양천구 신월동 518-2,37.5215716569724,126.841137044057,address
중랑구,면목동,1518,0,신우,서울특별시 중랑구 면목동 1518,37.5804759981669,127.079255215388,address
강서구,화곡동,1009,6,신세계2차,서울특별시 강서구 화곡동 1009-6,37.5472803312984,126.834312763776,address
중구,황학동,1531,0,청계랜드힐아파트,서울특별시 중구 황학동 1531,37.5698488603782,127.021263028889,address
양천구,신월동,1058,0,코아루2단지,서울특별시 양천구 신월동 1058,37.5315874181946,126.828608714693,address
동대문구,장안동,367,11,태솔타운3차,서울특별시 동대문구 장안동 367-11,37.5713167980979,127.071728752344,address
노원구,상계동,359,0,노원현대,서울특별시 노원구 상계동 359,37.6586154725619,127.063184635313,address
구로구,구로동,1270,0,뉴홍현솔레디움,서울특별시 구로구 구로동 1270,37.4988728541573,126.883504534193,address
양천구,신정동,1303,0,대림e-편한세상,서울특별시 양천구 신정동 1303,37.5125446630066,126.843002221826,address
동작구,상도동,411,0,대림아파트,서울특별시 동작구 상도동 411,37.4929953027688,126.953477580217,address
마포구,연남동,259,1,대명,서울특별시 마포구 연남동 259-1,37.561684270976,126.923701787705,address
광진구,자양동,861,0,자양호반써밋,서울특별시 광진구 자양동 861,37.5374300374627,127.068800532801,address
강동구,성내동,455,3,호암아펙스,서울특별시 강동구 성내동 455-3,37.5285724333059,127.121785224669,address
서초구,양재동,27,0,호반써밋양재,서울특별시 서초구 양재동 27,37.4808891268243,127.036979251723,address
용산구,한남동,72,1,한남동리첸시아,서울특별시 용산구 한남동 72-1,37.5344707464089,127.007899663322,address
광진구,중곡동,231,1,신성그랜드타워,서울특별시 광진구 중곡동 231-1,37.5651787869177,127.080236419289,address
강동구,천호동,32,2,성인아파트,서울특별시 강동구 천호동 32-2,37.547761867449,127.142153398452,address
용산구,보광동,448,0,신동아1,서울특별시 용산구 보광동 448,37.5258603048593,127.001851124058,address
영등포구,신길동,340,1,신미,서울특별시 영등포구 신길동 340-1,37.5013715554038,126.907244581408,address
중구,신당동,432,1132,태원팰리스5차(432-1132),서울특별시 중구 신당동 432-1132,37.5530936297203,127.007341211727,address
강동구,길동,415,16,청광플러스원큐브3차,서울특별시 강동구 길동 415-16,37.536374560704,127.13645124999,address
영등포구,영등포동1가,40,1,창방누리애,서울특별시 영등포구 영등포동1가 40-1,37.5173458722632,126.914349182562,address
강북구,수유동,180,31,진명,서울특별시 강북구 수유동 180-31,37.6430940345256,127.024860738676,address
송파구,신천동,20,4,잠실 래미안아이파크,서울특별시 송파구 신천동 20-4,37.5183793669114,127.110740852277,address
관악구,봉천동,893,1,프라비다M,서울특별시 관악구 봉천동 893-1,37.4824444142471,126.947672564022,address
노원구,월계동,322,1,성원(사슴4),서울특별시 노원구 월계동 322-1,37.6294157509446,127.062513840528,address
관악구,봉천동,1560,61,서울대입구아이원(1560-61),서울특별시 관악구 봉천동 1560-61,37.4783228992851,126.945028209906,address
성북구,석관동,413,0,장위아트포레,서울특별시 성북구 석관동 413,37.6082131299935,127.052611007655,address
강동구,길동,146,1,길동3차이룸,서울특별시 강동구 길동 146-1,37.5363159917587,127.145071837704,address
강동구,성내동,424,12,동아2,서울특별시 강동구 성내동 424-12,37.5282453984792,127.133193507303,address
동작구,상도동,903,0,e편한세상상도노빌리티,서울특별시 동작구 상도동 903,37.5053357229011,126.947797962972,address
구로구,구로동,780,86,(780-86),서울특별시 구로구 구로동 780-86,37.4868815765687,126.888782598156,address
중랑구,상봉동,499,0,건영캐스빌,서울특별시 중랑구 상봉동 499,37.6025354672198,127.091187076268,address
강동구,길동,414,10,강동한신휴플러스,서울특별시 강동구 길동 414-10,37.5361015376915,127.137478439766,address
구로구,구로동,1285,0,대림역경남아너스빌,서울특별시 구로구 구로동 1285,37.4933588748574,126.893129384011,address
강남구,대치동,1014,3,대치삼성,서울특별시 강남구 대치동 1014-3,37.4963870034067,127.058401866149,address
동작구,상도동,7,71,대동아파트,서울특별시 동작구 상도동 7-71,37.5080239189617,126.953520281929,address
광진구,자양동,858,0,한영해시안,서울특별시 광진구 자양동 858,37.5397274158194,127.063308892316,address
송파구,송파동,167,1,한영해시안아파트,서울특별시 송파구 송파동 167-1,37.5032044406718,127.119023522029,address
용산구,효창동,272,0,효창베네스,서울특별시 용산구 효창동 272,37.5423274408184,126.959196726906,address
광진구,화양동,110,37,화양타워,서울특별시 광진구 화양동 110-37,37.5470303133076,127.071171922451,address
영등포구,신길동,4933,0,우성5,서울특별시 영등포구 신길동 4933,37.506772688615,126.903492486264,address
강남구,논현동,258,0,두산위브2단지,서울특별시 강남구 논현동 258,37.5125350078397,127.038369354075,address
광진구,구의동,45,11,데쟈뷰아파트,서울특별시 광진구 구의동 45-11,37.5502052010886,127.094379054129,address
동대문구,장안동,342,13,광남캐스빌,서울특별시 동대문구 장안동 342-13,37.571062642814,127.073171769836,address
관악구,봉천동,1598,49,뉴그린아파트,서울특별시 관악구 봉천동 1598-49,37.4785786011303,126.953174820043,address
동대문구,장안동,241,13,동재(A동),서울특별시 동대문구 장안동 241-13,37.5638324711271,127.059629799904,address
동대문구,용두동,138,41,두산베어스타워,서울특별시 동대문구 용두동 138-41,37.5785297552589,127.032403154517,address
용산구,이촌동,302,48,미주B,서울특별시 용산구 이촌동 302-48,37.5200740016953,126.969441335164,address
강서구,화곡동,900,39,삼익플로리아,서울특별시 강서구 화곡동 900-39,37.5296005163429,126.84530485117,address
중랑구,면목동,1516,0,면목삼익아파트,서울특별시 중랑구 면목동 1516,37.5752190168167,127.079585178029,address
강서구,화곡동,899,13,드림시드아파트1차,서울특별시 강서구 화곡동 899-13,37.5299702926319,126.846621654773,address
마포구,성산동,597,0,성산동성,서울특별시 마포구 성산동 597,37.5648589625166,126.905779034597,address
마포구,신수동,451,0,세양청마루,서울특별시 마포구 신수동 451,37.5477899311392,126.936715861657,address
강서구,화곡동,914,32,세교예지안5차,서울특별시 강서구 화곡동 914-32,37.5291042720468,126.844570508653,address
서초구,서초동,1675,11,서초대우아이빌,서울특별시 서초구 서초동 1675-11,37.4942413218619,127.017558868696,address
마포구,신공덕동,173,0,대우월드마크마포,서울특별시 마포구 신공덕동 173,37.5424449362081,126.953369360825,address
동작구,대방동,509,0,보라매코오롱하늘채,서울특별시 동작구 대방동 509,37.498472112427,126.923178999827,address
동대문구,장안동,424,1,한일(424-1),서울특별시 동대문구 장안동 424-1,37.5652180909144,127.064636762217,address
강서구,내발산동,676,23,청솔샤르망1001동,서울특별시 강서구 내발산동 676-23,37.5529045325368,126.838734177292,address
은평구,녹번동,31,36,제니더클래식,서울특별시 은평구 녹번동 31-36,37.6050501258172,126.934288827452,address
강남구,논현동,221,7,한양수자인어반게이트,서울특별시 강남구 논현동 221-7,37.5097162486159,127.033523881412,address
서초구,반포동,107,19,정광아파트,서울특별시 서초구 반포동 107-19,37.4984899142432,126.996298425055,address
송파구,거여동,33,2,청솔,서울특별시 송파구 거여동 33-2,37.492649425609,127.149898447924,address
중구,신당동,292,35,청구파크뷰,서울특별시 중구 신당동 292-35,37.5621352983101,127.01581161819,address
서대문구,충정로3가,222,0,피어리스,서울특별시 서대문구 충정로3가 222,37.5629089558068,126.965156673461,address
강서구,화곡동,925,5,풍원팰리스,서울특별시 강서구 화곡동 925-5,37.5293938746788,126.842681024569,address
도봉구,창동,743,28,창동역블루핀1동,서울특별시 도봉구 창동 743-28,37.6605185232584,127.049623388974,address
중구,황학동,787,0,한양I-Class,서울특별시 중구 황학동 787,37.5671059356091,127.023298555152,address
강남구,압구정동,484,0,한양6,서울특별시 강남구 압구정동 484,37.5297937266126,127.03605169339,address
강동구,길동,474,0,강동LG자이,서울특별시 강동구 길동 474,37.537719856801,127.149180076833,address
강서구,염창동,263,0,태진한솔,서울특별시 강서구 염창동 263,37.5491303816883,126.874025170747,address
용산구,이촌동,300,23,한강맨숀,서울특별시 용산구 이촌동 300-23,37.5193300950348,126.975026539164,address
마포구,합정동,469,0,한국프라우드,서울특별시 마포구 합정동 469,37.5488176019217,126.908518883684,address
강남구,역삼동,766,8,트레벨,서울특별시 강남구 역삼동 766-8,37.4961333607213,127.050399973642,address
강서구,등촌동,366,24,힐스테이트 등촌역,서울특별시 강서구 등촌동 366-24,37.5490938651882,126.859698371753,address
서초구,양재동,363,3,인랜드,서울특별시 서초구 양재동 363-3,37.4688500085652,127.046664355684,address
구로구,구로동,23,0,우성(23),서울특별시 구로구 구로동 23,37.5039690303261,126.889025179127,address
송파구,방이동,39,2,신동아타워,서울특별시 송파구 방이동 39-2,37.5156366783812,127.110586019553,address
강서구,화곡동,343,39,우성(343-39),서울특별시 강서구 화곡동 343-39,37.5310000178025,126.846045832003,address
강서구,염창동,297,0,월드메르디앙,서울특별시 강서구 염창동 297,37.5527980157628,126.872794958712,address
광진구,광장동,145,8,워커힐,서울특별시 광진구 광장동 145-8,37.5505202819769,127.106554627171,address
서초구,서초동,1326,17,우성아파트,서울특별시 서초구 서초동 1326-17,37.4948498686503,127.026668659083,address
노원구,월계동,880,0,유원,서울특별시 노원구 월계동 880,37.6295888236278,127.045150010195,address
마포구,아현동,617,1,마포 에피트 어바닉,서울특별시 마포구 아현동 617-1,37.5514887333448,126.955287232629,address
강서구,마곡동,1535,0,마곡일성트루엘아파트,서울특별시 강서구 마곡동 1535,37.5710512329627,126.822062820522,address
양천구,목동,539,6,목동진흥,서울특별시 양천구 목동 539-6,37.5437091372391,126.876129028735,address
마포구,공덕동,111,7,로즈빌A,서울특별시 마포구 공덕동 111-7,37.5471456391093,126.959765110163,address
은평구,녹번동,283,0,래미안베라힐즈,서울특별시 은평구 녹번동 283,37.6040543353051,126.936396889141,address
은평구,신사동,337,5,신현,서울특별시 은평구 신사동 337-5,37.5911580593299,126.913284795138,address
영등포구,여의도동,21,1,서울,서울특별시 영등포구 여의도동 21-1,37.5269135314362,126.931161838364,address
서초구,서초동,1527,14,서초동아,서울특별시 서초구 서초동 1527-14,37.4840092114855,127.008550466466,address
관악구,봉천동,867,9,서울대역해담채,서울특별시 관악구 봉천동 867-9,37.4797800205232,126.950770207117,address
중랑구,상봉동,113,0,상봉어반뷰,서울특별시 중랑구 상봉동 113,37.5955066222163,127.085331889126,address
강북구,우이동,1,0,성원상떼빌,서울특별시 강북구 우이동 1,37.6618296175068,127.013834535912,address
동대문구,회기동,67,3,민족통일MJ캠퍼스경희대,서울특별시 동대문구 회기동 67-3,37.5886345775864,127.053653146936,address
송파구,방이동,455,0,올림픽포레다움아파트,서울특별시 송파구 방이동 455,37.5129893170972,127.116067002754,address
성동구,금호동1가,1818,0,신금호두산위브,서울특별시 성동구 금호동1가 1818,37.5559661120198,127.022316809206,address
용산구,원효로1가,28,7,시온캐슬용산,서울특별시 용산구 원효로1가 28-7,37.5392435082897,126.967338336285,address
송파구,오금동,135,0,송파두산위브,서울특별시 송파구 오금동 135,37.5004883708335,127.141108796088,address
중랑구,묵동,381,0,신안1,서울특별시 중랑구 묵동 381,37.6128551779041,127.080992546994,address
강남구,논현동,252,1,두산위브1단지,서울특별시 강남구 논현동 252-1,37.5135472434716,127.0387752587,address
종로구,필운동,174,1,두레엘리시안,서울특별시 종로구 필운동 174-1,37.5782186660443,126.96972370223,address
중랑구,면목동,727,302,포르투나,서울특별시 중랑구 면목동 727-302,37.5739874171091,127.079763631157,address
양천구,목동,549,0,목동금호베스트빌,서울특별시 양천구 목동 549,37.544995571746,126.86837300995,address
강서구,염창동,270,1,태영,서울특별시 강서구 염창동 270-1,37.5533776970786,126.867211516118,address
용산구,이태원동,729,0,남산대림,서울특별시 용산구 이태원동 729,37.5407094589822,126.9888250863,address
도봉구,쌍문동,727,0,파라다이스빌,서울특별시 도봉구 쌍문동 727,37.6560734842369,127.02741081892,address
강서구,방화동,479,3,통일(479-3),서울특별시 강서구 방화동 479-3,37.5749872534995,126.810446322487,address
강동구,천호동,155,5,강동역두산위브센티움,서울특별시 강동구 천호동 155-5,37.537224520947,127.134762514659,address
강동구,둔촌동,135,1,현대3,서울특별시 강동구 둔촌동 135-1,37.5273638048142,127.144872924375,address
동대문구,답십리동,497,23,청계푸르지오시티,서울특별시 동대문구 답십리동 497-23,37.5689685801361,127.050596840747,address
강서구,화곡동,1149,0,화곡보람,서울특별시 강서구 화곡동 1149,37.5540389922246,126.854635331277,address
강서구,가양동,239,1,디아이빌101동,서울특별시 강서구 가양동 239-1,37.571865498126,126.83956628566,address
관악구,봉천동,1690,158,낙성대에메랄드,서울특별시 관악구 봉천동 1690-158,37.4760532247257,126.966958298157,address
강서구,방화동,906,0,마곡센트레빌,서울특별시 강서구 방화동 906,37.5729686283587,126.816060258254,address
강서구,마곡동,1525,0,마곡푸르지오,서울특별시 강서구 마곡동 1525,37.5699325188665,126.821678241396,address
은평구,응암동,714,0,경남,서울특별시 은평구 응암동 714,37.5832735070763,126.920364811571,address
종로구,창신동,627,21,흥인,서울특별시 종로구 창신동 627-21,37.5771919899053,127.009243291199,address
서초구,서초동,1312,3,롯데캐슬클래식,서울특별시 서초구 서초동 1312-3,37.5000127993534,127.021440891029,address
은평구,진관동,20,0,상림마을8단지롯데캐슬(821~830동)BL1-12,서울특별시 은평구 진관동 20,37.6419845917913,126.922606227427,address
영등포구,양평동1가,20,0,신동아,서울특별시 영등포구 양평동1가 20,37.522150635404,126.886539979727,address
강서구,내발산동,704,2,우장산타워빌,서울특별시 강서구 내발산동 704-2,37.5519314698112,126.838349239637,address
양천구,신정동,962,18,신정동로마,서울특별시 양천구 신정동 962-18,37.5235727502658,126.856232511873,address
성동구,성수동1가,706,0,쌍용,서울특별시 성동구 성수동1가 706,37.5495119117826,127.047110331737,address
동대문구,장안동,372,12,아르떼하임,서울특별시 동대문구 장안동 372-12,37.5703027250976,127.070083610688,address
양천구,신월동,1074,0,스위트드림아파트,서울특별시 양천구 신월동 1074,37.5346001297256,126.834381438807,address
서초구,서초동,1344,13,서초트라팰리스,서울특별시 서초구 서초동 1344-13,37.4868225738071,127.028382204111,address
마포구,상암동,1643,0,상암월드컵파크3단지,서울특별시 마포구 상암동 1643,37.5726880929371,126.889779870573,address
성동구,응봉동,276,0,서울숲리버그린동아아파트,서울특별시 성동구 응봉동 276,37.5530659970927,127.03725231485,address
서초구,서초동,1666,14,서초녹원,서울특별시 서초구 서초동 1666-14,37.492562249085,127.017259609396,address
강서구,내발산동,721,3,수산오성,서울특별시 강서구 내발산동 721-3,37.5487154235086,126.835137375039,address
강서구,화곡동,917,4,세림아파트,서울특별시 강서구 화곡동 917-4,37.5298403950283,126.843959638508,address
중랑구,상봉동,87,27,센트럴파크55,서울특별시 중랑구 상봉동 87-27,37.593776137747,127.089996063609,address
은평구,신사동,361,0,삼부,서울특별시 은평구 신사동 361,37.5956853024613,126.913449506429,address
양천구,목동,713,29,목동다솔,서울특별시 양천구 목동 713-29,37.5414593664958,126.864108752217,address
서초구,방배동,812,1,TheHerren,서울특별시 서초구 방배동 812-1,37.4918983469228,126.990281562405,address
강남구,일원동,615,1,개포한신,서울특별시 강남구 일원동 615-1,37.4912703447693,127.07930741151,address
종로구,평창동,108,0,롯데캐슬로잔,서울특별시 종로구 평창동 108,37.6099791717614,126.977399664316,address
강남구,역삼동,755,1,개나리푸르지오,서울특별시 강남구 역삼동 755-1,37.4997216170335,127.049979318614,address
금천구,시흥동,1008,0,금강,서울특별시 금천구 시흥동 1008,37.4631019929702,126.90800546073,address
양천구,목동,907,14,벽산미라지타워,서울특별시 양천구 목동 907-14,37.5358641155649,126.879506899489,address
마포구,망원동,483,6,목화,서울특별시 마포구 망원동 483-6,37.5579497921808,126.906839489838,address
노원구,상계동,463,0,상계신동아,서울특별시 노원구 상계동 463,37.6674019609175,127.067519070185,address
서초구,양재동,16,21,비젼(103),서울특별시 서초구 양재동 16-21,37.4807665143125,127.039709944496,address
구로구,구로동,107,4,비즈트위트블루,서울특별시 구로구 구로동 107-4,37.4986522510949,126.891116685565,address
송파구,가락동,198,13,가락현대투웰브(102동),서울특별시 송파구 가락동 198-13,37.4920849217354,127.131859520732,address
노원구,상계동,458,0,한신3차,서울특별시 노원구 상계동 458,37.66622169337,127.067489665682,address
강북구,수유동,50,75,대림(수유),서울특별시 강북구 수유동 50-75,37.6319218954718,127.02222326849,address
중구,충무로5가,36,2,충무로엘크루메크로시티2차,서울특별시 중구 충무로5가 36-2,37.5633835164692,127.000001584595,address
서초구,방배동,772,13,현대멤피스,서울특별시 서초구 방배동 772-13,37.4951763080247,126.988366427362,address
성북구,하월곡동,46,73,코업스타클래스,서울특별시 성북구 하월곡동 46-73,37.6018209875066,127.04044516674,address
중랑구,망우동,508,14,해오름101동,서울특별시 중랑구 망우동 508-14,37.596616270479,127.094344449004,address
구로구,구로동,98,12,파인마루오피스텔,서울특별시 구로구 구로동 98-12,37.4952204802335,126.890220401587,address
성동구,옥수동,60,0,풍림아이원,서울특별시 성동구 옥수동 60,37.5422121332894,127.019578810892,address
강동구,천호동,334,2,천호역마에스트로,서울특별시 강동구 천호동 334-2,37.5431305465516,127.124697740378,address
중랑구,면목동,1500,0,두산1,서울특별시 중랑구 면목동 1500,37.5816188867372,127.083977859107,address
강동구,성내동,199,19,한솔애리즈601동,서울특별시 강동구 성내동 199-19,37.5344600468936,127.134627200988,address
영등포구,영등포동,649,0,두산위브,서울특별시 영등포구 영등포동 649,37.5148599219141,126.91300418101,address
광진구,자양동,792,0,자양10차현대홈타운,서울특별시 광진구 자양동 792,37.5334495863743,127.070499521282,address
광진구,중곡동,191,77,중곡1단지,서울특별시 광진구 중곡동 191-77,37.5663930801518,127.078867897689,address
노원구,중계동,161,1,중앙하이츠,서울특별시 노원구 중계동 161-1,37.6598618100897,127.076276064098,address
관악구,신림동,1726,0,우정하이비전2,서울특별시 관악구 신림동 1726,37.4707537172774,126.927232587295,address
영등포구,신길동,4945,0,래미안영등포프레비뉴,서울특별시 영등포구 신길동 4945,37.5048285933144,126.908013434753,address
성북구,정릉동,1034,0,라온유,서울특별시 성북구 정릉동 1034,37.6032122301232,127.018248295413,address
성동구,마장동,825,0,대성유니드,서울특별시 성동구 마장동 825,37.5668277405766,127.038632847777,address
강동구,길동,481,0,다성이즈빌,서울특별시 강동구 길동 481,37.5399930928467,127.138286459609,address
영등포구,여의도동,61,0,리첸시아,서울특별시 영등포구 여의도동 61,37.5186730340887,126.93969758455,address
서대문구,북가좌동,488,0,대경아르체,서울특별시 서대문구 북가좌동 488,37.5845584718393,126.914274045726,address
은평구,대조동,89,258,디안(89-258),서울특별시 은평구 대조동 89-258,37.6094302700942,126.921437996912,address
영등포구,당산동,374,0,래미안당산1차,서울특별시 영등포구 당산동 374,37.5342052375202,126.905712391423,address
노원구,상계동,1304,0,대망드림힐1,서울특별시 노원구 상계동 1304,37.6763792535404,127.058362082484,address
양천구,목동,714,1,두란,서울특별시 양천구 목동 714-1,37.5408919384324,126.864676443627,address
노원구,공릉동,609,3,동아하이빌아파트101동,서울특별시 노원구 공릉동 609-3,37.6188619046089,127.07266028356,address
도봉구,쌍문동,711,0,도봉금강아미움파크타운,서울특별시 도봉구 쌍문동 711,37.6614060261704,127.038143357556,address
서대문구,홍은동,453,2,풍림2,서울특별시 서대문구 홍은동 453-2,37.593375689781,126.943080365457,address
강동구,길동,445,1,강동역에스케이허브,서울특별시 강동구 길동 445-1,37.535548839049,127.134922312296,address
강동구,명일동,54,0,한양,서울특별시 강동구 명일동 54,37.5504609335785,127.155149609526,address
광진구,화양동,531,0,테라팰리스건대1차,서울특별시 광진구 화양동 531,37.543926759636,127.068068952383,address
강동구,둔촌동,603,0,프라자,서울특별시 강동구 둔촌동 603,37.5354014142171,127.148242028966,address
강남구,역삼동,727,11,프리마빌,서울특별시 강남구 역삼동 727-11,37.4973338083861,127.039398457032,address
강남구,대치동,500,0,개포우성2,서울특별시 강남구 대치동 500,37.4908400715786,127.057241007924,address
도봉구,창동,809,0,금용,서울특별시 도봉구 창동 809,37.6378479821145,127.035668887436,address
강북구,미아동,1371,0,꿈의숲한신더휴,서울특별시 강북구 미아동 1371,37.6198126206279,127.033045298587,address
중랑구,묵동,168,8,고덕골든빌(101동),서울특별시 중랑구 묵동 168-8,37.6160487206318,127.076693068985,address
강동구,명일동,335,7,해밀,서울특별시 강동구 명일동 335-7,37.5480917935164,127.144028216447,address
금천구,시흥동,173,8,성지,서울특별시 금천구 시흥동 173-8,37.4541515451134,126.908853793235,address
서대문구,합동,118,0,에스케이뷰,서울특별시 서대문구 합동 118,37.5619316835111,126.965906287936,address
강동구,길동,379,0,에스엠이로빌(379-0),서울특별시 강동구 길동 379,37.538627082165,127.138981832805,address
동작구,상도동,412,0,상도현대,서울특별시 동작구 상도동 412,37.4940074292064,126.959411307999,address
은평구,대조동,197,3,메트하임,서울특별시 은평구 대조동 197-3,37.6176333915465,126.921004953295,address
영등포구,문래동5가,1,0,문래대림,서울특별시 영등포구 문래동5가 1,37.5170161035424,126.88806349814,address
마포구,창전동,438,0,신촌금호,서울특별시 마포구 창전동 438,37.5527640763277,126.932178773528,address
도봉구,쌍문동,321,0,쌍문금용,서울특별시 도봉구 쌍문동 321,37.6492868092825,127.027891162204,address
마포구,마포동,442,0,보성,서울특별시 마포구 마포동 442,37.5360622706024,126.94640660394,address
동대문구,휘경동,367,0,휘경센트레빌,서울특별시 동대문구 휘경동 367,37.5910250403914,127.068389230883,address
구로구,개봉동,366,1,왕궁,서울특별시 구로구 개봉동 366-1,37.4856760483102,126.854983512479,address
강동구,성내동,244,5,한양립스,서울특별시 강동구 성내동 244-5,37.5341850069165,127.135776786255,address
서초구,서초동,1685,3,아크로비스타,서울특별시 서초구 서초동 1685-3,37.4982001790622,127.01331462624,address
구로구,구로동,108,0,현대파크빌,서울특별시 구로구 구로동 108,37.5003681118877,126.889934211727,address
성북구,보문동6가,36,2,아남,서울특별시 성북구 보문동6가 36-2,37.5814157840283,127.017710648221,address
은평구,불광동,484,63,연신내역트리플라101동,서울특별시 은평구 불광동 484-63,37.6203807606125,126.920851508408,address
구로구,구로동,701,76,현대로얄,서울특별시 구로구 구로동 701-76,37.4863679237264,126.877325059471,address
강동구,천호동,27,41,형인허브빌,서울특별시 강동구 천호동 27-41,37.5488998055517,127.140969607373,address
구로구,구로동,717,5,(717-5)미래빌라,서울특별시 구로구 구로동 717-5,37.4875166458177,126.884227393305,address
동대문구,이문동,149,8,이문아이파크자이,서울특별시 동대문구 이문동 149-8,37.5984958012818,127.063534965389,address
양천구,신정동,888,8,이연에버리치,서울특별시 양천구 신정동 888-8,37.5271641668167,126.862224818432,address
성북구,정릉동,406,0,정릉푸르지오,서울특별시 성북구 정릉동 406,37.6064277767754,127.009915765487,address
성북구,정릉동,1030,0,정릉힐스테이트1차,서울특별시 성북구 정릉동 1030,37.6001891568565,127.017519416786,address
동대문구,장안동,455,1,비젼아파트101동,서울특별시 동대문구 장안동 455-1,37.5627075395344,127.070640266379,address
관악구,신림동,1732,0,서초그린,서울특별시 관악구 신림동 1732,37.4690842260521,126.941309191048,address
서초구,반포동,54,5,반포두산힐스빌,서울특별시 서초구 반포동 54-5,37.5013619590358,127.009970501373,address
금천구,시흥동,1012,0,백운한비치,서울특별시 금천구 시흥동 1012,37.4514804317825,126.91186304722,address
마포구,연남동,250,8,서암,서울특별시 마포구 연남동 250-8,37.5642054637225,126.922221112941,address
강남구,대치동,66,0,"쌍용대치아파트1동,2동,3동,5동,6동",서울특별시 강남구 대치동 66,37.4980831440783,127.071219190993,address
영등포구,영등포동,618,83,영일,서울특별시 영등포구 영등포동 618-83,37.5138617078966,126.906413938572,address
송파구,방이동,217,0,대림,서울특별시 송파구 방이동 217,37.5075413562169,127.124169148232,address
은평구,신사동,277,19,뉴서울(277-19),서울특별시 은평구 신사동 277-19,37.5996291652465,126.907108921721,address
강서구,방화동,450,1,다우하임더프라임아파트,서울특별시 강서구 방화동 450-1,37.5738174130486,126.812313142004,address
종로구,평창동,72,0,롯데낙천대,서울특별시 종로구 평창동 72,37.6091361348129,126.975681166723,address
용산구,문배동,11,34,G&P용산파크,서울특별시 용산구 문배동 11-34,37.537798867336,126.969443041995,address
서대문구,홍제동,312,243,파크힐,서울특별시 서대문구 홍제동 312-243,37.5859008575703,126.941564501583,address
강서구,공항동,1374,0,공항동부센트레빌,서울특별시 강서구 공항동 1374,37.5605922768697,126.808123426326,address
마포구,용강동,495,1,강변그린,서울특별시 마포구 용강동 495-1,37.5420429898584,126.937375875793,address
강동구,고덕동,499,0,고덕 아이파크,서울특별시 강동구 고덕동 499,37.5589302752302,127.155240395295,address
영등포구,양평동4가,51,1,경남아너스빌,서울특별시 영등포구 양평동4가 51-1,37.5356645579006,126.89622166872,address
마포구,중동,393,0,건영월드컵,서울특별시 마포구 중동 393,37.5688136371421,126.911757350757,address
강동구,강일동,684,0,강일리버파크6단지,서울특별시 강동구 강일동 684,37.5639436159872,127.176396335744,address
강서구,화곡동,980,21,강서아이파크,서울특별시 강서구 화곡동 980-21,37.550540480011,126.849082061962,address
영등포구,여의도동,55,1,대우트럼프월드Ⅰ,서울특별시 영등포구 여의도동 55-1,37.5175494599617,126.932336554757,address
은평구,대조동,9,18,모아아파트(104동),서울특별시 은평구 대조동 9-18,37.6103358665927,126.927952461648,address
서초구,서초동,1498,5,"마제스타시티(힐스테이트서리풀101,102동)",서울특별시 서초구 서초동 1498-5,37.4903010272878,127.005812507168,address
노원구,상계동,1068,0,중앙하이츠(5지역),서울특별시 노원구 상계동 1068,37.6722493799802,127.051721722888,address
서대문구,홍제동,464,0,무악재한화,서울특별시 서대문구 홍제동 464,37.5821293274892,126.949639814477,address
송파구,오금동,130,3,더뷰21,서울특별시 송파구 오금동 130-3,37.5031423497842,127.138539086559,address
은평구,신사동,354,0,라이프씨티,서울특별시 은평구 신사동 354,37.6022865049012,126.905468219322,address
강남구,도곡동,540,0,래미안 레벤투스,서울특별시 강남구 도곡동 540,37.493569802507,127.046017308902,address
금천구,독산동,184,4,동심,서울특별시 금천구 독산동 184-4,37.4690762126091,126.904902232038,address
광진구,중곡동,683,0,중곡동광덕,서울특별시 광진구 중곡동 683,37.568459982887,127.079377521232,address
강북구,번동,410,0,수유역두산위브1,서울특별시 강북구 번동 410,37.6358377607602,127.03201596996,address
강남구,자곡동,611,0,래미안강남힐즈,서울특별시 강남구 자곡동 611,37.4741297968581,127.094086602214,address
서초구,방배동,805,14,서리풀래디앙아파트,서울특별시 서초구 방배동 805-14,37.4922872077929,126.994180780397,address
마포구,망원동,525,0,솔루체2차아파트,서울특별시 마포구 망원동 525,37.5595685086412,126.898934938777,address
서초구,서초동,1620,20,서초동롯데캐슬리버티,서울특별시 서초구 서초동 1620-20,37.4873431995077,127.017002756115,address
마포구,성산동,600,0,성사1차풍림아파트101동,서울특별시 마포구 성산동 600,37.5684896594973,126.912389463397,address
노원구,공릉동,351,2,주완위즈빌,서울특별시 노원구 공릉동 351-2,37.6235462747467,127.07876614124,address
강서구,내발산동,660,6,쥴리앙,서울특별시 강서구 내발산동 660-6,37.5561037916051,126.843419487096,address
구로구,천왕동,277,0,천왕이펜하우스5단지,서울특별시 구로구 천왕동 277,37.4801493391284,126.84156915823,address
강남구,청담동,110,11,청담대우멤버스카운티12차,서울특별시 강남구 청담동 110-11,37.5266509995712,127.051046219044,address
구로구,구로동,642,39,한국현대,서울특별시 구로구 구로동 642-39,37.4978365119309,126.875376822835,address
서대문구,연희동,163,30,신원,서울특별시 서대문구 연희동 163-30,37.5782966258112,126.935458009767,address
종로구,신문로2가,171,0,디팰리스,서울특별시 종로구 신문로2가 171,37.5686709353326,126.97200207461,address
은평구,증산동,178,8,청운,서울특별시 은평구 증산동 178-8,37.5801338212169,126.904911161842,address
동대문구,용두동,26,14,힐스테이트청량리메트로블,서울특별시 동대문구 용두동 26-14,37.5773396738841,127.038834012078,address
구로구,구로동,1256,0,구로현대,서울특별시 구로구 구로동 1256,37.4884581780074,126.89602502071,address
동작구,노량진동,324,0,건영(103동-106동),서울특별시 동작구 노량진동 324,37.5076867207542,126.94925781966,address
금천구,가산동,774,0,온누리,서울특별시 금천구 가산동 774,37.4738856372457,126.886915276219,address
양천구,신월동,1031,0,신도브래뉴2차,서울특별시 양천구 신월동 1031,37.5421004597471,126.827927119403,address
강서구,방화동,903,0,신세계아파트,서울특별시 강서구 방화동 903,37.5710638140485,126.809177142317,address
도봉구,쌍문동,726,0,신일라이프,서울특별시 도봉구 쌍문동 726,37.650544655912,127.029440003072,address
강동구,강일동,665,0,강일리버파크1단지,서울특별시 강동구 강일동 665,37.5676403185573,127.172116333711,address
은평구,대조동,12,8,효민아크로뷰,서울특별시 은평구 대조동 12-8,37.6097632797507,126.927497613272,address
서초구,서초동,1332,13,래미안서초에스티지,서울특별시 서초구 서초동 1332-13,37.4928128420826,127.025161725426,address
성북구,돈암동,642,0,돈암동해피트리,서울특별시 성북구 돈암동 642,37.597995429021,127.011645485702,address
도봉구,창동,827,0,동도센트리움,서울특별시 도봉구 창동 827,37.6616689971921,127.045343967405,address
영등포구,신길동,65,21,프리가,서울특별시 영등포구 신길동 65-21,37.5133101492376,126.921287304437,address
강남구,대치동,910,6,풍림아이원2차202동,서울특별시 강남구 대치동 910-6,37.5013891280864,127.055004981389,address
양천구,신정동,1285,0,푸른마을4,서울특별시 양천구 신정동 1285,37.5132903229945,126.839044879327,address
구로구,개봉동,70,12,동도센트리움(70-12),서울특별시 구로구 개봉동 70-12,37.498257815508,126.846721709913,address
종로구,창신동,578,5,동대문맨션,서울특별시 종로구 창신동 578-5,37.5724007081113,127.011019923431,address
영등포구,당산동4가,92,0,현대2,서울특별시 영등포구 당산동4가 92,37.5289668922821,126.896135011507,address
강서구,화곡동,916,6,천우네오젠9차,서울특별시 강서구 화곡동 916-6,37.529394330666,126.842955938925,address
양천구,신월동,1028,0,대주파크빌,서울특별시 양천구 신월동 1028,37.5142784223721,126.842497621202,address
관악구,신림동,1484,10,CLOUDAPT,서울특별시 관악구 신림동 1484-10,37.4809721665509,126.911652043869,address
송파구,오금동,11,0,현대백조,서울특별시 송파구 오금동 11,37.5093910634084,127.129259504158,address
은평구,대조동,4,8,대조리치빌III,서울특별시 은평구 대조동 4-8,37.6116467778543,126.927907139486,address
강서구,마곡동,740,0,마곡엠밸리5단지,서울특별시 강서구 마곡동 740,37.565844277528,126.817856201995,address
은평구,응암동,109,22,드림캐시아2,서울특별시 은평구 응암동 109-22,37.5988432538883,126.920863231216,address
도봉구,쌍문동,160,0,미라보,서울특별시 도봉구 쌍문동 160,37.6551469083419,127.031409020088,address
용산구,이촌동,301,170,반도,서울특별시 용산구 이촌동 301-170,37.5170232712561,126.982051655168,address
영등포구,여의도동,61,4,라이프콤비,서울특별시 영등포구 여의도동 61-4,37.5189758216668,126.938919200537,address
양천구,신정동,1198,23,대성유니드1차,서울특별시 양천구 신정동 1198-23,37.5204476486187,126.849100951709,address
동작구,신대방동,719,0,동작상떼빌,서울특별시 동작구 신대방동 719,37.4875215984483,126.906846512495,address
광진구,구의동,663,0,아차산포레안,서울특별시 광진구 구의동 663,37.547855981863,127.09307529677,address
서초구,잠원동,54,7,신화,서울특별시 서초구 잠원동 54-7,37.5156853413098,127.013422474976,address
강서구,화곡동,1142,0,성삼하이츠,서울특별시 강서구 화곡동 1142,37.534085744334,126.863076596652,address
강남구,청담동,10,0,삼환(101동),서울특별시 강남구 청담동 10,37.52158349716,127.047581340926,address
강서구,화곡동,824,13,진흥,서울특별시 강서구 화곡동 824-13,37.5345095528911,126.858322176477,address
서초구,양재동,160,2,우성KBS(113동),서울특별시 서초구 양재동 160-2,37.4774980484964,127.029061759823,address
노원구,하계동,353,0,우방,서울특별시 노원구 하계동 353,37.6374591775029,127.077316227926,address
강남구,삼성동,122,7,영무예다음,서울특별시 강남구 삼성동 122-7,37.5103827319737,127.052336640667,address
중랑구,묵동,169,10,신도브래뉴,서울특별시 중랑구 묵동 169-10,37.6150706975135,127.076832171623,address
서대문구,북가좌동,456,0,DMC휴먼빌아파트,서울특별시 서대문구 북가좌동 456,37.5774332026934,126.912025441653,address
강동구,길동,483,0,강동헤리티지자이,서울특별시 강동구 길동 483,37.5395489060699,127.149448942549,address
강동구,길동,414,6,신암가온,서울특별시 강동구 길동 414-6,37.5369646681039,127.137965530961,address
노원구,공릉동,395,7,진명비베레,서울특별시 노원구 공릉동 395-7,37.625387734468,127.073710730516,address
광진구,광장동,484,0,현대3,서울특별시 광진구 광장동 484,37.5406210672303,127.098604360419,address
강남구,삼성동,106,0,풍림(1차),서울특별시 강남구 삼성동 106,37.5155646656735,127.061692110137,address
강동구,천호동,50,0,천호2차우림루미아트,서울특별시 강동구 천호동 50,37.5430656878011,127.140644730943,address
강동구,성내동,386,74,우성(104동),서울특별시 강동구 성내동 386-74,37.5323593491859,127.134324173929,address
강남구,역삼동,678,27,이지마루역삼,서울특별시 강남구 역삼동 678-27,37.5022444791167,127.039105412114,address
강서구,염창동,242,10,여명,서울특별시 강서구 염창동 242-10,37.5552399156971,126.867726657239,address
노원구,상계동,1306,0,우림루미아트1,서울특별시 노원구 상계동 1306,37.6745865733172,127.056138825586,address
종로구,명륜2가,237,0,명륜동주상복합아남아파트,서울특별시 종로구 명륜2가 237,37.5856196156057,127.000267649769,address
강남구,대치동,1031,0,대치더클래스,서울특별시 강남구 대치동 1031,37.4972973830766,127.060894754013,address
강남구,대치동,1030,0,대치르엘,서울특별시 강남구 대치동 1030,37.5015706159502,127.064072037372,address
강남구,도곡동,957,11,도곡스타클래스,서울특별시 강남구 도곡동 957-11,37.4851446066305,127.035756944152,address
은평구,응암동,117,54,삼흥리치,서울특별시 은평구 응암동 117-54,37.5967923798055,126.919342266902,address
양천구,신월동,1056,0,삼익4차플라주,서울특별시 양천구 신월동 1056,37.5208280769854,126.844672292462,address
구로구,구로동,97,2,순영웰라이빌2차,서울특별시 구로구 구로동 97-2,37.4962379637124,126.891463174302,address
강동구,성내동,435,10,스위트빌(435-10),서울특별시 강동구 성내동 435-10,37.5259317992698,127.130129376207,address
동대문구,장안동,440,1,상록파라브,서울특별시 동대문구 장안동 440-1,37.564069479733,127.072139800439,address
서초구,양재동,340,8,다원아파트,서울특별시 서초구 양재동 340-8,37.469425443632,127.043950085902,address
송파구,가락동,98,0,두산위브,서울특별시 송파구 가락동 98,37.4945936657482,127.119155391436,address
동작구,사당동,64,264,라이즈1동,서울특별시 동작구 사당동 64-264,37.4903756126654,126.978963054375,address
동대문구,전농동,103,22,세화,서울특별시 동대문구 전농동 103-22,37.5863649129275,127.053397338628,address
구로구,구로동,804,4,구로아트빌라9,서울특별시 구로구 구로동 804-4,37.4863575905521,126.88683225633,address
성북구,동소문동6가,261,0,한신플러스B,서울특별시 성북구 동소문동6가 261,37.5942013195772,127.013649780611,address
동대문구,제기동,892,66,현대,서울특별시 동대문구 제기동 892-66,37.5801884188608,127.035753667475,address
광진구,구의동,80,37,스타파크아파트,서울특별시 광진구 구의동 80-37,37.5456758574304,127.085540979439,address
구로구,구로동,46,0,쌍용플래티넘노블,서울특별시 구로구 구로동 46,37.5011525300273,126.891397366533,address
양천구,목동,905,22,목동트윈빌,서울특별시 양천구 목동 905-22,37.5321806648683,126.876818101597,address
중구,충무로4가,120,3,진양상가,서울특별시 중구 충무로4가 120-3,37.562402711937,126.995939188779,address
구로구,신도림동,312,17,우성1,서울특별시 구로구 신도림동 312-17,37.5115387517987,126.886020709773,address
광진구,광장동,569,0,현대8(803동),서울특별시 광진구 광장동 569,37.5416047961619,127.098475191227,address
동작구,흑석동,336,0,흑석한강푸르지오,서울특별시 동작구 흑석동 336,37.5032802126722,126.965617894482,address
영등포구,대림동,1121,0,신대림자이1단지,서울특별시 영등포구 대림동 1121,37.4865498147227,126.902434850415,address
은평구,갈현동,428,6,수정럭스(428-6),서울특별시 은평구 갈현동 428-6,37.6212705911502,126.91681328749,address
강북구,수유동,733,0,수유역하이씨티,서울특별시 강북구 수유동 733,37.6320978880443,127.022539965039,address
송파구,가락동,161,1,현대(60동),서울특별시 송파구 가락동 161-1,37.5003180579387,127.129814062363,address
구로구,구로동,46,4,하나세인스톤3차,서울특별시 구로구 구로동 46-4,37.5005587613295,126.891980415953,address
송파구,장지동,856,0,송파파인타운10단지,서울특별시 송파구 장지동 856,37.4776233414919,127.130519946276,address
성북구,동소문동5가,120,0,돈암동일하이빌,서울특별시 성북구 동소문동5가 120,37.5916186082621,127.014554680858,address
양천구,신정동,911,9,동일아파트,서울특별시 양천구 신정동 911-9,37.526649296494,126.858534228431,address
중랑구,신내동,317,0,데시앙,서울특별시 중랑구 신내동 317,37.6109225846863,127.099458305129,address
용산구,동자동,45,0,센트레빌아스테리움서울,서울특별시 용산구 동자동 45,37.5516713863735,126.973210049015,address
성동구,금호동4가,235,0,서울숲2차푸르지오,서울특별시 성동구 금호동4가 235,37.5461168652692,127.024069312145,address
관악구,봉천동,1560,62,서울대입구아이원(1560-62),서울특별시 관악구 봉천동 1560-62,37.4782450749988,126.946055388089,address
은평구,신사동,170,12,새절역 두산위브 트레지움,서울특별시 은평구 신사동 170-12,37.5911639595738,126.907296531583,address
은평구,진관동,5,0,상림마을6단지푸르지오(622~629동)BL1-5,서울특별시 은평구 진관동 5,37.6479604213713,126.928847230347,address
광진구,구의동,199,18,삼성쉐르빌,서울특별시 광진구 구의동 199-18,37.5399004843413,127.094819115944,address
강동구,길동,456,2,하이브,서울특별시 강동구 길동 456-2,37.535582412365,127.137297023293,address
강서구,내발산동,659,1,강서월드메르디앙,서울특별시 강서구 내발산동 659-1,37.556864954614,126.843013179215,address
강서구,화곡동,1140,0,태영방송인,서울특별시 강서구 화곡동 1140,37.5375126483632,126.853718008874,address
강북구,수유동,562,4,진안골드밸리,서울특별시 강북구 수유동 562-4,37.645542279617,127.008064833116,address
송파구,가락동,16,21,e지브로,서울특별시 송파구 가락동 16-21,37.5006720813932,127.124694839327,address
종로구,창신동,601,6,MID그린(9동),서울특별시 종로구 창신동 601-6,37.5775678609656,127.009541864072,address
중랑구,상봉동,115,61,주함해븐타워,서울특별시 중랑구 상봉동 115-61,37.5958038655282,127.085323169802,address
광진구,구의동,671,0,구의자이르네,서울특별시 광진구 구의동 671,37.545466944394,127.088797661055,address
강동구,성내동,465,1,코랜드빌리지,서울특별시 강동구 성내동 465-1,37.5265453661704,127.126830338209,address
강남구,청담동,127,31,청담현대3차아파트,서울특별시 강남구 청담동 127-31,37.5269242818661,127.053071210331,address
서초구,서초동,1671,5,대림서초리시온,서울특별시 서초구 서초동 1671-5,37.4934729686325,127.015440252256,address
서초구,반포동,82,19,반포샤인힐4차,서울특별시 서초구 반포동 82-19,37.494815845366,127.000687763532,address
양천구,신월동,481,9,대신,서울특별시 양천구 신월동 481-9,37.5244543537353,126.845507905731,address
영등포구,문래동3가,13,0,문래해태,서울특별시 영등포구 문래동3가 13,37.5171977306546,126.901390497317,address
송파구,문정동,15,0,문정동아,서울특별시 송파구 문정동 15,37.4876553444052,127.128466843144,address
강동구,둔촌동,46,41,미랜드퀸아파트101동,서울특별시 강동구 둔촌동 46-41,37.5325997783643,127.145249734271,address
강동구,천호동,452,15,미사아름채아파트,서울특별시 강동구 천호동 452-15,37.5384006378173,127.128252199874,address
강남구,압구정동,397,0,미성2차,서울특별시 강남구 압구정동 397,37.5239469817757,127.018254311656,address
동대문구,이문동,327,1,민족통일MJ캠퍼스외대3차,서울특별시 동대문구 이문동 327-1,37.5951863264526,127.059111176025,address
광진구,자양동,787,0,자양삼성,서울특별시 광진구 자양동 787,37.5322139950177,127.071628722208,address
강서구,등촌동,712,0,코오롱오투빌2,서울특별시 강서구 등촌동 712,37.5557301490906,126.86029571073,address
관악구,신림동,1734,0,신림동부센트레빌,서울특별시 관악구 신림동 1734,37.4731882298145,126.916318606825,address
양천구,신월동,1039,0,신월2차보람쉬움,서울특별시 양천구 신월동 1039,37.5246233061067,126.837135957763,address
서초구,우면동,57,0,대림,서울특별시 서초구 우면동 57,37.4728362956865,127.023008232892,address
광진구,화양동,111,89,위너스힐(111-89),서울특별시 광진구 화양동 111-89,37.5456009634695,127.073966029845,address
서초구,방배동,866,10,방배마에스트로,서울특별시 서초구 방배동 866-10,37.4859631593784,126.983883108811,address
강서구,등촌동,365,195,두보아파트,서울특별시 강서구 등촌동 365-195,37.5512214780081,126.857887448039,address
서대문구,남가좌동,390,0,래미안루센티아,서울특별시 서대문구 남가좌동 390,37.5762124068956,126.917460818879,address
관악구,봉천동,15,5,대영,서울특별시 관악구 봉천동 15-5,37.4870192679919,126.959303715104,address
용산구,한남동,737,60,스카이빌2,서울특별시 용산구 한남동 737-60,37.5352270151546,126.997558604766,address
서대문구,홍제동,322,91,송도그린빌B동,서울특별시 서대문구 홍제동 322-91,37.5823049709088,126.942991431042,address
강서구,화곡동,899,8,한울아파트,서울특별시 강서구 화곡동 899-8,37.5297123057142,126.846806478909,address
강남구,압구정동,443,0,현대3차(61~64동),서울특별시 강남구 압구정동 443,37.5312605498424,127.026959142327,address
양천구,목동,907,23,현대파크빌(907-23),서울특별시 양천구 목동 907-23,37.5358655250957,126.88027265375,address
동대문구,청량리동,212,0,홍릉동부,서울특별시 동대문구 청량리동 212,37.5861305409713,127.046191750859,address
동작구,흑석동,335,0,흑석한강센트레빌,서울특별시 동작구 흑석동 335,37.5057454628865,126.965341595808,address
강서구,화곡동,900,47,센트럴파크아파트,서울특별시 강서구 화곡동 900-47,37.5299369318131,126.844947442699,address
영등포구,대림동,687,1,성락,서울특별시 영등포구 대림동 687-1,37.4997347424901,126.899372772012,address
송파구,거여동,129,0,성동레인보우,서울특별시 송파구 거여동 129,37.4980927681835,127.145205714946,address
용산구,한강로3가,16,85,한강자이에클라트,서울특별시 용산구 한강로3가 16-85,37.5315340503681,126.95559975312,address
서초구,서초동,1456,2,경남아너스빌201동,서울특별시 서초구 서초동 1456-2,37.4838215241376,127.014232764398,address
동대문구,제기동,757,12,건영스타밸리,서울특별시 동대문구 제기동 757-12,37.5837670938306,127.040177604098,address
영등포구,당산동3가,566,0,당산계룡리슈빌2단지,서울특별시 영등포구 당산동3가 566,37.5241612145157,126.899038492543,address
강동구,천호동,570,0,강변그대가갤럭시,서울특별시 강동구 천호동 570,37.5466384954964,127.122632416587,address
강동구,천호동,447,15,진넥스빌Ⅲ,서울특별시 강동구 천호동 447-15,37.5361873915953,127.132763653764,address
은평구,수색동,413,0,청구,서울특별시 은평구 수색동 413,37.5806975491315,126.900938078853,address
양천구,신정동,881,6,청우,서울특별시 양천구 신정동 881-6,37.528820774615,126.859797896343,address
서대문구,홍제동,342,0,중앙하이츠,서울특별시 서대문구 홍제동 342,37.5867074167045,126.93665530286,address
강동구,성내동,137,0,성내2차e-편한세상,서울특별시 강동구 성내동 137,37.534434085293,127.126404707436,address
강동구,성내동,565,0,선광,서울특별시 강동구 성내동 565,37.5272002639929,127.126615820058,address
서초구,서초동,1636,1,서초한일,서울특별시 서초구 서초동 1636-1,37.4947262215843,127.021007068413,address
강동구,천호동,22,11,고려아파트(C동),서울특별시 강동구 천호동 22-11,37.5500172258132,127.141268883294,address
송파구,장지동,878,0,위례신도시송파푸르지오,서울특별시 송파구 장지동 878,37.4809304460559,127.140764483752,address
용산구,용산동5가,24,0,용산파크타워(24-0),서울특별시 용산구 용산동5가 24,37.5242745211479,126.970684689419,address
양천구,신월동,203,14,주함헤븐103동,서울특별시 양천구 신월동 203-14,37.5300516885684,126.829622636031,address
노원구,상계동,1055,0,상계1차현대아파트,서울특별시 노원구 상계동 1055,37.672725166933,127.052784607479,address
용산구,원효로4가,118,16,산호,서울특별시 용산구 원효로4가 118-16,37.5327156180897,126.950380742981,address
동작구,신대방동,395,69,보라매아카데미타워,서울특별시 동작구 신대방동 395-69,37.4913316020645,126.924104833984,address
관악구,봉천동,1715,0,부미아띠랑스힐,서울특별시 관악구 봉천동 1715,37.474839816386,126.954441635862,address
송파구,가락동,142,0,풍림1,서울특별시 송파구 가락동 142,37.4955836328269,127.12640738707,address
강서구,화곡동,473,4,명지해드는터,서울특별시 강서구 화곡동 473-4,37.5368343028344,126.856226403737,address
서초구,반포동,99,2,반포이안애1차,서울특별시 서초구 반포동 99-2,37.4947012764203,126.99646235425,address
강서구,화곡동,409,248,미성아파트(연립),서울특별시 강서구 화곡동 409-248,37.5359547123781,126.844878864704,address
강동구,성내동,460,0,몽촌토성,서울특별시 강동구 성내동 460,37.5265389608262,127.123780918949,address
성동구,옥수동,478,1,모닝빌아파트,서울특별시 성동구 옥수동 478-1,37.5397043081493,127.011124751583,address
양천구,신월동,545,2,흥인아이젠,서울특별시 양천구 신월동 545-2,37.5177955417136,126.840791334687,address
성동구,옥수동,12,0,동인샤인빌,서울특별시 성동구 옥수동 12,37.5449081171094,127.017786536567,address
성동구,성수동1가,656,320,동아,서울특별시 성동구 성수동1가 656-320,37.5443783872845,127.04595018797,address
광진구,구의동,658,0,세양,서울특별시 광진구 구의동 658,37.537581685889,127.093898450026,address
동대문구,휘경동,115,0,동양1차,서울특별시 동대문구 휘경동 115,37.592585958542,127.067695090086,address
도봉구,쌍문동,96,39,스마트빌,서울특별시 도봉구 쌍문동 96-39,37.6468518710745,127.032904756458,address
양천구,목동,627,2,행복자,서울특별시 양천구 목동 627-2,37.5466680537823,126.866012946312,address
강북구,번동,148,494,현대(148-494),서울특별시 강북구 번동 148-494,37.6250540610005,127.037447480684,address
송파구,마천동,181,0,현대그린빌,서울특별시 송파구 마천동 181,37.4951826968375,127.150958229152,address
동대문구,장안동,573,0,장한평월드메르디앙,서울특별시 동대문구 장안동 573,37.5635605140704,127.070638015754,address
서초구,반포동,18,1,래미안퍼스티지,서울특별시 서초구 반포동 18-1,37.502931388892,126.9992463413,address
관악구,봉천동,729,22,보라매롯데캐슬,서울특별시 관악구 봉천동 729-22,37.490539138855,126.92505004095,address
노원구,하계동,255,1,삼익선경,서울특별시 노원구 하계동 255-1,37.6390650104838,127.077028750266,address
종로구,평창동,45,0,벽산블루밍평창힐스,서울특별시 종로구 평창동 45,37.6082143705206,126.973755821661,address
성동구,성수동2가,835,0,롯데캐슬파크,서울특별시 성동구 성수동2가 835,37.5460483051776,127.05595844119,address
양천구,목동,953,0,목동두산위브,서울특별시 양천구 목동 953,37.5433501707598,126.869675374751,address
영등포구,양평동3가,19,0,월드메르디앙,서울특별시 영등포구 양평동3가 19,37.5260060616108,126.886768091279,address
중구,신당동,432,2001,(432-2001),서울특별시 중구 신당동 432-2001,37.5505977630133,127.005946195658,address
중랑구,망우동,583,0,중랑숲리가,서울특별시 중랑구 망우동 583,37.602359686168,127.104954882562,address
광진구,구의동,656,0,새한,서울특별시 광진구 구의동 656,37.5410284201236,127.088105114541,address
서초구,방배동,803,9,베로니스2차,서울특별시 서초구 방배동 803-9,37.4934519569179,126.994538926671,address
송파구,신천동,17,6,잠실 르엘,서울특별시 송파구 신천동 17-6,37.5175143936743,127.10703830561,address
동대문구,장안동,572,0,은하수드림필,서울특별시 동대문구 장안동 572,37.5630402322628,127.069041278972,address
양천구,신월동,151,6,빛여울,서울특별시 양천구 신월동 151-6,37.5350995452927,126.824578802008,address
강동구,강일동,686,0,강일리버파크7단지,서울특별시 강동구 강일동 686,37.5648200812712,127.178926216469,address
서초구,반포동,70,1,한신서래,서울특별시 서초구 반포동 70-1,37.4991035542235,127.000884124091,address
송파구,풍납동,251,2,토성현대,서울특별시 송파구 풍납동 251-2,37.5326161093093,127.116258407686,address
관악구,신림동,1738,0,파로스프라자,서울특별시 관악구 신림동 1738,37.4645172929744,126.919605189031,address
구로구,고척동,340,1,고척LIG리가2차,서울특별시 구로구 고척동 340-1,37.5061640305761,126.862137994282,address
영등포구,양평동3가,106,0,양평역미소지움,서울특별시 영등포구 양평동3가 106,37.5261389955494,126.884663917033,address
광진구,자양동,578,0,우성4,서울특별시 광진구 자양동 578,37.535229646208,127.075811892522,address
동대문구,청량리동,949,0,샹그레빌아파트,서울특별시 동대문구 청량리동 949,37.5951233909284,127.040938409726,address
송파구,마천동,607,0,송파파크데일2단지,서울특별시 송파구 마천동 607,37.4957810716091,127.158847774957,address
강남구,논현동,79,5,삼성빌라트,서울특별시 강남구 논현동 79-5,37.5164543837056,127.031313245747,address
노원구,상계동,1265,0,수락산벨리체,서울특별시 노원구 상계동 1265,37.6816047113036,127.056591337879,address
양천구,신월동,18,17,수명산태승훼미리,서울특별시 양천구 신월동 18-17,37.541316876194,126.830994543755,address
서초구,서초동,1617,13,상지리츠빌(1617-13),서울특별시 서초구 서초동 1617-13,37.4878653588428,127.022271998176,address
중구,황학동,819,0,DUO302,서울특별시 중구 황학동 819,37.5665827328463,127.023270434217,address
광진구,중곡동,647,1,삼보글로벌101동,서울특별시 광진구 중곡동 647-1,37.5597323089199,127.080302900363,address
광진구,중곡동,609,0,삼민,서울특별시 광진구 중곡동 609,37.5630936217203,127.083725371034,address
도봉구,창동,443,4,파크힐,서울특별시 도봉구 창동 443-4,37.6416822151054,127.041193046396,address
노원구,공릉동,586,15,보람노블레스아파트,서울특별시 노원구 공릉동 586-15,37.6216998227718,127.076943771621,address
노원구,상계동,330,29,소담빌,서울특별시 노원구 상계동 330-29,37.6564623013243,127.066151624663,address
노원구,상계동,1296,0,상록수1단지,서울특별시 노원구 상계동 1296,37.6770184661075,127.051464423876,address
양천구,신정동,1194,5,마이홈,서울특별시 양천구 신정동 1194-5,37.5221275008233,126.848205594452,address
서대문구,홍제동,315,7,서울맨션,서울특별시 서대문구 홍제동 315-7,37.5868206157666,126.943653839042,address
양천구,목동,808,5,대원칸타빌,서울특별시 양천구 목동 808-5,37.5285796223216,126.864782407427,address
구로구,오류동,34,13,썬앤빌,서울특별시 구로구 오류동 34-13,37.497053838161,126.844748687619,address
마포구,공덕동,460,0,한화꿈에그린,서울특별시 마포구 공덕동 460,37.5471055264549,126.955448049561,address
관악구,남현동,602,27,네스코수피아,서울특별시 관악구 남현동 602-27,37.4740017161015,126.980827098087,address
강동구,성내동,592,0,원다빌2,서울특별시 강동구 성내동 592,37.5333682605474,127.127773485492,address
서초구,서초동,1687,0,유원서초,서울특별시 서초구 서초동 1687,37.4962996549334,127.018265560432,address
노원구,상계동,1273,0,북부현대,서울특별시 노원구 상계동 1273,37.674433268796,127.050463197662,address
강서구,염창동,70,20,삼천리,서울특별시 강서구 염창동 70-20,37.5566039542729,126.871249082573,address
송파구,장지동,844,0,송파파인타운7단지,서울특별시 송파구 장지동 844,37.4791614582283,127.130760269638,address
서초구,서초동,1583,10,서초아트자이,서울특별시 서초구 서초동 1583-10,37.4857140230717,127.01156663881,address
서초구,방배동,816,3,방배트리플,서울특별시 서초구 방배동 816-3,37.4909597158714,126.989673222114,address
노원구,공릉동,741,0,현대성우아파트,서울특별시 노원구 공릉동 741,37.6264915738311,127.077445334528,address
강남구,청담동,116,5,대우로얄카운티2,서울특별시 강남구 청담동 116-5,37.5260581554538,127.047556353077,address
강남구,대치동,891,26,대우아이빌멤버스(891-26),서울특별시 강남구 대치동 891-26,37.5046327843377,127.05375187573,address
강서구,등촌동,561,1,대림e편한세상,서울특별시 강서구 등촌동 561-1,37.5421371866212,126.862627931358,address
서초구,반포동,1343,0,디에이치반포라클라스,서울특별시 서초구 반포동 1343,37.5006924645874,127.01398818441,address
관악구,남현동,602,110,라움아파트,서울특별시 관악구 남현동 602-110,37.4716924564859,126.977424861473,address
동대문구,용두동,796,0,래미안엘리니티,서울특별시 동대문구 용두동 796,37.5796270974824,127.028475697863,address
서초구,방배동,424,28,롯데캐슬아르떼,서울특별시 서초구 방배동 424-28,37.4836231357856,126.984446674831,address
강서구,내발산동,729,0,롯데2,서울특별시 강서구 내발산동 729,37.5546639253865,126.842754105531,address
강남구,역삼동,761,10,대림역삼,서울특별시 강남구 역삼동 761-10,37.4962677274195,127.046375405001,address
영등포구,당산동5가,11,33,당산디오빌,서울특별시 영등포구 당산동5가 11-33,37.5332349430411,126.902268281463,address
은평구,응암동,115,27,자선메르시안(115),서울특별시 은평구 응암동 115-27,37.5986752775705,126.919881515714,address
구로구,구로동,752,37,(752-37),서울특별시 구로구 구로동 752-37,37.4885369649719,126.887700190623,address
강서구,가양동,1462,0,강서한강월드메르디앙,서울특별시 강서구 가양동 1462,37.5698507539742,126.844048489743,address
서초구,방배동,2525,0,방배우성,서울특별시 서초구 방배동 2525,37.474408252473,126.982576685314,address
강남구,도곡동,963,0,럭키(963),서울특별시 강남구 도곡동 963,37.4904503641949,127.039997193037,address
서초구,서초동,1420,18,신원아침도시(1420),서울특별시 서초구 서초동 1420-18,37.4845085867573,127.024429323611,address
마포구,창전동,42,7,중앙하이츠101동,서울특별시 마포구 창전동 42-7,37.5494854766838,126.928285949335,address
구로구,천왕동,275,0,천왕이펜하우스6단지,서울특별시 구로구 천왕동 275,37.4783811147794,126.841304041942,address
은평구,증산동,162,21,자선메르시안(162-21),서울특별시 은평구 증산동 162-21,37.5867793894855,126.911067804581,address
동대문구,장안동,372,5,장안뉴시티,서울특별시 동대문구 장안동 372-5,37.5700890006172,127.069945877911,address
강서구,화곡동,927,1,웰라이빌,서울특별시 강서구 화곡동 927-1,37.5285700780833,126.842739999797,address
노원구,상계동,1279,0,상계1차중앙하이츠,서울특별시 노원구 상계동 1279,37.6535818579912,127.068834123363,address
서초구,서초동,1758,0,서초자이르네,서울특별시 서초구 서초동 1758,37.4825693991266,127.013404564016,address
강남구,삼성동,4,6,삼성동한솔아파트,서울특별시 강남구 삼성동 4-6,37.5173889752862,127.045503680429,address
서대문구,대현동,90,20,이대경우타운,서울특별시 서대문구 대현동 90-20,37.5577007791768,126.943948642587,address
동대문구,제기동,892,68,제기동역 아이파크,서울특별시 동대문구 제기동 892-68,37.5791794440151,127.035594125987,address
성동구,마장동,797,3,마장동해맑은아파트,서울특별시 성동구 마장동 797-3,37.5642930031847,127.040936020659,address
구로구,구로동,803,13,(803-13)구로아트빌라8,서울특별시 구로구 구로동 803-13,37.4860567967881,126.886887322161,address
양천구,신월동,1033,0,대성유니드,서울특별시 양천구 신월동 1033,37.5205479601152,126.840618068272,address
노원구,공릉동,753,0,길성그랑프리텔아파트,서울특별시 노원구 공릉동 753,37.6279421470055,127.070874943339,address
마포구,공덕동,457,0,공덕3삼성래미안,서울특별시 마포구 공덕동 457,37.5481694146031,126.95219399895,address
서초구,잠원동,53,0,현대,서울특별시 서초구 잠원동 53,37.5184605103748,127.012715196009,address
동대문구,답십리동,75,18,그린힐스아파트,서울특별시 동대문구 답십리동 75-18,37.573282792487,127.060769110955,address
영등포구,영등포동8가,91,0,당산푸르지오,서울특별시 영등포구 영등포동8가 91,37.5300550973293,126.906341554968,address
영등포구,양평동5가,9,1,동보,서울특별시 영등포구 양평동5가 9-1,37.5379740219102,126.890945257143,address
성동구,행당동,375,0,행당두산위브,서울특별시 성동구 행당동 375,37.5567045410466,127.031529834865,address
마포구,서교동,247,72,함성참좋은,서울특별시 마포구 서교동 247-72,37.5577965699277,126.911574774692,address
은평구,진관동,81,0,우물골2단지두산위브(245~255동)BL2-6,서울특별시 은평구 진관동 81,37.6352331401596,126.924112226405,address
서초구,잠원동,65,32,신반포7,서울특별시 서초구 잠원동 65-32,37.5124492535346,127.007896550001,address
중랑구,면목동,472,8,아람플러스,서울특별시 중랑구 면목동 472-8,37.5808758948202,127.089894605614,address
광진구,자양동,769,3,스카이빌2차,서울특별시 광진구 자양동 769-3,37.5394473740167,127.082193135197,address
성동구,성수동2가,400,0,강변현대,서울특별시 성동구 성수동2가 400,37.5364137307779,127.050993698376,address
구로구,구로동,1268,0,영화참마음,서울특별시 구로구 구로동 1268,37.4970375214433,126.874207041468,address
영등포구,도림동,821,0,영등포아트자이,서울특별시 영등포구 도림동 821,37.5101958138995,126.90027329698,address
강서구,화곡동,899,27,GMValley,서울특별시 강서구 화곡동 899-27,37.5303684276653,126.845571396021,address
중구,순화동,215,0,바비엥3,서울특별시 중구 순화동 215,37.5631527459053,126.969654984929,address
관악구,봉천동,941,2,삼성,서울특별시 관악구 봉천동 941-2,37.4859598249835,126.940334797167,address
강서구,마곡동,735,0,마곡엠밸리2단지,서울특별시 강서구 마곡동 735,37.5693769643388,126.820606823603,address
서초구,방배동,775,1,래미안방배에버뉴,서울특별시 서초구 방배동 775-1,37.4940317517027,126.988293554815,address
금천구,독산동,887,54,동은노보빌(887-54),서울특별시 금천구 독산동 887-54,37.4761012391497,126.90438345973,address
영등포구,당산동,378,0,드림리버빌,서울특별시 영등포구 당산동 378,37.5311472508451,126.908010085451,address
양천구,목동,957,0,명지해드는터,서울특별시 양천구 목동 957,37.5343010636858,126.867081405531,address
송파구,가락동,196,1,동궁리치웰(101동),서울특별시 송파구 가락동 196-1,37.4936639457122,127.13225366653,address
노원구,중계동,103,0,동진,서울특별시 노원구 중계동 103,37.6522660352577,127.08198563333,address
영등포구,문래동4가,67,0,리버뷰신안인스빌1단지,서울특별시 영등포구 문래동4가 67,37.5141821203073,126.888574354924,address
서초구,서초동,1494,4,더미켈란,서울특별시 서초구 서초동 1494-4,37.4853058456492,127.003304849039,address
서초구,방배동,2626,0,삼성래미안1,서울특별시 서초구 방배동 2626,37.4727023921114,126.984007935896,address
용산구,문배동,11,29,이안용산1차(103동),서울특별시 용산구 문배동 11-29,37.5378847050012,126.970395589933,address
동대문구,장안동,463,10,장안동우성4차,서울특별시 동대문구 장안동 463-10,37.5627876005097,127.066676622865,address
강동구,길동,323,1,주풍그린빌,서울특별시 강동구 길동 323-1,37.5440678899443,127.144212727023,address
강남구,논현동,58,2,마일스디오빌,서울특별시 강남구 논현동 58-2,37.513885429675,127.028885611445,address
양천구,목동,736,3,왕자상가아파트,서울특별시 양천구 목동 736-3,37.5372334562358,126.866999487967,address
강서구,방화동,879,0,"월드메르디앙201동,202동",서울특별시 강서구 방화동 879,37.5746050093498,126.810195416508,address
관악구,신림동,1731,0,웰피아,서울특별시 관악구 신림동 1731,37.4879663964424,126.924475607786,address
강남구,삼성동,14,1,삼성동중앙하이츠빌리지,서울특별시 강남구 삼성동 14-1,37.5159924090308,127.046227665295,address
중랑구,상봉동,85,18,문수해오름,서울특별시 중랑구 상봉동 85-18,37.5939860656053,127.091174152145,address
강남구,청담동,114,9,BRUNNEN청담,서울특별시 강남구 청담동 114-9,37.5273071634795,127.047682834318,address
강남구,도곡동,190,3,그랜빌캐슬,서울특별시 강남구 도곡동 190-3,37.4887737663695,127.04477656002,address
서초구,방배동,3000,1,한신휴플러스,서울특별시 서초구 방배동 3000-1,37.486646440949,126.98293487437,address
강남구,삼성동,129,0,삼성동대성유니드,서울특별시 강남구 삼성동 129,37.5085003008041,127.05405357852,address
강서구,방화동,585,4,삼미,서울특별시 강서구 방화동 585-4,37.5674000755546,126.808438068222,address
금천구,독산동,1133,0,진도2차,서울특별시 금천구 독산동 1133,37.4700097626348,126.892217696178,address
관악구,봉천동,1568,1,서울대입구한양아이클래스,서울특별시 관악구 봉천동 1568-1,37.4791097585906,126.950336729758,address
관악구,봉천동,1697,0,선경,서울특별시 관악구 봉천동 1697,37.4798092287901,126.949105730785,address
강북구,미아동,318,5,성북프라자,서울특별시 강북구 미아동 318-5,37.6215674227472,127.026460013483,address
강서구,방화동,887,0,개화산경남아너스빌,서울특별시 강서구 방화동 887,37.5718931011357,126.808517006052,address
강남구,개포동,1283,0,개포자이르네,서울특별시 강남구 개포동 1283,37.4784936897187,127.055445059543,address
강남구,청담동,108,0,청담건영,서울특별시 강남구 청담동 108,37.5274555242261,127.052236679584,address
동대문구,휘경동,365,0,휘경동일하이빌,서울특별시 동대문구 휘경동 365,37.5823446326166,127.073299760443,address
강동구,암사동,440,4,대송,서울특별시 강동구 암사동 440-4,37.5557120510964,127.130561746294,address
중구,황학동,882,0,황학동코아루,서울특별시 중구 황학동 882,37.566708034837,127.022477348128,address
강남구,논현동,194,22,이산,서울특별시 강남구 논현동 194-22,37.5072073586217,127.030695812734,address
구로구,구로동,799,11,(799-11),서울특별시 구로구 구로동 799-11,37.4854019973442,126.888364067127,address
성동구,성수동1가,716,0,우성,서울특별시 성동구 성수동1가 716,37.5488380334318,127.050434533813,address
양천구,목동,926,7,벽산,서울특별시 양천구 목동 926-7,37.5265234684361,126.868633089816,address
마포구,아현동,732,0,삼환나띠르빌,서울특별시 마포구 아현동 732,37.5512582784547,126.954398330228,address
용산구,용문동,90,0,브라운스톤,서울특별시 용산구 용문동 90,37.5362662344184,126.959200142792,address
성동구,금호동4가,1250,0,롯데,서울특별시 성동구 금호동4가 1250,37.5469990657171,127.017177776786,address
종로구,숭인동,76,0,롯데캐슬천지인,서울특별시 종로구 숭인동 76,37.5738517068991,127.016177810477,address
광진구,화양동,234,0,화양현대,서울특별시 광진구 화양동 234,37.5445067326266,127.065844703899,address
용산구,문배동,11,10,용산KCC웰츠타워,서울특별시 용산구 문배동 11-10,37.5377777996132,126.968813728954,address
양천구,신정동,1279,0,목동현대3차,서울특별시 양천구 신정동 1279,37.5203887008316,126.877235446867,address
강남구,개포동,653,0,현대1차101동~106동,서울특별시 강남구 개포동 653,37.4826695293008,127.054425938151,address
강남구,논현동,53,1,힐타워,서울특별시 강남구 논현동 53-1,37.5124618505028,127.02312286754,address
은평구,불광동,486,13,연신내역트리플라102동,서울특별시 은평구 불광동 486-13,37.6203387814582,126.920996200776,address
서초구,방배동,818,14,래미안 원페를라,서울특별시 서초구 방배동 818-14,37.4912787353311,126.987523255255,address
금천구,시흥동,1018,0,백운한비치Ⅱ,서울특별시 금천구 시흥동 1018,37.4534977358145,126.909866337473,address
구로구,오류동,362,0,천왕역모아엘가트레뷰,서울특별시 구로구 오류동 362,37.4875978769845,126.837193079791,address
강서구,염창동,264,18,송촌,서울특별시 강서구 염창동 264-18,37.5494942680921,126.872823545766,address
동대문구,답십리동,1016,0,e편한세상답십리아르테포레,서울특별시 동대문구 답십리동 1016,37.5665636427987,127.059842623827,address
중랑구,중화동,274,77,한영(104),서울특별시 중랑구 중화동 274-77,37.6064247658777,127.082756812272,address
강서구,방화동,547,11,한오,서울특별시 강서구 방화동 547-11,37.5690795663677,126.808461046759,address
동대문구,장안동,344,8,태솔타운(1차),서울특별시 동대문구 장안동 344-8,37.5710008643659,127.071950541607,address
강남구,도곡동,968,0,하이페리온,서울특별시 강남구 도곡동 968,37.488763972925,127.035099794789,address
강동구,둔촌동,90,0,청원파크빌,서울특별시 강동구 둔촌동 90,37.531747395892,127.143362080054,address
은평구,신사동,12,1,임탑(12-1)100동,서울특별시 은평구 신사동 12-1,37.6014549863004,126.907636968512,address
은평구,응암동,110,1,위산일리온시티,서울특별시 은평구 응암동 110-1,37.5998971291546,126.920708787177,address
강동구,길동,383,7,다오아트빌,서울특별시 강동구 길동 383-7,37.5393214280823,127.136557096069,address
강동구,암사동,488,3,다성이즈빌Ⅰ,서울특별시 강동구 암사동 488-3,37.5483305884554,127.135004191985,address
강서구,화곡동,1087,0,화곡1차보람더하임,서울특별시 강서구 화곡동 1087,37.5383617579482,126.834992940937,address
구로구,구로동,100,8,신안타워,서울특별시 구로구 구로동 100-8,37.49584069244,126.888828116887,address
강서구,내발산동,665,6,신세계4차,서울특별시 강서구 내발산동 665-6,37.5549253347734,126.839429228525,address
강서구,등촌동,638,0,서광등촌마을아파트,서울특별시 강서구 등촌동 638,37.5578771499458,126.857444510012,address
양천구,목동,772,7,신동아파밀리에,서울특별시 양천구 목동 772-7,37.5348643561328,126.869493388841,address
강동구,성내동,549,5,성내스테이,서울특별시 강동구 성내동 549-5,37.5282063240054,127.125855349452,address
강동구,둔촌동,134,10,신성둔촌미소지움2,서울특별시 강동구 둔촌동 134-10,37.5273336559437,127.143664403089,address
중랑구,망우동,490,30,문수해오름,서울특별시 중랑구 망우동 490-30,37.5984814401257,127.096317153374,address
서초구,잠원동,67,2,브라운스톤잠원,서울특별시 서초구 잠원동 67-2,37.508245085433,127.009026109785,address
강서구,등촌동,632,4,삼성한사랑1,서울특별시 강서구 등촌동 632-4,37.5552005985963,126.863891749666,address
도봉구,방학동,444,31,대원그린아파트,서울특별시 도봉구 방학동 444-31,37.6628728312142,127.028181852004,address
서초구,방배동,884,21,대림e-편한세상1,서울특별시 서초구 방배동 884-21,37.4877318512286,126.998893033687,address
은평구,진관동,94,0,은평뉴타운 제각말 푸르지오(5-3단지),서울특별시 은평구 진관동 94,37.6390030772965,126.934876986729,address
강남구,대치동,891,23,대우아이빌명문가(891-23),서울특별시 강남구 대치동 891-23,37.5050813188178,127.053522496748,address
서초구,서초동,1685,0,삼풍아파트,서울특별시 서초구 서초동 1685,37.4987321235919,127.015601806503,address
강동구,길동,385,6,한일시티타워(우성아트빌),서울특별시 강동구 길동 385-6,37.5384303034508,127.137132523471,address
서초구,방배동,906,13,서리풀e편한세상,서울특별시 서초구 방배동 906-13,37.4839077851151,126.998323240686,address
강동구,길동,334,3,시가오？,서울특별시 강동구 길동 334-3,37.5434165316943,127.143049143391,address
강북구,번동,446,59,스카이캐슬,서울특별시 강북구 번동 446-59,37.6363792481911,127.024943586563,address
구로구,고척동,171,31,해피그린(171-31),서울특별시 구로구 고척동 171-31,37.5052282580413,126.859546730497,address
강서구,등촌동,640,0,보람(640),서울특별시 강서구 등촌동 640,37.5579898372935,126.854030081422,address
중구,회현동2가,87,0,쌍용남산플래티넘,서울특별시 중구 회현동2가 87,37.5594031619007,126.983218672682,address
양천구,신월동,1052,0,동도센트리움,서울특별시 양천구 신월동 1052,37.5237432000588,126.846341974714,address
강남구,논현동,107,44,우민,서울특별시 강남구 논현동 107-44,37.5178343166064,127.037353905421,address
서초구,서초동,1686,9,서초교대e편한세상,서울특별시 서초구 서초동 1686-9,37.4966448983607,127.017214184275,address
양천구,신월동,1070,0,수명산그린시아,서울특별시 양천구 신월동 1070,37.5434895636155,126.828570269002,address
중랑구,신내동,803,0,대성유니트,서울특별시 중랑구 신내동 803,37.6027308952846,127.096508353405,address
성동구,하왕십리동,890,115,드림,서울특별시 성동구 하왕십리동 890-115,37.5633870600257,127.028309810883,address
구로구,구로동,779,64,경성아파트,서울특별시 구로구 구로동 779-64,37.4876331974454,126.889647720203,address
서초구,반포동,12,0,래미안원펜타스,서울특별시 서초구 반포동 12,37.5037787055864,126.993632959636,address
서초구,서초동,1326,0,삼성서초가든스위트,서울특별시 서초구 서초동 1326,37.4941335729758,127.026244690732,address
관악구,봉천동,1730,0,e편한세상서울대입구1단지,서울특별시 관악구 봉천동 1730,37.4780506351138,126.943355511979,address
마포구,망원동,511,0,함성월드빌2차,서울특별시 마포구 망원동 511,37.5541791925728,126.909365416261,address
광진구,자양동,853,0,한화꿈에그린,서울특별시 광진구 자양동 853,37.5336376083461,127.061846609299,address
중랑구,망우동,580,1,금호어울림(580-1),서울특별시 중랑구 망우동 580-1,37.6010542476791,127.110187336867,address
노원구,공릉동,269,2,청구빌아파트,서울특별시 노원구 공릉동 269-2,37.6217066388283,127.080634235785,address
강서구,내발산동,674,33,천우네오젠,서울특별시 강서구 내발산동 674-33,37.5528594787188,126.840522349792,address
은평구,갈현동,539,0,한솔,서울특별시 은평구 갈현동 539,37.6180331596091,126.90993596943,address
중랑구,묵동,167,0,신도,서울특별시 중랑구 묵동 167,37.6168561028337,127.077372816699,address
노원구,상계동,721,0,상계주공5(저층),서울특별시 노원구 상계동 721,37.6527771268646,127.064646740398,address
양천구,신정동,993,1,목동동보,서울특별시 양천구 신정동 993-1,37.5251943523672,126.863193645372,address
강서구,염창동,289,0,신동아,서울특별시 강서구 염창동 289,37.5551294880285,126.869050974189,address
서초구,방배동,3284,0,엘루크방배서리풀,서울특별시 서초구 방배동 3284,37.4826404530796,126.995783976939,address
관악구,봉천동,1654,14,미래,서울특별시 관악구 봉천동 1654-14,37.4749501861121,126.969910002611,address
서초구,방배동,725,0,방배신삼호,서울특별시 서초구 방배동 725,37.4971392783097,126.989738752313,address
강남구,율현동,365,0,강남한신휴플러스6단지,서울특별시 강남구 율현동 365,37.4676629031825,127.105382016412,address
강동구,둔촌동,621,0,초원동아,서울특별시 강동구 둔촌동 621,37.5331699961526,127.145855118684,address
서대문구,홍은동,398,6,명가,서울특별시 서대문구 홍은동 398-6,37.5821398966262,126.926942038383,address
서초구,방배동,754,1,롯데캐슬헤론,서울특별시 서초구 방배동 754-1,37.4969407304439,126.984306628076,address
동작구,신대방동,711,0,보라매파크빌,서울특별시 동작구 신대방동 711,37.4944119128135,126.915531973989,address
종로구,무악동,88,0,인왕산2차아이파크,서울특별시 종로구 무악동 88,37.5757370932777,126.959608792807,address
성동구,옥수동,428,0,극동,서울특별시 성동구 옥수동 428,37.5433115020991,127.011630637835,address
동작구,본동,148,2,극동강변,서울특별시 동작구 본동 148-2,37.5115251308272,126.95193992896,address
서초구,서초동,1465,7,서초코아,서울특별시 서초구 서초동 1465-7,37.4803149554019,127.011077500631,address
구로구,구로동,98,10,비즈트위트그린,서울특별시 구로구 구로동 98-10,37.4953373688851,126.890444812408,address
동대문구,장안동,335,7,젬스톤힐즈,서울특별시 동대문구 장안동 335-7,37.5716736819051,127.073920152857,address
중랑구,상봉동,226,20,풍산쉐르빌101동,서울특별시 중랑구 상봉동 226-20,37.6027396425076,127.087967545715,address
용산구,한강로2가,2,11,한강로대우아이빌,서울특별시 용산구 한강로2가 2-11,37.5315404241505,126.969090683958,address
광진구,자양동,591,13,한강이레,서울특별시 광진구 자양동 591-13,37.5297106471966,127.07526054585,address
마포구,아현동,802,0,마포센트럴 아이파크,서울특별시 마포구 아현동 802,37.5555439140394,126.959183184111,address
마포구,대흥동,804,0,마포자이2차,서울특별시 마포구 대흥동 804,37.5491008877606,126.941802482192,address
강남구,일원동,743,0,디에이치자이개포,서울특별시 강남구 일원동 743,37.490811622259,127.075203973275,address
동대문구,장안동,571,0,현대홈타운3차,서울특별시 동대문구 장안동 571,37.5746981267463,127.073074803044,address
송파구,송파동,33,0,호수임광,서울특별시 송파구 송파동 33,37.5103541961903,127.107151025491,address
금천구,시흥동,960,6,힐캐슬,서울특별시 금천구 시흥동 960-6,37.4391577565053,126.90539469502,address
서초구,반포동,78,11,골드넷멤버스빌리지,서울특별시 서초구 반포동 78-11,37.4961179823981,126.999923668457,address
서초구,서초동,1529,0,서초2차e-편한세상,서울특별시 서초구 서초동 1529,37.4862635029913,127.008975184076,address
강동구,길동,229,3,탑건위너빌1,서울특별시 강동구 길동 229-3,37.5347401473419,127.141654047373,address
강서구,화곡동,1019,19,광영다모은정아파트,서울특별시 강서구 화곡동 1019-19,37.5440162878424,126.835216069729,address
송파구,문정동,110,7,크로바맨션,서울특별시 송파구 문정동 110-7,37.4867236196947,127.132056109747,address
서초구,신원동,619,0,서초포레스타6단지,서울특별시 서초구 신원동 619,37.4499353185746,127.055830373775,address
강서구,방화동,907,0,마곡우촌아파트,서울특별시 강서구 방화동 907,37.56872267766,126.812102369759,address
동대문구,장안동,335,10,태솔아파트4차,서울특별시 동대문구 장안동 335-10,37.5717420154333,127.072990072535,address
서초구,방배동,797,22,방배5차상지리츠빌,서울특별시 서초구 방배동 797-22,37.4940120568777,126.993435784715,address
서초구,방배동,2001,0,방배2차현대홈타운,서울특별시 서초구 방배동 2001,37.4901824020429,126.983902781945,address
마포구,망원동,506,0,탑건진선미,서울특별시 마포구 망원동 506,37.5611874890025,126.89965055215,address
강남구,수서동,799,0,강남 더샵 포레스트,서울특별시 강남구 수서동 799,37.4812524561219,127.094873846502,address
강남구,압구정동,490,0,한양1차(영동한양),서울특별시 강남구 압구정동 490,37.5303153460239,127.038801247058,address
구로구,개봉동,484,0,고운아파트,서울특별시 구로구 개봉동 484,37.4990036544358,126.85057920086,address
송파구,거여동,258,7,보화2차,서울특별시 송파구 거여동 258-7,37.490283460038,127.148839183603,address
강남구,일원동,614,0,현대4,서울특별시 강남구 일원동 614,37.4909681210679,127.077719392203,address
노원구,상계동,1310,0,비콘드림힐3,서울특별시 노원구 상계동 1310,37.6593315609027,127.062018614414,address
강서구,방화동,796,0,신동아,서울특별시 강서구 방화동 796,37.5701024996432,126.815959544966,address
중랑구,신내동,801,0,영풍마드레빌,서울특별시 중랑구 신내동 801,37.6055995046449,127.100139886031,address
송파구,가락동,171,5,현대7,서울특별시 송파구 가락동 171-5,37.4969461596459,127.133589672664,address
서초구,잠원동,70,0,신반포4,서울특별시 서초구 잠원동 70,37.5083533094199,127.005979601371,address
중랑구,상봉동,136,11,e-푸른가동,서울특별시 중랑구 상봉동 136-11,37.5926274445138,127.073791183718,address
송파구,풍납동,224,1,케이앤피상상,서울특별시 송파구 풍납동 224-1,37.5339527351465,127.115163582362,address
강서구,가양동,1467,0,중앙하이츠,서울특별시 강서구 가양동 1467,37.569791485437,126.849263957636,address
노원구,중계동,601,0,동도센트리움(601),서울특별시 노원구 중계동 601,37.6582723331521,127.073380575983,address
중구,순화동,217,0,덕수궁롯데캐슬,서울특별시 중구 순화동 217,37.5635546803726,126.970364269356,address
중랑구,망우동,207,6,세움삼익플라주,서울특별시 중랑구 망우동 207-6,37.5999721112654,127.103983093918,address
마포구,현석동,223,0,반도유보라아일랜드,서울특별시 마포구 현석동 223,37.541999245665,126.934468898406,address
용산구,이촌동,422,0,북한강(성원),서울특별시 용산구 이촌동 422,37.527307930958,126.95379465375,address
용산구,보광동,151,0,리버빌(삼성),서울특별시 용산구 보광동 151,37.5242899593541,127.000858289057,address
양천구,신월동,350,2,신안파크,서울특별시 양천구 신월동 350-2,37.5233765603266,126.829579444411,address
광진구,자양동,856,0,이튼타워리버5차,서울특별시 광진구 자양동 856,37.5321855386616,127.06903104242,address
관악구,봉천동,729,24,캐릭터그린빌,서울특별시 관악구 봉천동 729-24,37.4917978147045,126.925427705065,address
영등포구,당산동1가,9,1,코오롱,서울특별시 영등포구 당산동1가 9-1,37.5199845372357,126.899260518431,address
양천구,신월동,607,1,동방,서울특별시 양천구 신월동 607-1,37.521450675364,126.846468508509,address
강남구,삼성동,17,0,삼성동롯데아파트,서울특별시 강남구 삼성동 17,37.5176763813954,127.048701765343,address
서대문구,북가좌동,460,0,DMC이랜드해가든,서울특별시 서대문구 북가좌동 460,37.5761159032319,126.903216164679,address
금천구,시흥동,898,17,금천,서울특별시 금천구 시흥동 898-17,37.4509898144241,126.904646662544,address
양천구,신정동,1210,1,자성,서울특별시 양천구 신정동 1210-1,37.5200211485385,126.849764013505,address
서초구,방배동,883,9,황실자이,서울특별시 서초구 방배동 883-9,37.4888357692507,126.999301662456,address
양천구,목동,753,1,금강에스쁘아,서울특별시 양천구 목동 753-1,37.5381778469263,126.871192515907,address
강남구,개포동,654,0,현대2,서울특별시 강남구 개포동 654,37.4824775018158,127.05125279339,address
서대문구,북아현동,1,50,우민A,서울특별시 서대문구 북아현동 1-50,37.5644699830209,126.957101899058,address
중랑구,중화동,42,0,중화동건영아파트,서울특별시 중랑구 중화동 42,37.6056917915927,127.083423945233,address
성동구,금호동4가,1550,0,브라운스톤2차,서울특별시 성동구 금호동4가 1550,37.5475783898582,127.015346844143,address
동대문구,장안동,382,5,태솔아파트1차,서울특별시 동대문구 장안동 382-5,37.5694311585475,127.068607303833,address
구로구,오류동,108,43,은하수수목원2차(102동),서울특별시 구로구 오류동 108-43,37.4893255938471,126.826949403055,address
서초구,방배동,1021,9,아이리스,서울특별시 서초구 방배동 1021-9,37.4795422284512,127.000183607465,address
강동구,천호동,52,16,늘푸른아파트,서울특별시 강동구 천호동 52-16,37.5421991697159,127.140667770591,address
강남구,도곡동,543,7,도곡1차아이파크,서울특별시 강남구 도곡동 543-7,37.4922748332904,127.043511837517,address
강서구,화곡동,1161,0,강서동도센트리움,서울특별시 강서구 화곡동 1161,37.5546791444604,126.852884447161,address
노원구,상계동,1303,0,문수해오름,서울특별시 노원구 상계동 1303,37.6539017208458,127.07033764283,address
마포구,합정동,473,0,마포한강2차푸르지오,서울특별시 마포구 합정동 473,37.5510531812588,126.911865545526,address
강서구,가양동,235,4,마곡보타닉,서울특별시 강서구 가양동 235-4,37.5724216245667,126.839590449256,address
구로구,고척동,340,0,고척LIG리가1차,서울특별시 구로구 고척동 340,37.5056327803548,126.86142962034,address
관악구,남현동,1139,0,관악산대창센시티2차,서울특별시 관악구 남현동 1139,37.4718153153873,126.972172767367,address
서초구,반포동,46,0,엠브이아파트,서울특별시 서초구 반포동 46,37.4992010512641,127.010261190544,address
마포구,망원동,478,27,미원1,서울특별시 마포구 망원동 478-27,37.5594377981946,126.906396124561,address
광진구,자양동,786,0,자양현대6,서울특별시 광진구 자양동 786,37.5328457586157,127.071658855725,address
강남구,압구정동,455,0,"현대5차(71,72동)",서울특별시 강남구 압구정동 455,37.5319760183273,127.028563016169,address
강남구,개포동,1164,14,새롬(1164-14),서울특별시 강남구 개포동 1164-14,37.4733780500302,127.053239867821,address
서초구,잠원동,42,13,대우아이빌,서울특별시 서초구 잠원동 42-13,37.511393465753,127.018355538452,address
서초구,우면동,59,0,동고,서울특별시 서초구 우면동 59,37.4713573571914,127.023567246461,address
관악구,봉천동,1729,0,서희스타힐스,서울특별시 관악구 봉천동 1729,37.4886387117671,126.959484770208,address
성북구,종암동,127,0,선경(127),서울특별시 성북구 종암동 127,37.5998800276699,127.037015416485,address
서초구,방배동,846,1,프리우스,서울특별시 서초구 방배동 846-1,37.4919393425261,126.996942950674,address
서대문구,홍은동,11,244,세한숲속마을,서울특별시 서대문구 홍은동 11-244,37.6005566643157,126.946714368227,address
마포구,상암동,1618,0,DMC상암센트럴파크2단지,서울특별시 마포구 상암동 1618,37.5749303723564,126.897036147318,address
성북구,하월곡동,230,0,동일하이빌뉴시티,서울특별시 성북구 하월곡동 230,37.605051194495,127.030996105009,address
마포구,아현동,371,1,예미원,서울특별시 마포구 아현동 371-1,37.5547710816926,126.958022118015,address
강동구,성내동,551,4,다성이즈빌,서울특별시 강동구 성내동 551-4,37.5287076138561,127.122973226554,address
서초구,우면동,737,0,서초네이처힐6단지,서울특별시 서초구 우면동 737,37.4614498491198,127.026490636114,address
마포구,망원동,521,0,마포한강아이파크,서울특별시 마포구 망원동 521,37.5526146718995,126.90308993766,address
강서구,내발산동,756,0,마곡수명산파크7단지,서울특별시 강서구 내발산동 756,37.5481491563284,126.822706623708,address
강동구,길동,353,40,유덕휴먼빌,서울특별시 강동구 길동 353-40,37.5398985664373,127.145786982837,address
도봉구,쌍문동,103,85,빌드아르떼APT,서울특별시 도봉구 쌍문동 103-85,37.6439701294528,127.031038783384,address
송파구,가락동,70,19,대림,서울특별시 송파구 가락동 70-19,37.4994928340784,127.118580429262,address
서대문구,연희동,700,0,대림,서울특별시 서대문구 연희동 700,37.5754418305082,126.936296369086,address
성동구,도선동,69,0,삼성쉐르빌,서울특별시 성동구 도선동 69,37.5643939504204,127.034936605036,address
서초구,방배동,770,1,삼호1동~3동,서울특별시 서초구 방배동 770-1,37.4952088859874,126.987126700003,address
중랑구,중화동,19,0,극동,서울특별시 중랑구 중화동 19,37.6036175349731,127.08367530046,address
서초구,서초동,1476,18,더？오데움(103동),서울특별시 서초구 서초동 1476-18,37.4818637506308,127.009455511665,address
도봉구,쌍문동,734,0,시티프라디움,서울특별시 도봉구 쌍문동 734,37.6470685742338,127.026784518655,address
강남구,삼성동,7,3,래미안삼성2차,서울특별시 강남구 삼성동 7-3,37.5161516847431,127.043436336716,address
강서구,내발산동,765,0,우장산동문디이스트,서울특별시 강서구 내발산동 765,37.5495742187858,126.833698409378,address
강남구,논현동,196,0,거평프리젠,서울특별시 강남구 논현동 196,37.5063698187338,127.02763715364,address
강동구,천호동,28,0,용명브릿지아파트,서울특별시 강동구 천호동 28,37.5476597931464,127.140489843801,address
중구,충무로5가,90,0,충무로헤센스마트,서울특별시 중구 충무로5가 90,37.5613995125221,126.998504521455,address
성북구,삼선동2가,425,0,삼선푸르지오,서울특별시 성북구 삼선동2가 425,37.5834928738163,127.013382220928,address
중랑구,중화동,208,4,범양프레체,서울특별시 중랑구 중화동 208-4,37.5944855856847,127.075881477395,address
양천구,신월동,1048,0,양천벽산블루밍3단지,서울특별시 양천구 신월동 1048,37.5238310411763,126.83896533503,address
동작구,노량진동,336,0,힐스테이트장승배기역,서울특별시 동작구 노량진동 336,37.505422071137,126.940976070604,address
은평구,대조동,186,12,정익제이원6차,서울특별시 은평구 대조동 186-12,37.6175489604473,126.92180380427,address
서초구,서초동,1681,8,서초롯데캐슬프레지던트,서울특별시 서초구 서초동 1681-8,37.4968632788293,127.019673378411,address
강남구,개포동,177,0,현대아파트3,서울특별시 강남구 개포동 177,37.4878922787897,127.060955866212,address
구로구,가리봉동,139,0,효성,서울특별시 구로구 가리봉동 139,37.4788964928257,126.895304412251,address
송파구,신천동,7,17,한빛웰리스,서울특별시 송파구 신천동 7-17,37.5153318715376,127.099542150352,address
구로구,구로동,110,11,늘푸른주상복합,서울특별시 구로구 구로동 110-11,37.5017410603311,126.888584589832,address
강남구,삼성동,42,4,네오블로썸,서울특별시 강남구 삼성동 42-4,37.5122799426885,127.047289723074,address
강서구,화곡동,920,15,남광아파트,서울특별시 강서구 화곡동 920-15,37.5300165416132,126.841591586187,address
강남구,삼성동,43,0,삼성동롯데캐슬킹덤,서울특별시 강남구 삼성동 43,37.5131210964197,127.047796305276,address
강남구,도곡동,869,0,삼익,서울특별시 강남구 도곡동 869,37.4907926735889,127.042278226131,address
노원구,공릉동,593,6,백영아파트,서울특별시 노원구 공릉동 593-6,37.620823465249,127.075779108187,address
양천구,목동,907,12,부영그린타운1,서울특별시 양천구 목동 907-12,37.5362006977108,126.880095612937,address
금천구,독산동,332,14,계룡아파트,서울특별시 금천구 독산동 332-14,37.4671488507359,126.892786325682,address
구로구,고척동,343,0,고척월드메르디앙,서울특별시 구로구 고척동 343,37.5029451933791,126.86314728276,address
서대문구,홍제동,346,7,힐탑,서울특별시 서대문구 홍제동 346-7,37.5853275988066,126.93777054275,address
강동구,둔촌동,425,3,태천해오름,서울특별시 강동구 둔촌동 425-3,37.5329548352224,127.140050994494,address
노원구,상계동,1269,0,수락파크빌,서울특별시 노원구 상계동 1269,37.679290522778,127.057018425406,address
강남구,대치동,974,0,대치현대,서울특별시 강남구 대치동 974,37.5009313722385,127.06097008333,address
양천구,신월동,1045,0,신성미소지움3차아파트,서울특별시 양천구 신월동 1045,37.5229198740895,126.841776956537,address
서초구,방배동,776,3,쌍용예가클래식,서울특별시 서초구 방배동 776-3,37.4936122635759,126.987613557237,address
동작구,노량진동,332,0,쌍용예가,서울특별시 동작구 노량진동 332,37.5099948329816,126.943519587598,address
서초구,반포동,99,1,엘리제빌,서울특별시 서초구 반포동 99-1,37.4947023699049,126.996899301627,address
구로구,구로동,807,19,(807-19),서울특별시 구로구 구로동 807-19,37.4864022073931,126.885819768641,address
영등포구,양평동2가,39,1,오목교벽산블루밍,서울특별시 영등포구 양평동2가 39-1,37.5230551981156,126.882170652449,address
중랑구,면목동,1549,0,용마산모아엘가파크포레,서울특별시 중랑구 면목동 1549,37.585457385577,127.096033173785,address
동대문구,장안동,566,0,형인허브빌2차(566),서울특별시 동대문구 장안동 566,37.5633117475362,127.068499825008,address
강서구,등촌동,510,7,해태골든팰리스,서울특별시 강서구 등촌동 510-7,37.5480175065289,126.862587379124,address
강남구,개포동,652,0,개포우성3차,서울특별시 강남구 개포동 652,37.4839732673555,127.056013870468,address
영등포구,양평동1가,14,1,한신공영,서울특별시 영등포구 양평동1가 14-1,37.5216371279698,126.888118133469,address
서초구,방배동,807,5,노블하임,서울특별시 서초구 방배동 807-5,37.4934478132723,126.992867042999,address
영등포구,양평동1가,245,0,삼환,서울특별시 영등포구 양평동1가 245,37.5230127046706,126.887282692725,address
마포구,망원동,470,2,삼화아크빌(470-2),서울특별시 마포구 망원동 470-2,37.5615470135146,126.902478275282,address
송파구,잠실동,336,5,잠실포스코더샵,서울특별시 송파구 잠실동 336-5,37.5041704586554,127.087290469407,address
강남구,역삼동,722,0,경남아너스빌,서울특별시 강남구 역삼동 722,37.5005715581119,127.04231099391,address
서초구,반포동,16,6,반포힐스테이트,서울특별시 서초구 반포동 16-6,37.5011913261761,126.996823827522,address
마포구,대흥동,807,0,마포그랑자이(2단지),서울특별시 마포구 대흥동 807,37.5535879847398,126.943735793607,address
성동구,옥수동,100,0,옥수하이츠,서울특별시 성동구 옥수동 100,37.539617167963,127.015956898092,address
마포구,신수동,445,5,현대,서울특별시 마포구 신수동 445-5,37.5430851449313,126.936978849658,address
영등포구,당산동,121,108,훼미리하우스138,서울특별시 영등포구 당산동 121-108,37.5275709581712,126.907961079352,address
종로구,충신동,60,0,힐스테이트창경궁,서울특별시 종로구 충신동 60,37.5753171996632,127.004674395734,address
광진구,군자동,358,9,광진동양파라곤2단지,서울특별시 광진구 군자동 358-9,37.5484954852009,127.069715438843,address
서초구,방배동,2233,0,방배3차현대홈타운,서울특별시 서초구 방배동 2233,37.4914815401111,126.983722711076,address
강남구,역삼동,747,5,브라운스톤역삼,서울특별시 강남구 역삼동 747-5,37.4957052908827,127.03786193249,address
광진구,자양동,829,0,한강현대,서울특별시 광진구 자양동 829,37.5330883482377,127.066826558539,address
성북구,종암동,46,43,센트럴힐,서울특별시 성북구 종암동 46-43,37.5967817181294,127.03395741749,address
서초구,서초동,1533,0,서초한신리빙타워,서울특별시 서초구 서초동 1533,37.4842029075172,127.0099658463,address
송파구,장지동,884,0,위례2차아이파크,서울특별시 송파구 장지동 884,37.4795670927017,127.143714568094,address
송파구,장지동,897,0,위례중앙푸르지오1단지,서울특별시 송파구 장지동 897,37.474605333209,127.141544657341,address
구로구,구로동,98,14,마인드에코프라움,서울특별시 구로구 구로동 98-14,37.4951158665141,126.890019268396,address
중구,오장동,139,7,오장동오팰리오,서울특별시 중구 오장동 139-7,37.5648145517864,127.002011795126,address
강남구,신사동,658,0,로데오현대,서울특별시 강남구 신사동 658,37.5269783587318,127.037238206916,address
강동구,천호동,425,5,대우한강베네시티,서울특별시 강동구 천호동 425-5,37.5406106651217,127.12492222154,address
동대문구,장안동,456,8,스타파크아파트,서울특별시 동대문구 장안동 456-8,37.5618890482448,127.070834281665,address
송파구,풍납동,220,2,신동아파밀리에,서울특별시 송파구 풍납동 220-2,37.5334926918235,127.114600116028,address
서초구,잠원동,63,2,신반포청구,서울특별시 서초구 잠원동 63-2,37.5141394987212,127.008452668417,address
강남구,수서동,795,0,강남데시앙포레,서울특별시 강남구 수서동 795,37.4809832232715,127.090876576595,address
강남구,대치동,602,0,선경3차,서울특별시 강남구 대치동 602,37.4941781606738,127.060948083322,address
용산구,한강로3가,89,0,쌍용스윗닷홈,서울특별시 용산구 한강로3가 89,37.5234518459185,126.963955317841,address
성동구,성수동1가,33,2,현대그린,서울특별시 성동구 성수동1가 33-2,37.5407234873627,127.05035766918,address
강서구,공항동,42,12,송정제이빌102동,서울특별시 강서구 공항동 42-12,37.5603963461518,126.810994417238,address
서초구,반포동,742,10,반포쎄레노아파트,서울특별시 서초구 반포동 742-10,37.5041071887384,127.019663969471,address
영등포구,대림동,1101,1,(1101-1),서울특별시 영등포구 대림동 1101-1,37.4869194626454,126.900555035603,address
종로구,창신동,602,1,MID그린(8동),서울특별시 종로구 창신동 602-1,37.5773570880379,127.009910437574,address
송파구,송파동,170,0,SK,서울특별시 송파구 송파동 170,37.5006593715373,127.118035141913,address
영등포구,문래동5가,23,1,문래현대5차,서울특별시 영등포구 문래동5가 23-1,37.5176134940523,126.883159021238,address
동대문구,용두동,795,0,이편한세상청계센트럴포레,서울특별시 동대문구 용두동 795,37.5716477982277,127.029219765505,address
광진구,자양동,788,0,자양7차현대홈타운,서울특별시 광진구 자양동 788,37.5329778962287,127.069768196916,address
광진구,자양동,789,0,자양8차현대홈타운,서울특별시 광진구 자양동 789,37.5334859623824,127.07203305701,address
노원구,월계동,931,0,장은하이빌,서울특별시 노원구 월계동 931,37.6206406103183,127.061789932887,address
강동구,천호동,361,1,제일아파트,서울특별시 강동구 천호동 361-1,37.5444319671439,127.127549192066,address
강남구,대치동,1032,0,대치푸르지오써밋,서울특별시 강남구 대치동 1032,37.501557279241,127.061706029243,address
서초구,방배동,758,4,삼호2,서울특별시 서초구 방배동 758-4,37.4965159189109,126.98742875016,address
은평구,갈현동,545,0,코오롱하늘채,서울특별시 은평구 갈현동 545,37.6230661587328,126.911595277888,address
노원구,월계동,940,0,동원베네스트,서울특별시 노원구 월계동 940,37.6317934376804,127.058320853075,address
강동구,명일동,343,10,동은,서울특별시 강동구 명일동 343-10,37.5469383849821,127.145384940492,address
동작구,사당동,1150,0,삼익그린뷰,서울특별시 동작구 사당동 1150,37.4772989539337,126.969270524011,address
서초구,방배동,477,7,파라다이스(477-7),서울특별시 서초구 방배동 477-7,37.4769801834768,126.987554348712,address
양천구,신정동,1307,0,경남아너스빌,서울특별시 양천구 신정동 1307,37.5181333331182,126.871496196265,address
마포구,하중동,101,0,한강밤섬자이,서울특별시 마포구 하중동 101,37.5448044431455,126.928014895739,address
관악구,신림동,1656,0,라이프미성,서울특별시 관악구 신림동 1656,37.4825102462272,126.903435850976,address
서초구,서초동,1301,6,래미안서초스위트,서울특별시 서초구 서초동 1301-6,37.5022952134583,127.020505472248,address
은평구,응암동,577,28,거장메카,서울특별시 은평구 응암동 577-28,37.5910705513892,126.91663121473,address
성동구,하왕십리동,990,0,한신무학,서울특별시 성동구 하왕십리동 990,37.5623533304177,127.028377895927,address
서초구,방배동,816,1,한신트리플,서울특별시 서초구 방배동 816-1,37.4912693593418,126.989304550236,address
마포구,서교동,453,15,센트레,서울특별시 마포구 서교동 453-15,37.5577883000388,126.915665222755,address
강남구,도곡동,164,6,포스코트,서울특별시 강남구 도곡동 164-6,37.4879088614331,127.047612213256,address
강남구,논현동,44,9,지고하임(102동),서울특별시 강남구 논현동 44-9,37.5137285590121,127.023644470738,address
은평구,역촌동,85,12,센타폴리스,서울특별시 은평구 역촌동 85-12,37.600145638356,126.915536806927,address
광진구,자양동,859,0,래미안프리미어팰리스,서울특별시 광진구 자양동 859,37.537711863986,127.081548897452,address
강서구,가양동,1495,0,한보구암마을,서울특별시 강서구 가양동 1495,37.5680830400427,126.849068747878,address
광진구,자양동,672,0,한솔리베르,서울특별시 광진구 자양동 672,37.5281408521584,127.084678683607,address
금천구,독산동,1139,0,청광플러스원,서울특별시 금천구 독산동 1139,37.4712461478703,126.894132393752,address
강서구,내발산동,702,7,천우캐슬,서울특별시 강서구 내발산동 702-7,37.5516330402873,126.836893871475,address
강남구,청담동,60,0,삼성청담공원아파트,서울특별시 강남구 청담동 60,37.5224202022399,127.050536317213,address
강서구,화곡동,786,9,탑건화곡동진선미,서울특별시 강서구 화곡동 786-9,37.5299992613461,126.861381727459,address
송파구,오금동,45,0,르네상스빌,서울특별시 송파구 오금동 45,37.5034484176937,127.126662668344,address
강서구,화곡동,1138,0,신도금잔디,서울특별시 강서구 화곡동 1138,37.529361876651,126.855799412296,address
양천구,신정동,1148,7,로마아트빌,서울특별시 양천구 신정동 1148-7,37.5168770764115,126.853765311896,address
송파구,송파동,58,4,레이크해모로,서울특별시 송파구 송파동 58-4,37.5113607362582,127.108795565498,address
중구,신당동,856,0,신당KCC스위첸,서울특별시 중구 신당동 856,37.5631258409821,127.02479384731,address
양천구,목동,729,4,보경,서울특별시 양천구 목동 729-4,37.537821185301,126.864862801387,address
동대문구,장안동,326,10,삼성그린,서울특별시 동대문구 장안동 326-10,37.5753634666494,127.073870141545,address
양천구,신정동,921,11,보람쉬움,서울특별시 양천구 신정동 921-11,37.5255797492425,126.855508826158,address
관악구,신림동,1639,51,푸리마타운,서울특별시 관악구 신림동 1639-51,37.4833905196809,126.927468397174,address
강동구,천호동,358,4,다성시티아파트,서울특별시 강동구 천호동 358-4,37.5430409500146,127.125667778111,address
서초구,서초동,1467,3,서초대우,서울특별시 서초구 서초동 1467-3,37.4796465745242,127.00635945237,address
서대문구,충정로2가,185,15,현대,서울특별시 서대문구 충정로2가 185-15,37.5636891831715,126.963256372911,address
동대문구,답십리동,1015,0,답십리엘림퍼스트,서울특별시 동대문구 답십리동 1015,37.5688626600289,127.056475933607,address
성동구,성수동1가,685,700,아크로서울포레스트,서울특별시 성동구 성수동1가 685-700,37.5444637906319,127.043847448613,address
용산구,이태원동,669,0,용산동아파트,서울특별시 용산구 이태원동 669,37.5399255158305,126.988076716751,address
광진구,구의동,660,0,구의동현진에버빌,서울특별시 광진구 구의동 660,37.5427354148426,127.092744631057,address
강동구,암사동,675,0,힐스테이트 강동 리버뷰,서울특별시 강동구 암사동 675,37.5488202709191,127.125370241826,address
동대문구,장안동,584,0,형인휴아름101동,서울특별시 동대문구 장안동 584,37.5699200974207,127.071692548772,address
동대문구,장안동,350,6,현대리노빌102동,서울특별시 동대문구 장안동 350-6,37.567127269592,127.070817056181,address
마포구,망원동,384,7,삼우월드,서울특별시 마포구 망원동 384-7,37.5541208793743,126.908989758112,address
영등포구,여의도동,525,0,브라이튼여의도,서울특별시 영등포구 여의도동 525,37.5240734259401,126.929840195872,address
양천구,신정동,992,1,보성주상복합,서울특별시 양천구 신정동 992-1,37.5257010684543,126.863031964702,address
동작구,상도동,363,164,상도휴엔하임,서울특별시 동작구 상도동 363-164,37.5049868628963,126.937943035198,address
송파구,방이동,157,0,방이금호어울림,서울특별시 송파구 방이동 157,37.5125204304047,127.118251531872,address
서초구,방배동,849,2,방배비젼21빌라트,서울특별시 서초구 방배동 849-2,37.4908471404434,126.994446733371,address
양천구,신정동,324,7,대림아크로빌,서울특별시 양천구 신정동 324-7,37.515425616177,126.859603067999,address
마포구,신수동,453,0,대원칸타빌,서울특별시 마포구 신수동 453,37.5480841409706,126.93365853591,address
강동구,암사동,459,1,다성이즈빌,서울특별시 강동구 암사동 459-1,37.5545139953649,127.1323421131,address
용산구,도원동,3,7,도원,서울특별시 용산구 도원동 3-7,37.5389453579567,126.958422598154,address
종로구,무악동,89,0,경희궁롯데캐슬,서울특별시 종로구 무악동 89,37.5738635995353,126.959446568538,address
강서구,화곡동,917,5,남광아파트,서울특별시 강서구 화곡동 917-5,37.529572641925,126.843909851588,address
성북구,길음동,542,1,길음역롯데캐슬트윈골드,서울특별시 성북구 길음동 542-1,37.6038276371314,127.023204230645,address
마포구,아현동,780,0,애오개아이파크,서울특별시 마포구 아현동 780,37.553836554578,126.956008539429,address
성동구,옥수동,528,1,옥수파크힐스117동~125동,서울특별시 성동구 옥수동 528-1,37.5466036237451,127.012024946055,address
마포구,서교동,371,7,엠제이더퍼스트홍대,서울특별시 마포구 서교동 371-7,37.553569373995,126.919927450908,address
송파구,방이동,185,5,(185-5),서울특별시 송파구 방이동 185-5,37.5107483706606,127.12664887542,address
강동구,천호동,423,200,강동밀레니얼중흥S-클래스,서울특별시 강동구 천호동 423-200,37.5414366890331,127.126961242845,address
영등포구,당산동,121,132,THESILK,서울특별시 영등포구 당산동 121-132,37.5264537727945,126.908497893886,address
용산구,원효로1가,46,3,용산파크뷰(46-3),서울특별시 용산구 원효로1가 46-3,37.5401892608214,126.968566170128,address
동작구,상도동,528,0,동원베네스트,서울특별시 동작구 상도동 528,37.5029265154295,126.944420390998,address
성동구,마장동,830,0,신명스카이뷰,서울특별시 성동구 마장동 830,37.5655315256941,127.038208513415,address
마포구,용강동,500,0,마포대림1,서울특별시 마포구 용강동 500,37.5401630023466,126.941856160851,address
중랑구,묵동,162,17,헤르만스테이트,서울특별시 중랑구 묵동 162-17,37.6162266607022,127.078752756276,address
송파구,장지동,895,0,송파와이즈더샵,서울특별시 송파구 장지동 895,37.4763891035863,127.143451849849,address
송파구,거여동,654,0,송파위례리슈빌,서울특별시 송파구 거여동 654,37.4843639958759,127.146190402767,address
동작구,신대방동,705,0,신대방,서울특별시 동작구 신대방동 705,37.4967249220654,126.927228428735,address
강남구,삼성동,53,2,진흥아파트,서울특별시 강남구 삼성동 53-2,37.518713869055,127.052120634695,address
관악구,봉천동,101,0,힐스테이트 관악센트씨엘,서울특별시 관악구 봉천동 101,37.49120629722589,126.9461360769748,keyword
동대문구,휘경동,52,0,휘경베스트빌현대,서울특별시 동대문구 휘경동 52,37.5816647278231,127.074189400955,address
송파구,문정동,112,0,트윈팰리스(101동),서울특별시 송파구 문정동 112,37.485679333915,127.132313762562,address
관악구,봉천동,1690,168,늘푸른3차,서울특별시 관악구 봉천동 1690-168,37.4765607248452,126.967142805429,address
노원구,공릉동,380,1,대동아파트2,서울특별시 노원구 공릉동 380-1,37.6266524538724,127.070156422105,address
관악구,봉천동,1713,0,낙성대현대홈타운,서울특별시 관악구 봉천동 1713,37.4806628489654,126.963489269299,address
송파구,오금동,4,7,노블레스카운티,서울특별시 송파구 오금동 4-7,37.5094277135415,127.13261083194,address
양천구,목동,941,0,대원칸타빌2,서울특별시 양천구 목동 941,37.5321817245297,126.866836149715,address
마포구,염리동,522,0,염리동세양청마루아파트101동,서울특별시 마포구 염리동 522,37.5430631577306,126.946466656818,address
강남구,압구정동,528,0,한양7,서울특별시 강남구 압구정동 528,37.5291266107317,127.044063152551,address
마포구,공덕동,105,84,마포자이힐스테이트 라첼스,서울특별시 마포구 공덕동 105-84,37.5503044140106,126.957853516839,address
양천구,신정동,1300,0,명지해드는터,서울특별시 양천구 신정동 1300,37.5188046279167,126.872538105438,address
강서구,마곡동,1181,0,마곡청구아파트,서울특별시 강서구 마곡동 1181,37.5729528003044,126.821419397243,address
중랑구,묵동,177,12,리치빌,서울특별시 중랑구 묵동 177-12,37.6112271499659,127.078776138347,address
서초구,방배동,1020,1,파세지아타,서울특별시 서초구 방배동 1020-1,37.4790186516878,127.00030955279,address
강서구,화곡동,1009,8,타워빌,서울특별시 강서구 화곡동 1009-8,37.547228901124,126.834646136195,address
구로구,구로동,97,4,하나세인스톤2차,서울특별시 구로구 구로동 97-4,37.4964757986414,126.891921047495,address
마포구,망원동,514,0,함성월드빌3차301동,서울특별시 마포구 망원동 514,37.5591390285093,126.906056848424,address
동대문구,휘경동,369,0,휘경제이스카이아파트,서울특별시 동대문구 휘경동 369,37.5890829156144,127.0576570784,address
관악구,남현동,1132,0,흥화브라운빌,서울특별시 관악구 남현동 1132,37.471210937608,126.973036438531,address
서초구,서초동,1436,14,서초동아이파크,서울특별시 서초구 서초동 1436-14,37.4853753946959,127.023350941226,address
성동구,성수동1가,676,5,서울숲성수현대,서울특별시 성동구 성수동1가 676-5,37.5481709990274,127.04095334291,address
서초구,서초동,1582,16,서초아트래디앙,서울특별시 서초구 서초동 1582-16,37.4866840352016,127.010753931401,address
강남구,삼성동,2,0,서광아파트,서울특별시 강남구 삼성동 2,37.5170298747364,127.04274514562,address
마포구,상암동,1743,0,상암월드컵파크12단지,서울특별시 마포구 상암동 1743,37.58635705939,126.880246741457,address
동작구,상도동,520,0,삼환나우빌(520-0),서울특별시 동작구 상도동 520,37.4982647180084,126.956465462425,address
금천구,독산동,956,0,삼익,서울특별시 금천구 독산동 956,37.4781063310037,126.900760268174,address
도봉구,방학동,618,1,부흥아파트,서울특별시 도봉구 방학동 618-1,37.6661613596642,127.032253179544,address
노원구,상계동,996,16,삼성,서울특별시 노원구 상계동 996-16,37.6739178232072,127.057905495559,address
강서구,화곡동,1074,18,서부인터빌아파트,서울특별시 강서구 화곡동 1074-18,37.5409680962898,126.839450904964,address
양천구,목동,940,0,현대I-PARK,서울특별시 양천구 목동 940,37.5289927931962,126.864994012798,address
구로구,개봉동,47,1,건영,서울특별시 구로구 개봉동 47-1,37.5013011939753,126.84076732972,address
종로구,명륜1가,23,0,건양하늘터,서울특별시 종로구 명륜1가 23,37.5878485633548,126.997894063388,address
양천구,목동,926,8,목동성원(926-8),서울특별시 양천구 목동 926-8,37.5263981035576,126.869331996718,address
용산구,이촌동,430,0,LG한강자이,서울특별시 용산구 이촌동 430,37.5199475597514,126.971107300788,address
은평구,대조동,9,14,주주베에이,서울특별시 은평구 대조동 9-14,37.61069638958,126.928458032896,address
강남구,청담동,141,1,청담매스터빌,서울특별시 강남구 청담동 141-1,37.5275737047387,127.044142222884,address
성동구,성수동1가,715,0,중앙하이츠빌,서울특별시 성동구 성수동1가 715,37.5478817306945,127.047793708999,address
양천구,신정동,87,39,유원목동,서울특별시 양천구 신정동 87-39,37.5218453798663,126.873337347008,address
송파구,가락동,77,7,송파Nsuite,서울특별시 송파구 가락동 77-7,37.4953688176742,127.121440099349,address
용산구,청파동1가,1,36,아이딜,서울특별시 용산구 청파동1가 1-36,37.5494452431926,126.966978662596,address
강남구,청담동,90,13,에비뉴나인티,서울특별시 강남구 청담동 90-13,37.5251962776812,127.042541084136,address
은평구,구산동,199,24,신호(199-24),서울특별시 은평구 구산동 199-24,37.6129284426211,126.913075474407,address
관악구,봉천동,1702,0,그린,서울특별시 관악구 봉천동 1702,37.4877194734393,126.936493390436,address
도봉구,방학동,714,1,금광포란재아파트,서울특별시 도봉구 방학동 714-1,37.6647098981118,127.045109845302,address
성동구,성수동1가,709,0,대우2,서울특별시 성동구 성수동1가 709,37.5484104489106,127.050153941693,address
송파구,마천동,319,0,금호어울림,서울특별시 송파구 마천동 319,37.4932452222868,127.155368155079,address
마포구,연남동,493,27,홍익하이빌,서울특별시 마포구 연남동 493-27,37.5613002068071,126.919672893609,address
구로구,구로동,110,1,희훈타워빌,서울특별시 구로구 구로동 110-1,37.5019938582138,126.888845797315,address
강남구,역삼동,713,7,래미안펜타빌,서울특별시 강남구 역삼동 713-7,37.5005998907468,127.047422022725,address
강동구,암사동,442,0,암사라인,서울특별시 강동구 암사동 442,37.5552136174359,127.131294916319,address
관악구,남현동,602,17,다청림라인씨티,서울특별시 관악구 남현동 602-17,37.4746098085233,126.980831690907,address
양천구,목동,715,3,동구햇살아파트2차,서울특별시 양천구 목동 715-3,37.540970880896,126.865478091719,address
용산구,후암동,438,7,제일,서울특별시 용산구 후암동 438-7,37.5527769217326,126.977115805473,address
동작구,신대방동,710,0,경남교수,서울특별시 동작구 신대방동 710,37.4959790430485,126.913552151966,address
양천구,목동,750,5,월드메르디앙,서울특별시 양천구 목동 750-5,37.5393928166845,126.869851986244,address
영등포구,문래동6가,58,0,e편한세상 문래 에듀플라츠,서울특별시 영등포구 문래동6가 58,37.5200142089798,126.885451495918,address
강서구,방화동,619,7,AirPalace(619-7),서울특별시 강서구 방화동 619-7,37.5626970934385,126.807515322667,address
마포구,창전동,441,0,창전쌍용스윗닷홈,서울특별시 마포구 창전동 441,37.5480152580231,126.932149354013,address
강서구,등촌동,656,17,지엠벨리,서울특별시 강서구 등촌동 656-17,37.5568153801272,126.85322407418,address
동작구,신대방동,709,0,벽산,서울특별시 동작구 신대방동 709,37.4973898464824,126.921704001391,address
동대문구,장안동,415,14,가우디캐슬,서울특별시 동대문구 장안동 415-14,37.5625230974171,127.061821018063,address
송파구,석촌동,253,2,예명,서울특별시 송파구 석촌동 253-2,37.4993298770108,127.103493479785,address
용산구,후암동,423,1,후암미주,서울특별시 용산구 후암동 423-1,37.5518426827209,126.975790102772,address
강남구,청담동,35,47,한신오페라하우스,서울특별시 강남구 청담동 35-47,37.5192760188687,127.045549395083,address
강남구,대치동,888,0,대치아이파크,서울특별시 강남구 대치동 888,37.4950567005784,127.054562708884,address
양천구,신월동,533,1,신월동금용,서울특별시 양천구 신월동 533-1,37.5207194373633,126.84230851971,address
강동구,명일동,312,257,우성102동,서울특별시 강동구 명일동 312-257,37.5531866983295,127.142216665187,address
구로구,오류동,346,0,오류동푸르지오,서울특별시 구로구 오류동 346,37.4916084758634,126.841527883195,address
성동구,옥수동,560,0,옥수어울림,서울특별시 성동구 옥수동 560,37.542279937988,127.018140421956,address
중랑구,면목동,1499,0,용마동아,서울특별시 중랑구 면목동 1499,37.5788718534659,127.094909721926,address
강동구,길동,45,0,우림루미아트,서울특별시 강동구 길동 45,37.5422712846356,127.14851271438,address
강남구,역삼동,685,19,에벤에셀빌라트,서울특별시 강남구 역삼동 685-19,37.5079730790252,127.042971726104,address
강남구,삼성동,78,4,청구아파트,서울특별시 강남구 삼성동 78-4,37.5197770161927,127.058363192247,address
강남구,대치동,934,1,청원,서울특별시 강남구 대치동 934-1,37.498523418438,127.055900566959,address
송파구,장지동,842,0,송파파인타운8단지,서울특별시 송파구 장지동 842,37.4793010836289,127.128571703382,address
금천구,독산동,1132,0,목화101,서울특별시 금천구 독산동 1132,37.4766954342059,126.904692471906,address
서초구,잠원동,164,0,반포르엘2차,서울특별시 서초구 잠원동 164,37.5083456928314,127.002135030427,address
관악구,봉천동,1716,0,벽산타운II,서울특별시 관악구 봉천동 1716,37.4925114527856,126.946040606252,address
양천구,목동,771,31,인우,서울특별시 양천구 목동 771-31,37.534659314458,126.868866148247,address
성북구,정릉동,1035,0,정릉2차e-편한세상,서울특별시 성북구 정릉동 1035,37.5999446937385,127.019402892439,address
강동구,암사동,441,2,정산(102동),서울특별시 강동구 암사동 441-2,37.5553748198296,127.130387889814,address
영등포구,신길동,4497,0,보라매두산위브,서울특별시 영등포구 신길동 4497,37.497262622131,126.914425840731,address
관악구,남현동,1081,4,우평,서울특별시 관악구 남현동 1081-4,37.4745739543622,126.975500653088,address
송파구,거여동,136,0,삼호아파트,서울특별시 송파구 거여동 136,37.4965864755518,127.143650828382,address
은평구,진관동,19,0,상림마을8단지롯데캐슬(810~820동)BL1-1,서울특별시 은평구 진관동 19,37.6444412427595,126.922786444814,address
용산구,이촌동,435,0,보람더하임,서울특별시 용산구 이촌동 435,37.5202697940981,126.968769434434,address
관악구,봉천동,1526,16,봉천두솔,서울특별시 관악구 봉천동 1526-16,37.4808095152366,126.94112353368,address
동작구,사당동,1156,0,이너스내안애,서울특별시 동작구 사당동 1156,37.4861020690732,126.972128573487,address
강남구,일원동,626,0,삼성,서울특별시 강남구 일원동 626,37.4929864141511,127.083730728574,address
강서구,내발산동,733,0,내발산우신웨스트빌,서울특별시 강서구 내발산동 733,37.5534505383876,126.837945675536,address
성북구,안암동3가,136,1,대광,서울특별시 성북구 안암동3가 136-1,37.5824033730969,127.025107275777,address
강남구,논현동,212,13,논현동월드메르디앙,서울특별시 강남구 논현동 212-13,37.5135186704047,127.034141126794,address
강동구,천호동,578,0,힐데스하임천호아파트,서울특별시 강동구 천호동 578,37.5418824980613,127.1261254603,address
동대문구,장안동,565,0,대명이룸아파트(565-0),서울특별시 동대문구 장안동 565,37.5649020005112,127.06232995133,address
송파구,거여동,698,0,힐트리움송파,서울특별시 송파구 거여동 698,37.496738512845,127.143100171384,address
관악구,봉천동,1724,0,관악월드메르디앙,서울특별시 관악구 봉천동 1724,37.4834486384245,126.9589747116,address
성동구,응봉동,98,0,금호현대,서울특별시 성동구 응봉동 98,37.5510468773952,127.030954035723,address
송파구,송파동,163,14,현대,서울특별시 송파구 송파동 163-14,37.5034792135819,127.117798689097,address
서초구,서초동,1617,21,(1617-21),서울특별시 서초구 서초동 1617-21,37.4876091763509,127.020935536705,address
중구,신당동,845,0,한진해모로,서울특별시 중구 신당동 845,37.5634687739131,127.025987049202,address
용산구,한남동,29,4,한성1,서울특별시 용산구 한남동 29-4,37.5345489584788,127.009080645372,address
송파구,마천동,175,0,한보1,서울특별시 송파구 마천동 175,37.4973371186763,127.151921417787,address
동작구,신대방동,395,67,롯데관악타워,서울특별시 동작구 신대방동 395-67,37.490782226725,126.923219894058,address
중랑구,중화동,454,0,동양엔파트2차,서울특별시 중랑구 중화동 454,37.5941813310494,127.07459338129,address
강남구,도곡동,966,0,매봉삼성,서울특별시 강남구 도곡동 966,37.4891538456354,127.04878602541,address
강동구,길동,388,5,메트로아파트,서울특별시 강동구 길동 388-5,37.5374736307215,127.138898226824,address
종로구,행촌동,41,1,대성아파트,서울특별시 종로구 행촌동 41-1,37.5727229945432,126.962614055939,address
서초구,방배동,593,64,명지해드는터,서울특별시 서초구 방배동 593-64,37.4752438993177,126.993983695297,address
강동구,고덕동,470,0,대우,서울특별시 강동구 고덕동 470,37.5588050682271,127.144938416992,address
동작구,사당동,1136,0,경남아너스빌(대아3),서울특별시 동작구 사당동 1136,37.4888102770974,126.977418128101,address
강남구,개포동,1260,2,우찬현대(1260-2),서울특별시 강남구 개포동 1260-2,37.4795090930094,127.048780998132,address
동대문구,장안동,334,6,우성2차아파트(334-6),서울특별시 동대문구 장안동 334-6,37.5715964518873,127.075085673925,address
강남구,신사동,550,20,우찬,서울특별시 강남구 신사동 550-20,37.5236997410513,127.02384671785,address
중랑구,신내동,838,0,망우역신원아침도시,서울특별시 중랑구 신내동 838,37.6025668844272,127.099153989731,address
은평구,신사동,34,7,에코벨리,서울특별시 은평구 신사동 34-7,37.594832223511,126.914285813911,address
양천구,목동,949,0,웨스트빌,서울특별시 양천구 목동 949,37.5399922632704,126.869535934948,address
도봉구,쌍문동,20,4,쌍문동LG트윈빌2,서울특별시 도봉구 쌍문동 20-4,37.6587004128449,127.035433048646,address
강남구,논현동,195,1,e-편한세상,서울특별시 강남구 논현동 195-1,37.5068623128038,127.028750012694,address
양천구,목동,932,0,목동현대1,서울특별시 양천구 목동 932,37.525985700169,126.872700785544,address
동대문구,용두동,255,49,청계한양아이클래스,서울특별시 동대문구 용두동 255-49,37.5707285208484,127.028449104364,address
도봉구,창동,715,3,미소애,서울특별시 도봉구 창동 715-3,37.6560449765677,127.040128123941,address
광진구,구의동,237,5,명성,서울특별시 광진구 구의동 237-5,37.542680974483,127.085736934985,address
동대문구,제기동,1158,10,청우,서울특별시 동대문구 제기동 1158-10,37.5796951047535,127.032715779637,address
양천구,목동,315,6,힐타운,서울특별시 양천구 목동 315-6,37.5422930519782,126.868396544723,address
중구,신당동,432,1979,명경아트빌,서울특별시 중구 신당동 432-1979,37.5506324780113,127.005393042626,address
용산구,원효로4가,128,1,한강수,서울특별시 용산구 원효로4가 128-1,37.533656085545,126.951471246033,address
종로구,효제동,65,2,포레스트힐시티,서울특별시 종로구 효제동 65-2,37.5742170733379,127.001834547682,address
광진구,중곡동,254,12,호동,서울특별시 광진구 중곡동 254-12,37.5614886745785,127.076700036966,address
강남구,대치동,893,0,롯데캐슬,서울특별시 강남구 대치동 893,37.5047556849693,127.056448643486,address
구로구,개봉동,179,11,에드가개봉,서울특별시 구로구 개봉동 179-11,37.4952610101428,126.86048792481,address
강남구,역삼동,709,5,테헤란아이파크,서울특별시 강남구 역삼동 709-5,37.5023529838786,127.04672840019,address
강서구,방화동,597,38,통일101동(597-38),서울특별시 강서구 방화동 597-38,37.5681438903555,126.811996404071,address
강남구,청담동,110,7,청담대우멤버스카운티9차,서울특별시 강남구 청담동 110-7,37.5268691181367,127.051078609767,address
강서구,화곡동,1014,20,청솔,서울특별시 강서구 화곡동 1014-20,37.5451293140688,126.835620421551,address
동대문구,휘경동,49,5,서울가든,서울특별시 동대문구 휘경동 49-5,37.5841614840074,127.071092342585,address
서초구,서초동,1667,2,서초예성그린캐슬,서울특별시 서초구 서초동 1667-2,37.4936766368467,127.017718970978,address
강남구,대치동,1015,6,대치하나빌,서울특별시 강남구 대치동 1015-6,37.497049918867,127.058493076688,address
강서구,등촌동,635,6,나성,서울특별시 강서구 등촌동 635-6,37.5546194723902,126.862506562463,address
서초구,서초동,1641,3,대성유니드,서울특별시 서초구 서초동 1641-3,37.4938599368418,127.020817981576,address
영등포구,신길동,4312,0,대방,서울특별시 영등포구 신길동 4312,37.4980259841179,126.917636403278,address
송파구,거여동,28,0,쌍용스윗닷홈거여역1차,서울특별시 송파구 거여동 28,37.4919031892277,127.146613869883,address
강북구,수유동,50,24,어반레프대원,서울특별시 강북구 수유동 50-24,37.6326436813262,127.021706652972,address
강동구,둔촌동,426,0,세양청마루,서울특별시 강동구 둔촌동 426,37.5332953217941,127.140583048773,address
마포구,합정동,472,0,마포한강푸르지오,서울특별시 마포구 합정동 472,37.5499951139537,126.912194517463,address
서초구,방배동,881,26,방배2차e-편한세상,서울특별시 서초구 방배동 881-26,37.4898492685482,126.996689184013,address
서초구,방배동,752,36,방배아크로리버,서울특별시 서초구 방배동 752-36,37.4977805897597,126.984542802634,address
서초구,반포동,612,2,반포2차ApelBaum,서울특별시 서초구 반포동 612-2,37.4973191649107,126.992794413109,address
서초구,방배동,808,8,리치팰리스,서울특별시 서초구 방배동 808-8,37.4921752200774,126.99269370264,address
강남구,청담동,69,18,동양파라곤,서울특별시 강남구 청담동 69-18,37.5216414541034,127.05441532004,address
관악구,남현동,602,163,동송하이클래스,서울특별시 관악구 남현동 602-163,37.4726122064529,126.979389365048,address
강남구,역삼동,644,6,로얄빌리지,서울특별시 강남구 역삼동 644-6,37.5015210455402,127.034531484912,address
강서구,화곡동,918,14,도양라비앙아파트,서울특별시 강서구 화곡동 918-14,37.5297024662694,126.844517112467,address
용산구,한강로2가,2,8,벽산메가트리움,서울특별시 용산구 한강로2가 2-8,37.5322146493409,126.969810417481,address
성동구,성수동1가,704,0,한진타운,서울특별시 성동구 성수동1가 704,37.5411130565341,127.045298240723,address
서대문구,북가좌동,68,3,주은스카이빌,서울특별시 서대문구 북가좌동 68-3,37.5795456593456,126.916471987799,address
관악구,신림동,1733,0,벽산블루밍,서울특별시 관악구 신림동 1733,37.4638903779024,126.931178515716,address
강서구,화곡동,938,26,한경빌(938-26),서울특별시 강서구 화곡동 938-26,37.5299851904217,126.839990229915,address
영등포구,양평동6가,99,0,한솔,서울특별시 영등포구 양평동6가 99,37.5444068820308,126.887861195758,address
중구,중림동,355,0,브라운스톤서울,서울특별시 중구 중림동 355,37.5606358272505,126.968341179709,address
강동구,성내동,459,9,삼성파크타워,서울특별시 강동구 성내동 459-9,37.5267555339427,127.123290519157,address
마포구,창전동,444,0,서강예가,서울특별시 마포구 창전동 444,37.5483625364439,126.929439473336,address
양천구,목동,908,28,부영2,서울특별시 양천구 목동 908-28,37.5363537343598,126.881122266784,address
양천구,목동,933,0,삼익,서울특별시 양천구 목동 933,37.5228347998053,126.87659941514,address
서초구,서초동,1491,1,상지리츠빌(7),서울특별시 서초구 서초동 1491-1,37.4833918544274,127.002432810659,address
종로구,평창동,187,1,그린나래,서울특별시 종로구 평창동 187-1,37.6065151145103,126.968631145797,address
용산구,문배동,7,6,이안용산1차(102동),서울특별시 용산구 문배동 7-6,37.5380669235673,126.969827066954,address
중랑구,묵동,169,11,위더스빌,서울특별시 중랑구 묵동 169-11,37.6145675645809,127.077140635067,address
서초구,서초동,1450,1,월드메르디앙(오페라),서울특별시 서초구 서초동 1450-1,37.4815527233689,127.013986537665,address
성동구,성수동1가,705,0,우방,서울특별시 성동구 성수동1가 705,37.5506676503078,127.04726598358,address
구로구,구로동,642,46,우방,서울특별시 구로구 구로동 642-46,37.4976183856979,126.874702288315,address
영등포구,여의도동,47,0,여의도자이,서울특별시 영등포구 여의도동 47,37.5181723412696,126.926053586291,address
서대문구,연희동,721,6,흥연,서울특별시 서대문구 연희동 721-6,37.5769109352854,126.932152237512,address
강남구,역삼동,794,28,거평빌라트,서울특별시 강남구 역삼동 794-28,37.4921942638477,127.037526128179,address
강남구,삼성동,102,2,금호어울림,서울특별시 강남구 삼성동 102-2,37.5168671301817,127.064770477325,address
종로구,익선동,55,0,현대뜨레비앙,서울특별시 종로구 익선동 55,37.5751135191087,126.990058389295,address
강동구,길동,415,13,강동큐브(2차),서울특별시 강동구 길동 415-13,37.5366329512868,127.136153018438,address
용산구,청암동,64,29,SK청암대(64-29),서울특별시 용산구 청암동 64-29,37.5354613899522,126.947603748908,address
동작구,본동,150,0,한강쌍용,서울특별시 동작구 본동 150,37.5122226914266,126.953068073811,address
강서구,마곡동,1168,0,한림리첸빌101동,서울특별시 강서구 마곡동 1168,37.5730851251569,126.818152811385,address
강남구,역삼동,836,0,한스빌(836),서울특별시 강남구 역삼동 836,37.4919752285635,127.032999525643,address
강동구,천호동,217,132,동아하이빌아파트,서울특별시 강동구 천호동 217-132,37.54471338622,127.134419888871,address
동대문구,장안동,580,0,장안위더스빌,서울특별시 동대문구 장안동 580,37.5662781673123,127.062186441493,address
구로구,개봉동,171,2,신영지웰에스테이트개봉역,서울특별시 구로구 개봉동 171-2,37.4954995923711,126.857689474629,address
송파구,마천동,9,0,아남,서울특별시 송파구 마천동 9,37.5005237997782,127.14598656129,address
강동구,성내동,295,0,성안마을청구,서울특별시 강동구 성내동 295,37.5317120804393,127.124531649095,address
중랑구,묵동,384,0,신안3,서울특별시 중랑구 묵동 384,37.6124746884914,127.081779175958,address
관악구,신림동,1716,0,청광,서울특별시 관악구 신림동 1716,37.4676171602361,126.941957948762,address
강남구,압구정동,462,0,현대4차저층(51~56동),서울특별시 강남구 압구정동 462,37.5323773404776,127.030654534135,address
용산구,이촌동,301,160,현대맨숀,서울특별시 용산구 이촌동 301-160,37.5185919977774,126.980837866169,address
도봉구,도봉동,83,0,유원도봉,서울특별시 도봉구 도봉동 83,37.6818316372914,127.050296120815,address
광진구,자양동,793,0,우방리버파크,서울특별시 광진구 자양동 793,37.5312363568684,127.070517350129,address
은평구,진관동,84,0,우물골2단지두산위브(223~244동)BL2-7,서울특별시 은평구 진관동 84,37.6364404889972,126.928783214998,address
용산구,한강로2가,420,0,용산푸르지오써밋(420),서울특별시 용산구 한강로2가 420,37.5272737608749,126.965305052351,address
강서구,염창동,307,0,이너스내안에,서울특별시 강서구 염창동 307,37.5535373547738,126.870374571681,address
영등포구,영등포동7가,94,83,리치,서울특별시 영등포구 영등포동7가 94-83,37.5240972552523,126.910805147603,address
성동구,옥수동,528,0,옥수파크힐스101동~116동,서울특별시 성동구 옥수동 528,37.5484774843118,127.013994845948,address
관악구,남현동,1133,0,예성그린캐슬III,서울특별시 관악구 남현동 1133,37.4712100423475,126.973864050301,address
구로구,개봉동,488,0,영화아이닉스,서울특별시 구로구 개봉동 488,37.4828042943059,126.849247127999,address
관악구,신림동,1563,85,미래,서울특별시 관악구 신림동 1563-85,37.4743689145188,126.915939700267,address
성북구,정릉동,670,50,스카이아파트,서울특별시 성북구 정릉동 670-50,37.6092497837128,127.003027754698,address
노원구,중계동,589,0,신일,서울특별시 노원구 중계동 589,37.6585308201371,127.074822269911,address
용산구,한남동,808,0,대림아르빌,서울특별시 용산구 한남동 808,37.5349846633834,127.001357596006,address
도봉구,창동,822,0,대림e-편한세상,서울특별시 도봉구 창동 822,37.6534621666236,127.045723364626,address
강동구,길동,383,6,동심훼밀리,서울특별시 강동구 길동 383-6,37.5392321093475,127.136816270143,address
동작구,사당동,1158,0,반석블레스,서울특별시 동작구 사당동 1158,37.4893497445331,126.965294783993,address
강서구,화곡동,1122,4,광산(1122-4),서울특별시 강서구 화곡동 1122-4,37.5515198895005,126.852452586436,address
양천구,신정동,324,10,동문굿모닝탑,서울특별시 양천구 신정동 324-10,37.5150554982334,126.860756714498,address
양천구,신월동,456,1,양천홈타운1차,서울특별시 양천구 신월동 456-1,37.5270255978797,126.848121795952,address
강동구,명일동,47,0,삼환,서울특별시 강동구 명일동 47,37.5536971641562,127.153819433886,address
양천구,신정동,893,9,로데오휘버스빌,서울특별시 양천구 신정동 893-9,37.5288723216393,126.861255746237,address
마포구,망원동,418,29,예향,서울특별시 마포구 망원동 418-29,37.5557514171674,126.900291502062,address
은평구,역촌동,59,15,만민라이프(A동),서울특별시 은평구 역촌동 59-15,37.6054740208902,126.913692183755,address
성동구,금호동3가,1662,0,금호한신,서울특별시 성동구 금호동3가 1662,37.5503878876474,127.0184661539,address
은평구,역촌동,231,0,한국리치빌,서울특별시 은평구 역촌동 231,37.6031584781006,126.914188156643,address
종로구,내수동,95,0,경희궁파크팰리스,서울특별시 종로구 내수동 95,37.5741702549538,126.97054356305,address
중구,황학동,2523,0,황학아크로타워,서울특별시 중구 황학동 2523,37.5661715985315,127.021909314822,address
강서구,가양동,1496,0,일신건영휴먼빌,서울특별시 강서구 가양동 1496,37.568917121163,126.842201078875,address
강서구,염창동,303,0,강변코아루,서울특별시 강서구 염창동 303,37.5532976986152,126.873456154135,address
동대문구,장안동,567,0,신일해피트리2차(567),서울특별시 동대문구 장안동 567,37.5637319115479,127.063783188555,address
강북구,수유동,48,8,수유프리미어엠,서울특별시 강북구 수유동 48-8,37.6343124915251,127.022166994109,address
서초구,서초동,1444,7,서초자이,서울특별시 서초구 서초동 1444-7,37.4849319469859,127.020267242632,address
송파구,마천동,32,1,송파자연채,서울특별시 송파구 마천동 32-1,37.4995140378506,127.143638794588,address
강남구,청담동,105,6,목화,서울특별시 강남구 청담동 105-6,37.5280726571191,127.049858623247,address
노원구,상계동,1320,0,미라보(성림),서울특별시 노원구 상계동 1320,37.672113569737,127.081331103234,address
양천구,신정동,918,1,삼백훼미리,서울특별시 양천구 신정동 918-1,37.5268229605007,126.855664018405,address
구로구,구로동,807,41,807-41,서울특별시 구로구 구로동 807-41,37.4868040555831,126.885818478629,address
강동구,성내동,196,8,코오롱(1차),서울특별시 강동구 성내동 196-8,37.5343607947792,127.13236170533,address
강북구,수유동,190,18,포엠빌,서울특별시 강북구 수유동 190-18,37.6405058996028,127.025130781914,address
양천구,신월동,981,4,청송그린힐,서울특별시 양천구 신월동 981-4,37.5165993927431,126.837041753178,address
서초구,방배동,486,8,방배아트e-편한세상106,서울특별시 서초구 방배동 486-8,37.4749886350831,126.992292345926,address
서초구,방배동,482,4,청광아트빌(14차),서울특별시 서초구 방배동 482-4,37.4753409769129,126.989408002472,address
서초구,반포동,105,14,서초블랑빌,서울특별시 서초구 반포동 105-14,37.4982359449483,126.997182890713,address
동대문구,장안동,93,128,금성아파트,서울특별시 동대문구 장안동 93-128,37.580499520213,127.071484307365,address
성동구,성수동2가,838,0,성수동두산위브,서울특별시 성동구 성수동2가 838,37.5371664149907,127.058410007166,address
광진구,자양동,644,0,로얄동아,서울특별시 광진구 자양동 644,37.5282016302996,127.081403123975,address
서초구,서초동,1675,10,지에스타워,서울특별시 서초구 서초동 1675-10,37.493992706717,127.01774166176,address
용산구,한남동,644,2,태성1,서울특별시 용산구 한남동 644-2,37.5329064373609,127.004213646558,address
양천구,목동,935,0,진도1,서울특별시 양천구 목동 935,37.5244456127677,126.868582885117,address
강서구,화곡동,1095,0,그랜드아이파크,서울특별시 강서구 화곡동 1095,37.5548546834697,126.851250232655,address
양천구,목동,502,7,대원,서울특별시 양천구 목동 502-7,37.5468763592168,126.86881668623,address
강남구,청담동,134,18,청담 르엘,서울특별시 강남구 청담동 134-18,37.5221783411681,127.060036229845,address
동대문구,장안동,360,2,장안SM드림빌(360-2),서울특별시 동대문구 장안동 360-2,37.5659128941776,127.069167759084,address
광진구,중곡동,133,9,대영2동,서울특별시 광진구 중곡동 133-9,37.5563161112405,127.084278002053,address
동대문구,이문동,429,0,대성유니드아파트,서울특별시 동대문구 이문동 429,37.6031870998082,127.070631301712,address
구로구,신도림동,695,0,신도림 아르디에,서울특별시 구로구 신도림동 695,37.5073155802484,126.887540869455,address
서초구,잠원동,61,2,신반포19,서울특별시 서초구 잠원동 61-2,37.5142169397105,127.0101708343,address
관악구,남현동,1138,0,예성그랑펠리체,서울특별시 관악구 남현동 1138,37.473197834053,126.97822264929,address
강동구,길동,384,5,에이치비골드빌(103동),서울특별시 강동구 길동 384-5,37.5380303358818,127.13605395319,address
광진구,광장동,581,0,광장자이,서울특별시 광진구 광장동 581,37.54257313525,127.095246940713,address
강동구,천호동,356,0,비오르(VIORR),서울특별시 강동구 천호동 356,37.5413777058622,127.125328472367,address
마포구,현석동,220,0,밤섬힐스테이트,서울특별시 마포구 현석동 220,37.542653348074,126.93266589588,address
동대문구,장안동,578,0,경남하이빌,서울특별시 동대문구 장안동 578,37.5804383848296,127.07021322729,address
도봉구,쌍문동,128,2,한솔캐스빌,서울특별시 도봉구 쌍문동 128-2,37.6496661614097,127.029940853734,address
중랑구,묵동,184,20,풍산쉐르빌,서울특별시 중랑구 묵동 184-20,37.6067952829259,127.081025387234,address
서대문구,북아현동,1,78,화신,서울특별시 서대문구 북아현동 1-78,37.5646789269389,126.955646756317,address
용산구,효창동,288,0,용산데시앙포레,서울특별시 용산구 효창동 288,37.5476395311237,126.962674680715,address
은평구,응암동,763,0,모아아파트,서울특별시 은평구 응암동 763,37.5965201049766,126.919878277984,address
송파구,방이동,193,37,옥산크리스탈,서울특별시 송파구 방이동 193-37,37.5121762761035,127.123591832002,address
양천구,신정동,1273,0,신정현대5,서울특별시 양천구 신정동 1273,37.5122899201757,126.854593164454,address
양천구,목동,803,2,엘리온,서울특별시 양천구 목동 803-2,37.531381132542,126.866310807646,address
마포구,망원동,518,0,신부파스카5차,서울특별시 마포구 망원동 518,37.5620774173097,126.902027566948,address
서초구,방배동,1,56,하늘바람,서울특별시 서초구 방배동 1-56,37.4954820102731,126.992761230192,address
마포구,상수동,396,0,상수두산위브,서울특별시 마포구 상수동 396,37.5469254537329,126.924361847447,address
마포구,창전동,442,0,서강오벨리스크스위트,서울특별시 마포구 창전동 442,37.5465344912557,126.9317231782,address
강남구,역삼동,901,0,시티프라디움더강남201동,서울특별시 강남구 역삼동 901,37.5071837913626,127.039373887662,address
마포구,망원동,476,3,스카이캐슬,서울특별시 마포구 망원동 476-3,37.5602097120377,126.905191597223,address
광진구,자양동,862,0,자양하늘채베르,서울특별시 광진구 자양동 862,37.5326514628925,127.084527198828,address
중랑구,묵동,168,7,고덕골든빌(103동),서울특별시 중랑구 묵동 168-7,37.6163342988353,127.076608299869,address
강남구,삼성동,98,11,삼부아그레빌,서울특별시 강남구 삼성동 98-11,37.5178564154666,127.064140028945,address
광진구,광장동,578,0,금호베스트빌,서울특별시 광진구 광장동 578,37.5437532629126,127.094011537775,address
송파구,방이동,197,0,신구블레스밸리,서울특별시 송파구 방이동 197,37.5113899355828,127.122326680742,address
강서구,마곡동,750,0,마곡엠벨리(14단지),서울특별시 강서구 마곡동 750,37.5568364485914,126.824616701317,address
양천구,신정동,1278,0,목동삼성,서울특별시 양천구 신정동 1278,37.5157650231026,126.876370125698,address
관악구,봉천동,1629,2,동아타운,서울특별시 관악구 봉천동 1629-2,37.4769457371125,126.961233032893,address
강서구,화곡동,465,13,태성비리치,서울특별시 강서구 화곡동 465-13,37.5362440744948,126.855281085347,address
송파구,문정동,58,0,현대2,서울특별시 송파구 문정동 58,37.4841465415203,127.124604957194,address
은평구,증산동,251,0,선정(178),서울특별시 은평구 증산동 251,37.5799079918692,126.904861070447,address
성동구,금호동1가,128,5,신금호,서울특별시 성동구 금호동1가 128-5,37.5565343235218,127.023033942287,address
중랑구,중화동,19,16,한솔e(A동),서울특별시 중랑구 중화동 19-16,37.6031789461034,127.083402227058,address
서초구,잠원동,54,0,미주파스텔,서울특별시 서초구 잠원동 54,37.5175257870567,127.011153696382,address
강동구,성내동,448,14,하나플러스,서울특별시 강동구 성내동 448-14,37.5240381228401,127.130003119249,address
관악구,신림동,1698,0,태흥,서울특별시 관악구 신림동 1698,37.4659934313186,126.931028959884,address
강동구,길동,228,0,해맞이에이동,서울특별시 강동구 길동 228,37.5351091031838,127.143448506849,address
강동구,성내동,387,48,해가든,서울특별시 강동구 성내동 387-48,37.5325245963892,127.13745309282,address
양천구,신정동,949,1,푸른힐,서울특별시 양천구 신정동 949-1,37.5247737148241,126.855731204459,address
강서구,내발산동,732,0,태승훼미리3차,서울특별시 강서구 내발산동 732,37.551363561959,126.831447841269,address
중랑구,묵동,385,0,현대아이파크,서울특별시 중랑구 묵동 385,37.6105098434999,127.073659575819,address
구로구,구로동,642,33,현대의보아파트,서울특별시 구로구 구로동 642-33,37.4982785005999,126.876105159923,address
구로구,구로동,107,1,대림역대성스카이렉스,서울특별시 구로구 구로동 107-1,37.4994367824856,126.890949079827,address
중구,만리동1가,231,0,LIG서울역리가,서울특별시 중구 만리동1가 231,37.555868464626,126.967001745344,address
강남구,개포동,12,2,개포자이,서울특별시 강남구 개포동 12-2,37.4962962191107,127.07662539762,address
서초구,양재동,154,2,우성,서울특별시 서초구 양재동 154-2,37.4766180245617,127.029457335464,address
영등포구,대림동,778,43,종인아네스트,서울특별시 영등포구 대림동 778-43,37.4985552526383,126.894537380715,address
강동구,성내동,244,12,LIGA,서울특별시 강동구 성내동 244-12,37.5344442189315,127.135624967695,address
성북구,성북동1가,35,22,휴아름스튜디오,서울특별시 성북구 성북동1가 35-22,37.5884380675385,127.005414564243,address
금천구,독산동,1002,0,진도1차,서울특별시 금천구 독산동 1002,37.4677901783741,126.890708054788,address
강서구,방화동,861,0,홍익아파트,서울특별시 강서구 방화동 861,37.5733419990387,126.80830104587,address
강남구,삼성동,105,0,래미안삼성1차(105-0),서울특별시 강남구 삼성동 105,37.5157085537793,127.062722690782,address
성동구,성수동1가,13,157,뚝섬현대,서울특별시 성동구 성수동1가 13-157,37.5477564180908,127.048854633274,address
서대문구,홍은동,8,1091,북한산삼부르네상스205동206동207동,서울특별시 서대문구 홍은동 8-1091,37.6010485782556,126.950587133534,address
성동구,성수동1가,717,0,서울숲해오름(717-0),서울특별시 성동구 성수동1가 717,37.5479398476712,127.049536440857,address
강남구,청담동,106,7,에테르노청담,서울특별시 강남구 청담동 106-7,37.5276839317105,127.051199876542,address
서초구,반포동,100,8,그랜드빌(100-8),서울특별시 서초구 반포동 100-8,37.4950005904003,126.996445151655,address
양천구,신정동,318,12,목동삼성쉐르빌Ⅱ,서울특별시 양천구 신정동 318-12,37.5216248301342,126.870444393884,address
서초구,방배동,478,8,루이스캐슬,서울특별시 서초구 방배동 478-8,37.4767165896954,126.987102513483,address
서초구,방배동,1010,1,방배임광3차,서울특별시 서초구 방배동 1010-1,37.4763217936875,127.003323898662,address
중랑구,신내동,450,1,신내아트빌,서울특별시 중랑구 신내동 450-1,37.6051613831077,127.098282474821,address
서대문구,홍은동,186,22,서강1차(1동),서울특별시 서대문구 홍은동 186-22,37.5945551058077,126.934595292455,address
송파구,마천동,22,0,성영,서울특별시 송파구 마천동 22,37.499697837812,127.145117447007,address
관악구,봉천동,1519,3,백상앨리츠,서울특별시 관악구 봉천동 1519-3,37.4837208662521,126.951896237041,address
서초구,방배동,3281,0,서리풀프라젠아파트,서울특별시 서초구 방배동 3281,37.489232350389,126.991374535933,address
관악구,남현동,602,199,현대빌라트,서울특별시 관악구 남현동 602-199,37.4731739602007,126.980840197136,address
동작구,신대방동,364,55,펭귄,서울특별시 동작구 신대방동 364-55,37.4961562713121,126.922650330555,address
도봉구,쌍문동,728,0,북한산월드메르디앙,서울특별시 도봉구 쌍문동 728,37.6537778364103,127.013624075412,address
용산구,문배동,11,14,이안용산1차(101동),서울특별시 용산구 문배동 11-14,37.5374934837145,126.969658257565,address
강서구,등촌동,723,0,등촌파밀리에더클래식201동,서울특별시 강서구 등촌동 723,37.5549573817761,126.858119374355,address
서대문구,홍은동,435,10,유림그랑블,서울특별시 서대문구 홍은동 435-10,37.5960495528742,126.94104214047,address
강서구,내발산동,716,0,명진에버그린,서울특별시 강서구 내발산동 716,37.5501404309648,126.833396810904,address
서초구,잠원동,63,34,한신로얄,서울특별시 서초구 잠원동 63-34,37.5135810818378,127.009313034047,address
동대문구,장안동,582,0,홍해오크펠리스3차,서울특별시 동대문구 장안동 582,37.5644913776026,127.067323646928,address
은평구,대조동,9,50,제이타워4,서울특별시 은평구 대조동 9-50,37.6103774733951,126.927774155749,address
양천구,목동,936,0,진도2,서울특별시 양천구 목동 936,37.5256633242838,126.873794491883,address
서초구,방배동,971,1,뉴캐슬,서울특별시 서초구 방배동 971-1,37.4811691171994,126.988051236463,address
강남구,도곡동,161,0,삼성,서울특별시 강남구 도곡동 161,37.4887124902017,127.0464303232,address
강서구,화곡동,392,57,블루힐,서울특별시 강서구 화곡동 392-57,37.5322046311234,126.849451528834,address
마포구,성산동,604,0,성산2차e-편한세상,서울특별시 마포구 성산동 604,37.5697057926851,126.905347090245,address
도봉구,도봉동,643,0,서광,서울특별시 도봉구 도봉동 643,37.6781307397219,127.049749156878,address
성동구,마장동,784,0,세림,서울특별시 성동구 마장동 784,37.5652957945345,127.045183279267,address
중구,순화동,151,0,순화동더샵,서울특별시 중구 순화동 151,37.5601777993529,126.972065464999,address
강동구,성내동,199,18,아이퍼스트빌,서울특별시 강동구 성내동 199-18,37.5342676162271,127.13452796961,address
구로구,구로동,108,4,아스타빌,서울특별시 구로구 구로동 108-4,37.4996138229484,126.890163306273,address
중랑구,망우동,598,0,신내역힐데스하임참좋은아파트,서울특별시 중랑구 망우동 598,37.6096322086455,127.105856760764,address
강남구,역삼동,754,0,개나리래미안,서울특별시 강남구 역삼동 754,37.4985712235437,127.046418558768,address
송파구,오금동,76,0,우송그린,서울특별시 송파구 오금동 76,37.5057423790012,127.136058671256,address
도봉구,방학동,713,12,우암쎈스뷰아파트,서울특별시 도봉구 방학동 713-12,37.6637734556532,127.045715521487,address
강서구,등촌동,711,0,월드메르디앙,서울특별시 강서구 등촌동 711,37.5646053489157,126.847224136537,address
종로구,숭인동,1392,0,익성씨티하임,서울특별시 종로구 숭인동 1392,37.5737164709797,127.022719893302,address
강서구,등촌동,641,4,등촌동보람쉬움아파트,서울특별시 강서구 등촌동 641-4,37.5564274064151,126.857486090743,address
강서구,등촌동,670,2,등촌동성원,서울특별시 강서구 등촌동 670-2,37.5590293774656,126.843050288041,address
마포구,공덕동,464,0,래미안공덕4차,서울특별시 마포구 공덕동 464,37.5505592114337,126.95084907955,address
종로구,평동,233,0,경희궁자이(3단지),서울특별시 종로구 평동 233,37.5684690367064,126.965891423182,address
강남구,압구정동,414,0,미성1차,서울특별시 강남구 압구정동 414,37.5253062054352,127.020094666653,address
강서구,마곡동,734,0,마곡엠밸리1단지,서울특별시 강서구 마곡동 734,37.5681771207777,126.818609024282,address
구로구,구로동,806,62,(806-62),서울특별시 구로구 구로동 806-62,37.486482953106,126.886302903443,address
강동구,강일동,699,0,강일리버파크9단지,서울특별시 강동구 강일동 699,37.5600680693929,127.178795220726,address
노원구,공릉동,366,15,테라파크뷰,서울특별시 노원구 공릉동 366-15,37.6287671886303,127.074374402772,address
서초구,서초동,1344,4,서초동프레스티지아파트,서울특별시 서초구 서초동 1344-4,37.4875395145943,127.027584760632,address
성북구,하월곡동,88,510,삼전솔하임3차,서울특별시 성북구 하월곡동 88-510,37.6068584873973,127.029959926938,address
송파구,풍납동,163,0,대아(제101상가동),서울특별시 송파구 풍납동 163,37.5334340791187,127.118213379345,address
양천구,신월동,452,2,예담파크뷰,서울특별시 양천구 신월동 452-2,37.5266752745939,126.843691439305,address
금천구,독산동,1138,0,설악솔내음,서울특별시 금천구 독산동 1138,37.4720837712966,126.902235700843,address
도봉구,창동,661,55,스마트트라움,서울특별시 도봉구 창동 661-55,37.6501814211753,127.036101310327,address
마포구,상수동,394,0,신구강변연가,서울특별시 마포구 상수동 394,37.5448717592204,126.92642542293,address
동대문구,장안동,562,0,우성3차(562),서울특별시 동대문구 장안동 562,37.5650914448661,127.069493886305,address
은평구,녹번동,176,22,유일아트리움,서울특별시 은평구 녹번동 176-22,37.6023918073165,126.922222029187,address
노원구,공릉동,749,0,공릉2신도브래뉴아파트,서울특별시 노원구 공릉동 749,37.6256787777,127.071918932566,address
광진구,중곡동,646,10,광남캐스빌3차,서울특별시 광진구 중곡동 646-10,37.5589266709124,127.079051865013,address
송파구,풍납동,281,4,이트리움송파(281-4),서울특별시 송파구 풍납동 281-4,37.5327655917766,127.114313553738,address
서초구,방배동,982,1,방배현대멤피스2,서울특별시 서초구 방배동 982-1,37.4801582311287,126.997968769216,address
영등포구,당산동3가,394,0,삼익,서울특별시 영등포구 당산동3가 394,37.5279510345514,126.89534268764,address
관악구,신림동,534,1,아데나,서울특별시 관악구 신림동 534-1,37.4857625501645,126.911883054674,address
강남구,역삼동,681,26,역삼동하나빌,서울특별시 강남구 역삼동 681-26,37.5091713773415,127.041310357851,address
강남구,논현동,225,6,논현아이파크,서울특별시 강남구 논현동 225-6,37.5105418478107,127.035945387383,address
서초구,서초동,1344,23,서초자연인아파트(102동),서울특별시 서초구 서초동 1344-23,37.4871849761959,127.027549352337,address
용산구,효창동,268,0,세양청마루,서울특별시 용산구 효창동 268,37.5407488174054,126.956963644418,address
강서구,내발산동,688,4,수명산태송팰리채,서울특별시 강서구 내발산동 688-4,37.5527010674047,126.831304273145,address
광진구,구의동,587,6,강변스카이타워,서울특별시 광진구 구의동 587-6,37.5375506370719,127.09120881117,address
강서구,내발산동,736,0,청솔파인힐(736-0),서울특별시 강서구 내발산동 736,37.5516710129436,126.833437765619,address
구로구,구로동,793,16,(793-16),서울특별시 구로구 구로동 793-16,37.4866605102387,126.888253082416,address
양천구,신월동,1044,0,정은스카이빌(1044),서울특별시 양천구 신월동 1044,37.5204884978885,126.839688910487,address
관악구,신림동,1699,0,동마,서울특별시 관악구 신림동 1699,37.464371909909,126.930769675582,address
중랑구,면목동,1514,0,풍림,서울특별시 중랑구 면목동 1514,37.5909688157786,127.07232382127,address
동작구,대방동,381,35,그린힐,서울특별시 동작구 대방동 381-35,37.504758524113,126.923743019053,address
용산구,한강로3가,16,20,원효전자상가,서울특별시 용산구 한강로3가 16-20,37.5333606102842,126.960835806269,address
송파구,잠실동,175,4,잠실월드메르디앙,서울특별시 송파구 잠실동 175-4,37.5113032156046,127.078768611685,address
용산구,이촌동,302,64,장미,서울특별시 용산구 이촌동 302-64,37.5200747957603,126.967685487633,address
양천구,신정동,1020,3,제이월드,서울특별시 양천구 신정동 1020-3,37.5208661355213,126.860358930121,address
구로구,구로동,446,54,일동행복세상,서울특별시 구로구 구로동 446-54,37.4945309368199,126.884730521363,address
서초구,방배동,801,7,멤버스카운티601,서울특별시 서초구 방배동 801-7,37.4929279912278,126.996046759641,address
서초구,서초동,1338,1,풍림아이원플러스,서울특별시 서초구 서초동 1338-1,37.4904159174489,127.029708691543,address
강동구,성내동,454,1,해가든(454-1),서울특별시 강동구 성내동 454-1,37.5285224602992,127.121315869393,address
강동구,암사동,488,10,다성이즈빌,서울특별시 강동구 암사동 488-10,37.5478111109099,127.13449719583,address
강남구,개포동,176,1,상지리츠빌,서울특별시 강남구 개포동 176-1,37.4872993181442,127.060267689899,address
영등포구,문래동3가,96,0,태영데시앙,서울특별시 영등포구 문래동3가 96,37.5195433374703,126.897297477761,address
서초구,양재동,91,0,삼익양재빌라,서울특별시 서초구 양재동 91,37.478553460788,127.040753083581,address
송파구,송파동,245,0,송파파밀리에더퍼스트,서울특별시 송파구 송파동 245,37.5029335500384,127.114422089429,address
강동구,천호동,564,0,성원아파트,서울특별시 강동구 천호동 564,37.5386835984306,127.134209923581,address
서초구,방배동,1006,1,서초이에스에이3차,서울특별시 서초구 방배동 1006-1,37.4789301165027,127.005885340041,address
송파구,삼전동,38,11,에이메스더리버송파,서울특별시 송파구 삼전동 38-11,37.5006697848986,127.087286620225,address
종로구,창신동,601,2,MID그린(3동),서울특별시 종로구 창신동 601-2,37.5779534469666,127.010018969316,address
서대문구,홍은동,465,0,HDX휴팰리스,서울특별시 서대문구 홍은동 465,37.5957863424286,126.940263974814,address
강북구,미아동,258,732,한일,서울특별시 강북구 미아동 258-732,37.6266176969961,127.031017519417,address
강서구,염창동,308,0,강서쌍용예가,서울특별시 강서구 염창동 308,37.5554016793389,126.866556386664,address
강남구,자곡동,602,0,강남자곡아이파크,서울특별시 강남구 자곡동 602,37.4746603609888,127.101432102834,address
관악구,봉천동,1700,0,갑을,서울특별시 관악구 봉천동 1700,37.4751103725533,126.952119607652,address
종로구,평창동,33,1,형우럭스빌(33-1),서울특별시 종로구 평창동 33-1,37.6075408896988,126.973393198121,address
송파구,풍납동,214,6,갑을,서울특별시 송파구 풍납동 214-6,37.5351465385321,127.112570039664,address
마포구,마포동,350,0,강변한신코아,서울특별시 마포구 마포동 350,37.5363258355614,126.943931946377,address
동대문구,용두동,104,34,가우디캐슬,서울특별시 동대문구 용두동 104-34,37.5773115907414,127.033125902564,address
강남구,도곡동,944,6,대명비발디,서울특별시 강남구 도곡동 944-6,37.4891203779515,127.034293975692,address
송파구,방이동,168,0,한승,서울특별시 송파구 방이동 168,37.5142062358932,127.120364842749,address
서초구,서초동,1319,13,서초현대타워아파트,서울특별시 서초구 서초동 1319-13,37.4964399732167,127.027807078236,address
동대문구,장안동,577,0,서광아침의빛,서울특별시 동대문구 장안동 577,37.5645197126731,127.072572382785,address
동작구,사당동,1037,9,삼성아파트,서울특별시 동작구 사당동 1037-9,37.4780351573523,126.977642170187,address
강남구,수서동,712,0,수서한아름,서울특별시 강남구 수서동 712,37.4894700896084,127.103575874815,address
서대문구,홍은동,274,32,서대문노블루체,서울특별시 서대문구 홍은동 274-32,37.5807323852233,126.935811844455,address
강남구,역삼동,729,37,명인갤러리,서울특별시 강남구 역삼동 729-37,37.4985180939395,127.04250932141,address
강남구,대치동,941,13,한양팰리스,서울특별시 강남구 대치동 941-13,37.4991818877228,127.059737920119,address
서초구,방배동,840,4,폴라씨엘로,서울특별시 서초구 방배동 840-4,37.4915423677399,126.994662206412,address
마포구,도화동,564,0,마포동원베네스트,서울특별시 마포구 도화동 564,37.540241494631,126.95234943792,address
동작구,사당동,1141,0,르메이에르,서울특별시 동작구 사당동 1141,37.4784000745739,126.973741366771,address
중랑구,면목동,1542,0,면목루브루,서울특별시 중랑구 면목동 1542,37.5843564234622,127.077996732217,address
강동구,성내동,378,6,용명브릿지2차,서울특별시 강동구 성내동 378-6,37.5335370256712,127.136698269516,address
관악구,남현동,602,192,쎈트앤빌2,서울특별시 관악구 남현동 602-192,37.4727730188795,126.979807487607,address
마포구,신수동,450,0,신촌삼익,서울특별시 마포구 신수동 450,37.5512705046387,126.935580343312,address
관악구,남현동,1084,1,예성그린캐슬1차,서울특별시 관악구 남현동 1084-1,37.4732483708746,126.976752202374,address
양천구,목동,405,300,연지프로빌,서울특별시 양천구 목동 405-300,37.5242444291111,126.873459879342,address
강동구,둔촌동,488,0,아인리베,서울특별시 강동구 둔촌동 488,37.5309938085481,127.138445430629,address
종로구,연건동,195,10,이화에수풀,서울특별시 종로구 연건동 195-10,37.5754399031459,127.001845558431,address
은평구,응암동,119,15,자선메르시안(119-15),서울특별시 은평구 응암동 119-15,37.5955466744137,126.918041646597,address
강북구,수유동,697,1,은석,서울특별시 강북구 수유동 697-1,37.6489578303974,127.015239974761,address
강동구,천호동,287,9,유원아파트,서울특별시 강동구 천호동 287-9,37.5487650960679,127.127838691095,address
은평구,응암동,81,164,유로카운티,서울특별시 은평구 응암동 81-164,37.6002937054347,126.92825023222,address
금천구,가산동,772,0,주상복합두산,서울특별시 금천구 가산동 772,37.4754977197284,126.893705275784,address
은평구,대조동,9,31,주주베B,서울특별시 은평구 대조동 9-31,37.610466497813,126.928376481805,address
강남구,대치동,1025,0,롯데캐슬리베,서울특별시 강남구 대치동 1025,37.4962455702665,127.053993178396,address
강동구,천호동,49,4,천호동1차예전이룸아파트,서울특별시 강동구 천호동 49-4,37.5431639143948,127.13910850094,address
관악구,남현동,602,150,카사빌,서울특별시 관악구 남현동 602-150,37.4722490462434,126.979602899004,address
은평구,증산동,164,31,자산메르시안(164-31),서울특별시 은평구 증산동 164-31,37.5855458972204,126.910546766936,address
광진구,자양동,642,0,자양현대5,서울특별시 광진구 자양동 642,37.5286009922175,127.078281546378,address
성동구,용답동,226,4,YM프라젠,서울특별시 성동구 용답동 226-4,37.5613197994654,127.058676387507,address
송파구,송파동,31,2,현대레이크빌1,서울특별시 송파구 송파동 31-2,37.5107193382697,127.106990711098,address
노원구,공릉동,740,0,대아아파트1차,서울특별시 노원구 공릉동 740,37.6239897509961,127.079020010184,address
강동구,둔촌동,632,0,둔촌현대수린나아파트,서울특별시 강동구 둔촌동 632,37.5328217078109,127.145604968778,address
양천구,신월동,142,14,금하뜨라네,서울특별시 양천구 신월동 142-14,37.5341201228579,126.823828482294,address
마포구,망원동,510,0,두영이지안,서울특별시 마포구 망원동 510,37.5583823615213,126.899904550175,address
성동구,하왕십리동,966,18,상리제나우스,서울특별시 성동구 하왕십리동 966-18,37.5623082866753,127.032870141176,address
영등포구,영등포동2가,467,0,센트레빌아스테리움영등포아파트,서울특별시 영등포구 영등포동2가 467,37.5217462339103,126.909337920816,address
서초구,서초동,1445,13,서초쌍용플래티넘,서울특별시 서초구 서초동 1445-13,37.4840538398065,127.017337815445,address
강남구,역삼동,771,4,세방하이빌1,서울특별시 강남구 역삼동 771-4,37.4973092755439,127.04283692356,address
동작구,상도동,350,5,샤인,서울특별시 동작구 상도동 350-5,37.5020783563853,126.932099226537,address
서초구,반포동,30,1,삼호가든맨션(5차),서울특별시 서초구 반포동 30-1,37.5039449145147,127.011487795747,address
은평구,증산동,248,0,증산중앙하이츠,서울특별시 은평구 증산동 248,37.5831532545845,126.908243661665,address
양천구,신월동,127,1,궁전,서울특별시 양천구 신월동 127-1,37.5307042347016,126.833889314271,address
광진구,중곡동,109,2,삼성로얄3,서울특별시 광진구 중곡동 109-2,37.5551557720133,127.092623421765,address
송파구,방이동,454,0,트리니엘,서울특별시 송파구 방이동 454,37.5116255691783,127.118415708872,address
금천구,시흥동,992,8,백운플러스타워,서울특별시 금천구 시흥동 992-8,37.4532801181161,126.900088177269,address
강서구,마곡동,736,0,마곡엠밸리3단지,서울특별시 강서구 마곡동 736,37.5681009925648,126.820143984036,address
서대문구,연희동,188,41,시민,서울특별시 서대문구 연희동 188-41,37.5730155152937,126.928092573786,address
구로구,신도림동,435,10,신도림3차푸르지오,서울특별시 구로구 신도림동 435-10,37.5068453722088,126.884118832903,address
서대문구,홍제동,104,20,안산맨숀,서울특별시 서대문구 홍제동 104-20,37.5847145283796,126.949174786401,address
동작구,사당동,1048,8,오림센트빌,서울특별시 동작구 사당동 1048-8,37.4773748541046,126.973508944186,address
은평구,응암동,577,7,아르지움주상복합,서울특별시 은평구 응암동 577-7,37.5914973326196,126.917116486335,address
강남구,삼성동,79,0,아크로삼성,서울특별시 강남구 삼성동 79,37.5199699152303,127.059637183864,address
동대문구,답십리동,498,7,청계지웰에스테이트,서울특별시 동대문구 답십리동 498-7,37.5701711462039,127.049516636038,address
강남구,청담동,130,7,마크힐스이스트윙,서울특별시 강남구 청담동 130-7,37.5245890944003,127.055361729582,address
송파구,가락동,16,12,동일씨티빌,서울특별시 송파구 가락동 16-12,37.4999354756416,127.125661999401,address
강남구,청담동,23,0,현대아파트,서울특별시 강남구 청담동 23,37.521439510313,127.040599588136,address
서대문구,북가좌동,7,2,한솔,서울특별시 서대문구 북가좌동 7-2,37.5812209292671,126.916418944254,address
도봉구,도봉동,657,0,한양수자인,서울특별시 도봉구 도봉동 657,37.674550924771,127.047676582579,address
서초구,방배동,484,6,방배아트e-편한세상103,서울특별시 서초구 방배동 484-6,37.4753027376988,126.99115658929,address
은평구,대조동,172,75,호림리슈리안,서울특별시 은평구 대조동 172-75,37.6092824904603,126.920738237352,address
서초구,서초동,1445,14,더샵서초,서울특별시 서초구 서초동 1445-14,37.4835416563974,127.017676100063,address
강동구,상일동,473,0,동아,서울특별시 강동구 상일동 473,37.5461454174572,127.167487349899,address
송파구,방이동,107,2,부광,서울특별시 송파구 방이동 107-2,37.5128981001092,127.113225789117,address
강남구,자곡동,687,0,래미안포레,서울특별시 강남구 자곡동 687,37.4747811588395,127.110118808878,address
동작구,사당동,1008,1,스타팰리스이수,서울특별시 동작구 사당동 1008-1,37.4825932514659,126.981137975449,address
마포구,공덕동,469,0,래미안공덕5차,서울특별시 마포구 공덕동 469,37.5506244659664,126.952220382962,address
서초구,잠원동,50,1,롯데캐슬갤럭시(50-1),서울특별시 서초구 잠원동 50-1,37.5190411762385,127.015939620011,address
강동구,성내동,603,0,신일유토빌(603-0),서울특별시 강동구 성내동 603,37.5231607662269,127.133362186205,address
동작구,상도동,534,0,상도더샵2차,서울특별시 동작구 상도동 534,37.5025918732377,126.943452784746,address
강동구,명일동,38,0,삼익그린11차,서울특별시 강동구 명일동 38,37.5518669273055,127.150495327898,address
강남구,역삼동,824,25,대우디오빌플러스,서울특별시 강남구 역삼동 824-25,37.4975829773073,127.031110404052,address
관악구,남현동,602,323,별장,서울특별시 관악구 남현동 602-323,37.4712050230951,126.977972603971,address
서초구,방배동,1026,14,방배신동아럭스빌,서울특별시 서초구 방배동 1026-14,37.4753126139541,127.001127810863,address
종로구,수송동,85,0,로얄팰리스스위트,서울특별시 종로구 수송동 85,37.5750964069721,126.981224701828,address
서초구,반포동,701,4,보아스힐(701-4),서울특별시 서초구 반포동 701-4,37.5092776254395,127.017234842132,address
동작구,신대방동,395,65,보라매현대,서울특별시 동작구 신대방동 395-65,37.4921104184158,126.923523844284,address
중랑구,면목동,1530,0,면목동2차미소지움아파트,서울특별시 중랑구 면목동 1530,37.5866202824637,127.096492644658,address
강북구,수유동,192,61,영남,서울특별시 강북구 수유동 192-61,37.6388731013139,127.024864883839,address
광진구,자양동,57,103,한강극동,서울특별시 광진구 자양동 57-103,37.5337685742881,127.064448158666,address
구로구,구로동,98,8,케어빌(98-8),서울특별시 구로구 구로동 98-8,37.4954831409599,126.890725044704,address
마포구,망원동,490,0,강변타운,서울특별시 마포구 망원동 490,37.5538829788617,126.899818447099,address
양천구,목동,558,7,ParkPalaceII,서울특별시 양천구 목동 558-7,37.542571958317,126.873636434151,address
동대문구,장안동,365,4,서희스타힐스,서울특별시 동대문구 장안동 365-4,37.5692905479454,127.070535892189,address
노원구,중계동,581,0,성원2,서울특별시 노원구 중계동 581,37.6612553595229,127.075291939465,address
성동구,상왕십리동,12,47,센트럴큐브,서울특별시 성동구 상왕십리동 12-47,37.5706585521868,127.025520687706,address
양천구,신월동,110,1,은성,서울특별시 양천구 신월동 110-1,37.532405052171,126.833504831477,address
강동구,성내동,410,43,한강훼미리,서울특별시 강동구 성내동 410-43,37.529753595304,127.133821256898,address
서대문구,연희동,37,1,리베르떼-빌(LibertVille),서울특별시 서대문구 연희동 37-1,37.5652632061387,126.933694012596,address
강동구,천호동,317,4,신주아파트(101동),서울특별시 강동구 천호동 317-4,37.5481157405807,127.125153035198,address
관악구,신림동,1563,82,한양,서울특별시 관악구 신림동 1563-82,37.4730137828702,126.915039991957,address
영등포구,양평동3가,79,0,현대3차,서울특별시 영등포구 양평동3가 79,37.5313206664665,126.89501282422,address
용산구,문배동,24,21,아크로타워,서울특별시 용산구 문배동 24-21,37.5367545540992,126.968551771604,address
구로구,오류동,193,17,양지쉐르빌아파트,서울특별시 구로구 오류동 193-17,37.4909664251424,126.839066559934,address
마포구,노고산동,129,0,빌리브디에이블,서울특별시 마포구 노고산동 129,37.5525849110371,126.936803813864,address
구로구,고척동,97,3,삼명,서울특별시 구로구 고척동 97-3,37.4993964230017,126.855963584946,address
영등포구,문래동6가,56,1,미주프라자,서울특별시 영등포구 문래동6가 56-1,37.5183180944367,126.888679512597,address
광진구,자양동,645,5,자양동현대,서울특별시 광진구 자양동 645-5,37.5281164204926,127.082406512435,address
서초구,서초동,1640,3,수광빌라트,서울특별시 서초구 서초동 1640-3,37.4936555500688,127.018902348752,address
서대문구,대현동,145,0,예스에이피엠,서울특별시 서대문구 대현동 145,37.5576412309944,126.944922346024,address
강동구,명일동,312,256,삼보힐아파트,서울특별시 강동구 명일동 312-256,37.5514056665442,127.141491840325,address
영등포구,대림동,974,1,늘푸른,서울특별시 영등포구 대림동 974-1,37.4909930959407,126.905944151906,address
중구,황학동,1200,0,위너빌(Winnervill),서울특별시 중구 황학동 1200,37.5677197822002,127.021404705916,address
서대문구,홍제동,157,3,홍제원그린뷰아파트,서울특별시 서대문구 홍제동 157-3,37.5854346250439,126.945980622876,address
관악구,봉천동,1608,28,위너스이즈,서울특별시 관악구 봉천동 1608-28,37.4758854544527,126.954018181926,address
강동구,길동,394,17,율전에버그린아파트,서울특별시 강동구 길동 394-17,37.5369402714604,127.140772960256,address
송파구,방이동,198,3,현대홈타운스위트103,서울특별시 송파구 방이동 198-3,37.51062851402,127.122744720537,address
서초구,서초동,1513,2,N-Suite(1513-2),서울특별시 서초구 서초동 1513-2,37.4865782974292,127.006495044753,address
중랑구,묵동,390,0,SM해그린,서울특별시 중랑구 묵동 390,37.6132622675986,127.080167090098,address
강동구,천호동,36,9,장방아파트,서울특별시 강동구 천호동 36-9,37.5471784565979,127.140054403094,address
서초구,서초동,1359,0,서초동현대리츠빌,서울특별시 서초구 서초동 1359,37.4867528873955,127.029639738346,address
강서구,염창동,309,0,e편한세상염창,서울특별시 강서구 염창동 309,37.5489515385441,126.870778019807,address
강동구,천호동,585,0,더샵강동센트럴시티,서울특별시 강동구 천호동 585,37.5391183365225,127.128286807959,keyword
용산구,한남동,1,349,시범,서울특별시 용산구 한남동 1-349,37.5391764683691,127.01237145937,address
관악구,신림동,1743,0,앰팰리스아파트,서울특별시 관악구 신림동 1743,37.4747006007097,126.936632155983,address
영등포구,영등포동1가,113,1,여의도씨티아이,서울특별시 영등포구 영등포동1가 113-1,37.5175014977279,126.910728840444,address
양천구,목동,758,2,목동2차아이파크,서울특별시 양천구 목동 758-2,37.5367199315549,126.870773219155,address
강서구,염창동,257,0,리버펠리스1동,서울특별시 강서구 염창동 257,37.5509526130138,126.877154099702,address
양천구,신정동,340,0,블레스빌,서울특별시 양천구 신정동 340,37.5214982901868,126.874666551525,address
양천구,신월동,197,2,코아루1단지,서울특별시 양천구 신월동 197-2,37.5317252519133,126.829591563073,address
영등포구,양평동3가,104,0,삼익플라주101동,서울특별시 영등포구 양평동3가 104,37.5308035657375,126.8945899676,address
강동구,둔촌동,435,4,광남캐스빌105동,서울특별시 강동구 둔촌동 435-4,37.5333904141899,127.139259150634,address
강남구,삼성동,147,2,미켈란147,서울특별시 강남구 삼성동 147-2,37.5132371585627,127.055971939683,address
중구,회현동1가,146,1,삼풍,서울특별시 중구 회현동1가 146-1,37.5562258738598,126.98252007976,address
강남구,대치동,889,74,아름빌(889-74),서울특별시 강남구 대치동 889-74,37.5033699161172,127.050528902579,address
강북구,번동,148,490,훼밀리힐,서울특별시 강북구 번동 148-490,37.6250844063985,127.036932416991,address
서대문구,연희동,81,6,제이아델리아,서울특별시 서대문구 연희동 81-6,37.5722484222164,126.934462326162,address
강서구,가양동,448,9,빛고을우방,서울특별시 강서구 가양동 448-9,37.5601069146431,126.857950252379,address
송파구,가락동,166,2,sk파크타워,서울특별시 송파구 가락동 166-2,37.4979737199587,127.134258034879,address
서초구,서초동,1684,0,서초4현대,서울특별시 서초구 서초동 1684,37.500349203223,127.017838500607,address
강서구,화곡동,938,25,성재,서울특별시 강서구 화곡동 938-25,37.5299780570605,126.839845885211,address
구로구,개봉동,361,1,제일아파트,서울특별시 구로구 개봉동 361-1,37.4859700378148,126.853442613764,address
용산구,이태원동,352,0,퍼시픽맨션골드,서울특별시 용산구 이태원동 352,37.5367690473026,126.988132999884,address
강동구,천호동,54,25,골드하임(102동),서울특별시 강동구 천호동 54-25,37.5418432743619,127.138534399756,address
도봉구,방학동,636,0,송학휴스테이,서울특별시 도봉구 방학동 636,37.6670386964658,127.036115254259,address
양천구,목동,751,4,목동성원초원,서울특별시 양천구 목동 751-4,37.5388800976494,126.870790763151,address
강남구,개포동,649,0,경남2차,서울특별시 강남구 개포동 649,37.4845150908032,127.054173895409,address
은평구,응암동,4,40,청송아파트,서울특별시 은평구 응암동 4-40,37.6003443441964,126.932848913214,address
동작구,상도동,335,140,원명,서울특별시 동작구 상도동 335-140,37.5009905511802,126.92990364329,address
서초구,잠원동,61,1,신반포25,서울특별시 서초구 잠원동 61-1,37.5148511348749,127.009339999417,address
강남구,대치동,985,0,래미안대치하이스턴,서울특별시 강남구 대치동 985,37.5010451843454,127.06548703759,address
강서구,가양동,448,0,강나루2현대,서울특별시 강서구 가양동 448,37.5612004432942,126.85578640067,address
은평구,구산동,304,1,세영아파트,서울특별시 은평구 구산동 304-1,37.618109371566,126.90588030845,address
서초구,반포동,87,7,반포서래빌,서울특별시 서초구 반포동 87-7,37.4950606481151,126.999182642053,address
성동구,송정동,72,25,성동리버뷰,서울특별시 성동구 송정동 72-25,37.5552473058448,127.069695472047,address
용산구,후암동,458,0,브라운스톤남산,서울특별시 용산구 후암동 458,37.5513269555659,126.976254594307,address
강남구,도곡동,199,4,도곡지웰카운티101동,서울특별시 강남구 도곡동 199-4,37.4863472487183,127.043607221743,address
중구,황학동,1546,0,(1546-0),서울특별시 중구 황학동 1546,37.5691635097764,127.02155770471,address
강남구,역삼동,635,5,풍림지오빌,서울특별시 강남구 역삼동 635-5,37.5008588386989,127.029054187077,address
은평구,갈현동,468,4,플라잉캐슬,서울특별시 은평구 갈현동 468-4,37.6124360081327,126.916127035544,address
관악구,봉천동,1536,4,대원,서울특별시 관악구 봉천동 1536-4,37.4787903441584,126.940207089885,address
양천구,신월동,500,21,리슈리안,서울특별시 양천구 신월동 500-21,37.5237963638413,126.850701154039,address
마포구,도화동,563,0,마포아크로타워,서울특별시 마포구 도화동 563,37.5413216431357,126.948970824054,address
양천구,목동,713,5,상진지오벨리,서울특별시 양천구 목동 713-5,37.541369740616,126.863972679882,address
용산구,이촌동,301,155,두산위브트레지움,서울특별시 용산구 이촌동 301-155,37.5218187125884,126.967125797058,address
강동구,길동,343,2,현대웰하임(201동),서울특별시 강동구 길동 343-2,37.5411751028327,127.146005135455,address
서초구,서초동,1338,0,현대이에스에이아파트,서울특별시 서초구 서초동 1338,37.4908947687746,127.029485443239,address
동대문구,장안동,313,8,르메이에르7차(313-8),서울특별시 동대문구 장안동 313-8,37.578143699432,127.072798547222,address
강서구,화곡동,899,2,세림,서울특별시 강서구 화곡동 899-2,37.5302491569834,126.846694621613,address
성북구,하월곡동,88,957,성북힐스테이트(102동),서울특별시 성북구 하월곡동 88-957,37.6065416677672,127.02900453002,address
서대문구,연희동,196,1,연희궁,서울특별시 서대문구 연희동 196-1,37.5732148212057,126.929597152651,address
성동구,송정동,67,5,히페리온리버팰리스,서울특별시 성동구 송정동 67-5,37.5487159907398,127.063427393682,address
영등포구,양평동1가,265,1,영등포자이 디그니티,서울특별시 영등포구 양평동1가 265-1,37.5248083883226,126.886891739248,address
강동구,길동,337,19,예전이룸2차,서울특별시 강동구 길동 337-19,37.5426549393477,127.142807688775,address
성북구,종암동,132,0,우림카이저팰리스,서울특별시 성북구 종암동 132,37.6019639910993,127.03348913167,address
강남구,대치동,890,49,선릉역대우아이빌(890-49),서울특별시 강남구 대치동 890-49,37.5044959996482,127.051555445765,address
용산구,한남동,807,0,한남힐스테이트,서울특별시 용산구 한남동 807,37.5284614513001,127.003788357426,address
구로구,구로동,747,53,(747-53),서울특별시 구로구 구로동 747-53,37.4867608674047,126.886629479553,address
강남구,대치동,938,16,삼환SOGOOD,서울특별시 강남구 대치동 938-16,37.4975959883919,127.055761232217,address
성북구,정릉동,1029,0,정릉한일유앤아이,서울특별시 성북구 정릉동 1029,37.6171105816619,126.998637287675,address
서초구,잠원동,71,11,한신타워,서울특별시 서초구 잠원동 71-11,37.5109273892114,127.00598738482,address
광진구,자양동,855,0,이튼타워리버3차,서울특별시 광진구 자양동 855,37.5329892543915,127.068060255215,address
은평구,진관동,123,0,박석고개1단지힐스테이트(112~115동)BL2-13,서울특별시 은평구 진관동 123,37.6306462940032,126.921332402925,address
강남구,삼성동,107,0,미켈란107,서울특별시 강남구 삼성동 107,37.5148858802878,127.060412367065,address
용산구,이촌동,193,3,강변,서울특별시 용산구 이촌동 193-3,37.5235193299625,126.959241249084,address
중랑구,상봉동,498,0,태영데시앙2(1411동),서울특별시 중랑구 상봉동 498,37.6041721520522,127.092987890938,address
서초구,방배동,3001,2,방배디오슈페리움Ⅰ,서울특별시 서초구 방배동 3001-2,37.4859817857307,126.983063697492,address
은평구,응암동,91,3,거장메카,서울특별시 은평구 응암동 91-3,37.5998539498929,126.918429187287,address
강서구,화곡동,1039,3,금호,서울특별시 강서구 화곡동 1039-3,37.5433788923097,126.833461194036,address
서초구,잠원동,50,5,신반포12,서울특별시 서초구 잠원동 50-5,37.5161595665293,127.014709118561,address
양천구,신월동,1043,0,길훈엔트런스빌,서울특별시 양천구 신월동 1043,37.5315747668287,126.83555287572,address
강동구,길동,346,1,효성노바,서울특별시 강동구 길동 346-1,37.5418201364114,127.143128015833,address
은평구,대조동,9,29,뉴캐슬,서울특별시 은평구 대조동 9-29,37.6105504961378,126.9282711857,address
종로구,창신동,328,17,동대문,서울특별시 종로구 창신동 328-17,37.5722686100506,127.015188223655,address
강북구,수유동,63,0,수유삼호,서울특별시 강북구 수유동 63,37.6316903733061,127.023458274882,address
강서구,화곡동,166,20,수정,서울특별시 강서구 화곡동 166-20,37.5359606768375,126.851480679947,address
중구,신당동,140,23,신당역솔하임,서울특별시 중구 신당동 140-23,37.5653778575748,127.021215803538,address
송파구,가락동,51,1,쌍용스윗닷홈(105동),서울특별시 송파구 가락동 51-1,37.4983700057373,127.122461386155,address
노원구,상계동,1271,0,현대4차,서울특별시 노원구 상계동 1271,37.6731076450664,127.050702832465,address
마포구,망원동,432,63,신부,서울특별시 마포구 망원동 432-63,37.5586762265542,126.901896319723,address
동대문구,청량리동,738,0,현대코아,서울특별시 동대문구 청량리동 738,37.5814403911391,127.044390129883,address
서초구,서초동,1616,10,서초극동스타클래스,서울특별시 서초구 서초동 1616-10,37.4878657548009,127.023026523242,address
강동구,천호동,287,16,시티빌아파트,서울특별시 강동구 천호동 287-16,37.5482816384484,127.12740524538,address
양천구,신월동,1046,0,삼익2차플라주,서울특별시 양천구 신월동 1046,37.5191502178929,126.84093924334,address
중랑구,상봉동,113,1,포시티,서울특별시 중랑구 상봉동 113-1,37.5953597054774,127.085408154139,address
서초구,반포동,53,2,쏠레뉴,서울특별시 서초구 반포동 53-2,37.501494353202,127.010587661338,address
광진구,구의동,546,7,구의강변우성아파트,서울특별시 광진구 구의동 546-7,37.5353400419669,127.09293075646,address
영등포구,여의도동,28,0,광장,서울특별시 영등포구 여의도동 28,37.5207574349643,126.920812405559,address
강서구,염창동,304,0,이너스5차동진,서울특별시 강서구 염창동 304,37.552492827946,126.874121476474,address
관악구,남현동,1135,0,우림루미아트,서울특별시 관악구 남현동 1135,37.4726335294843,126.97545516271,address
관악구,신림동,538,39,위드비엠3,서울특별시 관악구 신림동 538-39,37.4821694948811,126.913448218108,address
송파구,풍납동,299,1,강변현대,서울특별시 송파구 풍납동 299-1,37.5339087989976,127.111562810559,address
용산구,원효로4가,178,0,강변삼성스위트,서울특별시 용산구 원효로4가 178,37.5340823879501,126.948582252393,address
영등포구,문래동6가,54,0,문래미원,서울특별시 영등포구 문래동6가 54,37.519886283735,126.886402122097,address
종로구,숭인동,181,121,도시그린빌라,서울특별시 종로구 숭인동 181-121,37.5765134678199,127.0200141192,address
성동구,옥수동,557,0,극동옥정,서울특별시 성동구 옥수동 557,37.5405533134228,127.013756992619,address
관악구,봉천동,856,5,대우디오슈페리움1단지,서울특별시 관악구 봉천동 856-5,37.4796467988893,126.952850691903,address
관악구,봉천동,1630,7,동원낙성대,서울특별시 관악구 봉천동 1630-7,37.4764527130152,126.962091933628,address
용산구,이촌동,426,0,이촌동삼성리버스위트,서울특별시 용산구 이촌동 426,37.5172359865554,126.97681095732,address
강남구,청담동,117,3,청담로얄카운티,서울특별시 강남구 청담동 117-3,37.5262908908457,127.048206881092,address
동대문구,용두동,39,446,용두아파트,서울특별시 동대문구 용두동 39-446,37.5768616307359,127.040896146238,address
동대문구,장안동,382,2,제이드파크(382-2),서울특별시 동대문구 장안동 382-2,37.5699273646072,127.069023072328,address
관악구,남현동,1077,1,한일유앤아이2차,서울특별시 관악구 남현동 1077-1,37.4720894126142,126.974617658255,address
송파구,잠실동,239,6,한영해시안아파트,서울특별시 송파구 잠실동 239-6,37.5069157823572,127.08709856838,address
강남구,청담동,65,0,진흥아파트,서울특별시 강남구 청담동 65,37.5201259636401,127.051406698645,address
서대문구,홍제동,470,0,제일아파트,서울특별시 서대문구 홍제동 470,37.5872998513138,126.942898742922,address
서대문구,창천동,416,0,노블레스,서울특별시 서대문구 창천동 416,37.5597583898521,126.928004586055,address
동작구,사당동,278,8,남양이룸,서울특별시 동작구 사당동 278-8,37.4820567400815,126.971083342918,address
성북구,정릉동,1022,0,대동아파트,서울특별시 성북구 정릉동 1022,37.6078887308258,127.005891635546,address
용산구,한강로1가,64,0,대우월드마크용산,서울특별시 용산구 한강로1가 64,37.5371756077648,126.972984984131,address
성동구,송정동,103,0,금호베스트빌,서울특별시 성동구 송정동 103,37.5493044646836,127.057561694097,address
구로구,구로동,1283,0,근상프리즘,서울특별시 구로구 구로동 1283,37.4982198946724,126.875552261967,address
은평구,증산동,252,0,인우,서울특별시 은평구 증산동 252,37.5826541746977,126.90787123244,address
동대문구,장안동,327,0,정은스카이빌101동,서울특별시 동대문구 장안동 327,37.5769162415789,127.073867939663,address
구로구,개봉동,501,0,호반써밋개봉,서울특별시 구로구 개봉동 501,37.4999365965966,126.846812594974,address
마포구,성산동,254,7,벨로스,서울특별시 마포구 성산동 254-7,37.5593206780508,126.909059829875,address
은평구,역촌동,58,4,부호(101동),서울특별시 은평구 역촌동 58-4,37.6043366366452,126.912502928452,address
도봉구,방학동,736,0,신동아타워아파트,서울특별시 도봉구 방학동 736,37.6622481099352,127.028848254054,address
은평구,대조동,9,20,모아아파트(102동),서울특별시 은평구 대조동 9-20,37.610117380578,126.927517315867,address
은평구,대조동,4,18,아이안빌,서울특별시 은평구 대조동 4-18,37.611340014458,126.927650793026,address
동대문구,용두동,236,1,신설동역대우아이빌1,서울특별시 동대문구 용두동 236-1,37.5771847919716,127.029498265455,address
강남구,역삼동,832,5,역삼디오슈페리움,서울특별시 강남구 역삼동 832-5,37.4922201536402,127.030884285386,address
양천구,신월동,1026,0,양천벽산블루밍1단지,서울특별시 양천구 신월동 1026,37.5243595021116,126.839445890783,address
강남구,삼성동,75,3,우림루미아트,서울특별시 강남구 삼성동 75-3,37.5138186311653,127.054114308477,address
동대문구,장안동,311,6,화성(311-6),서울특별시 동대문구 장안동 311-6,37.5757905876216,127.07262848791,address
용산구,원효로2가,94,2,원효,서울특별시 용산구 원효로2가 94-2,37.5350244616566,126.961576811432,address
송파구,풍납동,172,0,대동1,서울특별시 송파구 풍납동 172,37.535310918398,127.116981387542,address
강남구,대치동,63,0,"대치우성아파트1동,2동,3동,5동,6동,7동",서울특별시 강남구 대치동 63,37.5002337297672,127.069139134413,address
용산구,이촌동,300,301,삼익,서울특별시 용산구 이촌동 300-301,37.5184622780656,126.97603798549,address
서초구,반포동,612,115,선데일,서울특별시 서초구 반포동 612-115,37.4962942232991,126.993547085824,address
송파구,문정동,146,0,세양청마루,서울특별시 송파구 문정동 146,37.4924251257292,127.137020212561,address
송파구,석촌동,297,28,월드,서울특별시 송파구 석촌동 297-28,37.5011595515135,127.109779245694,address
종로구,동숭동,4,161,동성아파트(1동),서울특별시 종로구 동숭동 4-161,37.5834378753569,127.006255055215,address
강동구,길동,237,0,한건,서울특별시 강동구 길동 237,37.5344654842684,127.141911038042,address
구로구,온수동,99,1,두양그린A동,서울특별시 구로구 온수동 99-1,37.4952236424631,126.8165404806,address
동작구,본동,482,0,유원강변,서울특별시 동작구 본동 482,37.5150287217863,126.950717426977,address
성동구,성수동2가,442,0,한신한강,서울특별시 성동구 성수동2가 442,37.5358576988413,127.052691494089,address
은평구,역촌동,52,15,만민라이프,서울특별시 은평구 역촌동 52-15,37.6066674173122,126.910474479799,address
동작구,상도동,279,515,태양아파트,서울특별시 동작구 상도동 279-515,37.4957227069586,126.935233200403,address
용산구,문배동,17,1,지오베르크,서울특별시 용산구 문배동 17-1,37.5374406133468,126.967361865028,address
서초구,방배동,3282,0,방배중앙센트레빌,서울특별시 서초구 방배동 3282,37.4932566299839,126.986727864617,address
강동구,성내동,608,0,힐데스하임올림픽파크아파트,서울특별시 강동구 성내동 608,37.5241120487182,127.132958436192,address
동작구,신대방동,716,0,현진에버빌,서울특별시 동작구 신대방동 716,37.4859483161376,126.907034011231,address
용산구,이태원동,728,0,주공1,서울특별시 용산구 이태원동 728,37.54259683589,126.989396910876,address
중구,만리동1가,62,7,서울역디오빌,서울특별시 중구 만리동1가 62-7,37.5550177138767,126.967221788694,address
도봉구,쌍문동,460,8,삼보,서울특별시 도봉구 쌍문동 460-8,37.6533677294364,127.02187292111,address
노원구,공릉동,670,6,미라쉘,서울특별시 노원구 공릉동 670-6,37.6182586520632,127.076294481758,address
서초구,잠원동,55,12,신반포16,서울특별시 서초구 잠원동 55-12,37.5168904458979,127.00959872159,address
강서구,화곡동,900,1,해태드림타운,서울특별시 강서구 화곡동 900-1,37.5299844748183,126.846164787532,address
용산구,한강로3가,65,230,한강대우트럼프월드3,서울특별시 용산구 한강로3가 65-230,37.5231427622678,126.962953183131,address
강서구,방화동,862,0,한숲마을대림,서울특별시 강서구 방화동 862,37.5772488016698,126.817514165461,address
영등포구,문래동6가,38,1,문래베어스타운,서울특별시 영등포구 문래동6가 38-1,37.5191290369521,126.885238037168,address
서대문구,연희동,717,29,한인트윈빌,서울특별시 서대문구 연희동 717-29,37.5767961643514,126.930629046545,address
성동구,성수동2가,286,0,성수우방2차아파트,서울특별시 성동구 성수동2가 286,37.5484499945307,127.051841904023,address
서초구,양재동,8,37,양재파크뷰,서울특별시 서초구 양재동 8-37,37.4836052356581,127.039160933847,address
강서구,염창동,302,0,염창2차한화꿈에그린,서울특별시 강서구 염창동 302,37.5517172093603,126.866856399748,address
중구,오장동,145,1,오렌지카운티을지로,서울특별시 중구 오장동 145-1,37.5652397406613,127.001405231149,address
영등포구,양평동1가,269,0,이너스삼성,서울특별시 영등포구 양평동1가 269,37.5241122033214,126.888905414095,address
서대문구,홍제동,465,0,인왕산벽산,서울특별시 서대문구 홍제동 465,37.5923849024246,126.948447054576,address
강서구,내발산동,717,20,강성레스트빌아파트,서울특별시 강서구 내발산동 717-20,37.5498802213644,126.834613459214,address
성동구,성수동2가,609,2,강변임광,서울특별시 성동구 성수동2가 609-2,37.5352496822012,127.057005541295,address
강남구,도곡동,467,24,우성캐릭터199,서울특별시 강남구 도곡동 467-24,37.4865168979792,127.051882861207,address
송파구,송파동,132,4,온누리,서울특별시 송파구 송파동 132-4,37.5075540821518,127.11159777212,address
양천구,신월동,128,0,태헌(신월프라자),서울특별시 양천구 신월동 128,37.5311154109633,126.833604656157,address
양천구,목동,908,34,부영3,서울특별시 양천구 목동 908-34,37.5367309934181,126.882211593738,address
관악구,봉천동,296,0,낙성대현대(296),서울특별시 관악구 봉천동 296,37.4750056302753,126.959465111276,address
은평구,대조동,4,12,제이타워1,서울특별시 은평구 대조동 4-12,37.6114722548794,126.927757467383,address
금천구,독산동,1003,21,태영아파트,서울특별시 금천구 독산동 1003-21,37.4662058977236,126.890477275406,address
은평구,역촌동,31,6,아그네스풍림아이원,서울특별시 은평구 역촌동 31-6,37.6029735422823,126.918957128078,address
관악구,신림동,244,0,관악,서울특별시 관악구 신림동 244,37.4682335856091,126.939354007981,address
구로구,개봉동,306,3,신세기,서울특별시 구로구 개봉동 306-3,37.4938145047085,126.85332200917,address
송파구,가락동,130,3,신한에스빌-미지엔,서울특별시 송파구 가락동 130-3,37.4942305581749,127.125847957221,address
중구,남대문로5가,827,0,남산트라팰리스,서울특별시 중구 남대문로5가 827,37.5538334378845,126.975790250995,address
강서구,화곡동,914,3,일성스카이빌,서울특별시 강서구 화곡동 914-3,37.5287942460564,126.845400642882,address
노원구,월계동,930,0,우남그랜드,서울특별시 노원구 월계동 930,37.6158487589869,127.067452153473,address
강서구,화곡동,424,59,가화(424-59)나동,서울특별시 강서구 화곡동 424-59,37.5316466895968,126.839897302053,address
성북구,정릉동,150,27,갤럭시더정릉,서울특별시 성북구 정릉동 150-27,37.6036851294461,127.012197995784,address
서초구,서초동,1362,10,서초노블레스아파트,서울특별시 서초구 서초동 1362-10,37.4856261408755,127.032515967909,address
동대문구,답십리동,994,0,답십리한화,서울특별시 동대문구 답십리동 994,37.5669329066906,127.053973867265,address
강동구,길동,371,9,다성이즈빌,서울특별시 강동구 길동 371-9,37.540532796189,127.13835930708,address
강남구,역삼동,710,0,현대까르띠에710,서울특별시 강남구 역삼동 710,37.5013521150596,127.044952350618,address
서초구,방배동,992,8,방배동동양파라곤,서울특별시 서초구 방배동 992-8,37.4804742030425,127.002638033366,address
서초구,방배동,809,17,방배대우멤버스카운티(809-17),서울특별시 서초구 방배동 809-17,37.4925076503758,126.992052516163,address
성북구,석관동,404,0,삼성,서울특별시 성북구 석관동 404,37.6102500483686,127.065636014815,address
서초구,반포동,712,19,반포훼미리(102동),서울특별시 서초구 반포동 712-19,37.5079460828217,127.017491502846,address
서초구,방배동,3275,0,동부센트레빌,서울특별시 서초구 방배동 3275,37.4976247626044,126.98805528711,address
양천구,신정동,1192,1,정은스카이빌3차,서울특별시 양천구 신정동 1192-1,37.5221213569457,126.849884124482,address
강남구,삼성동,142,7,LG선릉에클라트(A),서울특별시 강남구 삼성동 142-7,37.5065582543402,127.050853385036,address
용산구,문배동,40,39,이안용산3차,서울특별시 용산구 문배동 40-39,37.5388471832786,126.969801746787,address
중랑구,묵동,245,64,우성,서울특별시 중랑구 묵동 245-64,37.6067886910324,127.077148229589,address
중랑구,면목동,194,3,삼성제이드아파트,서울특별시 중랑구 면목동 194-3,37.584928264819,127.076511230052,address
양천구,신월동,517,6,서울,서울특별시 양천구 신월동 517-6,37.5216149439861,126.842106748252,address
광진구,군자동,100,109,서원힐탑,서울특별시 광진구 군자동 100-109,37.5521643144405,127.071878674491,address
강서구,내발산동,685,0,태승훼미리2,서울특별시 강서구 내발산동 685,37.5536762585056,126.832028969476,address
중랑구,면목동,138,62,한강훼미리(138-62),서울특별시 중랑구 면목동 138-62,37.5891582990049,127.084112121446,address
중구,신당동,432,2837,프라임2,서울특별시 중구 신당동 432-2837,37.548819442339,127.006328885959,address
중구,황학동,19,0,그랜드힐오피스텔,서울특별시 중구 황학동 19,37.5701533168687,127.018529781165,address
강서구,화곡동,56,30,살렘,서울특별시 강서구 화곡동 56-30,37.5412248865596,126.850932767678,address
서초구,반포동,112,15,반포에스케이뷰,서울특별시 서초구 반포동 112-15,37.497519425,126.99378830567,address
동대문구,장안동,561,0,형인허브빌아파트301동,서울특별시 동대문구 장안동 561,37.5649459435623,127.071141877313,address
송파구,오금동,81,1,매그놀리아(2차),서울특별시 송파구 오금동 81-1,37.506296692784,127.132477717624,address
강동구,길동,384,4,에이치비골드빌(102동),서울특별시 강동구 길동 384-4,37.5382282241591,127.136185337246,address
강남구,신사동,622,0,신성아파트101동,서울특별시 강남구 신사동 622,37.5262376734318,127.031908660952,address
동작구,동작동,102,0,이수스위첸포레힐즈,서울특별시 동작구 동작동 102,37.4969267458048,126.981671524669,address
노원구,상계동,1307,0,우림루미아트201동,서울특별시 노원구 상계동 1307,37.6746150401556,127.057085920498,address
동작구,사당동,1137,0,신동아5,서울특별시 동작구 사당동 1137,37.4910229550898,126.97686666839,address
중구,황학동,846,0,신당블루카운티,서울특별시 중구 황학동 846,37.5663226588964,127.022582046093,address
강남구,대치동,907,2,대치한신휴플러스,서울특별시 강남구 대치동 907-2,37.5013873339445,127.05159266418,address
강서구,화곡동,102,88,오케이B,서울특별시 강서구 화곡동 102-88,37.5386640775877,126.846371782773,address
구로구,구로동,317,8,골드마인(가동),서울특별시 구로구 구로동 317-8,37.4928253989101,126.888557126432,address
동대문구,장안동,417,11,형인허브빌102동(417-11),서울특별시 동대문구 장안동 417-11,37.5633120034701,127.064361999414,address
동대문구,용두동,112,8,한양아이클래스,서울특별시 동대문구 용두동 112-8,37.5777193189866,127.031373071948,address
성동구,용답동,108,1,성동자이리버뷰,서울특별시 성동구 용답동 108-1,37.5672450283089,127.050262326852,address
성동구,행당동,377,0,서울숲더샵,서울특별시 성동구 행당동 377,37.5563704136977,127.040249242632,address
서초구,방배동,878,27,한화엘르빌,서울특별시 서초구 방배동 878-27,37.4897630901988,126.995429541379,address
강동구,암사동,449,0,한양그린,서울특별시 강동구 암사동 449,37.5566866278268,127.136796907736,address
구로구,항동,16,33,동보수목원,서울특별시 구로구 항동 16-33,37.4859585081393,126.821007402217,address
강남구,청담동,34,13,청담스위트,서울특별시 강남구 청담동 34-13,37.5192545057793,127.047329530423,address
종로구,창신동,601,0,MID그린(1동),서울특별시 종로구 창신동 601,37.5781958159533,127.01000066213,address
중구,남창동,205,44,경서,서울특별시 중구 남창동 205-44,37.5567951043931,126.977601796811,address
동작구,사당동,1142,0,진흥아리엘,서울특별시 동작구 사당동 1142,37.4802614389001,126.969141101002,address
강남구,논현동,194,23,한화꿈에그린2차,서울특별시 강남구 논현동 194-23,37.5076852430998,127.030728694661,address
서대문구,홍제동,462,0,청구3차,서울특별시 서대문구 홍제동 462,37.5804808818392,126.952944881353,address
은평구,대조동,6,19,미래하임(6-19),서울특별시 은평구 대조동 6-19,37.6110273141137,126.927999249518,address
은평구,대조동,9,46,미래하임(9-46),서울특별시 은평구 대조동 9-46,37.6100056331464,126.92718433855,address
용산구,이촌동,302,63,한강동부,서울특별시 용산구 이촌동 302-63,37.5205037914224,126.968120590521,address
금천구,가산동,145,42,백운한비치(나),서울특별시 금천구 가산동 145-42,37.4773120766873,126.892405056486,address
송파구,거여동,291,0,거여2단지효성아파트,서울특별시 송파구 거여동 291,37.4902488856659,127.146222224424,address
송파구,가락동,1,7,그린아파트,서울특별시 송파구 가락동 1-7,37.5037415806167,127.12370968261,address
구로구,구로동,103,6,구로오네뜨시티,서울특별시 구로구 구로동 103-6,37.4964464514413,126.89028713605,address
광진구,구의동,620,6,광남캐스빌,서울특별시 광진구 구의동 620-6,37.5459855218867,127.085677463581,address
성북구,삼선동4가,44,0,공신,서울특별시 성북구 삼선동4가 44,37.5893919104784,127.012879087284,address
강동구,강일동,707,0,고덕리엔파크1단지,서울특별시 강동구 강일동 707,37.5611806601526,127.171664703784,address
강남구,역삼동,707,18,역삼우정에쉐르2,서울특별시 강남구 역삼동 707-18,37.5026923795001,127.045842296597,address
관악구,남현동,602,329,뉴타운1동(A동),서울특별시 관악구 남현동 602-329,37.4719083472776,126.981065145142,address
은평구,녹번동,29,106,월든힐스,서울특별시 은평구 녹번동 29-106,37.6047364336612,126.932905439692,address
강동구,천호동,293,8,이연아마빌레(293-8),서울특별시 강동구 천호동 293-8,37.5468108176352,127.133787807747,address
강동구,길동,388,4,다성이즈빌아파트(388-4),서울특별시 강동구 길동 388-4,37.5378348632582,127.139032862492,address
강동구,성내동,423,64,다성이즈빌,서울특별시 강동구 성내동 423-64,37.5279204304792,127.131807632074,address
종로구,숭인동,1421,1,종로동광모닝스카이,서울특별시 종로구 숭인동 1421-1,37.5734457874911,127.02237715289,address
은평구,대조동,186,21,서경아파트,서울특별시 은평구 대조동 186-21,37.6173257195022,126.921839830449,address
서초구,서초동,1491,31,상지리츠빌(6),서울특별시 서초구 서초동 1491-31,37.4835538462782,127.002857374342,address
강서구,화곡동,915,39,드림시드아파트,서울특별시 강서구 화곡동 915-39,37.5288440722297,126.843350003611,address
마포구,상수동,402,0,래미안밤섬리베뉴Ⅰ,서울특별시 마포구 상수동 402,37.5466237941711,126.925487415214,address
송파구,석촌동,1,1,로쟌뷰,서울특별시 송파구 석촌동 1-1,37.5062419039422,127.097716424195,address
서대문구,대현동,90,70,파라타워,서울특별시 서대문구 대현동 90-70,37.5570049265161,126.94411236317,address
서초구,잠원동,71,12,킴스빌리지,서울특별시 서초구 잠원동 71-12,37.5108439297194,127.006488776962,address
금천구,가산동,239,22,원평5차,서울특별시 금천구 가산동 239-22,37.4739816354631,126.887146319547,address
종로구,교북동,101,0,동아,서울특별시 종로구 교북동 101,37.5714330527605,126.962089237776,address
중랑구,묵동,392,0,월드메르디앙,서울특별시 중랑구 묵동 392,37.6130203926036,127.073460788051,address
서대문구,남가좌동,380,0,쌍용스윗닷홈,서울특별시 서대문구 남가좌동 380,37.5753530696617,126.919067331865,address
송파구,마천동,10,0,씨티빌,서울특별시 송파구 마천동 10,37.501011820926,127.145737919474,address
서초구,방배동,562,1,방배대우(562-1),서울특별시 서초구 방배동 562-1,37.4762691562435,126.991095426335,address
송파구,문정동,81,1,아름빌,서울특별시 송파구 문정동 81-1,37.4823841440595,127.128083466112,address
은평구,갈현동,544,0,갈현삼성,서울특별시 은평구 갈현동 544,37.6154396551915,126.909099696715,address
광진구,능동,283,9,그린,서울특별시 광진구 능동 283-9,37.5539376789109,127.078360891536,address
광진구,구의동,205,6,그레이스홈타운(101동),서울특별시 광진구 구의동 205-6,37.5425479798606,127.093122558936,address
관악구,봉천동,1738,0,서울대입구역더하이브센트럴,서울특별시 관악구 봉천동 1738,37.4859182374833,126.95726625474,address
강동구,천호동,166,106,창대캐슬,서울특별시 강동구 천호동 166-106,37.5382750718547,127.131012440104,address
노원구,공릉동,395,6,참다움아파트,서울특별시 노원구 공릉동 395-6,37.6255509944069,127.073996809281,address
중랑구,면목동,1512,0,형진,서울특별시 중랑구 면목동 1512,37.5864513756641,127.07499416569,address
양천구,신정동,911,4,흥영,서울특별시 양천구 신정동 911-4,37.5268958988633,126.858007255164,address
은평구,갈현동,468,5,베로니스,서울특별시 은평구 갈현동 468-5,37.6126280151025,126.916135880698,address
성동구,성수동2가,836,0,서울숲금강아미움,서울특별시 성동구 성수동2가 836,37.5466510128127,127.059759824444,address
영등포구,당산동4가,91,0,e편한세상 당산 리버파크,서울특별시 영등포구 당산동4가 91,37.5298846497326,126.896132268182,address
중랑구,묵동,174,9,문수해오름,서울특별시 중랑구 묵동 174-9,37.6131900228935,127.078266270131,address
강동구,성내동,382,16,샤인빌(B동),서울특별시 강동구 성내동 382-16,37.5335540501825,127.134188172434,address
강남구,대치동,975,20,세영팔레스타운,서울특별시 강남구 대치동 975-20,37.5007966014827,127.062142612311,address
도봉구,창동,366,0,서울가든,서울특별시 도봉구 창동 366,37.6478290425398,127.044540998722,address
은평구,응암동,590,23,디우아르떼,서울특별시 은평구 응암동 590-23,37.5894532030712,126.915648415913,address
서초구,잠원동,60,78,신반포20,서울특별시 서초구 잠원동 60-78,37.510142453918,127.011729885178,address
영등포구,여의도동,21,2,공작,서울특별시 영등포구 여의도동 21-2,37.5265164014905,126.929837681736,address
강서구,화곡동,24,539,갤러리빌,서울특별시 강서구 화곡동 24-539,37.5464055901064,126.846680551807,address
광진구,구의동,236,25,솔렌시아2,서울특별시 광진구 구의동 236-25,37.5429466395997,127.084667929872,address
서초구,서초동,1303,10,서초한일유앤아이주상복합,서울특별시 서초구 서초동 1303-10,37.5032201552206,127.02356787124,address
강서구,염창동,246,23,극동,서울특별시 강서구 염창동 246-23,37.5529480482854,126.871230814305,address
은평구,증산동,255,0,두산위브,서울특별시 은평구 증산동 255,37.5840267835098,126.906314284875,address
강동구,성내동,412,0,둔촌역아치스톤(101동),서울특별시 강동구 성내동 412,37.5297349900749,127.134495052254,address
서대문구,남가좌동,105,1,창덕에버빌,서울특별시 서대문구 남가좌동 105-1,37.5694897328344,126.917215021685,address
금천구,독산동,976,6,리치힐(976-6),서울특별시 금천구 독산동 976-6,37.4739942420532,126.904400614398,address
강동구,천호동,35,4,신동양빛여울아파트,서울특별시 강동구 천호동 35-4,37.5469404538524,127.140702027467,address
강동구,강일동,670,0,강일리버파크5단지,서울특별시 강동구 강일동 670,37.5675089335842,127.178202563017,address
구로구,개봉동,270,80,거성,서울특별시 구로구 개봉동 270-80,37.4891087538994,126.851038992914,address
동대문구,장안동,350,5,현대리노빌103동,서울특별시 동대문구 장안동 350-5,37.5673109023781,127.07095068255,address
서대문구,홍은동,277,60,넥서스빌,서울특별시 서대문구 홍은동 277-60,37.581799176054,126.932762662701,address
서초구,반포동,50,8,신성리더스카운티,서울특별시 서초구 반포동 50-8,37.5007326788825,127.011173816113,address
광진구,자양동,665,0,그린,서울특별시 광진구 자양동 665,37.5299441279929,127.083012549762,address
강서구,화곡동,998,5,강서크라운팰리스,서울특별시 강서구 화곡동 998-5,37.5517536174218,126.849250046343,address
구로구,구로동,752,15,(752-15),서울특별시 구로구 구로동 752-15,37.4883953975892,126.887964765043,address
은평구,불광동,217,9,삼익(217-9),서울특별시 은평구 불광동 217-9,37.6202762504113,126.931828083835,address
광진구,구의동,251,177,솔렌시아,서울특별시 광진구 구의동 251-177,37.5412695715072,127.083963812744,address
영등포구,신길동,496,0,보라매길성그랑프리텔,서울특별시 영등포구 신길동 496,37.4997332605157,126.918880770946,address
송파구,가락동,183,0,동구햇살,서울특별시 송파구 가락동 183,37.4938386146003,127.135858746722,address
양천구,신정동,1052,29,뉴목동,서울특별시 양천구 신정동 1052-29,37.5161794102017,126.855065108148,address
강동구,길동,242,6,예전이룸1차,서울특별시 강동구 길동 242-6,37.5351227909178,127.140834713944,address
영등포구,문래동6가,46,0,현대1차,서울특별시 영등포구 문래동6가 46,37.5195213830079,126.882810920265,address
서대문구,홍은동,265,364,나영힐빌리지,서울특별시 서대문구 홍은동 265-364,37.5830354622471,126.935239263074,address
영등포구,당산동5가,13,0,당산효성타운2차,서울특별시 영등포구 당산동5가 13,37.5310492259521,126.900673420646,address
강동구,길동,97,6,SM해그린12차,서울특별시 강동구 길동 97-6,37.5400016497811,127.146216926914,address
구로구,온수동,97,2,두양그린B동,서울특별시 구로구 온수동 97-2,37.495218477888,126.815769272229,address
성북구,정릉동,815,1,풍산쉐르빌(815-1),서울특별시 성북구 정릉동 815-1,37.6186774077418,126.999866682232,address
서초구,방배동,845,14,성지라빌레뜨B,서울특별시 서초구 방배동 845-14,37.4922789317138,126.996924618201,address
은평구,대조동,15,32,뉴캐슬,서울특별시 은평구 대조동 15-32,37.6087836720624,126.929493308706,address
광진구,군자동,343,12,호동,서울특별시 광진구 군자동 343-12,37.5513731992628,127.070599125655,address
관악구,봉천동,41,261,에메랄드105동,서울특별시 관악구 봉천동 41-261,37.4857469730616,126.952812938081,address
성동구,용답동,252,0,덕현해밀,서울특별시 성동구 용답동 252,37.5646311457744,127.053149788091,address
구로구,구로동,747,17,삼호빌라,서울특별시 구로구 구로동 747-17,37.4871818731009,126.886874771106,address
용산구,이촌동,302,86,빌라맨션,서울특별시 용산구 이촌동 302-86,37.5213248912321,126.964391746835,address
종로구,창신동,23,76,브라운스톤창신,서울특별시 종로구 창신동 23-76,37.5773789820164,127.015029753574,address
종로구,숭인동,1421,0,버넷하임1,서울특별시 종로구 숭인동 1421,37.5737460908599,127.022367733858,address
양천구,목동,539,4,목동효성,서울특별시 양천구 목동 539-4,37.5439764953607,126.87633124868,address
동대문구,장안동,440,2,상록파라브2차,서울특별시 동대문구 장안동 440-2,37.5640587579713,127.072433961454,address
구로구,구로동,718,18,(718-18)삼성빌라트,서울특별시 구로구 구로동 718-18,37.487746446357,126.883173329219,address
영등포구,당산동6가,336,4,유탑유블레스,서울특별시 영등포구 당산동6가 336-4,37.535674009304,126.901362553404,address
강남구,청담동,15,21,청담2차이-편한세상(205동),서울특별시 강남구 청담동 15-21,37.5207705371803,127.04618197098,address
강동구,성내동,439,2,라움,서울특별시 강동구 성내동 439-2,37.5251935344613,127.133903613116,address
서대문구,연희동,169,3,드리밍아파트,서울특별시 서대문구 연희동 169-3,37.5792855154144,126.935547270863,address
강남구,개포동,1165,0,포이현대빌라트,서울특별시 강남구 개포동 1165,37.4741096219942,127.053744366261,address
서초구,잠원동,65,8,한신그린,서울특별시 서초구 잠원동 65-8,37.5133614318662,127.007870630856,address
구로구,개봉동,335,1,동인,서울특별시 구로구 개봉동 335-1,37.4936157438896,126.84882012187,address
동대문구,제기동,892,114,명경아트빌,서울특별시 동대문구 제기동 892-114,37.5823327027063,127.036314309902,address
양천구,목동,614,8,목동벨로스주상복합,서울특별시 양천구 목동 614-8,37.5478543128106,126.863577731236,address
성동구,마장동,822,0,신성미소지움,서울특별시 성동구 마장동 822,37.5689291700413,127.043694259561,address
성동구,성수동2가,833,0,신성미소지움,서울특별시 성동구 성수동2가 833,37.5392650354317,127.057284228712,address
은평구,신사동,348,7,명진(348-7),서울특별시 은평구 신사동 348-7,37.5907430125031,126.910561494026,address
금천구,시흥동,962,8,백운한비치5,서울특별시 금천구 시흥동 962-8,37.4387217355116,126.90380729279,address
금천구,시흥동,1009,0,시흥목련,서울특별시 금천구 시흥동 1009,37.4545350777047,126.897595636244,address
구로구,구로동,800,9,현암B동,서울특별시 구로구 구로동 800-9,37.4856777288115,126.887628036616,address
동대문구,장안동,342,3,르메이에르장안타운6차,서울특별시 동대문구 장안동 342-3,37.5709810095615,127.072739391257,address
동대문구,장안동,344,5,선일크라시아,서울특별시 동대문구 장안동 344-5,37.5709580635668,127.072251377531,address
양천구,신월동,547,7,영남타운,서울특별시 양천구 신월동 547-7,37.5178308813681,126.839541323276,address
마포구,염리동,45,27,우공,서울특별시 마포구 염리동 45-27,37.5497807352596,126.94828584267,address
서대문구,북가좌동,384,1,우공팰리스,서울특별시 서대문구 북가좌동 384-1,37.5762122452552,126.907174922867,address
강동구,명일동,356,0,우성101동,서울특별시 강동구 명일동 356,37.5528624155037,127.14200363009,address
송파구,풍납동,513,0,금강캐스빌,서울특별시 송파구 풍납동 513,37.535679364523,127.118938665315,address
관악구,봉천동,1522,31,금강아미움(106동),서울특별시 관악구 봉천동 1522-31,37.4815773511126,126.940755254124,address
동작구,상도동,256,206,원아파트,서울특별시 동작구 상도동 256-206,37.497520030694,126.932490107646,address
양천구,신월동,494,4,예건미예뜰1동,서울특별시 양천구 신월동 494-4,37.523793955217,126.847058293914,address
강동구,둔촌동,518,6,경방필하우스,서울특별시 강동구 둔촌동 518-6,37.5285700546862,127.138267179169,address
양천구,신정동,1321,0,이펜하우스1단지,서울특별시 양천구 신정동 1321,37.5148264227271,126.826985099887,address
용산구,한강로2가,422,0,래미안용산더센트럴,서울특별시 용산구 한강로2가 422,37.5291046239838,126.966972245302,address
은평구,갈현동,465,12,동광갈현베르빌,서울특별시 은평구 갈현동 465-12,37.6121361321615,126.916852910626,address
관악구,봉천동,1522,30,금강아미움(103동),서울특별시 관악구 봉천동 1522-30,37.4818269029854,126.940880103894,address
노원구,공릉동,759,0,태승훼미리아파트,서울특별시 노원구 공릉동 759,37.6291961137005,127.076263292274,address
성동구,행당동,345,0,두산,서울특별시 성동구 행당동 345,37.5647118113965,127.037326138793,address
마포구,중동,395,0,동원월드타운,서울특별시 마포구 중동 395,37.5699316134172,126.909759381052,address
구로구,구로동,743,55,(743-55),서울특별시 구로구 구로동 743-55,37.489140940183,126.886975731113,address
송파구,문정동,89,6,메트로IV,서울특별시 송파구 문정동 89-6,37.4835142536684,127.126769887543,address
송파구,마천동,574,0,마천대성,서울특별시 송파구 마천동 574,37.4985808929098,127.153226704084,address
동대문구,장안동,579,0,은하수드림빌,서울특별시 동대문구 장안동 579,37.5807799192093,127.071319173202,address
강서구,화곡동,894,9,은하센트리움,서울특별시 강서구 화곡동 894-9,37.5299951472108,126.84863676072,address
광진구,광장동,121,0,유진스웰,서울특별시 광진구 광장동 121,37.5503995596063,127.109302231042,address
강동구,천호동,28,32,썬팰리스아파트,서울특별시 강동구 천호동 28-32,37.5476085527269,127.140845866616,address
은평구,구산동,162,1,경향파크,서울특별시 은평구 구산동 162-1,37.610571697834,126.905760582255,address
송파구,방이동,173,1,원진아뜨리에,서울특별시 송파구 방이동 173-1,37.5144664561055,127.118303353269,address
광진구,구의동,552,6,대성빌라트(552-6),서울특별시 광진구 구의동 552-6,37.5554162454922,127.095346127218,address
강남구,도곡동,970,0,도곡3차아이파크,서울특별시 강남구 도곡동 970,37.489845156745,127.037810239458,address
노원구,중계동,606,0,한화꿈에그린TheFIRST,서울특별시 노원구 중계동 606,37.659160829,127.074470330728,address
송파구,송파동,38,0,호수,서울특별시 송파구 송파동 38,37.5101380464344,127.108433325652,address
광진구,광장동,565,0,"현대8(801동,802동)",서울특별시 광진구 광장동 565,37.541939865593,127.099671092254,address
영등포구,신길동,2,3,삼두,서울특별시 영등포구 신길동 2-3,37.514320688342,126.923858052485,address
서대문구,홍은동,265,366,세윤외인빌리지,서울특별시 서대문구 홍은동 265-366,37.5826448067634,126.93526699938,address
서초구,서초동,1344,2,서초한양수자인,서울특별시 서초구 서초동 1344-2,37.4874683098223,127.027305110549,address
성동구,성수동2가,320,2,이화101동,서울특별시 성동구 성수동2가 320-2,37.5417722496277,127.055583199203,address
영등포구,당산동3가,563,0,당산어울림2차,서울특별시 영등포구 당산동3가 563,37.5264090037903,126.894368195601,address
강남구,논현동,39,10,비쥬힐,서울특별시 강남구 논현동 39-10,37.5148369905894,127.027326050567,address
은평구,응암동,122,12,예청B,서울특별시 은평구 응암동 122-12,37.5962726159543,126.916136122256,address
강서구,내발산동,688,5,이너스101동,서울특별시 강서구 내발산동 688-5,37.5528853346466,126.831502922704,address
은평구,녹번동,100,55,녹번현대아파트,서울특별시 은평구 녹번동 100-55,37.6049287045982,126.929203407875,address
강동구,천호동,302,3,태천와이드빌,서울특별시 강동구 천호동 302-3,37.5463687209813,127.131440541135,address
용산구,한남동,802,0,리버탑,서울특별시 용산구 한남동 802,37.5297194669812,127.008332127853,address
양천구,신정동,1219,1,신일해피트리,서울특별시 양천구 신정동 1219-1,37.5175068701978,126.84875135021,address
서초구,서초동,1641,13,아남,서울특별시 서초구 서초동 1641-13,37.4930044362233,127.020785968907,address
동대문구,답십리동,268,3,엘림스퀘어3,서울특별시 동대문구 답십리동 268-3,37.5690993674061,127.056818410979,address
성동구,행당동,128,0,라체르보푸르지오써밋,서울특별시 성동구 행당동 128,37.55716165220632,127.03699721790633,keyword
종로구,창신동,627,120,(627-120),서울특별시 종로구 창신동 627-120,37.5757518625414,127.008956254049,address
강남구,개포동,1204,5,리치타운,서울특별시 강남구 개포동 1204-5,37.4773499664347,127.050374468179,address
강남구,개포동,655,2,개포2차현대아파트(220),서울특별시 강남구 개포동 655-2,37.4814556635509,127.053098618368,address
은평구,증산동,223,28,DMC자이2단지,서울특별시 은평구 증산동 223-28,37.5787701485851,126.899557789303,address
관악구,남현동,602,216,네스코뮤즈빌,서울특별시 관악구 남현동 602-216,37.472159014729,126.980549584578,address
송파구,가락동,196,0,동궁리치웰(102동),서울특별시 송파구 가락동 196,37.4940070440115,127.132659891296,address
중랑구,면목동,178,50,다울101동,서울특별시 중랑구 면목동 178-50,37.5880002186558,127.077996118578,address
강남구,삼성동,33,20,대우멤버스카운티201,서울특별시 강남구 삼성동 33-20,37.513146188612,127.044212561632,address
관악구,신림동,569,5,늘푸른(569-5),서울특별시 관악구 신림동 569-5,37.4827926592849,126.907536984165,address
동대문구,장안동,335,8,르미에르장안타운5차,서울특별시 동대문구 장안동 335-8,37.5716938585796,127.073640800347,address
동대문구,장안동,569,0,현대홈타운2차,서울특별시 동대문구 장안동 569,37.5685273372694,127.07154655304,address
송파구,가락동,34,1,카나피아Ⅱ,서울특별시 송파구 가락동 34-1,37.4991477390764,127.124629427442,address
용산구,이촌동,212,41,G&D용산드림,서울특별시 용산구 이촌동 212-41,37.5298110323946,126.953637889074,address
송파구,오금동,616,0,송파레미니스,서울특별시 송파구 오금동 616,37.5074771839949,127.135500387318,address
동작구,사당동,238,6,레디앙스,서울특별시 동작구 사당동 238-6,37.481766217801,126.966191708751,address
강남구,대치동,1029,0,대치SKVIEW,서울특별시 강남구 대치동 1029,37.4957698252615,127.060351166529,address
구로구,구로동,44,5,비즈트위트레인보우,서울특별시 구로구 구로동 44-5,37.5021501377697,126.891707605384,address
광진구,광장동,125,0,워커힐 팰리스,서울특별시 광진구 광장동 125,37.5501466668581,127.109865990715,address
성북구,정릉동,727,7,동우,서울특별시 성북구 정릉동 727-7,37.6110194278353,127.002559506609,address
강동구,둔촌동,61,12,동호리츠빌,서울특별시 강동구 둔촌동 61-12,37.5329260710746,127.143001724946,address
영등포구,당산동4가,97,0,삼익플라주,서울특별시 영등포구 당산동4가 97,37.5302222180207,126.898263606423,address
강서구,화곡동,918,12,강서뉴,서울특별시 강서구 화곡동 918-12,37.5298694014333,126.844501719052,address
양천구,목동,761,13,건진,서울특별시 양천구 목동 761-13,37.5371327739878,126.868815879896,address
강서구,내발산동,665,17,천우네오젠아파트,서울특별시 강서구 내발산동 665-17,37.5547758868754,126.838854181576,address
서초구,반포동,577,3,몽마르뜨빌(577-3),서울특별시 서초구 반포동 577-3,37.4948090872401,126.999219848705,address
은평구,응암동,402,42,뉴월드(402-42),서울특별시 은평구 응암동 402-42,37.5922924669399,126.9202686953,address
양천구,신월동,558,1,조광,서울특별시 양천구 신월동 558-1,37.5164062061367,126.84013200231,address
마포구,도화동,544,0,고려,서울특별시 마포구 도화동 544,37.5407679846928,126.94594655786,address
양천구,목동,768,5,금호아파트(768),서울특별시 양천구 목동 768-5,37.5358704227393,126.866998740702,address
중랑구,신내동,449,1,경원,서울특별시 중랑구 신내동 449-1,37.6055355943792,127.098462353835,address
마포구,성산동,254,28,그레이스,서울특별시 마포구 성산동 254-28,37.5592764633095,126.908857519358,address
서초구,방배동,878,26,효산빌라트,서울특별시 서초구 방배동 878-26,37.4897128090564,126.995304258328,address
관악구,봉천동,1696,0,보라매우성,서울특별시 관악구 봉천동 1696,37.4923064281052,126.925562440685,address
서초구,방배동,889,5,방배CJ나인빌1차,서울특별시 서초구 방배동 889-5,37.4863719512747,126.998206950604,address
서초구,방배동,847,34,방배대우유로카운티,서울특별시 서초구 방배동 847-34,37.4911376261019,126.996942078739,address
관악구,봉천동,875,1,관악캠퍼스타워,서울특별시 관악구 봉천동 875-1,37.4812783056077,126.95033292025,address
은평구,응암동,360,15,명진,서울특별시 은평구 응암동 360-15,37.5911091863024,126.91880309785,address
강남구,개포동,179,0,우성8,서울특별시 강남구 개포동 179,37.4881845388175,127.06238827098,address
노원구,중계동,591,0,대호,서울특별시 노원구 중계동 591,37.659824151853,127.073287131493,address
성동구,성수동2가,320,6,이화102동,서울특별시 성동구 성수동2가 320-6,37.5416182074348,127.055522095682,address
서대문구,충정로3가,477,0,충림예하임,서울특별시 서대문구 충정로3가 477,37.5626715369651,126.962774481303,address
양천구,목동,773,5,성보,서울특별시 양천구 목동 773-5,37.5333184182688,126.869247627635,address
광진구,구의동,47,3,선화아파트,서울특별시 광진구 구의동 47-3,37.5512605728712,127.092860439072,address
송파구,석촌동,54,31,석촌동효신아파트,서울특별시 송파구 석촌동 54-31,37.5044093914036,127.100247617462,address
금천구,가산동,148,1,덕산,서울특별시 금천구 가산동 148-1,37.4767149068099,126.896049771377,address
송파구,송파동,32,1,경남레이크파크,서울특별시 송파구 송파동 32-1,37.5097099245285,127.105710627149,address
강남구,청담동,134,16,신동아,서울특별시 강남구 청담동 134-16,37.5229737543477,127.058766029121,address
광진구,광장동,570,0,상록타워아파트,서울특별시 광진구 광장동 570,37.5423571152711,127.100947566847,address
성동구,성수동1가,721,0,서울숲아이파크리버포레1차,서울특별시 성동구 성수동1가 721,37.5506091645454,127.043054246362,address
동대문구,장안동,334,3,태솔아파트5차,서울특별시 동대문구 장안동 334-3,37.5718382968272,127.075199114854,address
서초구,서초동,1467,62,서초5차e편한세상,서울특별시 서초구 서초동 1467-62,37.4797223864045,127.007279420326,address
송파구,신천동,11,10,잠실아이스페이스,서울특별시 송파구 신천동 11-10,37.5167361416585,127.105396915986,address
강남구,청담동,113,0,청담힐(에이동)진도(비동),서울특별시 강남구 청담동 113,37.5277706201714,127.048612617904,address
구로구,구로동,415,37,한일퍼스트빌(415-37),서울특별시 구로구 구로동 415-37,37.4929259405727,126.882139975896,address
중랑구,면목동,1517,0,진로,서울특별시 중랑구 면목동 1517,37.5878633283349,127.101707460429,address
서초구,양재동,7,17,광정,서울특별시 서초구 양재동 7-17,37.483966054826,127.040335532923,address
구로구,온수동,141,0,아이에스빌리브,서울특별시 구로구 온수동 141,37.4969371534153,126.822123472342,address
종로구,창신동,640,252,성용,서울특별시 종로구 창신동 640-252,37.5751171572704,127.009527061365,address
강동구,천호동,47,24,천호1차우림루미아트,서울특별시 강동구 천호동 47-24,37.5441186446406,127.13969201064,address
구로구,오류동,108,76,유한수목원,서울특별시 구로구 오류동 108-76,37.4883733496462,126.825988226655,address
강남구,청담동,28,20,청담4차이-편한세상,서울특별시 강남구 청담동 28-20,37.5205558857749,127.046950040873,address
서대문구,충정로3가,189,8,미동,서울특별시 서대문구 충정로3가 189-8,37.5632332843916,126.964153136232,address
송파구,가락동,123,12,강남팰리스,서울특별시 송파구 가락동 123-12,37.4942724539038,127.124231535851,address
강남구,삼성동,129,20,풍림,서울특별시 강남구 삼성동 129-20,37.5080252649421,127.054307036235,address
강서구,내발산동,764,0,마곡에이치밸리움,서울특별시 강서구 내발산동 764,37.5571689288767,126.844084543192,address
서초구,방배동,932,34,훼미리타운,서울특별시 서초구 방배동 932-34,37.4847782220747,126.992798557439,address
은평구,증산동,162,18,자선메르시안(162-18),서울특별시 은평구 증산동 162-18,37.5864199722439,126.910694831966,address
도봉구,방학동,741,0,성진파크뷰아파트,서울특별시 도봉구 방학동 741,37.660948040298,127.035304010246,address
광진구,광장동,105,0,워커힐현대빌,서울특별시 광진구 광장동 105,37.5517561975637,127.11036187775,address
용산구,이촌동,418,0,동부센트레빌,서울특별시 용산구 이촌동 418,37.5211823453929,126.966523703852,address
강남구,개포동,1164,12,새롬(1164-12),서울특별시 강남구 개포동 1164-12,37.4731883366443,127.052951796944,address
동작구,대방동,515,0,아데나339,서울특별시 동작구 대방동 515,37.5127184331991,126.928918244379,address
서초구,양재동,6,13,양재테크노2차,서울특별시 서초구 양재동 6-13,37.4823829138486,127.041829036283,address
동작구,상도동,418,0,쌍용스윗닷홈,서울특별시 동작구 상도동 418,37.5015533517985,126.931806228372,address
동대문구,용두동,785,0,청재제일타운,서울특별시 동대문구 용두동 785,37.5757890808312,127.031515578558,address
서대문구,홍제동,24,16,동양드림,서울특별시 서대문구 홍제동 24-16,37.5830890504151,126.950455449436,address
강서구,내발산동,714,4,태승훼미리아파트5차,서울특별시 강서구 내발산동 714-4,37.5477792038904,126.832899062812,address
서초구,방배동,1,62,프레스턴(1-62),서울특별시 서초구 방배동 1-62,37.4956010377573,126.994518076,address
중랑구,망우동,184,6,망우,서울특별시 중랑구 망우동 184-6,37.5994415794883,127.102988109105,address
마포구,망원동,516,0,망원동동원데쟈뷰,서울특별시 마포구 망원동 516,37.5603657175014,126.900214389003,address
성북구,종암동,125,1,고려,서울특별시 성북구 종암동 125-1,37.5991071601974,127.027436901001,address
강서구,화곡동,921,18,동훈타마르(921-18),서울특별시 강서구 화곡동 921-18,37.5299154986179,126.840490207705,address
강남구,일원동,742,0,디에이치포레센트,서울특별시 강남구 일원동 742,37.4902343019667,127.078730425829,address
영등포구,당산동,121,41,강변한솔그라치아,서울특별시 영등포구 당산동 121-41,37.5309429421106,126.907597502066,address
마포구,용강동,495,3,강변그린,서울특별시 마포구 용강동 495-3,37.5418766025052,126.937768315807,address
도봉구,창동,811,0,대동,서울특별시 도봉구 창동 811,37.6616557895751,127.044058067355,address
송파구,문정동,56,6,주성파크뷰,서울특별시 송파구 문정동 56-6,37.4849156427152,127.12357472599,address
구로구,구로동,120,0,대림우성2,서울특별시 구로구 구로동 120,37.4940850896969,126.893832728609,address
강남구,청담동,42,0,삼성청담아파트,서울특별시 강남구 청담동 42,37.517916188598,127.042753908694,address
영등포구,영등포동7가,202,0,브라운스톤영등포,서울특별시 영등포구 영등포동7가 202,37.5242567260456,126.911274883943,address
강서구,화곡동,346,19,삼호그린(346-19),서울특별시 강서구 화곡동 346-19,37.5309785507024,126.845269648175,address
송파구,잠실동,250,5,파크인-수,서울특별시 송파구 잠실동 250-5,37.5047606403469,127.08774546626,address
중랑구,신내동,800,0,동광오뜨빌,서울특별시 중랑구 신내동 800,37.6006601707167,127.099946982625,address
강서구,화곡동,343,71,벨라팰리스,서울특별시 강서구 화곡동 343-71,37.5316820658206,126.846038660082,address
강동구,길동,380,6,광남아파트102동,서울특별시 강동구 길동 380-6,37.5388234399032,127.13864976801,address
노원구,월계동,927,0,한일2,서울특별시 노원구 월계동 927,37.6211617911188,127.062038771671,address
성동구,행당동,1,115,서울숲한성,서울특별시 성동구 행당동 1-115,37.5624377959208,127.038970698535,address
성동구,용답동,15,0,중앙하이츠,서울특별시 성동구 용답동 15,37.5631564298649,127.055425569994,address
강서구,내발산동,675,10,다울,서울특별시 강서구 내발산동 675-10,37.55329863551,126.838475526848,address
동대문구,답십리동,530,5,삼희,서울특별시 동대문구 답십리동 530-5,37.5700059530175,127.050463971945,address
동작구,상도동,532,0,씨티아모리움,서울특별시 동작구 상도동 532,37.4974063419394,126.951414083232,address
강동구,길동,470,0,현대1,서울특별시 강동구 길동 470,37.5365712504744,127.147323572892,address
강서구,내발산동,708,1,문국,서울특별시 강서구 내발산동 708-1,37.551585984055,126.835318570649,address
강남구,대치동,503,0,개포우성1,서울특별시 강남구 대치동 503,37.4911253659298,127.059895803084,address
강남구,삼성동,104,0,삼성풍림2차아파트,서울특별시 강남구 삼성동 104,37.5161481556354,127.062207372127,address
광진구,중곡동,292,0,에스케이,서울특별시 광진구 중곡동 292,37.5688661073555,127.086494548803,address
용산구,용문동,38,76,삼성하이츠,서울특별시 용산구 용문동 38-76,37.5372598680856,126.956698964812,address
광진구,구의동,31,9,동우아파트,서울특별시 광진구 구의동 31-9,37.5524811588351,127.092969690197,address
은평구,신사동,19,147,승윤노블리안,서울특별시 은평구 신사동 19-147,37.5973417152343,126.90929100659,address
금천구,독산동,987,21,한아(987-21),서울특별시 금천구 독산동 987-21,37.4732545513397,126.899984043288,address
강서구,화곡동,56,28,계명가동,서울특별시 강서구 화곡동 56-28,37.5415382824666,126.850883940879,address
강서구,화곡동,46,219,한백e타운(46-219),서울특별시 강서구 화곡동 46-219,37.544911246772,126.847556168368,address
영등포구,영등포동4가,103,0,영등포그랑그루,서울특별시 영등포구 영등포동4가 103,37.518492825972,126.903234644155,address
마포구,망원동,498,0,우림루미아트,서울특별시 마포구 망원동 498,37.5597255093045,126.901011123046,address
양천구,신월동,426,3,방주아크빌,서울특별시 양천구 신월동 426-3,37.5247623105594,126.840621660171,address
마포구,중동,36,29,강림월드타운,서울특별시 마포구 중동 36-29,37.5703525704307,126.906874529183,address
중랑구,상봉동,128,10,SG타워,서울특별시 중랑구 상봉동 128-10,37.5936999797427,127.079755565828,address
서초구,양재동,376,4,그린씨티아파트1,서울특별시 서초구 양재동 376-4,37.4708006588588,127.045137982989,address
관악구,남현동,1054,42,남현현대아이빌라,서울특별시 관악구 남현동 1054-42,37.4749664347062,126.972629007029,address
중랑구,면목동,1526,0,남청파인힐(101동),서울특별시 중랑구 면목동 1526,37.5882294190952,127.090509531036,address
중구,신당동,432,1666,남산FORESTHOUSE,서울특별시 중구 신당동 432-1666,37.5491436025733,127.004825079267,address
강동구,길동,103,5,청원파크빌3,서울특별시 강동구 길동 103-5,37.5386945232379,127.145817564678,address
종로구,청운동,56,45,청운현대,서울특별시 종로구 청운동 56-45,37.586205890259,126.967381797143,address
노원구,상계동,1275,0,청암1단지,서울특별시 노원구 상계동 1275,37.6657817475626,127.079487735282,address
중랑구,묵동,391,0,효산센터빌,서울특별시 중랑구 묵동 391,37.6077860079865,127.077679848035,address
강동구,길동,143,4,서한베네치아,서울특별시 강동구 길동 143-4,37.5369077412729,127.14560635072,address
강서구,내발산동,698,1,삼대,서울특별시 강서구 내발산동 698-1,37.552768636288,126.833075218545,address
관악구,신림동,28,9,신동아,서울특별시 관악구 신림동 28-9,37.46423557286293,126.94068337239646,keyword
마포구,망원동,381,9,삼우하이뷰,서울특별시 마포구 망원동 381-9,37.5542912453433,126.908158871585,address
강동구,명일동,360,0,시앤디아파트,서울특별시 강동구 명일동 360,37.5456836065338,127.145862408829,address
영등포구,영등포동7가,94,51,훼미리하우스117,서울특별시 영등포구 영등포동7가 94-51,37.5257956366211,126.908789890529,address
관악구,봉천동,100,20,더갤러리테라스,서울특별시 관악구 봉천동 100-20,37.4820573917191,126.959237438241,address
강서구,등촌동,655,46,등촌동현대2차,서울특별시 강서구 등촌동 655-46,37.5562896818677,126.855736674628,address
영등포구,영등포동7가,94,99,여의휴젠느,서울특별시 영등포구 영등포동7가 94-99,37.5241606059469,126.909869180414,address
중구,신당동,432,1653,노블레스2,서울특별시 중구 신당동 432-1653,37.5497332877511,127.005255709035,address
강동구,성내동,244,6,건영아모리움,서울특별시 강동구 성내동 244-6,37.5342276881085,127.135642791308,address
강서구,염창동,301,0,염창3차보람,서울특별시 강서구 염창동 301,37.5528773294775,126.873826815673,address
강동구,길동,92,0,신동아4,서울특별시 강동구 길동 92,37.5416280034287,127.147552811532,address
서초구,잠원동,51,0,훼미리,서울특별시 서초구 잠원동 51,37.5192140645955,127.01465768356,address
관악구,봉천동,1644,26,휴먼아파트A,서울특별시 관악구 봉천동 1644-26,37.4744802979071,126.968822978042,address
마포구,망원동,463,2,동보프리미아,서울특별시 마포구 망원동 463-2,37.5598167536259,126.89656563455,address
은평구,역촌동,32,37,서안,서울특별시 은평구 역촌동 32-37,37.6038022910504,126.916782121877,address
강동구,암사동,501,4,동양넥스빌,서울특별시 강동구 암사동 501-4,37.550168985112,127.128213515828,address
강남구,청담동,134,0,래미안청담로이뷰,서울특별시 강남구 청담동 134,37.524764253469,127.056116415962,address
서초구,잠원동,33,11,월드메르디앙,서울특별시 서초구 잠원동 33-11,37.5126226168173,127.016517484369,address
양천구,신월동,541,1,오투힐,서울특별시 양천구 신월동 541-1,37.5190816021613,126.839570318227,address
강동구,상일동,555,0,고덕아르테스미소지움,서울특별시 강동구 상일동 555,37.5499370501999,127.156954975198,address
도봉구,쌍문동,311,0,그린스테이트,서울특별시 도봉구 쌍문동 311,37.651008639581,127.028801524773,address
중랑구,망우동,578,0,한진해모로,서울특별시 중랑구 망우동 578,37.6027792794232,127.11009498182,address
도봉구,쌍문동,722,0,염광,서울특별시 도봉구 쌍문동 722,37.6485402588235,127.026303347366,address
은평구,갈현동,548,0,유호루하스,서울특별시 은평구 갈현동 548,37.6236085406654,126.917423282042,address
서대문구,창천동,468,0,씨밀레,서울특별시 서대문구 창천동 468,37.5599617369658,126.927549858857,address
구로구,구로동,780,41,(780-41),서울특별시 구로구 구로동 780-41,37.486993883551,126.889402620378,address
강동구,천호동,55,4,천호롯데아파트,서울특별시 강동구 천호동 55-4,37.5416061147043,127.13824112267,address
중구,신당동,113,5,하이1(113-5),서울특별시 중구 신당동 113-5,37.5641837241812,127.017645673594,address
강동구,성내동,605,0,파라디아,서울특별시 강동구 성내동 605,37.5318677069061,127.12278811722,address
송파구,가락동,161,2,현대(5차),서울특별시 송파구 가락동 161-2,37.5000412408309,127.130248978129,address
광진구,군자동,503,0,광진We’vePark,서울특별시 광진구 군자동 503,37.5484379045958,127.071086917603,address
구로구,궁동,112,9,호수2차B동,서울특별시 구로구 궁동 112-9,37.5003893592298,126.829958193053,address
강서구,내발산동,660,1,청솔해오름,서울특별시 강서구 내발산동 660-1,37.5565095775898,126.843674186852,address
마포구,합정동,474,0,합정한강아파트,서울특별시 마포구 합정동 474,37.5508326252036,126.907863337961,address
강동구,성내동,552,1,한영해시안아파트,서울특별시 강동구 성내동 552-1,37.5297323819157,127.122656096099,address
성동구,하왕십리동,1050,0,한진해모로,서울특별시 성동구 하왕십리동 1050,37.5631010729763,127.026812152825,address
마포구,공덕동,462,0,마포공덕파크팰리스Ⅱ,서울특별시 마포구 공덕동 462,37.5474551772509,126.953053235925,address
양천구,신월동,512,8,스카이캐슬아파트(512-8),서울특별시 양천구 신월동 512-8,37.520591442854,126.844580250362,address
송파구,문정동,91,19,보라뷰,서울특별시 송파구 문정동 91-19,37.4859401862753,127.12813510339,address
강북구,수유동,738,0,한원힐트리움수유,서울특별시 강북구 수유동 738,37.6445590590155,127.023870344817,address
강서구,화곡동,1011,6,희훈리치파크,서울특별시 강서구 화곡동 1011-6,37.5463797260248,126.834014997519,address
송파구,방이동,169,2,세원아파트,서울특별시 송파구 방이동 169-2,37.5134752044051,127.119256775393,address
양천구,신월동,1069,0,동서,서울특별시 양천구 신월동 1069,37.5231351095805,126.842981842706,address
강남구,도곡동,972,0,한라비발디,서울특별시 강남구 도곡동 972,37.4877358123073,127.039177902268,address
송파구,문정동,113,3,문정그린,서울특별시 송파구 문정동 113-3,37.486361441837,127.133475166348,address
강서구,화곡동,925,1,한백아파트,서울특별시 강서구 화곡동 925-1,37.5298199838492,126.842700493851,address
은평구,응암동,117,35,미소세상,서울특별시 은평구 응암동 117-35,37.5962132381795,126.918970235504,address
성동구,하왕십리동,1002,0,왕십리KCC스위첸,서울특별시 성동구 하왕십리동 1002,37.5608432938815,127.02668707042,address
구로구,오류동,75,2,오류동역솔리스타,서울특별시 구로구 오류동 75-2,37.4939983113012,126.840795387265,address
성북구,삼선동3가,23,0,제일,서울특별시 성북구 삼선동3가 23,37.5881375641644,127.013545527209,address
서초구,반포동,98,4,프라임빌라트,서울특별시 서초구 반포동 98-4,37.4954526589284,126.997821008218,address
금천구,시흥동,793,6,한빛,서울특별시 금천구 시흥동 793-6,37.461806516576,126.907541129821,address
송파구,문정동,68,5,자이파인빌(102동),서울특별시 송파구 문정동 68-5,37.4835035835209,127.12537024183,address
양천구,신정동,917,10,장미,서울특별시 양천구 신정동 917-10,37.5254160420736,126.85595531827,address
서대문구,연희동,708,4,홍연,서울특별시 서대문구 연희동 708-4,37.5752239307976,126.928965058688,address
용산구,문배동,40,19,삼라마이다스빌2,서울특별시 용산구 문배동 40-19,37.5383471132315,126.969048046629,address
강동구,성내동,383,11,현대상가,서울특별시 강동구 성내동 383-11,37.5332955926902,127.132958332324,address
강동구,천호동,54,7,율전에버그린아파트,서울특별시 강동구 천호동 54-7,37.5419829826008,127.139025628764,address
은평구,진관동,106,0,마고정3단지센트레빌(301~309동)BL2-11,서울특별시 은평구 진관동 106,37.6320493391686,126.925973863366,address
은평구,역촌동,21,21,두성,서울특별시 은평구 역촌동 21-21,37.6049881455562,126.917125868537,address
중구,신당동,432,657,명경,서울특별시 중구 신당동 432-657,37.5518503910487,127.006512700611,address
강서구,화곡동,786,10,그레이스(786-10),서울특별시 강서구 화곡동 786-10,37.53005487695,126.861709489465,address
강동구,명일동,41,0,고덕삼환아파트,서울특별시 강동구 명일동 41,37.5494891843664,127.151840596585,address
은평구,녹번동,83,16,경원파발리안,서울특별시 은평구 녹번동 83-16,37.6025022242157,126.927825029456,address
강동구,천호동,50,7,광남벨라스643V(50-7),서울특별시 강동구 천호동 50-7,37.5429231593265,127.140939003934,address
은평구,응암동,89,12,역산아이지아,서울특별시 은평구 응암동 89-12,37.6011271692175,126.920720391403,address
마포구,망원동,507,0,신부파스카4차,서울특별시 마포구 망원동 507,37.5593333454519,126.900522707747,address
관악구,봉천동,457,146,신부,서울특별시 관악구 봉천동 457-146,37.485175542619,126.95036720034,address
성동구,마장동,835,0,우성에비뉴,서울특별시 성동구 마장동 835,37.5707988548748,127.038978676865,address
금천구,시흥동,209,0,현대(209),서울특별시 금천구 시흥동 209,37.4540034379335,126.910648961274,address
강서구,내발산동,688,40,이너스102동,서울특별시 강서구 내발산동 688-40,37.5529047625295,126.831732046974,address
양천구,신월동,461,5,양천홈타운2차아파트,서울특별시 양천구 신월동 461-5,37.5259463020381,126.843168495795,address
강동구,성내동,396,10,일심,서울특별시 강동구 성내동 396-10,37.5314129657442,127.13626628266,address
중랑구,묵동,380,0,신도2,서울특별시 중랑구 묵동 380,37.6171576705806,127.078182307202,address
은평구,역촌동,32,42,에버그린,서울특별시 은평구 역촌동 32-42,37.603820664216,126.917028072962,address
서초구,서초동,1444,3,초원현대,서울특별시 서초구 서초동 1444-3,37.4849898768243,127.019218788076,address
양천구,신월동,485,3,두원B동,서울특별시 양천구 신월동 485-3,37.5243921400501,126.843761702989,address
광진구,자양동,761,0,자양2현대,서울특별시 광진구 자양동 761,37.5341950903438,127.070623660109,address
양천구,신월동,440,10,삼백,서울특별시 양천구 신월동 440-10,37.5218226379733,126.83878164217,address
용산구,효창동,3,4,효창로즈,서울특별시 용산구 효창동 3-4,37.548583557443,126.962547920111,address
강동구,천호동,53,9,다성씨티아파트,서울특별시 강동구 천호동 53-9,37.5426425137757,127.139255084876,address
광진구,중곡동,90,18,욱현,서울특별시 광진구 중곡동 90-18,37.555868998749,127.090536018636,address
관악구,신림동,497,5,보라매해담채,서울특별시 관악구 신림동 497-5,37.4887749676672,126.916710658952,address
마포구,연남동,249,3,노블레스빌2,서울특별시 마포구 연남동 249-3,37.564265231773,126.921588450505,address
마포구,망원동,515,0,한강월드컵,서울특별시 마포구 망원동 515,37.5607917255725,126.899702693665,address
서초구,서초동,1359,50,롯데캐슬쥬피터,서울특별시 서초구 서초동 1359-50,37.4866609732282,127.030393649504,address
동대문구,장안동,466,5,장안푸르미에,서울특별시 동대문구 장안동 466-5,37.5613590070687,127.069901950155,address
마포구,서교동,247,28,기정MAY(247-28),서울특별시 마포구 서교동 247-28,37.5580895301262,126.916209039827,address
광진구,구의동,590,7,나크빌라트,서울특별시 광진구 구의동 590-7,37.5360274547664,127.089970858155,address
양천구,신월동,109,1,삼동,서울특별시 양천구 신월동 109-1,37.5335182370731,126.832802811669,address
마포구,서교동,488,0,삼익플라주서교1,서울특별시 마포구 서교동 488,37.5577491899044,126.917827736126,address
관악구,봉천동,1653,3,닷컴힐즈(1653-3),서울특별시 관악구 봉천동 1653-3,37.475057339917,126.970360358914,address
구로구,구로동,752,19,(752-19),서울특별시 구로구 구로동 752-19,37.488489835342,126.888167814767,address
동대문구,전농동,127,359,퀸즈W청량리역,서울특별시 동대문구 전농동 127-359,37.5805784785406,127.050917273005,address
관악구,봉천동,464,41,은선파인빌,서울특별시 관악구 봉천동 464-41,37.4863097503983,126.947899172006,address
동작구,상도동,460,0,상도팰리스,서울특별시 동작구 상도동 460,37.5035219526724,126.953970589564,address
관악구,신림동,1739,0,보라매스카이아파트(1739),서울특별시 관악구 신림동 1739,37.4876370620473,126.92473283655,address
서초구,방배동,3279,0,방배 서리풀 그랑블,서울특별시 서초구 방배동 3279,37.4860809127443,126.99749869562,address
성북구,석관동,408,0,신동아파밀리에,서울특별시 성북구 석관동 408,37.6075298393944,127.053568300335,address
서대문구,홍은동,413,38,현대하이츠,서울특별시 서대문구 홍은동 413-38,37.5779896376324,126.926343150717,address
강남구,역삼동,664,5,역삼예명,서울특별시 강남구 역삼동 664-5,37.5049800573745,127.038448613663,address
서초구,양재동,292,0,뉴현대,서울특별시 서초구 양재동 292,37.4732982520401,127.045157459772,address
광진구,구의동,71,6,한영해시안아파트,서울특별시 광진구 구의동 71-6,37.5489172581789,127.089948891857,address
종로구,신영동,105,22,구암하이빌,서울특별시 종로구 신영동 105-22,37.6019092097635,126.962323367408,address
송파구,오금동,75,0,다성이즈빌클래식,서울특별시 송파구 오금동 75,37.5048912602619,127.136084496103,address
동대문구,장안동,346,11,선경이노블,서울특별시 동대문구 장안동 346-11,37.5688071038879,127.070786725972,address
용산구,한남동,809,0,대성이태리하우스,서울특별시 용산구 한남동 809,37.5387697262658,127.003365704807,address
양천구,신정동,938,7,동원데쟈뷰,서울특별시 양천구 신정동 938-7,37.5268037265479,126.849990134705,address
구로구,구로동,1284,0,우성에비뉴,서울특별시 구로구 구로동 1284,37.4823791893915,126.898328058794,address
관악구,신림동,1712,0,초원,서울특별시 관악구 신림동 1712,37.473398307128,126.914130412664,address
노원구,중계동,137,28,코지아뜨리에101,서울특별시 노원구 중계동 137-28,37.6619775347513,127.075231128016,address
마포구,합정동,467,0,한강동원아파트,서울특별시 마포구 합정동 467,37.5449424743009,126.912532108345,address
은평구,진관동,132,0,폭포동4단지힐스테이트(423~425동)BL3-10,서울특별시 은평구 진관동 132,37.6274025388161,126.934086316438,address
은평구,증산동,220,1,DMC덕원,서울특별시 은평구 증산동 220-1,37.5787873831411,126.903586634988,address
강서구,내발산동,674,20,A.G.S.드림,서울특별시 강서구 내발산동 674-20,37.5525173361628,126.840031020836,address
구로구,구로동,747,26,(747-26),서울특별시 구로구 구로동 747-26,37.4870618800584,126.886896887636,address
강남구,논현동,108,0,논현웰스톤,서울특별시 강남구 논현동 108,37.5184527297989,127.038029751138,address
용산구,이촌동,414,0,이촌코오롱(B),서울특별시 용산구 이촌동 414,37.5190183972899,126.980020590419,address
양천구,신월동,507,3,나이아가라,서울특별시 양천구 신월동 507-3,37.5229110835718,126.847212926784,address
관악구,봉천동,1727,0,관악유앤아이,서울특별시 관악구 봉천동 1727,37.4868973645038,126.95057083075,address
강남구,청담동,128,1,구산,서울특별시 강남구 청담동 128-1,37.5266840582451,127.053903449795,address
강동구,길동,457,1,강동렘브란트,서울특별시 강동구 길동 457-1,37.535052839071,127.137267314239,address
서초구,서초동,1609,6,두진한아름,서울특별시 서초구 서초동 1609-6,37.4896930169861,127.022932328054,address
강동구,천호동,362,0,로뎀,서울특별시 강동구 천호동 362,37.5438937350979,127.127359418022,address
강남구,역삼동,606,18,현대휴먼터치빌,서울특별시 강남구 역삼동 606-18,37.5064871513226,127.033791048471,address
송파구,석촌동,222,7,배명씨앤디,서울특별시 송파구 석촌동 222-7,37.4977234485437,127.098246553669,address
마포구,망원동,513,0,상암마젤란21,서울특별시 마포구 망원동 513,37.5622752312115,126.903064749193,address
구로구,고척동,322,0,성원,서울특별시 구로구 고척동 322,37.501977303707,126.865711952056,address
금천구,독산동,1141,0,서초파레스,서울특별시 금천구 독산동 1141,37.4705457449469,126.899547680668,address
서초구,서초동,1677,11,삼환바우스,서울특별시 서초구 서초동 1677-11,37.4948993905998,127.018899948268,address
서초구,서초동,1566,19,서초노빌리에,서울특별시 서초구 서초동 1566-19,37.4898662245108,127.0133138253,address
송파구,가락동,160,1,주성드림펠리스,서울특별시 송파구 가락동 160-1,37.5012432149395,127.128739486067,address
서초구,서초동,1656,4,롯데캐슬메디치,서울특별시 서초구 서초동 1656-4,37.4915912425175,127.014512181675,address
동대문구,회기동,351,0,회기힐스테이트,서울특별시 동대문구 회기동 351,37.590046068613,127.053661066923,address
성북구,안암동3가,79,4,동아쉐르빌,서울특별시 성북구 안암동3가 79-4,37.5834154582507,127.02289538125,address
서대문구,북가좌동,273,12,동도하이츠에이동,서울특별시 서대문구 북가좌동 273-12,37.5842795793182,126.914847809444,address
은평구,신사동,1,136,대운,서울특별시 은평구 신사동 1-136,37.6005473855811,126.911233737918,address
강남구,논현동,275,0,동부센트레빌,서울특별시 강남구 논현동 275,37.5103565201441,127.037651943453,address
구로구,구로동,110,8,하나세인스톤1차,서울특별시 구로구 구로동 110-8,37.5012540822611,126.888983734633,address
구로구,오류동,292,10,우창굿모닝,서울특별시 구로구 오류동 292-10,37.4867638125538,126.830026167866,address
동대문구,장안동,586,0,U포그니2차,서울특별시 동대문구 장안동 586,37.5711799554068,127.068821944985,address
서초구,반포동,713,1,반포훼미리(101동),서울특별시 서초구 반포동 713-1,37.507600073913,127.017646257496,address
도봉구,방학동,690,3,부영팰리스,서울특별시 도봉구 방학동 690-3,37.6639817089344,127.037431439902,address
노원구,공릉동,589,3,새울센스빌아파트,서울특별시 노원구 공릉동 589-3,37.6210061296129,127.077666529022,address
중구,회현동1가,206,0,SK리더스뷰남산,서울특별시 중구 회현동1가 206,37.5591275120652,126.980636557364,address
서초구,잠원동,76,2,두산위브,서울특별시 서초구 잠원동 76-2,37.506801297736,127.000647609915,address
동작구,상도동,301,4,초원,서울특별시 동작구 상도동 301-4,37.493439303455,126.933322089685,address
은평구,구산동,202,8,천지로얄,서울특별시 은평구 구산동 202-8,37.6138148239687,126.910173130426,address
강동구,천호동,22,17,평대미진아파트,서울특별시 강동구 천호동 22-17,37.549783436738,127.141026156419,address
관악구,봉천동,1672,10,탑,서울특별시 관악구 봉천동 1672-10,37.4805195040536,126.958077031852,address
서대문구,북가좌동,325,43,충우팰리스2,서울특별시 서대문구 북가좌동 325-43,37.5820518189029,126.911226606383,address
은평구,신사동,362,0,청운제일(362-0),서울특별시 은평구 신사동 362,37.5936252488618,126.913905496179,address
영등포구,도림동,231,1,한라,서울특별시 영등포구 도림동 231-1,37.5075483587482,126.897497023569,address
은평구,구산동,321,28,벨뷰아파트,서울특별시 은평구 구산동 321-28,37.6159420395348,126.907468183209,address
강북구,수유동,281,51,부강쉐르빌,서울특별시 강북구 수유동 281-51,37.6461528338662,127.014234334481,address
서대문구,홍은동,8,205,북한산삼부르네상스101동,서울특별시 서대문구 홍은동 8-205,37.6019806151189,126.951363709301,address
관악구,신림동,1474,6,삼성,서울특별시 관악구 신림동 1474-6,37.4810211342777,126.913168473105,address
광진구,구의동,683,0,리마크빌구의,서울특별시 광진구 구의동 683,37.5374488076669,127.084949104501,address
중구,신당동,217,95,동평화패션타운,서울특별시 중구 신당동 217-95,37.5693455045166,127.013772247509,address
동작구,상도동,420,0,대우유로카운티,서울특별시 동작구 상도동 420,37.5054524889319,126.949235355135,address
서초구,반포동,79,1,덕동반포빌라트,서울특별시 서초구 반포동 79-1,37.496649756152,127.000312226496,address
서초구,양재동,15,11,리시본하우스,서울특별시 서초구 양재동 15-11,37.4810914974255,127.038655821615,address
서대문구,연희동,74,14,동도아카데미하우스2차,서울특별시 서대문구 연희동 74-14,37.5744384812649,126.936795992125,address
서초구,방배동,800,3,나인빌,서울특별시 서초구 방배동 800-3,37.4933654528231,126.996792948977,address
동작구,상도동,458,0,상도1차갑을명가,서울특별시 동작구 상도동 458,37.4936083058162,126.934077539759,address
동대문구,장안동,583,0,우성5차에비뉴,서울특별시 동대문구 장안동 583,37.5650037519619,127.067677480322,address
서초구,방배동,759,3,삼호3,서울특별시 서초구 방배동 759-3,37.4966057461012,126.986580827506,address
동대문구,장안동,374,8,가우디트윈캐슬2,서울특별시 동대문구 장안동 374-8,37.5681962043015,127.068382728879,address
종로구,충신동,62,2,CS타워,서울특별시 종로구 충신동 62-2,37.5751372942865,127.004044861769,address
마포구,신공덕동,15,80,공덕프로포즈Ⅱ,서울특별시 마포구 신공덕동 15-80,37.5450197339874,126.955026081494,address
송파구,문정동,117,0,문정대우푸르지오3차,서울특별시 송파구 문정동 117,37.4871169853133,127.133272419016,address
구로구,오류동,6,63,루체비스타,서울특별시 구로구 오류동 6-63,37.4952180097557,126.84053304814,address
강동구,길동,388,7,다성이즈빌(주상복합),서울특별시 강동구 길동 388-7,37.5379814399674,127.138739971096,address
서초구,반포동,81,8,금정노블,서울특별시 서초구 반포동 81-8,37.4956775648074,127.001141460844,address
서대문구,대현동,101,7,혜우,서울특별시 서대문구 대현동 101-7,37.5576401302683,126.943170032589,address
도봉구,쌍문동,639,1,한영,서울특별시 도봉구 쌍문동 639-1,37.6567505096963,127.038030822026,address
서초구,양재동,3,1,한아름,서울특별시 서초구 양재동 3-1,37.4841449102004,127.04136294413,address
강남구,청담동,43,0,청담우방아파트,서울특별시 강남구 청담동 43,37.5181427848492,127.043997193663,address
금천구,시흥동,791,40,SM엘루이,서울특별시 금천구 시흥동 791-40,37.4459375019143,126.902367711025,address
구로구,구로동,110,0,종인아네스트,서울특별시 구로구 구로동 110,37.501909971739,126.888460389523,address
광진구,구의동,205,18,그레이스홈타운(102동),서울특별시 광진구 구의동 205-18,37.5423739269043,127.092868199567,address
은평구,역촌동,2,1,고도아파트,서울특별시 은평구 역촌동 2-1,37.6099601514265,126.918921233627,address
금천구,시흥동,948,0,삼일,서울특별시 금천구 시흥동 948,37.4412184832155,126.906319048413,address
중구,흥인동,142,1,위더스하임,서울특별시 중구 흥인동 142-1,37.566084567426,127.014221235624,address
강동구,명일동,357,0,에스엠해그린,서울특별시 강동구 명일동 357,37.5453020856097,127.145674389107,address
동대문구,장안동,563,0,신부파스카(563),서울특별시 동대문구 장안동 563,37.5655179693251,127.069963449153,address
은평구,신사동,19,162,명남더블레스(19-162),서울특별시 은평구 신사동 19-162,37.5968045444397,126.908823314873,address
강동구,길동,356,8,문화1,서울특별시 강동구 길동 356-8,37.5397245663159,127.143520825383,address
동작구,흑석동,332,0,해가든,서울특별시 동작구 흑석동 332,37.5066671249378,126.962188516358,address
동대문구,답십리동,1008,0,청계와이즈노벨리아,서울특별시 동대문구 답십리동 1008,37.5738448537072,127.04504116911,address
마포구,망원동,454,36,참존2차(102동),서울특별시 마포구 망원동 454-36,37.5558002679001,126.898723186969,address
송파구,가락동,120,4,가락우성2,서울특별시 송파구 가락동 120-4,37.4918791069932,127.125513034593,address
노원구,공릉동,492,3,서진프라자아파트,서울특별시 노원구 공릉동 492-3,37.6233691492525,127.071834468883,address
영등포구,양평동4가,324,0,에이스리버티움,서울특별시 영등포구 양평동4가 324,37.5370804460236,126.898149290746,address
서대문구,창천동,506,27,엘르빌,서울특별시 서대문구 창천동 506-27,37.5589160354932,126.928726683655,address
마포구,노고산동,1,25,신촌다올노블리움,서울특별시 마포구 노고산동 1-25,37.5560499583843,126.940962984142,address
구로구,구로동,1271,0,보람쉬움,서울특별시 구로구 구로동 1271,37.4866688148574,126.897616126799,address
강서구,화곡동,355,22,꿈동산(355-22),서울특별시 강서구 화곡동 355-22,37.5313282709508,126.839097992443,address
금천구,시흥동,1014,0,금광,서울특별시 금천구 시흥동 1014,37.4510114321357,126.911592020544,address
강서구,화곡동,1076,2,근상프리즘(1076-2),서울특별시 강서구 화곡동 1076-2,37.5415100617889,126.841261196009,address
송파구,문정동,94,9,대림미소나눔,서울특별시 송파구 문정동 94-9,37.4839904956044,127.128549663403,address
도봉구,쌍문동,159,0,대우파크빌,서울특별시 도봉구 쌍문동 159,37.6554186659673,127.032330466128,address
강남구,대치동,902,0,포스코더샵,서울특별시 강남구 대치동 902,37.5039585509104,127.057041795103,address
은평구,대조동,4,14,제이타워3,서울특별시 은평구 대조동 4-14,37.611423780955,126.927903617229,address
용산구,한강로3가,82,0,전자타운한신(A),서울특별시 용산구 한강로3가 82,37.5339898816337,126.963694095686,address
용산구,이촌동,203,14,장미(203-14),서울특별시 용산구 이촌동 203-14,37.5261672272619,126.955821838912,address
양천구,목동,954,0,웨스트빌(102동),서울특별시 양천구 목동 954,37.5401220760071,126.86902834365,address
서초구,양재동,16,22,비젼(102),서울특별시 서초구 양재동 16-22,37.4809011363985,127.0399435994,address
마포구,염리동,533,0,마포자이더센트리지(102동~112동),서울특별시 마포구 염리동 533,37.5508892423783,126.948512315027,address
강남구,도곡동,944,5,현대아이리스1,서울특별시 강남구 도곡동 944-5,37.489291518606,127.034158365766,address
양천구,목동,528,7,삼성(528-7),서울특별시 양천구 목동 528-7,37.5461273574504,126.87268385627,address
서초구,방배동,169,24,방배한화,서울특별시 서초구 방배동 169-24,37.4848933132557,126.998726188903,address
강남구,청담동,67,1,청담린든그로브,서울특별시 강남구 청담동 67-1,37.5229113093301,127.053666681465,address
양천구,신월동,447,3,상아아름,서울특별시 양천구 신월동 447-3,37.525314210271,126.841653455184,address
도봉구,쌍문동,103,69,쌍문리버뷰,서울특별시 도봉구 쌍문동 103-69,37.6435953086566,127.031082137295,address
강서구,화곡동,343,35,성재센트리움아파트(343-35),서울특별시 강서구 화곡동 343-35,37.531551713971,126.84605623801,address
동대문구,장안동,351,5,에메랄드(351-5),서울특별시 동대문구 장안동 351-5,37.566955801236,127.06977270922,address
마포구,성산동,210,10,골든빌(210-10),서울특별시 마포구 성산동 210-10,37.5612241008805,126.916595102204,address
송파구,석촌동,227,12,밀란체1,서울특별시 송파구 석촌동 227-12,37.499108746484,127.099108065348,address
관악구,봉천동,63,45,경원시티,서울특별시 관악구 봉천동 63-45,37.482188609907,126.955575264065,address
강동구,명일동,47,12,명일진로,서울특별시 강동구 명일동 47-12,37.5532422593823,127.154778066661,address
강서구,화곡동,400,42,뉴파인,서울특별시 강서구 화곡동 400-42,37.53852358093,126.841440643114,address
송파구,석촌동,226,2,현대(201),서울특별시 송파구 석촌동 226-2,37.4990638841541,127.099847828832,address
도봉구,창동,661,78,한솔,서울특별시 도봉구 창동 661-78,37.649819064667,127.036333206922,address
도봉구,방학동,738,0,신동아아파트5,서울특별시 도봉구 방학동 738,37.6634040552475,127.028533511046,address
은평구,구산동,220,2,새천년3차드림,서울특별시 은평구 구산동 220-2,37.6120719571594,126.914175650667,address
노원구,상계동,1087,4,수락파크,서울특별시 노원구 상계동 1087-4,37.6735026192724,127.051155377313,address
영등포구,당산동,121,136,성재아이캐슬,서울특별시 영등포구 당산동 121-136,37.5270374781633,126.907965015581,address
종로구,익선동,30,6,운현신화타워,서울특별시 종로구 익선동 30-6,37.5751033467401,126.989136577815,address
강서구,화곡동,918,25,AndPra레지던스,서울특별시 강서구 화곡동 918-25,37.5303316769324,126.845166221171,address
송파구,송파동,139,4,경일,서울특별시 송파구 송파동 139-4,37.5081879630266,127.114491071038,address
강남구,역삼동,838,10,강남웅진베어스빌,서울특별시 강남구 역삼동 838-10,37.4901859619775,127.032841225272,address
금천구,독산동,333,24,중앙아파트,서울특별시 금천구 독산동 333-24,37.4692279231316,126.891787445891,address
서대문구,연희동,89,9,연화,서울특별시 서대문구 연희동 89-9,37.5691612601732,126.932084899166,address
강남구,청담동,44,21,청담3차이-편한세상(301동),서울특별시 강남구 청담동 44-21,37.5185858165975,127.045637094195,address
금천구,가산동,153,9,해찬행복드림,서울특별시 금천구 가산동 153-9,37.4737811384315,126.894030916928,address
강남구,청담동,43,1,현대빌라(43-1),서울특별시 강남구 청담동 43-1,37.5183821826988,127.044474915664,address
영등포구,영등포동1가,29,0,여의도의아침,서울특별시 영등포구 영등포동1가 29,37.518321408218,126.914376573096,address
노원구,월계동,946,0,우남푸르미아,서울특별시 노원구 월계동 946,37.6328070332115,127.057058455459,address
성동구,성수동2가,336,2,성동상가,서울특별시 성동구 성수동2가 336-2,37.5386653560701,127.054173784676,address
은평구,대조동,15,122,영화노블레스아파트,서울특별시 은평구 대조동 15-122,37.6089543004106,126.930524668373,address
구로구,궁동,190,121,대명그린(아),서울특별시 구로구 궁동 190-121,37.4958103798414,126.832431414025,address
강서구,내발산동,716,2,한서2차APT,서울특별시 강서구 내발산동 716-2,37.5501326165651,126.833669669591,address
마포구,신공덕동,5,5,뉴마인,서울특별시 마포구 신공덕동 5-5,37.547592922491,126.957278598979,address
송파구,가락동,168,1,삼성프라자,서울특별시 송파구 가락동 168-1,37.4966373023742,127.135167216256,address
강서구,등촌동,660,5,삼성,서울특별시 강서구 등촌동 660-5,37.5574540652402,126.849619175022,address
용산구,이촌동,300,17,중앙하이츠(A),서울특별시 용산구 이촌동 300-17,37.5181277500729,126.977017911658,address
강동구,길동,99,1,도림씨티빌1,서울특별시 강동구 길동 99-1,37.5398696858144,127.146989142317,address
성동구,성수동1가,710,0,강변건영아파트,서울특별시 성동구 성수동1가 710,37.5403678235429,127.045104755028,address
서초구,잠원동,71,9,신반포중앙하이츠,서울특별시 서초구 잠원동 71-9,37.5115233375344,127.005493381026,address
노원구,공릉동,670,7,67디벨리움,서울특별시 노원구 공릉동 670-7,37.618296858122,127.076566251997,address
강서구,화곡동,1111,3,경동엠파이어스테이트,서울특별시 강서구 화곡동 1111-3,37.5543000780593,126.851862008553,address
구로구,구로동,104,6,그린플러스구로해담채2,서울특별시 구로구 구로동 104-6,37.4971738534007,126.891380963828,address
종로구,신교동,6,11,신현(102동),서울특별시 종로구 신교동 6-11,37.5834279793147,126.9681553667,address
구로구,구로동,97,5,SR친오애,서울특별시 구로구 구로동 97-5,37.4966018105217,126.892174288134,address
서대문구,연희동,105,4,은하,서울특별시 서대문구 연희동 105-4,37.5725724580428,126.927735063762,address
양천구,신정동,1304,0,정은스카이빌2차,서울특별시 양천구 신정동 1304,37.5221456656607,126.848951037797,address
송파구,오금동,118,23,명성화인캐슬,서울특별시 송파구 오금동 118-23,37.5040726037584,127.140626289744,address
양천구,목동,934,0,금호1,서울특별시 양천구 목동 934,37.5252747608601,126.874676863692,address
은평구,불광동,12,3,선우아파트,서울특별시 은평구 불광동 12-3,37.6176423545893,126.933818334035,address
강동구,명일동,348,1,다성이즈빌(명일4차),서울특별시 강동구 명일동 348-1,37.5457748652929,127.145214527109,address
강남구,역삼동,823,7,강남역우정에쉐르,서울특별시 강남구 역삼동 823-7,37.4984060977465,127.032263556578,address
은평구,응암동,122,10,명남(122-10),서울특별시 은평구 응암동 122-10,37.5964842610179,126.916012571319,address
서대문구,홍제동,283,36,마체스터,서울특별시 서대문구 홍제동 283-36,37.5963609026581,126.949945811498,address
은평구,응암동,93,6,명남더블레스,서울특별시 은평구 응암동 93-6,37.6010362208528,126.927674700943,address
은평구,대조동,185,71,대덕타워,서울특별시 은평구 대조동 185-71,37.6176778831158,126.921519254341,address
성북구,장위동,314,0,그린빌아파트,서울특별시 성북구 장위동 314,37.617654718404,127.042950838802,address
강남구,역삼동,778,5,쎄비앙102동,서울특별시 강남구 역삼동 778-5,37.4956710411087,127.042903724591,address
용산구,이태원동,252,1,창덕아파트,서울특별시 용산구 이태원동 252-1,37.5401480340454,126.990773730203,address
용산구,한강로1가,50,1,용산파크자이,서울특별시 용산구 한강로1가 50-1,37.5366261935205,126.97266226677,address
용산구,후암동,244,91,힐튼빌리지1차,서울특별시 용산구 후암동 244-91,37.5491167213549,126.979143574745,address
강동구,길동,386,4,에스아이팰리스강동센텀Ⅱ,서울특별시 강동구 길동 386-4,37.5379270850208,127.137528634012,address
강남구,신사동,632,0,압구정하이츠파크,서울특별시 강남구 신사동 632,37.5237762665982,127.033706308004,address
동작구,동작동,329,0,이수교신동아아파트,서울특별시 동작구 동작동 329,37.4971466521856,126.980917304946,address
송파구,가락동,11,3,씨티빌,서울특별시 송파구 가락동 11-3,37.5018644808994,127.126213503961,address
서초구,서초동,1466,4,애지앙,서울특별시 서초구 서초동 1466-4,37.4807017352463,127.010341194495,address
송파구,방이동,50,10,동광팰리스,서울특별시 송파구 방이동 50-10,37.5154956256603,127.114510830541,address
강남구,역삼동,656,31,역삼엔스위트102동,서울특별시 강남구 역삼동 656-31,37.5067282419229,127.038833483931,address
강동구,암사동,474,21,메이저(474-21),서울특별시 강동구 암사동 474-21,37.5523613642152,127.136430823125,address
강서구,화곡동,1076,9,NS파크APT,서울특별시 강서구 화곡동 1076-9,37.5409500349642,126.841689303276,address
노원구,상계동,737,0,상계주공3(저층),서울특별시 노원구 상계동 737,37.6518927545827,127.057998195929,address
동대문구,장안동,350,11,SM이로빌(350-11),서울특별시 동대문구 장안동 350-11,37.5673121832875,127.070466791021,address
강동구,둔촌동,61,9,노바,서울특별시 강동구 둔촌동 61-9,37.5326286374339,127.142863919715,address
강동구,성내동,604,0,금광포란재,서울특별시 강동구 성내동 604,37.5352498571928,127.12757190731,address
송파구,오금동,29,5,오륜파크빌,서울특별시 송파구 오금동 29-5,37.5076280470681,127.131967835692,address
강서구,내발산동,673,6,새신아,서울특별시 강서구 내발산동 673-6,37.5525005456145,126.84060697269,address
서초구,양재동,359,0,새티스,서울특별시 서초구 양재동 359,37.4685018570084,127.044566190097,address
서대문구,홍은동,8,294,북한산삼부르네상스304동305동,서울특별시 서대문구 홍은동 8-294,37.6006642582884,126.949833876736,address
관악구,봉천동,1594,4,은선,서울특별시 관악구 봉천동 1594-4,37.4743630646054,126.953446624489,address
용산구,한강로1가,216,11,센트럴파크,서울특별시 용산구 한강로1가 216-11,37.5326312935443,126.974071398814,address
구로구,구로동,744,19,(744-19),서울특별시 구로구 구로동 744-19,37.4881666139527,126.886717699471,address
용산구,한강로2가,419,0,아스테리움용산,서울특별시 용산구 한강로2가 419,37.5276308275423,126.968859586066,address
금천구,가산동,141,2,가산양우내안에애플,서울특별시 금천구 가산동 141-2,37.4788922007441,126.891152937548,address
송파구,방이동,185,0,인택파크랜드,서울특별시 송파구 방이동 185,37.5113928423169,127.126915991397,address
강동구,둔촌동,489,0,올림픽파크 서한포레스트,서울특별시 강동구 둔촌동 489,37.5305777050009,127.137847531375,address
송파구,방이동,154,21,주함위너스Ⅰ,서울특별시 송파구 방이동 154-21,37.5135090985659,127.11716972473,address
용산구,한남동,825,0,한남파라곤,서울특별시 용산구 한남동 825,37.5391384179097,127.003281312445,address
은평구,녹번동,182,0,거장카운티,서울특별시 은평구 녹번동 182,37.602180708743,126.927169770019,address
중구,신당동,432,498,다오아트빌,서울특별시 중구 신당동 432-498,37.5510603258962,127.006135220837,address
서대문구,홍은동,402,39,성우,서울특별시 서대문구 홍은동 402-39,37.5803298330903,126.927726547857,address
금천구,시흥동,823,0,신세계,서울특별시 금천구 시흥동 823,37.4542151104637,126.907403548634,address
마포구,상암동,34,51,예인하우스,서울특별시 마포구 상암동 34-51,37.5746156736112,126.894405192855,address
서대문구,홍은동,457,0,동일,서울특별시 서대문구 홍은동 457,37.598485623693,126.946663076078,address
강동구,길동,388,2,에스아이팰리스강동센텀I,서울특별시 강동구 길동 388-2,37.5376464152472,127.138614663086,address
서대문구,북아현동,114,1,북아현맨션,서울특별시 서대문구 북아현동 114-1,37.5610581681691,126.958841196498,address
양천구,목동,948,0,월드메르디앙2,서울특별시 양천구 목동 948,37.5384945130294,126.870419059548,address
영등포구,문래동6가,11,1,유원문래,서울특별시 영등포구 문래동6가 11-1,37.5209647256524,126.8879447046,address
관악구,봉천동,1531,34,대경,서울특별시 관악구 봉천동 1531-34,37.4809650390605,126.938489657727,address
서초구,방배동,1030,1,삼호한숲,서울특별시 서초구 방배동 1030-1,37.4777566933679,126.998922010145,address
도봉구,쌍문동,153,0,기용,서울특별시 도봉구 쌍문동 153,37.6547784550096,127.034462491848,address
노원구,공릉동,690,10,탑스빌아파트(101동),서울특별시 노원구 공릉동 690-10,37.6173868979058,127.072366165868,address
동대문구,장안동,415,1,양지쉐르빌아파트(415-1),서울특별시 동대문구 장안동 415-1,37.5625799833677,127.061412357173,address
강서구,등촌동,662,3,신송타워,서울특별시 강서구 등촌동 662-3,37.5584659129699,126.847813313401,address
강서구,방화동,615,103,형제,서울특별시 강서구 방화동 615-103,37.5659516762396,126.807963327022,address
은평구,녹번동,141,8,동호스카이,서울특별시 은평구 녹번동 141-8,37.6081011219233,126.926025124793,address
동대문구,회기동,60,223,동일스카이시티3차,서울특별시 동대문구 회기동 60-223,37.5912416409681,127.048121475963,address
성북구,정릉동,800,95,동일스카이,서울특별시 성북구 정릉동 800-95,37.6179792338266,127.004569460575,address
강남구,도곡동,964,0,현대그린1,서울특별시 강남구 도곡동 964,37.488966366098,127.039576448741,address
광진구,구의동,47,23,해성아파트,서울특별시 광진구 구의동 47-23,37.5512040236069,127.092473451268,address
강남구,논현동,274,0,경남논현,서울특별시 강남구 논현동 274,37.5106817873212,127.038198973038,address
중랑구,묵동,389,0,태창네스트빌,서울특별시 중랑구 묵동 389,37.6163425618207,127.077201366836,address
구로구,구로동,567,4,구로에스케이뷰,서울특별시 구로구 구로동 567-4,37.5025479563558,126.882948285714,address
양천구,신정동,1302,0,주건드림빌,서울특별시 양천구 신정동 1302,37.5246773491539,126.858747123451,address
동작구,사당동,205,0,삼성그린(205),서울특별시 동작구 사당동 205,37.4860825151709,126.965933550254,address
관악구,남현동,1059,1,르메이르강남타운1,서울특별시 관악구 남현동 1059-1,37.4763335898741,126.978555813837,address
구로구,오류동,51,31,포스시티,서울특별시 구로구 오류동 51-31,37.4954175987872,126.843373824053,address
중랑구,망우동,236,7,대보,서울특별시 중랑구 망우동 236-7,37.604712665163,127.10631512475,address
양천구,신정동,895,3,예지팰리스50차,서울특별시 양천구 신정동 895-3,37.5283077760229,126.862197712866,address
노원구,상계동,1373,2,센트럴,서울특별시 노원구 상계동 1373-2,37.6718007541507,127.082234159727,address
은평구,역촌동,43,4,하늘애,서울특별시 은평구 역촌동 43-4,37.6005247432004,126.918437627499,address
서초구,반포동,612,49,프레스턴클레식,서울특별시 서초구 반포동 612-49,37.4964514257034,126.993134427797,address
송파구,송파동,58,1,대우레이크월드,서울특별시 송파구 송파동 58-1,37.511549422886,127.108189133471,address
서대문구,북가좌동,273,17,동도하이츠비동,서울특별시 서대문구 북가좌동 273-17,37.5840945141509,126.914721330776,address
송파구,방이동,48,5,현대주상복합,서울특별시 송파구 방이동 48-5,37.5154757075185,127.113114421212,address
광진구,광장동,530,1,광장르엣지29,서울특별시 광진구 광장동 530-1,37.5429813142048,127.094428900535,address
양천구,목동,945,0,목동노블레스,서울특별시 양천구 목동 945,37.5359406972171,126.868767392844,address
광진구,화양동,116,2,화양동동도센트리움캠퍼스파크,서울특별시 광진구 화양동 116-2,37.5475974741756,127.070902005783,address
송파구,오금동,113,2,광남캐스빌,서울특별시 송파구 오금동 113-2,37.5015683226429,127.142229985843,address
관악구,봉천동,1522,32,금강아미움(105동),서울특별시 관악구 봉천동 1522-32,37.4816901842801,126.940450236811,address
은평구,증산동,161,8,네르비,서울특별시 은평구 증산동 161-8,37.5875744656535,126.911721734394,address
은평구,불광동,484,57,삼흥아파트,서울특별시 은평구 불광동 484-57,37.6207823989831,126.920684798885,address
강남구,청담동,33,0,청담동삼성1차(101동),서울특별시 강남구 청담동 33,37.5194352215263,127.047840037208,address
강남구,신사동,550,5,뉴현대,서울특별시 강남구 신사동 550-5,37.523565711083,127.023651760504,address
강서구,염창동,296,0,태진드림피아,서울특별시 강서구 염창동 296,37.5525770268127,126.870826873683,address
서초구,방배동,1029,1,공작빌라트,서울특별시 서초구 방배동 1029-1,37.4775472943048,126.998512525124,address
서초구,서초동,1608,8,경남아너스빌(1608-8),서울특별시 서초구 서초동 1608-8,37.4885341453254,127.023368998351,address
강서구,내발산동,695,0,내츄럴1차,서울특별시 강서구 내발산동 695,37.5514870661611,126.831874429983,address
영등포구,신길동,4944,0,보라매정은벚꽃마을,서울특별시 영등포구 신길동 4944,37.4960303158106,126.910177904404,address
서초구,반포동,741,5,산호아파트,서울특별시 서초구 반포동 741-5,37.5045561926968,127.021041602503,address
송파구,방이동,198,0,현대홈타운스위트102,서울특별시 송파구 방이동 198,37.5107578043815,127.122313999223,address
강동구,둔촌동,544,0,라이프101동(544)102동(544-1),서울특별시 강동구 둔촌동 544,37.5295548434094,127.13957388613,address
양천구,목동,541,0,수산팰리스,서울특별시 양천구 목동 541,37.5429384534972,126.874282492849,address
은평구,역촌동,63,2,소망,서울특별시 은평구 역촌동 63-2,37.6035602307886,126.915312456166,address
성북구,종암동,33,45,중앙드림빌,서울특별시 성북구 종암동 33-45,37.5930697343142,127.033603018374,address
강동구,길동,347,20,태솔,서울특별시 강동구 길동 347-20,37.5419213548346,127.142576702485,address
강동구,천호동,450,38,강동파크빌,서울특별시 강동구 천호동 450-38,37.5378357738362,127.131067113386,address
동작구,대방동,394,2,진성마블로스,서울특별시 동작구 대방동 394-2,37.4999676640979,126.92755539027,address
관악구,신림동,1484,9,벨라루체아파트,서울특별시 관악구 신림동 1484-9,37.4809404102588,126.911477176115,address
서초구,방배동,899,16,브라운스톤방배,서울특별시 서초구 방배동 899-16,37.486791104159,126.995143203806,address
송파구,마천동,271,17,산성,서울특별시 송파구 마천동 271-17,37.4928200399165,127.158352099283,address
강서구,화곡동,923,17,효성A(923-17),서울특별시 강서구 화곡동 923-17,37.5292264494938,126.840784125414,address
송파구,장지동,894,0,위례아이파크,서울특별시 송파구 장지동 894,37.4761769981712,127.141966372049,address
강서구,화곡동,918,38,성재센트리움,서울특별시 강서구 화곡동 918-38,37.5301621496422,126.844374852618,address
구로구,개봉동,491,0,LIPe-푸른아파트,서울특별시 구로구 개봉동 491,37.4930730724402,126.850096521487,address
강서구,내발산동,688,21,내츄럴아파트3차,서울특별시 강서구 내발산동 688-21,37.5522385998887,126.832009449196,address
서초구,잠원동,34,1,잠원아이비,서울특별시 서초구 잠원동 34-1,37.5116786345904,127.016517954988,address
양천구,신월동,1065,0,은성마을승윤노블리안,서울특별시 양천구 신월동 1065,37.5408475924845,126.827969375308,address
송파구,신천동,11,8,더샵스타리버,서울특별시 송파구 신천동 11-8,37.5180031106649,127.104406664149,address
송파구,가락동,92,3,예일,서울특별시 송파구 가락동 92-3,37.4980866240558,127.117418049464,address
강서구,등촌동,526,5,세심,서울특별시 강서구 등촌동 526-5,37.5486748234004,126.861848462648,address
강서구,염창동,271,5,염창2차보람,서울특별시 강서구 염창동 271-5,37.5524441878463,126.867304273216,address
강서구,염창동,250,1,삼현팰리채,서울특별시 강서구 염창동 250-1,37.5505356760612,126.873695190425,address
중랑구,망우동,213,3,개나리,서울특별시 중랑구 망우동 213-3,37.6051214165147,127.105844705879,address
양천구,목동,907,5,목동가든스위트,서울특별시 양천구 목동 907-5,37.5361525415121,126.878730153557,address
구로구,구로동,799,24,한양하이츠,서울특별시 구로구 구로동 799-24,37.4855301074141,126.887779429303,address
강동구,성내동,595,0,코오롱2,서울특별시 강동구 성내동 595,37.532487217051,127.121761155624,address
강북구,미아동,705,1,한화 포레나 미아,서울특별시 강북구 미아동 705-1,37.6193354034297,127.022092885586,address
광진구,자양동,87,1,한강우성,서울특별시 광진구 자양동 87-1,37.5325736855436,127.065722204383,address
강동구,길동,365,1,라인,서울특별시 강동구 길동 365-1,37.5392420281719,127.141474057579,address
서초구,양재동,16,28,현대타운,서울특별시 서초구 양재동 16-28,37.4804349408425,127.039716326517,address
동작구,신대방동,366,176,엘리스,서울특별시 동작구 신대방동 366-176,37.4953238089691,126.924990980032,address
성동구,성수동2가,837,0,우성2차,서울특별시 성동구 성수동2가 837,37.5409152105599,127.058217971662,address
강남구,신사동,551,5,하야트빌,서울특별시 강남구 신사동 551-5,37.5218442295287,127.023780855559,address
강동구,성내동,386,6,우성(102동),서울특별시 강동구 성내동 386-6,37.5322108799117,127.13431044422,address
성동구,성수동2가,745,0,강변청구3,서울특별시 성동구 성수동2가 745,37.5353810387593,127.053956889626,address
노원구,상계동,1251,0,노원우성,서울특별시 노원구 상계동 1251,37.6579249388073,127.065210480805,address
중랑구,망우동,579,0,한울네세창,서울특별시 중랑구 망우동 579,37.5984170305006,127.106277064008,address
노원구,공릉동,222,15,하늘공원아파트(103동),서울특별시 노원구 공릉동 222-15,37.6247493239206,127.080293949233,address
노원구,하계동,251,12,청구3,서울특별시 노원구 하계동 251-12,37.6396108014165,127.072666323474,address
동대문구,이문동,256,2,투니온,서울특별시 동대문구 이문동 256-2,37.6035177185416,127.062226713574,address
강서구,화곡동,957,1,근상프리즘(957-1),서울특별시 강서구 화곡동 957-1,37.5507570957002,126.852445150011,address
강동구,천호동,288,29,브라운스톤암사아파트,서울특별시 강동구 천호동 288-29,37.5487195389058,127.12905047706,address
용산구,한강로1가,231,24,삼각아파트,서울특별시 용산구 한강로1가 231-24,37.5333282140932,126.973246593781,address
구로구,구로동,780,15,미성빌라트,서울특별시 구로구 구로동 780-15,37.4871448633951,126.889275419983,address
강서구,화곡동,453,5,세양(453-5),서울특별시 강서구 화곡동 453-5,37.5338023540371,126.852073064683,address
용산구,한남동,1,44,힐탑트레져1동,서울특별시 용산구 한남동 1-44,37.5384658809255,127.013718478343,address
마포구,망원동,492,0,대상4,서울특별시 마포구 망원동 492,37.5561560048371,126.905263958789,address
마포구,성산동,271,23,상인파크빌,서울특별시 마포구 성산동 271-23,37.5616079951658,126.906013794982,address
마포구,도화동,547,0,도화현대,서울특별시 마포구 도화동 547,37.5402564246835,126.953870961641,address
영등포구,문래동3가,78,0,문래우정,서울특별시 영등포구 문래동3가 78,37.5155794906081,126.892963100621,address
마포구,망원동,503,0,현진에버빌2,서울특별시 마포구 망원동 503,37.5554757127768,126.897763802972,address
양천구,목동,743,19,상진지오밸리가동,서울특별시 양천구 목동 743-19,37.5386618751246,126.867939699261,address
영등포구,신길동,1119,0,하늘애,서울특별시 영등포구 신길동 1119,37.5068735976278,126.922579896526,address
서대문구,남가좌동,397,0,DMC가재울아이파크,서울특별시 서대문구 남가좌동 397,37.570736420468,126.914906811207,keyword
강서구,화곡동,359,3,대우그린,서울특별시 강서구 화곡동 359-3,37.5330861663536,126.837681556867,address
서초구,양재동,402,13,프라임,서울특별시 서초구 양재동 402-13,37.4708811019939,127.049457621655,address
양천구,신월동,1032,0,신월동방원,서울특별시 양천구 신월동 1032,37.5274269820233,126.835209352477,address
강남구,논현동,271,6,테크노빌라트,서울특별시 강남구 논현동 271-6,37.5112487507156,127.040215613045,address
동작구,사당동,212,3,남성골든빌A동B동,서울특별시 동작구 사당동 212-3,37.4867455742679,126.967233210745,address
은평구,역촌동,44,6,거성리젠시2차,서울특별시 은평구 역촌동 44-6,37.6002529902123,126.916484740577,address
마포구,신수동,455,0,경남아너스빌,서울특별시 마포구 신수동 455,37.549578573883,126.933884785143,address
관악구,봉천동,1605,40,신성새실마을103동,서울특별시 관악구 봉천동 1605-40,37.4774135280588,126.953688367042,address
용산구,이촌동,193,5,강서,서울특별시 용산구 이촌동 193-5,37.5232564464148,126.959587779953,address
서대문구,북아현동,123,73,늘푸른,서울특별시 서대문구 북아현동 123-73,37.5611084101092,126.95797826995,address
양천구,신정동,990,16,제일에비앙101동,서울특별시 양천구 신정동 990-16,37.525113520736,126.862795131895,address
중랑구,중화동,207,12,미영리치타운103,서울특별시 중랑구 중화동 207-12,37.5951727228135,127.078437288343,address
강북구,수유동,710,15,백두골드,서울특별시 강북구 수유동 710-15,37.6480373385542,127.021845748919,address
서대문구,연희동,742,0,성원쌍떼빌팰리스,서울특별시 서대문구 연희동 742,37.5758239882078,126.938076065943,address
양천구,목동,772,11,스카이빌아파트,서울특별시 양천구 목동 772-11,37.5342356394865,126.86925021254,address
서초구,방배동,843,13,상지리츠빌4차(843-13),서울특별시 서초구 방배동 843-13,37.4921146456485,126.99586225965,address
강남구,대치동,890,54,선릉역풍림아이원레몬,서울특별시 강남구 대치동 890-54,37.5042550229487,127.051458582955,address
동대문구,답십리동,530,4,보광타워,서울특별시 동대문구 답십리동 530-4,37.5703573103131,127.050113414896,address
종로구,숭인동,178,76,탑스빌,서울특별시 종로구 숭인동 178-76,37.5749941926987,127.020120915764,address
노원구,중계동,582,0,청암3단지(582),서울특별시 노원구 중계동 582,37.6604756878405,127.079089720154,address
광진구,자양동,811,0,광진하나플러스,서울특별시 광진구 자양동 811,37.5295481676458,127.075728758153,address
서초구,잠원동,49,7,잠원동상지리츠빌카일룸,서울특별시 서초구 잠원동 49-7,37.5220605102817,127.016065263129,address
도봉구,창동,665,26,금성파크B동,서울특별시 도봉구 창동 665-26,37.6484584596028,127.038419340946,address
마포구,현석동,118,0,밤섬예가클래식,서울특별시 마포구 현석동 118,37.5421232373534,126.935806939587,address
광진구,구의동,58,26,아차산인앤인W클래스101동,서울특별시 광진구 구의동 58-26,37.5494644745195,127.093493062375,address
중구,신당동,160,5,신당아르브,서울특별시 중구 신당동 160-5,37.5649718292469,127.023335129269,address
은평구,역촌동,189,1,센트레빌아스테리움시그니처,서울특별시 은평구 역촌동 189-1,37.6037531908045,126.907699583596,address
강서구,화곡동,928,27,로얄홈타운(103동),서울특별시 강서구 화곡동 928-27,37.5286444405982,126.840745200351,address
서대문구,홍은동,281,0,로하스,서울특별시 서대문구 홍은동 281,37.5804854204834,126.932733050704,address
용산구,한남동,258,0,리버티하우스,서울특별시 용산구 한남동 258,37.533578250287,127.008679105878,address
동대문구,휘경동,43,66,휘경,서울특별시 동대문구 휘경동 43-66,37.5840574049731,127.066638187959,address
송파구,송파동,58,15,트윈레이크팰리스빌,서울특별시 송파구 송파동 58-15,37.511079918093,127.107588087644,address
송파구,문정동,106,23,선경쉐르빌(106-23),서울특별시 송파구 문정동 106-23,37.4864102849278,127.129500536753,address
양천구,신월동,467,2,한우리아파트,서울특별시 양천구 신월동 467-2,37.5261069544526,126.84584037749,address
서대문구,홍제동,158,13,아름채,서울특별시 서대문구 홍제동 158-13,37.5868059214072,126.945556299314,address
중랑구,묵동,377,0,세원,서울특별시 중랑구 묵동 377,37.6092210031192,127.07433885262,address
동작구,상도동,530,0,롯데캐슬비엔,서울특별시 동작구 상도동 530,37.4968253149696,126.943579717058,address
노원구,중계동,602,0,비콘드림힐(602),서울특별시 노원구 중계동 602,37.6585682434598,127.0758995061,address
강동구,길동,107,0,동삼빌라트,서울특별시 강동구 길동 107,37.5389591903106,127.14766771595,address
서초구,방배동,980,45,청암,서울특별시 서초구 방배동 980-45,37.4797455429817,126.991390098059,address
광진구,중곡동,624,19,테라팰리스중곡1,서울특별시 광진구 중곡동 624-19,37.5603668238581,127.076869110827,address
강서구,화곡동,1077,1,대종,서울특별시 강서구 화곡동 1077-1,37.5402442217119,126.840839792453,address
양천구,목동,808,9,우당,서울특별시 양천구 목동 808-9,37.5296061031069,126.865703955997,address
용산구,이태원동,198,16,마운틴뷰,서울특별시 용산구 이태원동 198-16,37.5374796761459,126.990204481012,address
강북구,미아동,311,9,월드,서울특별시 강북구 미아동 311-9,37.6230205151938,127.024895851019,address
강서구,화곡동,916,2,위하우스아파트,서울특별시 강서구 화곡동 916-2,37.5297560798459,126.843428987447,address
관악구,봉천동,1718,6,하이캐슬,서울특별시 관악구 봉천동 1718-6,37.492337574182,126.945486196561,address
송파구,가락동,198,9,가락현대투웰브(101동),서울특별시 송파구 가락동 198-9,37.4922127278545,127.13173988294,address
동대문구,장안동,568,0,신일해피트리3차(568),서울특별시 동대문구 장안동 568,37.5649115276883,127.065045670718,address
광진구,화양동,111,88,신원리브웰화양동주상복합,서울특별시 광진구 화양동 111-88,37.5456665249179,127.073727895881,address
중랑구,망우동,508,11,해오름102동,서울특별시 중랑구 망우동 508-11,37.596708217402,127.094737153549,address
광진구,군자동,355,5,에피소드1,서울특별시 광진구 군자동 355-5,37.5487433633882,127.068148925189,address
구로구,오류동,31,4,오류동휘버스,서울특별시 구로구 오류동 31-4,37.4977546294044,126.84591021456,address
강동구,길동,385,4,이스트드림힐,서울특별시 강동구 길동 385-4,37.5378986118313,127.136520557345,address
은평구,응암동,590,10,명남스카이뷰,서울특별시 은평구 응암동 590-10,37.5898680170181,126.916404293617,address
동작구,사당동,25,2,현대주택조합,서울특별시 동작구 사당동 25-2,,,fail
금천구,독산동,990,3,대광아파트,서울특별시 금천구 독산동 990-3,37.4735993755132,126.903019761953,address
강북구,번동,411,0,수유역두산위브2,서울특별시 강북구 번동 411,37.6356702917373,127.030911839139,address
마포구,상암동,1741,0,상암월드컵파크11단지,서울특별시 마포구 상암동 1741,37.5875039427788,126.881417089513,address
은평구,응암동,115,4,신진뉴캐슬,서울특별시 은평구 응암동 115-4,37.5987852691947,126.919985804076,address
종로구,숭인동,201,11,종로유케이201,서울특별시 종로구 숭인동 201-11,37.5738385489524,127.021306953231,address
노원구,상계동,1401,8,코지한주,서울특별시 노원구 상계동 1401-8,37.6690010792595,127.078892817595,address
구로구,구로동,770,8,(770-8),서울특별시 구로구 구로동 770-8,37.4881920872047,126.888299874164,address
강서구,등촌동,564,7,삼형.그레이스빌,서울특별시 강서구 등촌동 564-7,37.538264528261,126.863185724031,address
강서구,화곡동,1103,3,굿이모션(1103-3),서울특별시 강서구 화곡동 1103-3,37.5528502716358,126.848866569983,address
강서구,등촌동,507,11,천우네오젠(507-11),서울특별시 강서구 등촌동 507-11,37.5495753629974,126.863079387152,address
강서구,염창동,254,2,이너스내안에,서울특별시 강서구 염창동 254-2,37.5507409739319,126.876382201086,address
강남구,삼성동,103,22,래미안삼성1차(103-22),서울특별시 강남구 삼성동 103-22,37.5171348025177,127.063972792252,address
구로구,구로동,106,0,동도아르떼빌,서울특별시 구로구 구로동 106,37.498445626529,126.891286390239,address
강서구,화곡동,1156,0,우장산휴먼빌,서울특별시 강서구 화곡동 1156,37.5476075150894,126.843788400633,address
강남구,신사동,593,32,토미,서울특별시 강남구 신사동 593-32,37.5222327373011,127.029763497543,address
양천구,신월동,1037,0,장수마을,서울특별시 양천구 신월동 1037,37.5215411974037,126.844518099421,address
은평구,불광동,281,89,디앤제이하우징(281-89),서울특별시 은평구 불광동 281-89,37.6109813502467,126.930379398851,address
강동구,성내동,443,24,오륜하이츠,서울특별시 강동구 성내동 443-24,37.5239765968654,127.132103078463,address
서초구,방배동,486,1,방배아트e편한세상104,서울특별시 서초구 방배동 486-1,37.475188703274,126.991615142551,address
종로구,숭인동,296,19,삼전솔하임2차,서울특별시 종로구 숭인동 296-19,37.5724071549574,127.016729343206,address
서초구,서초동,1521,8,서초에스케이뷰,서울특별시 서초구 서초동 1521-8,37.4861573875514,127.007331490939,address
은평구,녹번동,83,26,DH팰리스타워,서울특별시 은평구 녹번동 83-26,37.6025480759421,126.926786984708,address
관악구,신림동,10,10,신안,서울특별시 관악구 신림동 10-10,37.4818422147467,126.933577402304,address
금천구,독산동,888,18,성웅,서울특별시 금천구 독산동 888-18,37.4766250160553,126.90530350703,address
중구,신당동,432,579,동산,서울특별시 중구 신당동 432-579,37.5515272638274,127.005296009443,address
강남구,수서동,738,0,동익,서울특별시 강남구 수서동 738,37.485322064615,127.096512817155,address
관악구,봉천동,1653,1,닷컴힐즈,서울특별시 관악구 봉천동 1653-1,37.4750223279738,126.970150774386,address
강남구,논현동,192,3,논현동프라임,서울특별시 강남구 논현동 192-3,37.5081771663548,127.032832479505,address
관악구,봉천동,1690,171,늘푸른5차,서울특별시 관악구 봉천동 1690-171,37.4767057082546,126.967508247172,address
중랑구,면목동,1339,2,동성네스트빌101,서울특별시 중랑구 면목동 1339-2,37.5721155540236,127.087583654259,address
강서구,등촌동,645,14,천우네오젠,서울특별시 강서구 등촌동 645-14,37.5542454102678,126.861839198586,address
강남구,역삼동,706,24,진넥스빌2,서울특별시 강남구 역삼동 706-24,37.5017733495083,127.043956825565,address
은평구,응암동,227,22,청록,서울특별시 은평구 응암동 227-22,37.5946917399421,126.924410906673,address
용산구,한남동,26,5,트윈빌에이동,서울특별시 용산구 한남동 26-5,37.5339814022074,127.010366988737,address
중랑구,신내동,495,42,신천빌리지,서울특별시 중랑구 신내동 495-42,37.5997200623364,127.095948001193,address
중구,정동,18,1,정동,서울특별시 중구 정동 18-1,37.5672856996586,126.970342303639,address
서초구,서초동,1435,2,새티스,서울특별시 서초구 서초동 1435-2,37.4846665281542,127.024016116971,address
종로구,내수동,71,0,경희궁의아침2단지,서울특별시 종로구 내수동 71,37.5739639296009,126.971284886893,address
양천구,목동,747,12,목동동화옥시죤-7,서울특별시 양천구 목동 747-12,37.5388134614993,126.869677274155,address
강동구,길동,339,1,동서울오네뜨,서울특별시 강동구 길동 339-1,37.5426131112056,127.143642797662,address
강서구,등촌동,637,26,다울,서울특별시 강서구 등촌동 637-26,37.5563572946269,126.859959090276,address
서대문구,홍제동,247,19,홍일,서울특별시 서대문구 홍제동 247-19,37.5899827391912,126.945574365944,address
광진구,구의동,587,58,파르네빌,서울특별시 광진구 구의동 587-58,37.5360266774121,127.091219061459,address
서초구,잠원동,56,2,신반포27,서울특별시 서초구 잠원동 56-2,37.5157784982649,127.009830461695,address
강남구,역삼동,761,0,상지리츠빌(2호라인),서울특별시 강남구 역삼동 761,37.496760016207,127.045968604409,address
강서구,염창동,241,24,엠그린,서울특별시 강서구 염창동 241-24,37.5558217379066,126.866091058991,address
양천구,신월동,413,3,에이원,서울특별시 양천구 신월동 413-3,37.5255167133393,126.839884723168,address
강서구,화곡동,1168,0,스위트드림아파트,서울특별시 강서구 화곡동 1168,37.5439270920666,126.836189632424,address
서대문구,홍은동,404,1,서강주상복합,서울특별시 서대문구 홍은동 404-1,37.5790301861702,126.928974348632,address
송파구,가락동,53,0,"가락3차쌍용스윗닷홈101동,102동",서울특별시 송파구 가락동 53,37.4977102251011,127.123475143395,address
동대문구,장안동,385,2,리치,서울특별시 동대문구 장안동 385-2,37.571360618908,127.069106463127,address
강서구,화곡동,105,502,까치산(102동),서울특별시 강서구 화곡동 105-502,37.5385561089929,126.842857636199,address
강남구,삼성동,3,3,석탑아파트101동,서울특별시 강남구 삼성동 3-3,37.5174481515683,127.044848322617,address
강동구,성내동,593,0,영풍마드레빌,서울특별시 강동구 성내동 593,37.527167533497,127.123145032549,address
강남구,삼성동,33,24,대우멤버스카운티301,서울특별시 강남구 삼성동 33-24,37.5128554841552,127.044320748578,address
강서구,화곡동,379,58,"대성3,4호(379-58,나동)",서울특별시 강서구 화곡동 379-58,37.538180943586,126.838392618859,address
강서구,화곡동,1175,0,화곡더리브스카이,서울특별시 강서구 화곡동 1175,37.5355013950237,126.839467264161,address
구로구,고척동,323,0,그랜드,서울특별시 구로구 고척동 323,37.5076557262265,126.847681273034,address
강남구,삼성동,146,0,포스코트,서울특별시 강남구 삼성동 146,37.5130548831322,127.054629761687,address
강남구,세곡동,508,0,강남신동아파밀리에1단지,서울특별시 강남구 세곡동 508,37.4642296169066,127.100502534024,address
강서구,화곡동,56,11,트윈캐슬B동(56-11),서울특별시 강서구 화곡동 56-11,37.5418108008584,126.850785860553,address
강동구,성내동,444,0,백룡도원,서울특별시 강동구 성내동 444,37.5247313676958,127.131617398176,address
서대문구,홍제동,104,1,인왕,서울특별시 서대문구 홍제동 104-1,37.5854496970643,126.949287505319,address
강남구,역삼동,745,13,동원스위트뷰역삼,서울특별시 강남구 역삼동 745-13,37.4970094227833,127.037248199515,address
관악구,남현동,602,210,삼원하이츠11차,서울특별시 관악구 남현동 602-210,37.4724878241306,126.980737159313,address
은평구,응암동,116,24,서강스카이빌3(116-24),서울특별시 은평구 응암동 116-24,37.5977779639478,126.919724171953,address
성동구,성수동2가,832,0,금호타운2차아파트,서울특별시 성동구 성수동2가 832,37.5435838427771,127.053139934662,address
마포구,창전동,42,9,중앙하이츠103동,서울특별시 마포구 창전동 42-9,37.5496386498892,126.927847968928,address
관악구,봉천동,1722,0,제창그로힐,서울특별시 관악구 봉천동 1722,37.475851246643,126.968717382109,address
동대문구,회기동,65,39,민족통일MJ캠퍼스경희대2차,서울특별시 동대문구 회기동 65-39,37.5889212940939,127.054002875266,address
양천구,신월동,439,25,상신,서울특별시 양천구 신월동 439-25,37.5218329338948,126.839593726087,address
강북구,수유동,51,7,태솔타워,서울특별시 강북구 수유동 51-7,37.6324716566629,127.022331284343,address
강남구,논현동,122,25,세호시티라이프,서울특별시 강남구 논현동 122-25,37.510410481927,127.024279867707,address
강남구,압구정동,513,0,한양5,서울특별시 강남구 압구정동 513,37.5289385759485,127.042074950675,address
강동구,천호동,163,14,우정에쉐르(102동),서울특별시 강동구 천호동 163-14,37.5379524350015,127.133257161415,address
영등포구,문래동3가,99,0,예지팰리스77차,서울특별시 영등포구 문래동3가 99,37.5202249574619,126.8920562554,address
강동구,둔촌동,613,0,성원,서울특별시 강동구 둔촌동 613,37.5328681617621,127.147883115573,address
금천구,독산동,183,1,독산동아아파트,서울특별시 금천구 독산동 183-1,37.4699490765322,126.906324806118,address
동대문구,용두동,138,52,삼성힐,서울특별시 동대문구 용두동 138-52,37.579834454489,127.031851819928,address
강서구,마곡동,746,1,마곡엠밸리12단지,서울특별시 강서구 마곡동 746-1,37.558925978268,126.822886058334,address
관악구,봉천동,148,129,관악미래가,서울특별시 관악구 봉천동 148-129,37.4793085265727,126.963731307974,address
광진구,중곡동,130,5,주성AURA,서울특별시 광진구 중곡동 130-5,37.5556350613344,127.086007885908,address
영등포구,양평동1가,270,0,창건애드웰,서울특별시 영등포구 양평동1가 270,37.5249144703791,126.889113057187,address
송파구,가락동,79,0,롯데캐슬,서울특별시 송파구 가락동 79,37.4944188367888,127.121576180891,address
은평구,수색동,189,0,DMC아트포레자이,서울특별시 은평구 수색동 189,37.5847759299292,126.898330592297,address
송파구,풍납동,271,3,신아,서울특별시 송파구 풍납동 271-3,37.5313495807155,127.112529260453,address
구로구,신도림동,648,0,대림e-편한세상6,서울특별시 구로구 신도림동 648,37.5056826985762,126.8828227159,address
서대문구,연희동,745,0,연희자이엘라,서울특별시 서대문구 연희동 745,37.5640976447281,126.928096279275,address
용산구,이촌동,302,53,월드메르디앙,서울특별시 용산구 이촌동 302-53,37.5207404515929,126.969011090777,address
강남구,역삼동,796,29,강남서해그랑블,서울특별시 강남구 역삼동 796-29,37.4930015908398,127.039117102179,address
동대문구,장안동,374,9,가우디트윈캐슬1,서울특별시 동대문구 장안동 374-9,37.5682947364262,127.06844620691,address
도봉구,창동,442,33,DK포시즌,서울특별시 도봉구 창동 442-33,37.6424106463897,127.041234691696,address
용산구,청암동,64,1,SK청암대(64-1),서울특별시 용산구 청암동 64-1,37.5352963927343,126.9479569833,address
강서구,화곡동,1037,27,제이월드,서울특별시 강서구 화곡동 1037-27,37.5427519726769,126.835644198506,address
양천구,신월동,467,3,태진,서울특별시 양천구 신월동 467-3,37.5261866744531,126.84672601378,address
금천구,시흥동,820,12,경남아파트,서울특별시 금천구 시흥동 820-12,37.4546487848838,126.906623506343,address
강동구,둔촌동,611,0,한솔솔파크,서울특별시 강동구 둔촌동 611,37.5338794110498,127.148053578776,address
양천구,신월동,1059,0,상진지오벨리,서울특별시 양천구 신월동 1059,37.539825947762,126.831530164764,address
강남구,개포동,1164,13,새롬(1164-13),서울특별시 강남구 개포동 1164-13,37.4732831484008,127.053095775644,address
강서구,염창동,274,18,한울밸리움,서울특별시 강서구 염창동 274-18,37.5511338439055,126.865452585378,address
강남구,역삼동,835,12,역삼르비앙1,서울특별시 강남구 역삼동 835-12,37.4917848020883,127.035331320482,address
양천구,신월동,492,24,동양브로미(102동)A,서울특별시 양천구 신월동 492-24,37.5238617977716,126.845877803707,address
강북구,수유동,274,3,FIRSTVIEW,서울특별시 강북구 수유동 274-3,37.647675019302,127.015169345175,address
도봉구,창동,443,1,삼성브래뉴,서울특별시 도봉구 창동 443-1,37.6423197036261,127.041841503069,address
서대문구,합동,31,9,사랑채,서울특별시 서대문구 합동 31-9,37.5611069408602,126.964779711439,address
도봉구,방학동,522,0,북한산팰리스아파트,서울특별시 도봉구 방학동 522,37.6579437757558,127.021615987265,address
도봉구,창동,7,0,월가타워,서울특별시 도봉구 창동 7,37.6522341445137,127.049045042841,address
강서구,내발산동,676,12,덕현중앙타워빌,서울특별시 강서구 내발산동 676-12,37.5527525144003,126.83799562336,address
양천구,신월동,8,2,수명산타워빌,서울특별시 양천구 신월동 8-2,37.5430218835522,126.828527662254,address
송파구,가락동,166,15,대련,서울특별시 송파구 가락동 166-15,37.4969195585746,127.133049757986,address
강서구,화곡동,1021,2,화곡대진(1021-2),서울특별시 강서구 화곡동 1021-2,37.5445596233805,126.836016815886,address
강서구,화곡동,1155,0,탑건진선미,서울특별시 강서구 화곡동 1155,37.5362453143624,126.846141178613,address
강동구,길동,415,11,한솔브리즈,서울특별시 강동구 길동 415-11,37.5372209485791,127.136383094454,address
중구,신당동,290,67,노블레스하우스,서울특별시 중구 신당동 290-67,37.5613920125711,127.016206807056,address
서초구,서초동,1486,17,비버리캐슬,서울특별시 서초구 서초동 1486-17,37.4829406564115,127.007961055627,address
중구,필동3가,62,16,미주,서울특별시 중구 필동3가 62-16,37.5562393494315,126.995879427566,address
서초구,방배동,1002,21,삼환나띠르빌(1002-21),서울특별시 서초구 방배동 1002-21,37.4808506552996,127.00507258384,address
서초구,방배동,912,13,태림,서울특별시 서초구 방배동 912-13,37.4814037220532,126.995612418937,address
성동구,옥수동,306,0,옥수,서울특별시 성동구 옥수동 306,37.5432589533885,127.015700133619,address
성동구,금호동4가,1553,0,힐스테이트서울숲리버,서울특별시 성동구 금호동4가 1553,37.5467547151231,127.026444071142,address
강동구,길동,184,0,삼익세라믹,서울특별시 강동구 길동 184,37.5381899790143,127.14862376358,address
강남구,논현동,104,23,케이씨빌,서울특별시 강남구 논현동 104-23,37.5190520300025,127.038729352996,address
구로구,구로동,1272,0,미래타워,서울특별시 구로구 구로동 1272,37.4827060921047,126.899930856333,address
강동구,암사동,503,6,대은팰리스뷰(102),서울특별시 강동구 암사동 503-6,37.5520664699923,127.127396183846,address
서초구,서초동,1483,18,"더？오데움(101,102동)",서울특별시 서초구 서초동 1483-18,37.4825605746773,127.009655721573,address
송파구,삼전동,166,10,동신,서울특별시 송파구 삼전동 166-10,37.5004123682644,127.093639276014,address
서대문구,홍은동,188,72,동아빌라(188-72),서울특별시 서대문구 홍은동 188-72,37.5957610625951,126.934234604597,address
서대문구,연희동,703,32,선명(101동),서울특별시 서대문구 연희동 703-32,37.5742456638307,126.927683638177,address
서초구,신원동,615,0,서초포레스타7단지,서울특별시 서초구 신원동 615,37.4485387855903,127.056696138687,address
구로구,구로동,792,6,(792-6),서울특별시 구로구 구로동 792-6,37.4867448733731,126.888569777722,address
관악구,신림동,1655,17,G밸리마인드,서울특별시 관악구 신림동 1655-17,37.4827820424839,126.901967370047,address
강남구,논현동,217,34,학동,서울특별시 강남구 논현동 217-34,37.512605778667,127.033808397796,address
강남구,세곡동,516,0,세곡리엔파크(3단지),서울특별시 강남구 세곡동 516,37.4637801386237,127.104409778342,address
서초구,서초동,1434,2,신원아침도시(1434),서울특별시 서초구 서초동 1434-2,37.4845052351556,127.023631187795,address
서초구,방배동,836,4,영진,서울특별시 서초구 방배동 836-4,37.4902656213265,126.991310642854,address
강동구,둔촌동,64,0,청호뜨레피움퍼스트아파트,서울특별시 강동구 둔촌동 64,37.5335635146786,127.141967935585,address
양천구,신월동,134,17,태형,서울특별시 양천구 신월동 134-17,37.5327676653749,126.832521187293,address
중랑구,상봉동,226,25,풍산쉐르빌102동,서울특별시 중랑구 상봉동 226-25,37.6025659912291,127.088129167869,address
도봉구,창동,816,0,창동3차현대,서울특별시 도봉구 창동 816,37.6601328076645,127.046083204845,address
구로구,고척동,269,1,개봉청구,서울특별시 구로구 고척동 269-1,37.502016813764,126.851164105091,address
강남구,일원동,716,0,목련타운,서울특별시 강남구 일원동 716,37.4848511921735,127.085276881942,address
강동구,암사동,492,45,라움(492-45),서울특별시 강동구 암사동 492-45,37.5502042531915,127.131778963922,address
구로구,구로동,807,1,(807-1),서울특별시 구로구 구로동 807-1,37.4866754136025,126.886121248331,address
관악구,봉천동,869,6,서울대역마에스트로,서울특별시 관악구 봉천동 869-6,37.4810914834927,126.950660468873,address
마포구,신공덕동,170,0,브라운스톤공덕아파트,서울특별시 마포구 신공덕동 170,37.5415364830791,126.955297363222,address
도봉구,도봉동,570,10,삼안리치,서울특별시 도봉구 도봉동 570-10,37.6856862467398,127.044820639472,address
노원구,장위동,25,55,푸르지오 라디우스 파크,서울특별시 노원구 장위동 25-55,37.6158056088291,127.058852374522,keyword
송파구,장지동,857,0,송파파인타운13단지,서울특별시 송파구 장지동 857,37.4770932742337,127.12863360586,address
강동구,둔촌동,170,1,올림픽파크포레온,서울특별시 강동구 둔촌동 170-1,37.5268477108188,127.138949568286,address
관악구,남현동,1072,47,예촌BC,서울특별시 관악구 남현동 1072-47,37.4727433097871,126.973141023214,address
영등포구,여의도동,40,0,장미,서울특별시 영등포구 여의도동 40,37.5234317466993,126.934250294566,address
마포구,염리동,10,54,우리파크아파트,서울특별시 마포구 염리동 10-54,37.554553426577,126.947502110769,address
강남구,신사동,649,5,알파임하우스1,서울특별시 강남구 신사동 649-5,37.5253231315508,127.035168502395,address
노원구,공릉동,493,20,서경하누리아파트,서울특별시 노원구 공릉동 493-20,37.6235106421247,127.072655519408,address
강서구,화곡동,915,16,삼백,서울특별시 강서구 화곡동 915-16,37.5288634353368,126.843615599573,address
관악구,남현동,602,284,VIP(602-284),서울특별시 관악구 남현동 602-284,37.4714560958314,126.978744186396,address
강남구,청담동,28,13,골든아트빌,서울특별시 강남구 청담동 28-13,37.5199078015704,127.046931875015,address
성동구,옥수동,220,2,레미테지,서울특별시 성동구 옥수동 220-2,37.5397770465335,127.011768697159,address
강동구,천호동,54,12,지원G델타아파트,서울특별시 강동구 천호동 54-12,37.5419080673665,127.137986181149,address
강동구,천호동,50,32,광남벨라스643V(50-32),서울특별시 강동구 천호동 50-32,37.5426564042128,127.14083779478,address
강동구,암사동,513,4,리치,서울특별시 강동구 암사동 513-4,37.5489765306408,127.126191052109,address
서초구,반포동,726,16,삼성에이스빌,서울특별시 서초구 반포동 726-16,37.5064679722236,127.020376209952,address
서초구,방배동,12,1,UPPERHOUSE,서울특별시 서초구 방배동 12-1,37.4961072207181,126.992791476291,address
마포구,망원동,502,0,함성월드빌,서울특별시 마포구 망원동 502,37.5604198035029,126.90482960505,address
성동구,사근동,315,0,한양마이라움,서울특별시 성동구 사근동 315,37.5634336094251,127.048161761013,address
구로구,구로동,806,33,구로아트빌라4동(806-33),서울특별시 구로구 구로동 806-33,37.4862876513922,126.88643481161,address
은평구,불광동,634,0,은혜스카이빌아파트,서울특별시 은평구 불광동 634,37.6184585120937,126.93136930595,address
관악구,봉천동,685,100,보람(685-100),서울특별시 관악구 봉천동 685-100,37.4928787675848,126.933929029936,address
서초구,서초동,1473,2,래미안서초4차,서울특별시 서초구 서초동 1473-2,37.4810726256101,127.010952227734,address
양천구,신월동,1047,0,방주기픈샘2,서울특별시 양천구 신월동 1047,37.525473505339,126.842730888487,address
서대문구,홍은동,186,25,서강2차(2동),서울특별시 서대문구 홍은동 186-25,37.5954470125951,126.934460556131,address
강북구,미아동,192,16,동아하이빌14차,서울특별시 강북구 미아동 192-16,37.6310649084597,127.026442535429,address
강동구,천호동,563,0,동아코아아파트,서울특별시 강동구 천호동 563,37.5412800765889,127.125969201144,address
관악구,봉천동,1522,29,금강아미움(102동),서울특별시 관악구 봉천동 1522-29,37.4819340638128,126.9405824393,address
동대문구,장안동,313,7,신부파스카(313-7),서울특별시 동대문구 장안동 313-7,37.5777179988599,127.072767566873,address
송파구,방이동,212,3,한성나이스빌,서울특별시 송파구 방이동 212-3,37.5097970293256,127.122607973094,address
중랑구,상봉동,32,1,동성네스트빌1동,서울특별시 중랑구 상봉동 32-1,37.6018553401902,127.092537015611,address
중구,신당동,290,90,청구드림,서울특별시 중구 신당동 290-90,37.561044379755,127.015749929916,address
은평구,응암동,81,173,더위일,서울특별시 은평구 응암동 81-173,37.6011663928652,126.929275258448,address
영등포구,양평동6가,101,0,선유도삼성홈타운,서울특별시 영등포구 양평동6가 101,37.5436799678606,126.888730866277,address
강남구,삼성동,130,2,삼성웰피아,서울특별시 강남구 삼성동 130-2,37.5084173324961,127.053627009899,address
동대문구,장안동,344,2,다우하임,서울특별시 동대문구 장안동 344-2,37.5711242579621,127.072020616089,address
은평구,대조동,197,1,유진아이디움,서울특별시 은평구 대조동 197-1,37.6178661384981,126.920768656809,address
강동구,길동,385,3,광남벨라스613V,서울특별시 강동구 길동 385-3,37.5382028342155,127.136715385739,address
은평구,불광동,241,23,신우아파트,서울특별시 은평구 불광동 241-23,37.6138278357976,126.932694760271,address
마포구,신공덕동,168,0,신공덕e편한세상,서울특별시 마포구 신공덕동 168,37.5419152924015,126.957075561069,address
관악구,신림동,316,55,서울대벤처타운역푸르지오,서울특별시 관악구 신림동 316-55,37.4609159282731,126.933326903898,address
중랑구,중화동,331,1,리버센SK뷰롯데캐슬,서울특별시 중랑구 중화동 331-1,37.602983058751,127.075665655456,address
강서구,화곡동,354,54,화곡동복지,서울특별시 강서구 화곡동 354-54,37.532625045201,126.840266532089,address
서초구,방배동,987,1,롯데아파트,서울특별시 서초구 방배동 987-1,37.480474592894,127.000020916135,address
강동구,성내동,416,11,동일상가,서울특별시 강동구 성내동 416-11,37.5283578563836,127.135085958752,address
강남구,삼성동,126,0,삼성파크,서울특별시 강남구 삼성동 126,37.5092338175855,127.053836835551,address
강동구,성내동,386,82,비앤비(102동),서울특별시 강동구 성내동 386-82,37.5324986245249,127.1341033509,address
영등포구,영등포동,648,0,순영웰라이빌,서울특별시 영등포구 영등포동 648,37.5165365466663,126.913300291532,address
영등포구,문래동3가,95,0,문래동원데자뷰,서울특별시 영등포구 문래동3가 95,37.517275296333,126.892003607134,address
서초구,방배동,849,30,방배롯데캐슬로제,서울특별시 서초구 방배동 849-30,37.4901805010864,126.994801611495,address
양천구,목동,959,0,정은스카이빌(959),서울특별시 양천구 목동 959,37.5434555927215,126.875525991764,address
강서구,화곡동,143,11,성재센트리움아파트,서울특별시 강서구 화곡동 143-11,37.5412863640374,126.841880723977,address
강서구,화곡동,111,149,서림골드,서울특별시 강서구 화곡동 111-149,37.5451576149062,126.842570164998,address
구로구,개봉동,304,16,건양,서울특별시 구로구 개봉동 304-16,37.4931075049162,126.854577100119,address
마포구,공덕동,476,0,공덕파크자이,서울특별시 마포구 공덕동 476,37.5448715926588,126.947965377607,address
서대문구,북아현동,1010,0,경남102동,서울특별시 서대문구 북아현동 1010,37.5612090697764,126.957027936794,address
서초구,반포동,701,31,써니힐,서울특별시 서초구 반포동 701-31,37.509118364045,127.017600129416,address
강남구,청담동,11,25,우성아파트,서울특별시 강남구 청담동 11-25,37.5217287742364,127.046816273274,address
양천구,신월동,480,4,예지보금자리74차,서울특별시 양천구 신월동 480-4,37.5248924243409,126.84592455442,address
동작구,신대방동,725,0,휴마레,서울특별시 동작구 신대방동 725,37.4945494524076,126.929323902086,address
구로구,오류동,356,0,다청림(356),서울특별시 구로구 오류동 356,37.4904119697522,126.838160774537,address
금천구,독산동,887,5,청호센트레빌,서울특별시 금천구 독산동 887-5,37.4762166415755,126.905257331114,address
서초구,서초동,1472,21,새티스2,서울특별시 서초구 서초동 1472-21,37.4813837523725,127.00983285066,address
구로구,구로동,792,2,(792-2),서울특별시 구로구 구로동 792-2,37.4867675919196,126.888488220785,address
광진구,자양동,690,58,파라다이스리버빌,서울특별시 광진구 자양동 690-58,37.5302264807888,127.088621201228,address
강남구,논현동,105,3,논현한가람빌라트,서울특별시 강남구 논현동 105-3,37.5187805017392,127.037506973191,address
은평구,응암동,402,120,뉴월드(402-120),서울특별시 은평구 응암동 402-120,37.591841025528,126.920469817669,address
노원구,중계동,68,1,한신월드,서울특별시 노원구 중계동 68-1,37.6484835223053,127.083663400175,address
강남구,도곡동,183,8,도곡현대힐스테이트103동,서울특별시 강남구 도곡동 183-8,37.487916059521,127.04558145561,address
마포구,서교동,458,6,에덴지우,서울특별시 마포구 서교동 458-6,37.5568484943695,126.914820634989,address
강서구,화곡동,1065,4,한울에이치밸리움A동,서울특별시 강서구 화곡동 1065-4,37.5416323675462,126.838631841647,address
강남구,도곡동,193,45,필로스(193-45),서울특별시 강남구 도곡동 193-45,37.4869926495587,127.044310213881,address
중랑구,신내동,492,5,조호그레이스,서울특별시 중랑구 신내동 492-5,37.6010873735222,127.100214692974,address
송파구,풍납동,254,0,미랜드퀸,서울특별시 송파구 풍납동 254,37.5324717782679,127.115052918434,address
광진구,구의동,667,0,강변에스케이뷰,서울특별시 광진구 구의동 667,37.5386707378926,127.090182113114,address
강남구,도곡동,467,10,우성리빙텔,서울특별시 강남구 도곡동 467-10,37.4884453863187,127.052560140481,address
강북구,미아동,1375,0,북서울자이폴라리스(2단지),서울특별시 강북구 미아동 1375,37.6268250718091,127.018791020922,address
은평구,대조동,9,19,모아아파트(103동),서울특별시 은평구 대조동 9-19,37.6102282647724,126.927766258844,address
