SIDO_NM,SGG_NM,ADMI_NM,FULL_NM,ADMI_CD,TT_str,SPOP_mid
서울특별시,강남구,개포1동,서울특별시 강남구 개포1동,11680660,00,29353.45797260274
서울특별시,강남구,개포1동,서울특별시 강남구 개포1동,11680660,01,29511.448630136987
서울특별시,강남구,개포1동,서울특별시 강남구 개포1동,11680660,02,29689.065808219177
서울특별시,강남구,개포1동,서울특별시 강남구 개포1동,11680660,03,29763.615671232878
서울특별시,강남구,개포1동,서울특별시 강남구 개포1동,11680660,04,29782.422273972606
서울특별시,강남구,개포1동,서울특별시 강남구 개포1동,11680660,05,29717.823698630138
서울특별시,강남구,개포1동,서울특별시 강남구 개포1동,11680660,06,29349.540383561645
서울특별시,강남구,개포1동,서울특별시 강남구 개포1동,11680660,07,28927.64693150685
서울특별시,강남구,개포1동,서울특별시 강남구 개포1동,11680660,08,27888.28394520548
서울특별시,강남구,개포1동,서울특별시 강남구 개포1동,11680660,09,26063.587479452053
서울특별시,강남구,개포1동,서울특별시 강남구 개포1동,11680660,10,24636.931452054796
서울특별시,강남구,개포1동,서울특별시 강남구 개포1동,11680660,11,23629.963917808218
서울특별시,강남구,개포1동,서울특별시 강남구 개포1동,11680660,12,22988.68964383562
서울특별시,강남구,개포1동,서울특별시 강남구 개포1동,11680660,13,22661.3318630137
서울특별시,강남구,개포1동,서울특별시 강남구 개포1동,11680660,14,22540.824575342464
서울특별시,강남구,개포1동,서울특별시 강남구 개포1동,11680660,15,22447.474684931505
서울특별시,강남구,개포1동,서울특별시 강남구 개포1동,11680660,16,22390.446493150685
서울특별시,강남구,개포1동,서울특별시 강남구 개포1동,11680660,17,22540.528931506848
서울특별시,강남구,개포1동,서울특별시 강남구 개포1동,11680660,18,22941.698383561645
서울특별시,강남구,개포1동,서울특별시 강남구 개포1동,11680660,19,23987.047424657536
서울특별시,강남구,개포1동,서울특별시 강남구 개포1동,11680660,20,25119.349945205482
서울특별시,강남구,개포1동,서울특별시 강남구 개포1동,11680660,21,26248.63690410959
서울특별시,강남구,개포1동,서울특별시 강남구 개포1동,11680660,22,27590.25287671233
서울특별시,강남구,개포1동,서울특별시 강남구 개포1동,11680660,23,28399.236520547944
서울특별시,강남구,개포2동,서울특별시 강남구 개포2동,11680670,00,42165.69506849315
서울특별시,강남구,개포2동,서울특별시 강남구 개포2동,11680670,01,42306.73646575343
서울특별시,강남구,개포2동,서울특별시 강남구 개포2동,11680670,02,42490.3624109589
서울특별시,강남구,개포2동,서울특별시 강남구 개포2동,11680670,03,42568.12205479452
서울특별시,강남구,개포2동,서울특별시 강남구 개포2동,11680670,04,42576.938273972606
서울특별시,강남구,개포2동,서울특별시 강남구 개포2동,11680670,05,42545.0615890411
서울특별시,강남구,개포2동,서울특별시 강남구 개포2동,11680670,06,42175.20246575343
서울특별시,강남구,개포2동,서울특별시 강남구 개포2동,11680670,07,41453.64778082191
서울특별시,강남구,개포2동,서울특별시 강남구 개포2동,11680670,08,39150.444438356164
서울특별시,강남구,개포2동,서울특별시 강남구 개포2동,11680670,09,35828.05284931506
서울특별시,강남구,개포2동,서울특별시 강남구 개포2동,11680670,10,33824.95438356164
서울특별시,강남구,개포2동,서울특별시 강남구 개포2동,11680670,11,32503.537698630138
서울특별시,강남구,개포2동,서울특별시 강남구 개포2동,11680670,12,31665.73194520548
서울특별시,강남구,개포2동,서울특별시 강남구 개포2동,11680670,13,31228.484684931507
서울특별시,강남구,개포2동,서울특별시 강남구 개포2동,11680670,14,31029.88967123288
서울특별시,강남구,개포2동,서울특별시 강남구 개포2동,11680670,15,31131.106630136986
서울특별시,강남구,개포2동,서울특별시 강남구 개포2동,11680670,16,31493.417315068495
서울특별시,강남구,개포2동,서울특별시 강남구 개포2동,11680670,17,32063.587150684933
서울특별시,강남구,개포2동,서울특별시 강남구 개포2동,11680670,18,32961.52778082192
서울특별시,강남구,개포2동,서울특별시 강남구 개포2동,11680670,19,34765.61484931507
서울특별시,강남구,개포2동,서울특별시 강남구 개포2동,11680670,20,36445.10060273973
서울특별시,강남구,개포2동,서울특별시 강남구 개포2동,11680670,21,38142.16312328767
서울특별시,강남구,개포2동,서울특별시 강남구 개포2동,11680670,22,40024.000383561644
서울특별시,강남구,개포2동,서울특별시 강남구 개포2동,11680670,23,41081.21539726027
서울특별시,강남구,개포3동,서울특별시 강남구 개포3동,11680675,00,17023.500493150685
서울특별시,강남구,개포3동,서울특별시 강남구 개포3동,11680675,01,17091.167068493152
서울특별시,강남구,개포3동,서울특별시 강남구 개포3동,11680675,02,17175.90490410959
서울특별시,강남구,개포3동,서울특별시 강남구 개포3동,11680675,03,17209.131671232877
서울특별시,강남구,개포3동,서울특별시 강남구 개포3동,11680675,04,17219.254520547947
서울특별시,강남구,개포3동,서울특별시 강남구 개포3동,11680675,05,17246.232904109587
서울특별시,강남구,개포3동,서울특별시 강남구 개포3동,11680675,06,17408.053369863013
서울특별시,강남구,개포3동,서울특별시 강남구 개포3동,11680675,07,17918.428657534245
서울특별시,강남구,개포3동,서울특별시 강남구 개포3동,11680675,08,18647.04342465753
서울특별시,강남구,개포3동,서울특별시 강남구 개포3동,11680675,09,18481.403479452056
서울특별시,강남구,개포3동,서울특별시 강남구 개포3동,11680675,10,18204.61709589041
서울특별시,강남구,개포3동,서울특별시 강남구 개포3동,11680675,11,17881.567150684932
서울특별시,강남구,개포3동,서울특별시 강남구 개포3동,11680675,12,17511.517369863013
서울특별시,강남구,개포3동,서울특별시 강남구 개포3동,11680675,13,17400.06794520548
서울특별시,강남구,개포3동,서울특별시 강남구 개포3동,11680675,14,17319.557369863014
서울특별시,강남구,개포3동,서울특별시 강남구 개포3동,11680675,15,17154.17616438356
서울특별시,강남구,개포3동,서울특별시 강남구 개포3동,11680675,16,16745.352520547945
서울특별시,강남구,개포3동,서울특별시 강남구 개포3동,11680675,17,16275.16098630137
서울특별시,강남구,개포3동,서울특별시 강남구 개포3동,11680675,18,15734.830794520549
서울특별시,강남구,개포3동,서울특별시 강남구 개포3동,11680675,19,15578.880493150684
서울특별시,강남구,개포3동,서울특별시 강남구 개포3동,11680675,20,15798.976219178083
서울특별시,강남구,개포3동,서울특별시 강남구 개포3동,11680675,21,16108.447671232878
서울특별시,강남구,개포3동,서울특별시 강남구 개포3동,11680675,22,16504.292054794518
서울특별시,강남구,개포3동,서울특별시 강남구 개포3동,11680675,23,16715.380410958904
서울특별시,강남구,개포4동,서울특별시 강남구 개포4동,11680690,00,24877.996410958902
서울특별시,강남구,개포4동,서울특별시 강남구 개포4동,11680690,01,24967.292191780823
서울특별시,강남구,개포4동,서울특별시 강남구 개포4동,11680690,02,25080.52210958904
서울특별시,강남구,개포4동,서울특별시 강남구 개포4동,11680690,03,25132.742547945203
서울특별시,강남구,개포4동,서울특별시 강남구 개포4동,11680690,04,25143.09797260274
서울특별시,강남구,개포4동,서울특별시 강남구 개포4동,11680690,05,25107.05098630137
서울특별시,강남구,개포4동,서울특별시 강남구 개포4동,11680690,06,24948.287999999997
서울특별시,강남구,개포4동,서울특별시 강남구 개포4동,11680690,07,24891.19490410959
서울특별시,강남구,개포4동,서울특별시 강남구 개포4동,11680690,08,24332.225863013697
서울특별시,강남구,개포4동,서울특별시 강남구 개포4동,11680690,09,23770.419452054794
서울특별시,강남구,개포4동,서울특별시 강남구 개포4동,11680690,10,23380.784219178084
서울특별시,강남구,개포4동,서울특별시 강남구 개포4동,11680690,11,23126.987342465756
서울특별시,강남구,개포4동,서울특별시 강남구 개포4동,11680690,12,22957.548246575345
서울특별시,강남구,개포4동,서울특별시 강남구 개포4동,11680690,13,22699.932904109588
서울특별시,강남구,개포4동,서울특별시 강남구 개포4동,11680690,14,22534.722876712327
서울특별시,강남구,개포4동,서울특별시 강남구 개포4동,11680690,15,22608.931726027397
서울특별시,강남구,개포4동,서울특별시 강남구 개포4동,11680690,16,22679.185561643833
서울특별시,강남구,개포4동,서울특별시 강남구 개포4동,11680690,17,22707.09471232877
서울특별시,강남구,개포4동,서울특별시 강남구 개포4동,11680690,18,22920.95405479452
서울특별시,강남구,개포4동,서울특별시 강남구 개포4동,11680690,19,23078.03095890411
서울특별시,강남구,개포4동,서울특별시 강남구 개포4동,11680690,20,23266.382082191783
서울특별시,강남구,개포4동,서울특별시 강남구 개포4동,11680690,21,23635.858739726027
서울특별시,강남구,개포4동,서울특별시 강남구 개포4동,11680690,22,24190.67093150685
서울특별시,강남구,개포4동,서울특별시 강남구 개포4동,11680690,23,24486.48402739726
서울특별시,강남구,논현1동,서울특별시 강남구 논현1동,11680521,00,27855.766
서울특별시,강남구,논현1동,서울특별시 강남구 논현1동,11680521,01,27369.314301369865
서울특별시,강남구,논현1동,서울특별시 강남구 논현1동,11680521,02,26974.68575342466
서울특별시,강남구,논현1동,서울특별시 강남구 논현1동,11680521,03,26674.823917808222
서울특별시,강남구,논현1동,서울특별시 강남구 논현1동,11680521,04,26500.668438356166
서울특별시,강남구,논현1동,서울특별시 강남구 논현1동,11680521,05,26648.927479452053
서울특별시,강남구,논현1동,서울특별시 강남구 논현1동,11680521,06,27372.05594520548
서울특별시,강남구,논현1동,서울특별시 강남구 논현1동,11680521,07,29126.212356164382
서울특별시,강남구,논현1동,서울특별시 강남구 논현1동,11680521,08,34135.72221917808
서울특별시,강남구,논현1동,서울특별시 강남구 논현1동,11680521,09,44439.44860273973
서울특별시,강남구,논현1동,서울특별시 강남구 논현1동,11680521,10,51176.491068493146
서울특별시,강남구,논현1동,서울특별시 강남구 논현1동,11680521,11,54065.55169863014
서울특별시,강남구,논현1동,서울특별시 강남구 논현1동,11680521,12,55144.488438356166
서울특별시,강남구,논현1동,서울특별시 강남구 논현1동,11680521,13,56335.611589041095
서울특별시,강남구,논현1동,서울특별시 강남구 논현1동,11680521,14,57306.09906849315
서울특별시,강남구,논현1동,서울특별시 강남구 논현1동,11680521,15,57260.46556164383
서울특별시,강남구,논현1동,서울특별시 강남구 논현1동,11680521,16,56417.46243835616
서울특별시,강남구,논현1동,서울특별시 강남구 논현1동,11680521,17,55016.91980821918
서울특별시,강남구,논현1동,서울특별시 강남구 논현1동,11680521,18,52162.28430136986
서울특별시,강남구,논현1동,서울특별시 강남구 논현1동,11680521,19,45773.63487671233
서울특별시,강남구,논현1동,서울특별시 강남구 논현1동,11680521,20,39906.554000000004
서울특별시,강남구,논현1동,서울특별시 강남구 논현1동,11680521,21,36477.472356164384
서울특별시,강남구,논현1동,서울특별시 강남구 논현1동,11680521,22,33545.26210958904
서울특별시,강남구,논현1동,서울특별시 강남구 논현1동,11680521,23,30886.477315068496
서울특별시,강남구,논현2동,서울특별시 강남구 논현2동,11680531,00,25924.059123287672
서울특별시,강남구,논현2동,서울특별시 강남구 논현2동,11680531,01,25423.810794520545
서울특별시,강남구,논현2동,서울특별시 강남구 논현2동,11680531,02,24892.47109589041
서울특별시,강남구,논현2동,서울특별시 강남구 논현2동,11680531,03,24594.386712328767
서울특별시,강남구,논현2동,서울특별시 강남구 논현2동,11680531,04,24426.60356164384
서울특별시,강남구,논현2동,서울특별시 강남구 논현2동,11680531,05,24614.645205479454
서울특별시,강남구,논현2동,서울특별시 강남구 논현2동,11680531,06,25672.15879452055
서울특별시,강남구,논현2동,서울특별시 강남구 논현2동,11680531,07,28035.22873972603
서울특별시,강남구,논현2동,서울특별시 강남구 논현2동,11680531,08,35263.48410958904
서울특별시,강남구,논현2동,서울특별시 강남구 논현2동,11680531,09,47583.49517808219
서울특별시,강남구,논현2동,서울특별시 강남구 논현2동,11680531,10,55600.01835616438
서울특별시,강남구,논현2동,서울특별시 강남구 논현2동,11680531,11,59372.90210958904
서울특별시,강남구,논현2동,서울특별시 강남구 논현2동,11680531,12,61283.98849315069
서울특별시,강남구,논현2동,서울특별시 강남구 논현2동,11680531,13,62402.9901369863
서울특별시,강남구,논현2동,서울특별시 강남구 논현2동,11680531,14,62921.88271232877
서울특별시,강남구,논현2동,서울특별시 강남구 논현2동,11680531,15,62372.52545205479
서울특별시,강남구,논현2동,서울특별시 강남구 논현2동,11680531,16,60764.75216438356
서울특별시,강남구,논현2동,서울특별시 강남구 논현2동,11680531,17,58292.947424657534
서울특별시,강남구,논현2동,서울특별시 강남구 논현2동,11680531,18,53667.01531506849
서울특별시,강남구,논현2동,서울특별시 강남구 논현2동,11680531,19,44968.42720547945
서울특별시,강남구,논현2동,서울특별시 강남구 논현2동,11680531,20,38064.97463013699
서울특별시,강남구,논현2동,서울특별시 강남구 논현2동,11680531,21,33904.34301369863
서울특별시,강남구,논현2동,서울특별시 강남구 논현2동,11680531,22,30793.737123287672
서울특별시,강남구,논현2동,서울특별시 강남구 논현2동,11680531,23,28528.78912328767
서울특별시,강남구,대치1동,서울특별시 강남구 대치1동,11680600,00,26755.54230136986
서울특별시,강남구,대치1동,서울특별시 강남구 대치1동,11680600,01,26724.272904109588
서울특별시,강남구,대치1동,서울특별시 강남구 대치1동,11680600,02,26719.74967123288
서울특별시,강남구,대치1동,서울특별시 강남구 대치1동,11680600,03,26700.090986301373
서울특별시,강남구,대치1동,서울특별시 강남구 대치1동,11680600,04,26733.266219178084
서울특별시,강남구,대치1동,서울특별시 강남구 대치1동,11680600,05,26868.322904109587
서울특별시,강남구,대치1동,서울특별시 강남구 대치1동,11680600,06,27146.296109589042
서울특별시,강남구,대치1동,서울특별시 강남구 대치1동,11680600,07,27905.48134246575
서울특별시,강남구,대치1동,서울특별시 강남구 대치1동,11680600,08,29719.31216438356
서울특별시,강남구,대치1동,서울특별시 강남구 대치1동,11680600,09,31099.63106849315
서울특별시,강남구,대치1동,서울특별시 강남구 대치1동,11680600,10,32071.90419178082
서울특별시,강남구,대치1동,서울특별시 강남구 대치1동,11680600,11,32728.60293150685
서울특별시,강남구,대치1동,서울특별시 강남구 대치1동,11680600,12,33090.16049315069
서울특별시,강남구,대치1동,서울특별시 강남구 대치1동,11680600,13,33777.47520547945
서울특별시,강남구,대치1동,서울특별시 강남구 대치1동,11680600,14,34406.405452054794
서울특별시,강남구,대치1동,서울특별시 강남구 대치1동,11680600,15,34955.52139726027
서울특별시,강남구,대치1동,서울특별시 강남구 대치1동,11680600,16,35361.011013698626
서울특별시,강남구,대치1동,서울특별시 강남구 대치1동,11680600,17,35536.39942465753
서울특별시,강남구,대치1동,서울특별시 강남구 대치1동,11680600,18,35054.203095890414
서울특별시,강남구,대치1동,서울특별시 강남구 대치1동,11680600,19,33627.80602739726
서울특별시,강남구,대치1동,서울특별시 강남구 대치1동,11680600,20,32441.476136986297
서울특별시,강남구,대치1동,서울특별시 강남구 대치1동,11680600,21,31704.671835616442
서울특별시,강남구,대치1동,서울특별시 강남구 대치1동,11680600,22,29919.424493150684
서울특별시,강남구,대치1동,서울특별시 강남구 대치1동,11680600,23,27887.432
서울특별시,강남구,대치2동,서울특별시 강남구 대치2동,11680610,00,38961.27216438356
서울특별시,강남구,대치2동,서울특별시 강남구 대치2동,11680610,01,38846.114
서울특별시,강남구,대치2동,서울특별시 강남구 대치2동,11680610,02,38873.774328767126
서울특별시,강남구,대치2동,서울특별시 강남구 대치2동,11680610,03,38866.56178082192
서울특별시,강남구,대치2동,서울특별시 강남구 대치2동,11680610,04,38902.46336986301
서울특별시,강남구,대치2동,서울특별시 강남구 대치2동,11680610,05,39212.71621917808
서울특별시,강남구,대치2동,서울특별시 강남구 대치2동,11680610,06,40106.46391780822
서울특별시,강남구,대치2동,서울특별시 강남구 대치2동,11680610,07,42196.0345479452
서울특별시,강남구,대치2동,서울특별시 강남구 대치2동,11680610,08,48283.02547945206
서울특별시,강남구,대치2동,서울특별시 강남구 대치2동,11680610,09,56428.05936986302
서울특별시,강남구,대치2동,서울특별시 강남구 대치2동,11680610,10,60806.54789041096
서울특별시,강남구,대치2동,서울특별시 강남구 대치2동,11680610,11,62713.82923287672
서울특별시,강남구,대치2동,서울특별시 강남구 대치2동,11680610,12,63516.48668493151
서울특별시,강남구,대치2동,서울특별시 강남구 대치2동,11680610,13,64836.975917808224
서울특별시,강남구,대치2동,서울특별시 강남구 대치2동,11680610,14,65522.88219178082
서울특별시,강남구,대치2동,서울특별시 강남구 대치2동,11680610,15,65738.22273972603
서울특별시,강남구,대치2동,서울특별시 강남구 대치2동,11680610,16,64918.61205479452
서울특별시,강남구,대치2동,서울특별시 강남구 대치2동,11680610,17,63771.682383561645
서울특별시,강남구,대치2동,서울특별시 강남구 대치2동,11680610,18,59600.407123287674
서울특별시,강남구,대치2동,서울특별시 강남구 대치2동,11680610,19,52859.406904109586
서울특별시,강남구,대치2동,서울특별시 강남구 대치2동,11680610,20,48451.168328767126
서울특별시,강남구,대치2동,서울특별시 강남구 대치2동,11680610,21,46094.03991780822
서울특별시,강남구,대치2동,서울특별시 강남구 대치2동,11680610,22,43213.8338630137
서울특별시,강남구,대치2동,서울특별시 강남구 대치2동,11680610,23,40524.00178082192
서울특별시,강남구,대치4동,서울특별시 강남구 대치4동,11680630,00,25562.62909589041
서울특별시,강남구,대치4동,서울특별시 강남구 대치4동,11680630,01,25057.717178082192
서울특별시,강남구,대치4동,서울특별시 강남구 대치4동,11680630,02,24585.745726027395
서울특별시,강남구,대치4동,서울특별시 강남구 대치4동,11680630,03,24308.899452054797
서울특별시,강남구,대치4동,서울특별시 강남구 대치4동,11680630,04,24170.402493150686
서울특별시,강남구,대치4동,서울특별시 강남구 대치4동,11680630,05,24188.3284109589
서울특별시,강남구,대치4동,서울특별시 강남구 대치4동,11680630,06,25010.297452054794
서울특별시,강남구,대치4동,서울특별시 강남구 대치4동,11680630,07,27992.517589041097
서울특별시,강남구,대치4동,서울특별시 강남구 대치4동,11680630,08,34865.16657534247
서울특별시,강남구,대치4동,서울특별시 강남구 대치4동,11680630,09,43108.115698630136
서울특별시,강남구,대치4동,서울특별시 강남구 대치4동,11680630,10,48750.48663013699
서울특별시,강남구,대치4동,서울특별시 강남구 대치4동,11680630,11,52032.31038356164
서울특별시,강남구,대치4동,서울특별시 강남구 대치4동,11680630,12,54585.520136986306
서울특별시,강남구,대치4동,서울특별시 강남구 대치4동,11680630,13,56988.04123287671
서울특별시,강남구,대치4동,서울특별시 강남구 대치4동,11680630,14,58134.639753424664
서울특별시,강남구,대치4동,서울특별시 강남구 대치4동,11680630,15,58575.894821917806
서울특별시,강남구,대치4동,서울특별시 강남구 대치4동,11680630,16,58583.2965479452
서울특별시,강남구,대치4동,서울특별시 강남구 대치4동,11680630,17,58436.689890410955
서울특별시,강남구,대치4동,서울특별시 강남구 대치4동,11680630,18,56275.60652054794
서울특별시,강남구,대치4동,서울특별시 강남구 대치4동,11680630,19,50811.51364383562
서울특별시,강남구,대치4동,서울특별시 강남구 대치4동,11680630,20,45641.95912328767
서울특별시,강남구,대치4동,서울특별시 강남구 대치4동,11680630,21,41326.94517808219
서울특별시,강남구,대치4동,서울특별시 강남구 대치4동,11680630,22,35377.26249315069
서울특별시,강남구,대치4동,서울특별시 강남구 대치4동,11680630,23,29817.691643835613
서울특별시,강남구,도곡1동,서울특별시 강남구 도곡1동,11680655,00,23396.195123287675
서울특별시,강남구,도곡1동,서울특별시 강남구 도곡1동,11680655,01,23265.480383561644
서울특별시,강남구,도곡1동,서울특별시 강남구 도곡1동,11680655,02,23175.366602739727
서울특별시,강남구,도곡1동,서울특별시 강남구 도곡1동,11680655,03,23140.51515068493
서울특별시,강남구,도곡1동,서울특별시 강남구 도곡1동,11680655,04,23176.053616438356
서울특별시,강남구,도곡1동,서울특별시 강남구 도곡1동,11680655,05,23461.743315068496
서울특별시,강남구,도곡1동,서울특별시 강남구 도곡1동,11680655,06,24393.291643835615
서울특별시,강남구,도곡1동,서울특별시 강남구 도곡1동,11680655,07,26388.16808219178
서울특별시,강남구,도곡1동,서울특별시 강남구 도곡1동,11680655,08,30903.778246575344
서울특별시,강남구,도곡1동,서울특별시 강남구 도곡1동,11680655,09,36409.51701369863
서울특별시,강남구,도곡1동,서울특별시 강남구 도곡1동,11680655,10,38927.27720547945
서울특별시,강남구,도곡1동,서울특별시 강남구 도곡1동,11680655,11,39922.27073972603
서울특별시,강남구,도곡1동,서울특별시 강남구 도곡1동,11680655,12,40122.22753424658
서울특별시,강남구,도곡1동,서울특별시 강남구 도곡1동,11680655,13,40367.75306849315
서울특별시,강남구,도곡1동,서울특별시 강남구 도곡1동,11680655,14,40635.74235616438
서울특별시,강남구,도곡1동,서울특별시 강남구 도곡1동,11680655,15,40096.14624657534
서울특별시,강남구,도곡1동,서울특별시 강남구 도곡1동,11680655,16,38870.78643835617
서울특별시,강남구,도곡1동,서울특별시 강남구 도곡1동,11680655,17,37092.03578082192
서울특별시,강남구,도곡1동,서울특별시 강남구 도곡1동,11680655,18,34424.770219178085
서울특별시,강남구,도곡1동,서울특별시 강남구 도곡1동,11680655,19,30699.07189041096
서울특별시,강남구,도곡1동,서울특별시 강남구 도곡1동,11680655,20,28010.46794520548
서울특별시,강남구,도곡1동,서울특별시 강남구 도곡1동,11680655,21,26442.89597260274
서울특별시,강남구,도곡1동,서울특별시 강남구 도곡1동,11680655,22,25196.684301369864
서울특별시,강남구,도곡1동,서울특별시 강남구 도곡1동,11680655,23,24262.86293150685
서울특별시,강남구,도곡2동,서울특별시 강남구 도곡2동,11680656,00,28730.929068493147
서울특별시,강남구,도곡2동,서울특별시 강남구 도곡2동,11680656,01,28828.548164383563
서울특별시,강남구,도곡2동,서울특별시 강남구 도곡2동,11680656,02,28726.78523287671
서울특별시,강남구,도곡2동,서울특별시 강남구 도곡2동,11680656,03,28690.30323287671
서울특별시,강남구,도곡2동,서울특별시 강남구 도곡2동,11680656,04,28753.3441369863
서울특별시,강남구,도곡2동,서울특별시 강남구 도곡2동,11680656,05,28900.79342465753
서울특별시,강남구,도곡2동,서울특별시 강남구 도곡2동,11680656,06,29460.521178082192
서울특별시,강남구,도곡2동,서울특별시 강남구 도곡2동,11680656,07,30375.402520547945
서울특별시,강남구,도곡2동,서울특별시 강남구 도곡2동,11680656,08,31600.566410958905
서울특별시,강남구,도곡2동,서울특별시 강남구 도곡2동,11680656,09,32626.619260273972
서울특별시,강남구,도곡2동,서울특별시 강남구 도곡2동,11680656,10,33223.486328767125
서울특별시,강남구,도곡2동,서울특별시 강남구 도곡2동,11680656,11,33487.785726027396
서울특별시,강남구,도곡2동,서울특별시 강남구 도곡2동,11680656,12,33630.89652054795
서울특별시,강남구,도곡2동,서울특별시 강남구 도곡2동,11680656,13,33699.29802739726
서울특별시,강남구,도곡2동,서울특별시 강남구 도곡2동,11680656,14,33498.864575342464
서울특별시,강남구,도곡2동,서울특별시 강남구 도곡2동,11680656,15,32936.39421917808
서울특별시,강남구,도곡2동,서울특별시 강남구 도곡2동,11680656,16,32180.23515068493
서울특별시,강남구,도곡2동,서울특별시 강남구 도곡2동,11680656,17,31323.34698630137
서울특별시,강남구,도곡2동,서울특별시 강남구 도곡2동,11680656,18,30341.935506849317
서울특별시,강남구,도곡2동,서울특별시 강남구 도곡2동,11680656,19,29118.009945205482
서울특별시,강남구,도곡2동,서울특별시 강남구 도곡2동,11680656,20,28388.128575342464
서울특별시,강남구,도곡2동,서울특별시 강남구 도곡2동,11680656,21,28206.559698630135
서울특별시,강남구,도곡2동,서울특별시 강남구 도곡2동,11680656,22,28440.47084931507
서울특별시,강남구,도곡2동,서울특별시 강남구 도곡2동,11680656,23,28436.692794520546
서울특별시,강남구,삼성1동,서울특별시 강남구 삼성1동,11680580,00,16880.931506849316
서울특별시,강남구,삼성1동,서울특별시 강남구 삼성1동,11680580,01,16415.787205479453
서울특별시,강남구,삼성1동,서울특별시 강남구 삼성1동,11680580,02,16012.511232876712
서울특별시,강남구,삼성1동,서울특별시 강남구 삼성1동,11680580,03,15833.315068493152
서울특별시,강남구,삼성1동,서울특별시 강남구 삼성1동,11680580,04,15893.53093150685
서울특별시,강남구,삼성1동,서울특별시 강남구 삼성1동,11680580,05,16493.083534246576
서울특별시,강남구,삼성1동,서울특별시 강남구 삼성1동,11680580,06,18527.198
서울특별시,강남구,삼성1동,서울특별시 강남구 삼성1동,11680580,07,23208.65142465753
서울특별시,강남구,삼성1동,서울특별시 강남구 삼성1동,11680580,08,34367.96120547945
서울특별시,강남구,삼성1동,서울특별시 강남구 삼성1동,11680580,09,51758.17298630137
서울특별시,강남구,삼성1동,서울특별시 강남구 삼성1동,11680580,10,63376.42646575342
서울특별시,강남구,삼성1동,서울특별시 강남구 삼성1동,11680580,11,71236.18915068494
서울특별시,강남구,삼성1동,서울특별시 강남구 삼성1동,11680580,12,76754.83638356165
서울특별시,강남구,삼성1동,서울특별시 강남구 삼성1동,11680580,13,80302.27101369863
서울특별시,강남구,삼성1동,서울특별시 강남구 삼성1동,11680580,14,82358.45983561644
서울특별시,강남구,삼성1동,서울특별시 강남구 삼성1동,11680580,15,81765.33701369863
서울특별시,강남구,삼성1동,서울특별시 강남구 삼성1동,11680580,16,78721.68235616438
서울특별시,강남구,삼성1동,서울특별시 강남구 삼성1동,11680580,17,73113.08830136986
서울특별시,강남구,삼성1동,서울특별시 강남구 삼성1동,11680580,18,63720.136273972596
서울특별시,강남구,삼성1동,서울특별시 강남구 삼성1동,11680580,19,49955.26509589041
서울특별시,강남구,삼성1동,서울특별시 강남구 삼성1동,11680580,20,39344.19939726027
서울특별시,강남구,삼성1동,서울특별시 강남구 삼성1동,11680580,21,31177.368547945203
서울특별시,강남구,삼성1동,서울특별시 강남구 삼성1동,11680580,22,24399.84079452055
서울특별시,강남구,삼성1동,서울특별시 강남구 삼성1동,11680580,23,19999.861890410957
서울특별시,강남구,삼성2동,서울특별시 강남구 삼성2동,11680590,00,32936.322712328765
서울특별시,강남구,삼성2동,서울특별시 강남구 삼성2동,11680590,01,32912.61849315069
서울특별시,강남구,삼성2동,서울특별시 강남구 삼성2동,11680590,02,32891.31416438356
서울특별시,강남구,삼성2동,서울특별시 강남구 삼성2동,11680590,03,32818.68578082192
서울특별시,강남구,삼성2동,서울특별시 강남구 삼성2동,11680590,04,32774.00087671233
서울특별시,강남구,삼성2동,서울특별시 강남구 삼성2동,11680590,05,32851.96764383562
서울특별시,강남구,삼성2동,서울특별시 강남구 삼성2동,11680590,06,33418.06271232877
서울특별시,강남구,삼성2동,서울특별시 강남구 삼성2동,11680590,07,34949.46293150685
서울특별시,강남구,삼성2동,서울특별시 강남구 삼성2동,11680590,08,38358.57994520548
서울특별시,강남구,삼성2동,서울특별시 강남구 삼성2동,11680590,09,44347.24402739726
서울특별시,강남구,삼성2동,서울특별시 강남구 삼성2동,11680590,10,47203.55904109589
서울특별시,강남구,삼성2동,서울특별시 강남구 삼성2동,11680590,11,48247.62726027397
서울특별시,강남구,삼성2동,서울특별시 강남구 삼성2동,11680590,12,48558.70391780822
서울특별시,강남구,삼성2동,서울특별시 강남구 삼성2동,11680590,13,48727.94961643835
서울특별시,강남구,삼성2동,서울특별시 강남구 삼성2동,11680590,14,48985.70347945205
서울특별시,강남구,삼성2동,서울특별시 강남구 삼성2동,11680590,15,48897.06832876713
서울특별시,강남구,삼성2동,서울특별시 강남구 삼성2동,11680590,16,48249.18087671233
서울특별시,강남구,삼성2동,서울특별시 강남구 삼성2동,11680590,17,46743.42791780822
서울특별시,강남구,삼성2동,서울특별시 강남구 삼성2동,11680590,18,43864.6141369863
서울특별시,강남구,삼성2동,서울특별시 강남구 삼성2동,11680590,19,38986.829917808216
서울특별시,강남구,삼성2동,서울특별시 강남구 삼성2동,11680590,20,36025.927945205476
서울특별시,강남구,삼성2동,서울특별시 강남구 삼성2동,11680590,21,34793.87682191781
서울특별시,강남구,삼성2동,서울특별시 강남구 삼성2동,11680590,22,34182.24882191781
서울특별시,강남구,삼성2동,서울특별시 강남구 삼성2동,11680590,23,33521.27895890411
서울특별시,강남구,세곡동,서울특별시 강남구 세곡동,11680700,00,50350.06465753425
서울특별시,강남구,세곡동,서울특별시 강남구 세곡동,11680700,01,50529.349315068495
서울특별시,강남구,세곡동,서울특별시 강남구 세곡동,11680700,02,50689.386082191784
서울특별시,강남구,세곡동,서울특별시 강남구 세곡동,11680700,03,50758.09402739726
서울특별시,강남구,세곡동,서울특별시 강남구 세곡동,11680700,04,50799.65315068493
서울특별시,강남구,세곡동,서울특별시 강남구 세곡동,11680700,05,50726.60898630138
서울특별시,강남구,세곡동,서울특별시 강남구 세곡동,11680700,06,50680.62479452055
서울특별시,강남구,세곡동,서울특별시 강남구 세곡동,11680700,07,50229.834657534244
서울특별시,강남구,세곡동,서울특별시 강남구 세곡동,11680700,08,48615.10712328768
서울특별시,강남구,세곡동,서울특별시 강남구 세곡동,11680700,09,46738.0606849315
서울특별시,강남구,세곡동,서울특별시 강남구 세곡동,11680700,10,45436.202219178085
서울특별시,강남구,세곡동,서울특별시 강남구 세곡동,11680700,11,44211.25821917808
서울특별시,강남구,세곡동,서울특별시 강남구 세곡동,11680700,12,43422.515452054795
서울특별시,강남구,세곡동,서울특별시 강남구 세곡동,11680700,13,42930.16101369863
서울특별시,강남구,세곡동,서울특별시 강남구 세곡동,11680700,14,42921.81608219178
서울특별시,강남구,세곡동,서울특별시 강남구 세곡동,11680700,15,43150.60323287671
서울특별시,강남구,세곡동,서울특별시 강남구 세곡동,11680700,16,43194.50241095891
서울특별시,강남구,세곡동,서울특별시 강남구 세곡동,11680700,17,43003.58736986302
서울특별시,강남구,세곡동,서울특별시 강남구 세곡동,11680700,18,43306.24742465754
서울특별시,강남구,세곡동,서울특별시 강남구 세곡동,11680700,19,44455.811315068495
서울특별시,강남구,세곡동,서울특별시 강남구 세곡동,11680700,20,45715.505698630135
서울특별시,강남구,세곡동,서울특별시 강남구 세곡동,11680700,21,47100.21520547946
서울특별시,강남구,세곡동,서울특별시 강남구 세곡동,11680700,22,48473.794356164384
서울특별시,강남구,세곡동,서울특별시 강남구 세곡동,11680700,23,49513.74520547945
서울특별시,강남구,수서동,서울특별시 강남구 수서동,11680750,00,16702.512273972603
서울특별시,강남구,수서동,서울특별시 강남구 수서동,11680750,01,16583.369917808217
서울특별시,강남구,수서동,서울특별시 강남구 수서동,11680750,02,16512.090301369863
서울특별시,강남구,수서동,서울특별시 강남구 수서동,11680750,03,16515.386602739727
서울특별시,강남구,수서동,서울특별시 강남구 수서동,11680750,04,16558.015150684932
서울특별시,강남구,수서동,서울특별시 강남구 수서동,11680750,05,17016.562438356166
서울특별시,강남구,수서동,서울특별시 강남구 수서동,11680750,06,18249.490520547944
서울특별시,강남구,수서동,서울특별시 강남구 수서동,11680750,07,21216.080082191784
서울특별시,강남구,수서동,서울특별시 강남구 수서동,11680750,08,25379.04416438356
서울특별시,강남구,수서동,서울특별시 강남구 수서동,11680750,09,28844.874520547943
서울특별시,강남구,수서동,서울특별시 강남구 수서동,11680750,10,31371.616657534247
서울특별시,강남구,수서동,서울특별시 강남구 수서동,11680750,11,31498.34202739726
서울특별시,강남구,수서동,서울특별시 강남구 수서동,11680750,12,32286.232191780822
서울특별시,강남구,수서동,서울특별시 강남구 수서동,11680750,13,32278.2097260274
서울특별시,강남구,수서동,서울특별시 강남구 수서동,11680750,14,31100.10117808219
서울특별시,강남구,수서동,서울특별시 강남구 수서동,11680750,15,30924.232739726027
서울특별시,강남구,수서동,서울특별시 강남구 수서동,11680750,16,30190.829999999998
서울특별시,강남구,수서동,서울특별시 강남구 수서동,11680750,17,28914.191315068492
서울특별시,강남구,수서동,서울특별시 강남구 수서동,11680750,18,27688.97312328767
서울특별시,강남구,수서동,서울특별시 강남구 수서동,11680750,19,25076.944246575342
서울특별시,강남구,수서동,서울특별시 강남구 수서동,11680750,20,22863.90509589041
서울특별시,강남구,수서동,서울특별시 강남구 수서동,11680750,21,21266.709753424657
서울특별시,강남구,수서동,서울특별시 강남구 수서동,11680750,22,19984.954712328767
서울특별시,강남구,수서동,서울특별시 강남구 수서동,11680750,23,18595.245205479452
서울특별시,강남구,신사동,서울특별시 강남구 신사동,11680510,00,20280.126520547943
서울특별시,강남구,신사동,서울특별시 강남구 신사동,11680510,01,19645.540493150686
서울특별시,강남구,신사동,서울특별시 강남구 신사동,11680510,02,19109.959726027395
서울특별시,강남구,신사동,서울특별시 강남구 신사동,11680510,03,18741.185506849313
서울특별시,강남구,신사동,서울특별시 강남구 신사동,11680510,04,18583.128246575343
서울특별시,강남구,신사동,서울특별시 강남구 신사동,11680510,05,18565.56090410959
서울특별시,강남구,신사동,서울특별시 강남구 신사동,11680510,06,18946.727863013697
서울특별시,강남구,신사동,서울특별시 강남구 신사동,11680510,07,20189.70180821918
서울특별시,강남구,신사동,서울특별시 강남구 신사동,11680510,08,23302.456712328763
서울특별시,강남구,신사동,서울특별시 강남구 신사동,11680510,09,30039.78219178082
서울특별시,강남구,신사동,서울특별시 강남구 신사동,11680510,10,36033.327369863015
서울특별시,강남구,신사동,서울특별시 강남구 신사동,11680510,11,39839.2421369863
서울특별시,강남구,신사동,서울특별시 강남구 신사동,11680510,12,42936.217917808215
서울특별시,강남구,신사동,서울특별시 강남구 신사동,11680510,13,43995.742520547945
서울특별시,강남구,신사동,서울특별시 강남구 신사동,11680510,14,44824.63380821918
서울특별시,강남구,신사동,서울특별시 강남구 신사동,11680510,15,44915.93545205479
서울특별시,강남구,신사동,서울특별시 강남구 신사동,11680510,16,44187.35342465754
서울특별시,강남구,신사동,서울특별시 강남구 신사동,11680510,17,43100.79345205479
서울특별시,강남구,신사동,서울특별시 강남구 신사동,11680510,18,42012.241616438354
서울특별시,강남구,신사동,서울특별시 강남구 신사동,11680510,19,39257.43660273973
서울특별시,강남구,신사동,서울특별시 강남구 신사동,11680510,20,34888.191369863016
서울특별시,강남구,신사동,서울특별시 강남구 신사동,11680510,21,30920.67632876712
서울특별시,강남구,신사동,서울특별시 강남구 신사동,11680510,22,26816.54515068493
서울특별시,강남구,신사동,서울특별시 강남구 신사동,11680510,23,23507.7761369863
서울특별시,강남구,압구정동,서울특별시 강남구 압구정동,11680545,00,29906.35739726027
서울특별시,강남구,압구정동,서울특별시 강남구 압구정동,11680545,01,29264.405232876714
서울특별시,강남구,압구정동,서울특별시 강남구 압구정동,11680545,02,28512.68405479452
서울특별시,강남구,압구정동,서울특별시 강남구 압구정동,11680545,03,27834.26887671233
서울특별시,강남구,압구정동,서울특별시 강남구 압구정동,11680545,04,27325.22583561644
서울특별시,강남구,압구정동,서울특별시 강남구 압구정동,11680545,05,27238.63608219178
서울특별시,강남구,압구정동,서울특별시 강남구 압구정동,11680545,06,27860.53112328767
서울특별시,강남구,압구정동,서울특별시 강남구 압구정동,11680545,07,29589.955287671233
서울특별시,강남구,압구정동,서울특별시 강남구 압구정동,11680545,08,33654.58052054795
서울특별시,강남구,압구정동,서울특별시 강남구 압구정동,11680545,09,41611.134958904106
서울특별시,강남구,압구정동,서울특별시 강남구 압구정동,11680545,10,48473.40591780822
서울특별시,강남구,압구정동,서울특별시 강남구 압구정동,11680545,11,53647.43797260274
서울특별시,강남구,압구정동,서울특별시 강남구 압구정동,11680545,12,57298.72931506849
서울특별시,강남구,압구정동,서울특별시 강남구 압구정동,11680545,13,58974.01619178082
서울특별시,강남구,압구정동,서울특별시 강남구 압구정동,11680545,14,59825.085561643835
서울특별시,강남구,압구정동,서울특별시 강남구 압구정동,11680545,15,59410.933917808215
서울특별시,강남구,압구정동,서울특별시 강남구 압구정동,11680545,16,58166.01939726027
서울특별시,강남구,압구정동,서울특별시 강남구 압구정동,11680545,17,56531.50084931507
서울특별시,강남구,압구정동,서울특별시 강남구 압구정동,11680545,18,54333.6558630137
서울특별시,강남구,압구정동,서울특별시 강남구 압구정동,11680545,19,49775.738876712334
서울특별시,강남구,압구정동,서울특별시 강남구 압구정동,11680545,20,44067.25076712329
서울특별시,강남구,압구정동,서울특별시 강남구 압구정동,11680545,21,38962.571616438356
서울특별시,강남구,압구정동,서울특별시 강남구 압구정동,11680545,22,34902.980356164386
서울특별시,강남구,압구정동,서울특별시 강남구 압구정동,11680545,23,32315.135863013697
서울특별시,강남구,역삼1동,서울특별시 강남구 역삼1동,11680640,00,51671.68756164384
서울특별시,강남구,역삼1동,서울특별시 강남구 역삼1동,11680640,01,49923.12084931507
서울특별시,강남구,역삼1동,서울특별시 강남구 역삼1동,11680640,02,48330.005260273974
서울특별시,강남구,역삼1동,서울특별시 강남구 역삼1동,11680640,03,47243.31638356164
서울특별시,강남구,역삼1동,서울특별시 강남구 역삼1동,11680640,04,46652.259123287666
서울특별시,강남구,역삼1동,서울특별시 강남구 역삼1동,11680640,05,46926.26230136986
서울특별시,강남구,역삼1동,서울특별시 강남구 역삼1동,11680640,06,49671.20865753425
서울특별시,강남구,역삼1동,서울특별시 강남구 역삼1동,11680640,07,57954.12983561644
서울특별시,강남구,역삼1동,서울특별시 강남구 역삼1동,11680640,08,81593.20731506849
서울특별시,강남구,역삼1동,서울특별시 강남구 역삼1동,11680640,09,118221.3418630137
서울특별시,강남구,역삼1동,서울특별시 강남구 역삼1동,11680640,10,145477.77161643835
서울특별시,강남구,역삼1동,서울특별시 강남구 역삼1동,11680640,11,159236.45753424658
서울특별시,강남구,역삼1동,서울특별시 강남구 역삼1동,11680640,12,167568.42120547945
서울특별시,강남구,역삼1동,서울특별시 강남구 역삼1동,11680640,13,172259.4837808219
서울특별시,강남구,역삼1동,서울특별시 강남구 역삼1동,11680640,14,174585.41147945204
서울특별시,강남구,역삼1동,서울특별시 강남구 역삼1동,11680640,15,173365.23008219176
서울특별시,강남구,역삼1동,서울특별시 강남구 역삼1동,11680640,16,168554.43843835616
서울특별시,강남구,역삼1동,서울특별시 강남구 역삼1동,11680640,17,161620.28884931508
서울특별시,강남구,역삼1동,서울특별시 강남구 역삼1동,11680640,18,149751.30304109587
서울특별시,강남구,역삼1동,서울특별시 강남구 역삼1동,11680640,19,128463.59758904109
서울특별시,강남구,역삼1동,서울특별시 강남구 역삼1동,11680640,20,107873.02778082193
서울특별시,강남구,역삼1동,서울특별시 강남구 역삼1동,11680640,21,92788.28794520548
서울특별시,강남구,역삼1동,서울특별시 강남구 역삼1동,11680640,22,78075.2131780822
서울특별시,강남구,역삼1동,서울특별시 강남구 역삼1동,11680640,23,64943.98550684932
서울특별시,강남구,역삼2동,서울특별시 강남구 역삼2동,11680650,00,39002.951342465756
서울특별시,강남구,역삼2동,서울특별시 강남구 역삼2동,11680650,01,39102.14380821918
서울특별시,강남구,역삼2동,서울특별시 강남구 역삼2동,11680650,02,39177.69049315068
서울특별시,강남구,역삼2동,서울특별시 강남구 역삼2동,11680650,03,39208.51989041096
서울특별시,강남구,역삼2동,서울특별시 강남구 역삼2동,11680650,04,39209.40232876712
서울특별시,강남구,역삼2동,서울특별시 강남구 역삼2동,11680650,05,39482.44208219178
서울특별시,강남구,역삼2동,서울특별시 강남구 역삼2동,11680650,06,40366.66252054794
서울특별시,강남구,역삼2동,서울특별시 강남구 역삼2동,11680650,07,42596.454520547944
서울특별시,강남구,역삼2동,서울특별시 강남구 역삼2동,11680650,08,48047.86123287672
서울특별시,강남구,역삼2동,서울특별시 강남구 역삼2동,11680650,09,54788.42301369862
서울특별시,강남구,역삼2동,서울특별시 강남구 역삼2동,11680650,10,58583.15230136986
서울특별시,강남구,역삼2동,서울특별시 강남구 역삼2동,11680650,11,59639.158794520554
서울특별시,강남구,역삼2동,서울특별시 강남구 역삼2동,11680650,12,59433.67808219178
서울특별시,강남구,역삼2동,서울특별시 강남구 역삼2동,11680650,13,60218.00435616438
서울특별시,강남구,역삼2동,서울특별시 강남구 역삼2동,11680650,14,60996.63224657534
서울특별시,강남구,역삼2동,서울특별시 강남구 역삼2동,11680650,15,60934.83564383562
서울특별시,강남구,역삼2동,서울특별시 강남구 역삼2동,11680650,16,59690.18457534247
서울특별시,강남구,역삼2동,서울특별시 강남구 역삼2동,11680650,17,56790.428410958906
서울특별시,강남구,역삼2동,서울특별시 강남구 역삼2동,11680650,18,51487.5942739726
서울특별시,강남구,역삼2동,서울특별시 강남구 역삼2동,11680650,19,45638.713698630134
서울특별시,강남구,역삼2동,서울특별시 강남구 역삼2동,11680650,20,42314.31402739726
서울특별시,강남구,역삼2동,서울특별시 강남구 역삼2동,11680650,21,40910.41728767123
서울특별시,강남구,역삼2동,서울특별시 강남구 역삼2동,11680650,22,40211.70591780822
서울특별시,강남구,역삼2동,서울특별시 강남구 역삼2동,11680650,23,39285.66780821918
서울특별시,강남구,일원1동,서울특별시 강남구 일원1동,11680730,00,16963.452465753424
서울특별시,강남구,일원1동,서울특별시 강남구 일원1동,11680730,01,16931.380630136984
서울특별시,강남구,일원1동,서울특별시 강남구 일원1동,11680730,02,16913.335698630137
서울특별시,강남구,일원1동,서울특별시 강남구 일원1동,11680730,03,16894.183397260276
서울특별시,강남구,일원1동,서울특별시 강남구 일원1동,11680730,04,16856.994547945204
서울특별시,강남구,일원1동,서울특별시 강남구 일원1동,11680730,05,16809.239589041095
서울특별시,강남구,일원1동,서울특별시 강남구 일원1동,11680730,06,16783.452657534246
서울특별시,강남구,일원1동,서울특별시 강남구 일원1동,11680730,07,16810.940630136985
서울특별시,강남구,일원1동,서울특별시 강남구 일원1동,11680730,08,16578.62605479452
서울특별시,강남구,일원1동,서울특별시 강남구 일원1동,11680730,09,16267.666794520548
서울특별시,강남구,일원1동,서울특별시 강남구 일원1동,11680730,10,16253.593260273972
서울특별시,강남구,일원1동,서울특별시 강남구 일원1동,11680730,11,16326.888712328768
서울특별시,강남구,일원1동,서울특별시 강남구 일원1동,11680730,12,16356.515890410958
서울특별시,강남구,일원1동,서울특별시 강남구 일원1동,11680730,13,16151.856684931508
서울특별시,강남구,일원1동,서울특별시 강남구 일원1동,11680730,14,15968.66890410959
서울특별시,강남구,일원1동,서울특별시 강남구 일원1동,11680730,15,16048.584465753425
서울특별시,강남구,일원1동,서울특별시 강남구 일원1동,11680730,16,16164.233808219178
서울특별시,강남구,일원1동,서울특별시 강남구 일원1동,11680730,17,16375.48197260274
서울특별시,강남구,일원1동,서울특별시 강남구 일원1동,11680730,18,16574.17898630137
서울특별시,강남구,일원1동,서울특별시 강남구 일원1동,11680730,19,16868.335643835617
서울특별시,강남구,일원1동,서울특별시 강남구 일원1동,11680730,20,17024.362410958904
서울특별시,강남구,일원1동,서울특별시 강남구 일원1동,11680730,21,17127.969342465753
서울특별시,강남구,일원1동,서울특별시 강남구 일원1동,11680730,22,17147.981260273973
서울특별시,강남구,일원1동,서울특별시 강남구 일원1동,11680730,23,17141.417424657535
서울특별시,강남구,일원본동,서울특별시 강남구 일원본동,11680720,00,25621.902575342465
서울특별시,강남구,일원본동,서울특별시 강남구 일원본동,11680720,01,25729.18487671233
서울특별시,강남구,일원본동,서울특별시 강남구 일원본동,11680720,02,25820.346410958904
서울특별시,강남구,일원본동,서울특별시 강남구 일원본동,11680720,03,25847.68487671233
서울특별시,강남구,일원본동,서울특별시 강남구 일원본동,11680720,04,25921.98167123288
서울특별시,강남구,일원본동,서울특별시 강남구 일원본동,11680720,05,26057.27715068493
서울특별시,강남구,일원본동,서울특별시 강남구 일원본동,11680720,06,26713.35328767123
서울특별시,강남구,일원본동,서울특별시 강남구 일원본동,11680720,07,28285.855808219178
서울특별시,강남구,일원본동,서울특별시 강남구 일원본동,11680720,08,29377.615835616438
서울특별시,강남구,일원본동,서울특별시 강남구 일원본동,11680720,09,29841.855972602738
서울특별시,강남구,일원본동,서울특별시 강남구 일원본동,11680720,10,30357.194876712332
서울특별시,강남구,일원본동,서울특별시 강남구 일원본동,11680720,11,30259.97205479452
서울특별시,강남구,일원본동,서울특별시 강남구 일원본동,11680720,12,29585.958164383563
서울특별시,강남구,일원본동,서울특별시 강남구 일원본동,11680720,13,29181.74528767123
서울특별시,강남구,일원본동,서울특별시 강남구 일원본동,11680720,14,29264.853589041097
서울특별시,강남구,일원본동,서울특별시 강남구 일원본동,11680720,15,28898.189616438358
서울특별시,강남구,일원본동,서울특별시 강남구 일원본동,11680720,16,27758.29282191781
서울특별시,강남구,일원본동,서울특별시 강남구 일원본동,11680720,17,26002.703424657535
서울특별시,강남구,일원본동,서울특별시 강남구 일원본동,11680720,18,24502.850410958905
서울특별시,강남구,일원본동,서울특별시 강남구 일원본동,11680720,19,24271.329643835616
서울특별시,강남구,일원본동,서울특별시 강남구 일원본동,11680720,20,24486.074657534245
서울특별시,강남구,일원본동,서울특별시 강남구 일원본동,11680720,21,24774.569095890412
서울특별시,강남구,일원본동,서울특별시 강남구 일원본동,11680720,22,25181.05087671233
서울특별시,강남구,일원본동,서울특별시 강남구 일원본동,11680720,23,25347.40819178082
서울특별시,강남구,청담동,서울특별시 강남구 청담동,11680565,00,28351.004493150685
서울특별시,강남구,청담동,서울특별시 강남구 청담동,11680565,01,27881.452191780823
서울특별시,강남구,청담동,서울특별시 강남구 청담동,11680565,02,27401.82904109589
서울특별시,강남구,청담동,서울특별시 강남구 청담동,11680565,03,26996.339589041094
서울특별시,강남구,청담동,서울특별시 강남구 청담동,11680565,04,26759.025397260273
서울특별시,강남구,청담동,서울특별시 강남구 청담동,11680565,05,26978.89117808219
서울특별시,강남구,청담동,서울특별시 강남구 청담동,11680565,06,28390.340301369866
서울특별시,강남구,청담동,서울특별시 강남구 청담동,11680565,07,30937.49315068493
서울특별시,강남구,청담동,서울특별시 강남구 청담동,11680565,08,35495.60167123288
서울특별시,강남구,청담동,서울특별시 강남구 청담동,11680565,09,42710.16306849315
서울특별시,강남구,청담동,서울특별시 강남구 청담동,11680565,10,48742.68673972603
서울특별시,강남구,청담동,서울특별시 강남구 청담동,11680565,11,52019.54054794521
서울특별시,강남구,청담동,서울특별시 강남구 청담동,11680565,12,53783.788904109584
서울특별시,강남구,청담동,서울특별시 강남구 청담동,11680565,13,54286.813205479455
서울특별시,강남구,청담동,서울특별시 강남구 청담동,11680565,14,54662.944465753426
서울특별시,강남구,청담동,서울특별시 강남구 청담동,11680565,15,53780.72638356164
서울특별시,강남구,청담동,서울특별시 강남구 청담동,11680565,16,52002.970054794525
서울특별시,강남구,청담동,서울특별시 강남구 청담동,11680565,17,49634.16241095891
서울특별시,강남구,청담동,서울특별시 강남구 청담동,11680565,18,46523.481342465755
서울특별시,강남구,청담동,서울특별시 강남구 청담동,11680565,19,41482.05347945205
서울특별시,강남구,청담동,서울특별시 강남구 청담동,11680565,20,36991.322273972604
서울특별시,강남구,청담동,서울특별시 강남구 청담동,11680565,21,34096.645178082195
서울특별시,강남구,청담동,서울특별시 강남구 청담동,11680565,22,31773.66293150685
서울특별시,강남구,청담동,서울특별시 강남구 청담동,11680565,23,29990.68347945206
서울특별시,강동구,강일동,서울특별시 강동구 강일동,11740515,00,39090.5721369863
서울특별시,강동구,강일동,서울특별시 강동구 강일동,11740515,01,39291.72928767123
서울특별시,강동구,강일동,서울특별시 강동구 강일동,11740515,02,39589.222684931505
서울특별시,강동구,강일동,서울특별시 강동구 강일동,11740515,03,39730.57931506849
서울특별시,강동구,강일동,서울특별시 강동구 강일동,11740515,04,39822.57994520548
서울특별시,강동구,강일동,서울특별시 강동구 강일동,11740515,05,39818.01073972603
서울특별시,강동구,강일동,서울특별시 강동구 강일동,11740515,06,39420.084465753425
서울특별시,강동구,강일동,서울특별시 강동구 강일동,11740515,07,38856.20802739726
서울특별시,강동구,강일동,서울특별시 강동구 강일동,11740515,08,37687.9082739726
서울특별시,강동구,강일동,서울특별시 강동구 강일동,11740515,09,35946.962493150684
서울특별시,강동구,강일동,서울특별시 강동구 강일동,11740515,10,34440.67808219178
서울특별시,강동구,강일동,서울특별시 강동구 강일동,11740515,11,33322.29873972602
서울특별시,강동구,강일동,서울특별시 강동구 강일동,11740515,12,32640.665232876712
서울특별시,강동구,강일동,서울특별시 강동구 강일동,11740515,13,32186.514547945208
서울특별시,강동구,강일동,서울특별시 강동구 강일동,11740515,14,32129.9857260274
서울특별시,강동구,강일동,서울특별시 강동구 강일동,11740515,15,32365.779232876714
서울특별시,강동구,강일동,서울특별시 강동구 강일동,11740515,16,32458.500739726027
서울특별시,강동구,강일동,서울특별시 강동구 강일동,11740515,17,32640.55715068493
서울특별시,강동구,강일동,서울특별시 강동구 강일동,11740515,18,33207.191342465754
서울특별시,강동구,강일동,서울특별시 강동구 강일동,11740515,19,34335.78465753425
서울특별시,강동구,강일동,서울특별시 강동구 강일동,11740515,20,35380.001589041094
서울특별시,강동구,강일동,서울특별시 강동구 강일동,11740515,21,36453.9862739726
서울특별시,강동구,강일동,서울특별시 강동구 강일동,11740515,22,37622.120794520546
서울특별시,강동구,강일동,서울특별시 강동구 강일동,11740515,23,38347.64506849315
서울특별시,강동구,고덕1동,서울특별시 강동구 고덕1동,11740550,00,25648.327671232877
서울특별시,강동구,고덕1동,서울특별시 강동구 고덕1동,11740550,01,25750.586547945204
서울특별시,강동구,고덕1동,서울특별시 강동구 고덕1동,11740550,02,25804.572465753423
서울특별시,강동구,고덕1동,서울특별시 강동구 고덕1동,11740550,03,25821.64783561644
서울특별시,강동구,고덕1동,서울특별시 강동구 고덕1동,11740550,04,25824.402794520545
서울특별시,강동구,고덕1동,서울특별시 강동구 고덕1동,11740550,05,25771.059616438357
서울특별시,강동구,고덕1동,서울특별시 강동구 고덕1동,11740550,06,25579.65501369863
서울특별시,강동구,고덕1동,서울특별시 강동구 고덕1동,11740550,07,25304.038246575346
서울특별시,강동구,고덕1동,서울특별시 강동구 고덕1동,11740550,08,24085.142712328765
서울특별시,강동구,고덕1동,서울특별시 강동구 고덕1동,11740550,09,22293.713698630138
서울특별시,강동구,고덕1동,서울특별시 강동구 고덕1동,11740550,10,21090.32076712329
서울특별시,강동구,고덕1동,서울특별시 강동구 고덕1동,11740550,11,20336.79109589041
서울특별시,강동구,고덕1동,서울특별시 강동구 고덕1동,11740550,12,19876.10005479452
서울특별시,강동구,고덕1동,서울특별시 강동구 고덕1동,11740550,13,19629.108164383564
서울특별시,강동구,고덕1동,서울특별시 강동구 고덕1동,11740550,14,19448.12594520548
서울특별시,강동구,고덕1동,서울특별시 강동구 고덕1동,11740550,15,19427.815616438358
서울특별시,강동구,고덕1동,서울특별시 강동구 고덕1동,11740550,16,19369.509232876713
서울특별시,강동구,고덕1동,서울특별시 강동구 고덕1동,11740550,17,19536.61093150685
서울특별시,강동구,고덕1동,서울특별시 강동구 고덕1동,11740550,18,20123.906602739728
서울특별시,강동구,고덕1동,서울특별시 강동구 고덕1동,11740550,19,21175.16134246575
서울특별시,강동구,고덕1동,서울특별시 강동구 고덕1동,11740550,20,22141.73591780822
서울특별시,강동구,고덕1동,서울특별시 강동구 고덕1동,11740550,21,23222.641753424658
서울특별시,강동구,고덕1동,서울특별시 강동구 고덕1동,11740550,22,24468.071123287675
서울특별시,강동구,고덕1동,서울특별시 강동구 고덕1동,11740550,23,25007.428273972604
서울특별시,강동구,고덕2동,서울특별시 강동구 고덕2동,11740560,00,26219.873808219178
서울특별시,강동구,고덕2동,서울특별시 강동구 고덕2동,11740560,01,26309.500767123285
서울특별시,강동구,고덕2동,서울특별시 강동구 고덕2동,11740560,02,26397.917068493152
서울특별시,강동구,고덕2동,서울특별시 강동구 고덕2동,11740560,03,26493.144520547947
서울특별시,강동구,고덕2동,서울특별시 강동구 고덕2동,11740560,04,26503.066986301368
서울특별시,강동구,고덕2동,서울특별시 강동구 고덕2동,11740560,05,26582.63668493151
서울특별시,강동구,고덕2동,서울특별시 강동구 고덕2동,11740560,06,26702.758739726025
서울특별시,강동구,고덕2동,서울특별시 강동구 고덕2동,11740560,07,27199.912082191782
서울특별시,강동구,고덕2동,서울특별시 강동구 고덕2동,11740560,08,27675.79002739726
서울특별시,강동구,고덕2동,서울특별시 강동구 고덕2동,11740560,09,26976.640547945208
서울특별시,강동구,고덕2동,서울특별시 강동구 고덕2동,11740560,10,26435.033232876714
서울특별시,강동구,고덕2동,서울특별시 강동구 고덕2동,11740560,11,26190.94438356164
서울특별시,강동구,고덕2동,서울특별시 강동구 고덕2동,11740560,12,26076.333753424657
서울특별시,강동구,고덕2동,서울특별시 강동구 고덕2동,11740560,13,26141.358904109587
서울특별시,강동구,고덕2동,서울특별시 강동구 고덕2동,11740560,14,26131.943561643835
서울특별시,강동구,고덕2동,서울특별시 강동구 고덕2동,11740560,15,25989.108301369863
서울특별시,강동구,고덕2동,서울특별시 강동구 고덕2동,11740560,16,25526.114082191783
서울특별시,강동구,고덕2동,서울특별시 강동구 고덕2동,11740560,17,25182.17898630137
서울특별시,강동구,고덕2동,서울특별시 강동구 고덕2동,11740560,18,24823.721753424656
서울특별시,강동구,고덕2동,서울특별시 강동구 고덕2동,11740560,19,24838.17539726027
서울특별시,강동구,고덕2동,서울특별시 강동구 고덕2동,11740560,20,25027.953232876713
서울특별시,강동구,고덕2동,서울특별시 강동구 고덕2동,11740560,21,25239.546383561643
서울특별시,강동구,고덕2동,서울특별시 강동구 고덕2동,11740560,22,25493.532410958906
서울특별시,강동구,고덕2동,서울특별시 강동구 고덕2동,11740560,23,25795.161643835618
서울특별시,강동구,길동,서울특별시 강동구 길동,11740685,00,56198.40698630137
서울특별시,강동구,길동,서울특별시 강동구 길동,11740685,01,56038.58342465753
서울특별시,강동구,길동,서울특별시 강동구 길동,11740685,02,55861.084219178076
서울특별시,강동구,길동,서울특별시 강동구 길동,11740685,03,55715.673287671234
서울특별시,강동구,길동,서울특별시 강동구 길동,11740685,04,55578.35975342465
서울특별시,강동구,길동,서울특별시 강동구 길동,11740685,05,55522.51936986302
서울특별시,강동구,길동,서울특별시 강동구 길동,11740685,06,55506.857835616436
서울특별시,강동구,길동,서울특별시 강동구 길동,11740685,07,55523.151945205485
서울특별시,강동구,길동,서울특별시 강동구 길동,11740685,08,55527.26495890411
서울특별시,강동구,길동,서울특별시 강동구 길동,11740685,09,55485.415890410964
서울특별시,강동구,길동,서울특별시 강동구 길동,11740685,10,56326.38534246575
서울특별시,강동구,길동,서울특별시 강동구 길동,11740685,11,56699.6955890411
서울특별시,강동구,길동,서울특별시 강동구 길동,11740685,12,56632.50723287671
서울특별시,강동구,길동,서울특별시 강동구 길동,11740685,13,56202.63580821918
서울특별시,강동구,길동,서울특별시 강동구 길동,11740685,14,56236.75002739726
서울특별시,강동구,길동,서울특별시 강동구 길동,11740685,15,56104.87317808219
서울특별시,강동구,길동,서울특별시 강동구 길동,11740685,16,56046.69630136986
서울특별시,강동구,길동,서울특별시 강동구 길동,11740685,17,55939.296136986304
서울특별시,강동구,길동,서울특별시 강동구 길동,11740685,18,55936.18457534247
서울특별시,강동구,길동,서울특별시 강동구 길동,11740685,19,56643.69416438357
서울특별시,강동구,길동,서울특별시 강동구 길동,11740685,20,56895.14147945205
서울특별시,강동구,길동,서울특별시 강동구 길동,11740685,21,56935.3841369863
서울특별시,강동구,길동,서울특별시 강동구 길동,11740685,22,56872.41353424658
서울특별시,강동구,길동,서울특별시 강동구 길동,11740685,23,56780.31495890411
서울특별시,강동구,둔촌1동,서울특별시 강동구 둔촌1동,11740690,00,29275.86769863014
서울특별시,강동구,둔촌1동,서울특별시 강동구 둔촌1동,11740690,01,29406.150493150682
서울특별시,강동구,둔촌1동,서울특별시 강동구 둔촌1동,11740690,02,29484.542273972602
서울특별시,강동구,둔촌1동,서울특별시 강동구 둔촌1동,11740690,03,29506.827835616437
서울특별시,강동구,둔촌1동,서울특별시 강동구 둔촌1동,11740690,04,29481.135780821918
서울특별시,강동구,둔촌1동,서울특별시 강동구 둔촌1동,11740690,05,29231.57134246575
서울특별시,강동구,둔촌1동,서울특별시 강동구 둔촌1동,11740690,06,28799.365780821918
서울특별시,강동구,둔촌1동,서울특별시 강동구 둔촌1동,11740690,07,28361.97109589041
서울특별시,강동구,둔촌1동,서울특별시 강동구 둔촌1동,11740690,08,27466.624109589044
서울특별시,강동구,둔촌1동,서울특별시 강동구 둔촌1동,11740690,09,25534.093123287672
서울특별시,강동구,둔촌1동,서울특별시 강동구 둔촌1동,11740690,10,24153.409917808218
서울특별시,강동구,둔촌1동,서울특별시 강동구 둔촌1동,11740690,11,23308.519095890413
서울특별시,강동구,둔촌1동,서울특별시 강동구 둔촌1동,11740690,12,22798.975424657536
서울특별시,강동구,둔촌1동,서울특별시 강동구 둔촌1동,11740690,13,22581.011287671234
서울특별시,강동구,둔촌1동,서울특별시 강동구 둔촌1동,11740690,14,22378.086328767124
서울특별시,강동구,둔촌1동,서울특별시 강동구 둔촌1동,11740690,15,22116.422383561643
서울특별시,강동구,둔촌1동,서울특별시 강동구 둔촌1동,11740690,16,21764.757260273975
서울특별시,강동구,둔촌1동,서울특별시 강동구 둔촌1동,11740690,17,21900.893342465755
서울특별시,강동구,둔촌1동,서울특별시 강동구 둔촌1동,11740690,18,22619.552493150684
서울특별시,강동구,둔촌1동,서울특별시 강동구 둔촌1동,11740690,19,23963.231808219178
서울특별시,강동구,둔촌1동,서울특별시 강동구 둔촌1동,11740690,20,25292.920301369864
서울특별시,강동구,둔촌1동,서울특별시 강동구 둔촌1동,11740690,21,26479.375342465755
서울특별시,강동구,둔촌1동,서울특별시 강동구 둔촌1동,11740690,22,27758.555479452054
서울특별시,강동구,둔촌1동,서울특별시 강동구 둔촌1동,11740690,23,28525.52915068493
서울특별시,강동구,둔촌2동,서울특별시 강동구 둔촌2동,11740700,00,28300.13131506849
서울특별시,강동구,둔촌2동,서울특별시 강동구 둔촌2동,11740700,01,28388.081589041096
서울특별시,강동구,둔촌2동,서울특별시 강동구 둔촌2동,11740700,02,28480.804082191782
서울특별시,강동구,둔촌2동,서울특별시 강동구 둔촌2동,11740700,03,28513.538520547947
서울특별시,강동구,둔촌2동,서울특별시 강동구 둔촌2동,11740700,04,28544.80317808219
서울특별시,강동구,둔촌2동,서울특별시 강동구 둔촌2동,11740700,05,28625.19468493151
서울특별시,강동구,둔촌2동,서울특별시 강동구 둔촌2동,11740700,06,28666.373315068493
서울특별시,강동구,둔촌2동,서울특별시 강동구 둔촌2동,11740700,07,28951.35178082192
서울특별시,강동구,둔촌2동,서울특별시 강동구 둔촌2동,11740700,08,29624.29997260274
서울특별시,강동구,둔촌2동,서울특별시 강동구 둔촌2동,11740700,09,29697.036191780826
서울특별시,강동구,둔촌2동,서울특별시 강동구 둔촌2동,11740700,10,30005.583890410955
서울특별시,강동구,둔촌2동,서울특별시 강동구 둔촌2동,11740700,11,29894.770739726027
서울특별시,강동구,둔촌2동,서울특별시 강동구 둔촌2동,11740700,12,29384.12093150685
서울특별시,강동구,둔촌2동,서울특별시 강동구 둔촌2동,11740700,13,29087.408493150684
서울특별시,강동구,둔촌2동,서울특별시 강동구 둔촌2동,11740700,14,28940.0978630137
서울특별시,강동구,둔촌2동,서울특별시 강동구 둔촌2동,11740700,15,28521.304301369863
서울특별시,강동구,둔촌2동,서울특별시 강동구 둔촌2동,11740700,16,27804.1757260274
서울특별시,강동구,둔촌2동,서울특별시 강동구 둔촌2동,11740700,17,27242.9937260274
서울특별시,강동구,둔촌2동,서울특별시 강동구 둔촌2동,11740700,18,26883.05923287671
서울특별시,강동구,둔촌2동,서울특별시 강동구 둔촌2동,11740700,19,26964.8562739726
서울특별시,강동구,둔촌2동,서울특별시 강동구 둔촌2동,11740700,20,27074.550493150684
서울특별시,강동구,둔촌2동,서울특별시 강동구 둔촌2동,11740700,21,27282.299232876714
서울특별시,강동구,둔촌2동,서울특별시 강동구 둔촌2동,11740700,22,27678.861013698628
서울특별시,강동구,둔촌2동,서울특별시 강동구 둔촌2동,11740700,23,27900.40320547945
서울특별시,강동구,명일1동,서울특별시 강동구 명일1동,11740530,00,27164.86126027397
서울특별시,강동구,명일1동,서울특별시 강동구 명일1동,11740530,01,27118.84783561644
서울특별시,강동구,명일1동,서울특별시 강동구 명일1동,11740530,02,27098.736684931508
서울특별시,강동구,명일1동,서울특별시 강동구 명일1동,11740530,03,27106.70232876712
서울특별시,강동구,명일1동,서울특별시 강동구 명일1동,11740530,04,27171.841589041094
서울특별시,강동구,명일1동,서울특별시 강동구 명일1동,11740530,05,27768.320493150684
서울특별시,강동구,명일1동,서울특별시 강동구 명일1동,11740530,06,28603.248027397258
서울특별시,강동구,명일1동,서울특별시 강동구 명일1동,11740530,07,27696.634767123287
서울특별시,강동구,명일1동,서울특별시 강동구 명일1동,11740530,08,26656.73082191781
서울특별시,강동구,명일1동,서울특별시 강동구 명일1동,11740530,09,26226.014465753422
서울특별시,강동구,명일1동,서울특별시 강동구 명일1동,11740530,10,26059.182712328766
서울특별시,강동구,명일1동,서울특별시 강동구 명일1동,11740530,11,25990.179506849316
서울특별시,강동구,명일1동,서울특별시 강동구 명일1동,11740530,12,25563.708739726026
서울특별시,강동구,명일1동,서울특별시 강동구 명일1동,11740530,13,24905.99024657534
서울특별시,강동구,명일1동,서울특별시 강동구 명일1동,11740530,14,24643.33630136986
서울특별시,강동구,명일1동,서울특별시 강동구 명일1동,11740530,15,24483.525589041095
서울특별시,강동구,명일1동,서울특별시 강동구 명일1동,11740530,16,24796.13594520548
서울특별시,강동구,명일1동,서울특별시 강동구 명일1동,11740530,17,25292.778109589042
서울특별시,강동구,명일1동,서울특별시 강동구 명일1동,11740530,18,26230.96123287671
서울특별시,강동구,명일1동,서울특별시 강동구 명일1동,11740530,19,27545.910356164382
서울특별시,강동구,명일1동,서울특별시 강동구 명일1동,11740530,20,27856.456684931505
서울특별시,강동구,명일1동,서울특별시 강동구 명일1동,11740530,21,27386.241808219176
서울특별시,강동구,명일1동,서울특별시 강동구 명일1동,11740530,22,27132.188575342465
서울특별시,강동구,명일1동,서울특별시 강동구 명일1동,11740530,23,27181.14904109589
서울특별시,강동구,명일2동,서울특별시 강동구 명일2동,11740540,00,15898.39093150685
서울특별시,강동구,명일2동,서울특별시 강동구 명일2동,11740540,01,15913.923205479452
서울특별시,강동구,명일2동,서울특별시 강동구 명일2동,11740540,02,15972.04693150685
서울특별시,강동구,명일2동,서울특별시 강동구 명일2동,11740540,03,16006.249013698629
서울특별시,강동구,명일2동,서울특별시 강동구 명일2동,11740540,04,15991.509123287671
서울특별시,강동구,명일2동,서울특별시 강동구 명일2동,11740540,05,15922.380794520548
서울특별시,강동구,명일2동,서울특별시 강동구 명일2동,11740540,06,15799.630164383561
서울특별시,강동구,명일2동,서울특별시 강동구 명일2동,11740540,07,15716.474328767123
서울특별시,강동구,명일2동,서울특별시 강동구 명일2동,11740540,08,15399.045616438358
서울특별시,강동구,명일2동,서울특별시 강동구 명일2동,11740540,09,15128.40797260274
서울특별시,강동구,명일2동,서울특별시 강동구 명일2동,11740540,10,15694.921808219178
서울특별시,강동구,명일2동,서울특별시 강동구 명일2동,11740540,11,15927.64410958904
서울특별시,강동구,명일2동,서울특별시 강동구 명일2동,11740540,12,16146.022821917808
서울특별시,강동구,명일2동,서울특별시 강동구 명일2동,11740540,13,16303.202054794521
서울특별시,강동구,명일2동,서울특별시 강동구 명일2동,11740540,14,16593.61232876712
서울특별시,강동구,명일2동,서울특별시 강동구 명일2동,11740540,15,16995.532410958906
서울특별시,강동구,명일2동,서울특별시 강동구 명일2동,11740540,16,17641.042493150686
서울특별시,강동구,명일2동,서울특별시 강동구 명일2동,11740540,17,17979.15016438356
서울특별시,강동구,명일2동,서울특별시 강동구 명일2동,11740540,18,18165.612
서울특별시,강동구,명일2동,서울특별시 강동구 명일2동,11740540,19,18301.44597260274
서울특별시,강동구,명일2동,서울특별시 강동구 명일2동,11740540,20,17995.549561643835
서울특별시,강동구,명일2동,서울특별시 강동구 명일2동,11740540,21,17591.331753424656
서울특별시,강동구,명일2동,서울특별시 강동구 명일2동,11740540,22,16413.196630136987
서울특별시,강동구,명일2동,서울특별시 강동구 명일2동,11740540,23,16020.5241369863
서울특별시,강동구,상일1동,서울특별시 강동구 상일1동,11740525,00,43145.96367123288
서울특별시,강동구,상일1동,서울특별시 강동구 상일1동,11740525,01,43189.24298630137
서울특별시,강동구,상일1동,서울특별시 강동구 상일1동,11740525,02,43272.30939726027
서울특별시,강동구,상일1동,서울특별시 강동구 상일1동,11740525,03,43283.665863013695
서울특별시,강동구,상일1동,서울특별시 강동구 상일1동,11740525,04,43318.922301369865
서울특별시,강동구,상일1동,서울특별시 강동구 상일1동,11740525,05,43240.326493150686
서울특별시,강동구,상일1동,서울특별시 강동구 상일1동,11740525,06,43110.13865753425
서울특별시,강동구,상일1동,서울특별시 강동구 상일1동,11740525,07,43595.14334246575
서울특별시,강동구,상일1동,서울특별시 강동구 상일1동,11740525,08,43769.407561643835
서울특별시,강동구,상일1동,서울특별시 강동구 상일1동,11740525,09,42833.95679452055
서울특별시,강동구,상일1동,서울특별시 강동구 상일1동,11740525,10,41702.00728767124
서울특별시,강동구,상일1동,서울특별시 강동구 상일1동,11740525,11,40785.52698630137
서울특별시,강동구,상일1동,서울특별시 강동구 상일1동,11740525,12,39877.28123287671
서울특별시,강동구,상일1동,서울특별시 강동구 상일1동,11740525,13,39669.41073972603
서울특별시,강동구,상일1동,서울특별시 강동구 상일1동,11740525,14,39773.26301369863
서울특별시,강동구,상일1동,서울특별시 강동구 상일1동,11740525,15,39868.141068493154
서울특별시,강동구,상일1동,서울특별시 강동구 상일1동,11740525,16,39311.98978082192
서울특별시,강동구,상일1동,서울특별시 강동구 상일1동,11740525,17,38908.0518630137
서울특별시,강동구,상일1동,서울특별시 강동구 상일1동,11740525,18,39154.94638356164
서울특별시,강동구,상일1동,서울특별시 강동구 상일1동,11740525,19,40051.42978082191
서울특별시,강동구,상일1동,서울특별시 강동구 상일1동,11740525,20,40888.037698630134
서울특별시,강동구,상일1동,서울특별시 강동구 상일1동,11740525,21,41663.790684931504
서울특별시,강동구,상일1동,서울특별시 강동구 상일1동,11740525,22,42246.22980821918
서울특별시,강동구,상일1동,서울특별시 강동구 상일1동,11740525,23,42587.825397260276
서울특별시,강동구,상일2동,서울특별시 강동구 상일2동,11740526,00,16702.76495890411
서울특별시,강동구,상일2동,서울특별시 강동구 상일2동,11740526,01,16734.406356164385
서울특별시,강동구,상일2동,서울특별시 강동구 상일2동,11740526,02,16747.25884931507
서울특별시,강동구,상일2동,서울특별시 강동구 상일2동,11740526,03,16753.083808219177
서울특별시,강동구,상일2동,서울특별시 강동구 상일2동,11740526,04,16771.42701369863
서울특별시,강동구,상일2동,서울특별시 강동구 상일2동,11740526,05,16677.40679452055
서울특별시,강동구,상일2동,서울특별시 강동구 상일2동,11740526,06,16687.010328767123
서울특별시,강동구,상일2동,서울특별시 강동구 상일2동,11740526,07,18332.90901369863
서울특별시,강동구,상일2동,서울특별시 강동구 상일2동,11740526,08,19300.43216438356
서울특별시,강동구,상일2동,서울특별시 강동구 상일2동,11740526,09,18929.310136986303
서울특별시,강동구,상일2동,서울특별시 강동구 상일2동,11740526,10,18296.349698630136
서울특별시,강동구,상일2동,서울특별시 강동구 상일2동,11740526,11,17752.288794520548
서울특별시,강동구,상일2동,서울특별시 강동구 상일2동,11740526,12,17373.343479452054
서울특별시,강동구,상일2동,서울특별시 강동구 상일2동,11740526,13,17458.406657534244
서울특별시,강동구,상일2동,서울특별시 강동구 상일2동,11740526,14,17363.612630136988
서울특별시,강동구,상일2동,서울특별시 강동구 상일2동,11740526,15,17330.607205479453
서울특별시,강동구,상일2동,서울특별시 강동구 상일2동,11740526,16,17245.99687671233
서울특별시,강동구,상일2동,서울특별시 강동구 상일2동,11740526,17,17028.981232876715
서울특별시,강동구,상일2동,서울특별시 강동구 상일2동,11740526,18,16110.045315068493
서울특별시,강동구,상일2동,서울특별시 강동구 상일2동,11740526,19,15329.258684931507
서울특별시,강동구,상일2동,서울특별시 강동구 상일2동,11740526,20,15326.959589041096
서울특별시,강동구,상일2동,서울특별시 강동구 상일2동,11740526,21,15571.705835616438
서울특별시,강동구,상일2동,서울특별시 강동구 상일2동,11740526,22,16070.743150684932
서울특별시,강동구,상일2동,서울특별시 강동구 상일2동,11740526,23,16449.699561643836
서울특별시,강동구,성내1동,서울특별시 강동구 성내1동,11740640,00,20889.412630136987
서울특별시,강동구,성내1동,서울특별시 강동구 성내1동,11740640,01,20944.996602739724
서울특별시,강동구,성내1동,서울특별시 강동구 성내1동,11740640,02,20990.43802739726
서울특별시,강동구,성내1동,서울특별시 강동구 성내1동,11740640,03,21015.54780821918
서울특별시,강동구,성내1동,서울특별시 강동구 성내1동,11740640,04,21039.75495890411
서울특별시,강동구,성내1동,서울특별시 강동구 성내1동,11740640,05,21053.036465753423
서울특별시,강동구,성내1동,서울특별시 강동구 성내1동,11740640,06,21084.767616438356
서울특별시,강동구,성내1동,서울특별시 강동구 성내1동,11740640,07,21250.92671232877
서울특별시,강동구,성내1동,서울특별시 강동구 성내1동,11740640,08,21517.275780821918
서울특별시,강동구,성내1동,서울특별시 강동구 성내1동,11740640,09,22441.9258630137
서울특별시,강동구,성내1동,서울특별시 강동구 성내1동,11740640,10,22415.769315068494
서울특별시,강동구,성내1동,서울특별시 강동구 성내1동,11740640,11,22385.13194520548
서울특별시,강동구,성내1동,서울특별시 강동구 성내1동,11740640,12,22377.205780821918
서울특별시,강동구,성내1동,서울특별시 강동구 성내1동,11740640,13,22367.639397260275
서울특별시,강동구,성내1동,서울특별시 강동구 성내1동,11740640,14,22205.30493150685
서울특별시,강동구,성내1동,서울특별시 강동구 성내1동,11740640,15,22011.47509589041
서울특별시,강동구,성내1동,서울특별시 강동구 성내1동,11740640,16,21926.30909589041
서울특별시,강동구,성내1동,서울특별시 강동구 성내1동,11740640,17,21767.20205479452
서울특별시,강동구,성내1동,서울특별시 강동구 성내1동,11740640,18,21453.948273972605
서울특별시,강동구,성내1동,서울특별시 강동구 성내1동,11740640,19,21000.522684931508
서울특별시,강동구,성내1동,서울특별시 강동구 성내1동,11740640,20,20931.64983561644
서울특별시,강동구,성내1동,서울특별시 강동구 성내1동,11740640,21,20840.067643835617
서울특별시,강동구,성내1동,서울특별시 강동구 성내1동,11740640,22,20801.092191780823
서울특별시,강동구,성내1동,서울특별시 강동구 성내1동,11740640,23,20823.28024657534
서울특별시,강동구,성내2동,서울특별시 강동구 성내2동,11740650,00,26480.610356164383
서울특별시,강동구,성내2동,서울특별시 강동구 성내2동,11740650,01,26414.902821917807
서울특별시,강동구,성내2동,서울특별시 강동구 성내2동,11740650,02,26425.044301369864
서울특별시,강동구,성내2동,서울특별시 강동구 성내2동,11740650,03,26454.88906849315
서울특별시,강동구,성내2동,서울특별시 강동구 성내2동,11740650,04,26468.416
서울특별시,강동구,성내2동,서울특별시 강동구 성내2동,11740650,05,26451.99991780822
서울특별시,강동구,성내2동,서울특별시 강동구 성내2동,11740650,06,26131.007671232877
서울특별시,강동구,성내2동,서울특별시 강동구 성내2동,11740650,07,25716.061315068495
서울특별시,강동구,성내2동,서울특별시 강동구 성내2동,11740650,08,24725.612082191783
서울특별시,강동구,성내2동,서울특별시 강동구 성내2동,11740650,09,23859.555534246574
서울특별시,강동구,성내2동,서울특별시 강동구 성내2동,11740650,10,23968.20202739726
서울특별시,강동구,성내2동,서울특별시 강동구 성내2동,11740650,11,24165.551917808218
서울특별시,강동구,성내2동,서울특별시 강동구 성내2동,11740650,12,24136.678082191782
서울특별시,강동구,성내2동,서울특별시 강동구 성내2동,11740650,13,23950.42079452055
서울특별시,강동구,성내2동,서울특별시 강동구 성내2동,11740650,14,24016.418328767122
서울특별시,강동구,성내2동,서울특별시 강동구 성내2동,11740650,15,24234.886191780824
서울특별시,강동구,성내2동,서울특별시 강동구 성내2동,11740650,16,24518.076109589038
서울특별시,강동구,성내2동,서울특별시 강동구 성내2동,11740650,17,25176.417561643837
서울특별시,강동구,성내2동,서울특별시 강동구 성내2동,11740650,18,26134.920000000002
서울특별시,강동구,성내2동,서울특별시 강동구 성내2동,11740650,19,26982.59553424657
서울특별시,강동구,성내2동,서울특별시 강동구 성내2동,11740650,20,27171.314328767123
서울특별시,강동구,성내2동,서울특별시 강동구 성내2동,11740650,21,27021.077671232877
서울특별시,강동구,성내2동,서울특별시 강동구 성내2동,11740650,22,26835.804383561644
서울특별시,강동구,성내2동,서울특별시 강동구 성내2동,11740650,23,26688.554520547947
서울특별시,강동구,성내3동,서울특별시 강동구 성내3동,11740660,00,28346.521397260276
서울특별시,강동구,성내3동,서울특별시 강동구 성내3동,11740660,01,28177.08309589041
서울특별시,강동구,성내3동,서울특별시 강동구 성내3동,11740660,02,28041.3861369863
서울특별시,강동구,성내3동,서울특별시 강동구 성내3동,11740660,03,27931.89287671233
서울특별시,강동구,성내3동,서울특별시 강동구 성내3동,11740660,04,27868.126410958906
서울특별시,강동구,성내3동,서울특별시 강동구 성내3동,11740660,05,27852.878027397262
서울특별시,강동구,성내3동,서울특별시 강동구 성내3동,11740660,06,27787.504493150685
서울특별시,강동구,성내3동,서울특별시 강동구 성내3동,11740660,07,27640.18073972603
서울특별시,강동구,성내3동,서울특별시 강동구 성내3동,11740660,08,27935.419945205478
서울특별시,강동구,성내3동,서울특별시 강동구 성내3동,11740660,09,29207.722575342465
서울특별시,강동구,성내3동,서울특별시 강동구 성내3동,11740660,10,30389.03643835617
서울특별시,강동구,성내3동,서울특별시 강동구 성내3동,11740660,11,31395.38794520548
서울특별시,강동구,성내3동,서울특별시 강동구 성내3동,11740660,12,32197.879452054796
서울특별시,강동구,성내3동,서울특별시 강동구 성내3동,11740660,13,32074.699643835615
서울특별시,강동구,성내3동,서울특별시 강동구 성내3동,11740660,14,31782.565260273972
서울특별시,강동구,성내3동,서울특별시 강동구 성내3동,11740660,15,31634.59498630137
서울특별시,강동구,성내3동,서울특별시 강동구 성내3동,11740660,16,31622.72490410959
서울특별시,강동구,성내3동,서울특별시 강동구 성내3동,11740660,17,31839.91197260274
서울특별시,강동구,성내3동,서울특별시 강동구 성내3동,11740660,18,32025.827178082192
서울특별시,강동구,성내3동,서울특별시 강동구 성내3동,11740660,19,31938.371424657536
서울특별시,강동구,성내3동,서울특별시 강동구 성내3동,11740660,20,31205.018
서울특별시,강동구,성내3동,서울특별시 강동구 성내3동,11740660,21,30312.07515068493
서울특별시,강동구,성내3동,서울특별시 강동구 성내3동,11740660,22,29507.637260273972
서울특별시,강동구,성내3동,서울특별시 강동구 성내3동,11740660,23,29036.254027397263
서울특별시,강동구,암사1동,서울특별시 강동구 암사1동,11740570,00,33223.31517808219
서울특별시,강동구,암사1동,서울특별시 강동구 암사1동,11740570,01,33321.635315068495
서울특별시,강동구,암사1동,서울특별시 강동구 암사1동,11740570,02,33399.88646575343
서울특별시,강동구,암사1동,서울특별시 강동구 암사1동,11740570,03,33432.68057534246
서울특별시,강동구,암사1동,서울특별시 강동구 암사1동,11740570,04,33407.47769863014
서울특별시,강동구,암사1동,서울특별시 강동구 암사1동,11740570,05,33213.011589041096
서울특별시,강동구,암사1동,서울특별시 강동구 암사1동,11740570,06,32593.92789041096
서울특별시,강동구,암사1동,서울특별시 강동구 암사1동,11740570,07,32037.93498630137
서울특별시,강동구,암사1동,서울특별시 강동구 암사1동,11740570,08,30568.379534246575
서울특별시,강동구,암사1동,서울특별시 강동구 암사1동,11740570,09,29017.178082191782
서울특별시,강동구,암사1동,서울특별시 강동구 암사1동,11740570,10,28309.563753424656
서울특별시,강동구,암사1동,서울특별시 강동구 암사1동,11740570,11,28109.646082191783
서울특별시,강동구,암사1동,서울특별시 강동구 암사1동,11740570,12,28108.99687671233
서울특별시,강동구,암사1동,서울특별시 강동구 암사1동,11740570,13,28004.293589041095
서울특별시,강동구,암사1동,서울특별시 강동구 암사1동,11740570,14,28058.71920547945
서울특별시,강동구,암사1동,서울특별시 강동구 암사1동,11740570,15,28429.18276712329
서울특별시,강동구,암사1동,서울특별시 강동구 암사1동,11740570,16,28963.662301369863
서울특별시,강동구,암사1동,서울특별시 강동구 암사1동,11740570,17,29611.597671232877
서울특별시,강동구,암사1동,서울특별시 강동구 암사1동,11740570,18,30365.884246575344
서울특별시,강동구,암사1동,서울특별시 강동구 암사1동,11740570,19,31224.18161643836
서울특별시,강동구,암사1동,서울특별시 강동구 암사1동,11740570,20,31720.64317808219
서울특별시,강동구,암사1동,서울특별시 강동구 암사1동,11740570,21,32059.850520547945
서울특별시,강동구,암사1동,서울특별시 강동구 암사1동,11740570,22,32377.898602739726
서울특별시,강동구,암사1동,서울특별시 강동구 암사1동,11740570,23,32698.06720547945
서울특별시,강동구,암사2동,서울특별시 강동구 암사2동,11740580,00,15986.287671232876
서울특별시,강동구,암사2동,서울특별시 강동구 암사2동,11740580,01,15978.195452054793
서울특별시,강동구,암사2동,서울특별시 강동구 암사2동,11740580,02,15976.641232876711
서울특별시,강동구,암사2동,서울특별시 강동구 암사2동,11740580,03,15980.224931506847
서울특별시,강동구,암사2동,서울특별시 강동구 암사2동,11740580,04,15996.849232876712
서울특별시,강동구,암사2동,서울특별시 강동구 암사2동,11740580,05,15985.269917808218
서울특별시,강동구,암사2동,서울특별시 강동구 암사2동,11740580,06,15923.038191780823
서울특별시,강동구,암사2동,서울특별시 강동구 암사2동,11740580,07,15850.606164383562
서울특별시,강동구,암사2동,서울특별시 강동구 암사2동,11740580,08,15379.21093150685
서울특별시,강동구,암사2동,서울특별시 강동구 암사2동,11740580,09,14907.798328767123
서울특별시,강동구,암사2동,서울특별시 강동구 암사2동,11740580,10,14720.648328767122
서울특별시,강동구,암사2동,서울특별시 강동구 암사2동,11740580,11,14578.481479452055
서울특별시,강동구,암사2동,서울특별시 강동구 암사2동,11740580,12,14437.267315068493
서울특별시,강동구,암사2동,서울특별시 강동구 암사2동,11740580,13,14334.613506849315
서울특별시,강동구,암사2동,서울특별시 강동구 암사2동,11740580,14,14365.514876712328
서울특별시,강동구,암사2동,서울특별시 강동구 암사2동,11740580,15,14529.26895890411
서울특별시,강동구,암사2동,서울특별시 강동구 암사2동,11740580,16,14688.346191780824
서울특별시,강동구,암사2동,서울특별시 강동구 암사2동,11740580,17,14850.456821917809
서울특별시,강동구,암사2동,서울특별시 강동구 암사2동,11740580,18,15215.043479452055
서울특별시,강동구,암사2동,서울특별시 강동구 암사2동,11740580,19,15704.917726027397
서울특별시,강동구,암사2동,서울특별시 강동구 암사2동,11740580,20,15903.730109589042
서울특별시,강동구,암사2동,서울특별시 강동구 암사2동,11740580,21,15918.797972602739
서울특별시,강동구,암사2동,서울특별시 강동구 암사2동,11740580,22,15993.763287671232
서울특별시,강동구,암사2동,서울특별시 강동구 암사2동,11740580,23,16037.760767123287
서울특별시,강동구,암사3동,서울특별시 강동구 암사3동,11740590,00,17086.43093150685
서울특별시,강동구,암사3동,서울특별시 강동구 암사3동,11740590,01,17144.44317808219
서울특별시,강동구,암사3동,서울특별시 강동구 암사3동,11740590,02,17197.304684931507
서울특별시,강동구,암사3동,서울특별시 강동구 암사3동,11740590,03,17219.72101369863
서울특별시,강동구,암사3동,서울특별시 강동구 암사3동,11740590,04,17231.10098630137
서울특별시,강동구,암사3동,서울특별시 강동구 암사3동,11740590,05,17209.404657534247
서울특별시,강동구,암사3동,서울특별시 강동구 암사3동,11740590,06,17166.082520547945
서울특별시,강동구,암사3동,서울특별시 강동구 암사3동,11740590,07,17036.287972602742
서울특별시,강동구,암사3동,서울특별시 강동구 암사3동,11740590,08,16714.229753424657
서울특별시,강동구,암사3동,서울특별시 강동구 암사3동,11740590,09,16124.80197260274
서울특별시,강동구,암사3동,서울특별시 강동구 암사3동,11740590,10,15718.61005479452
서울특별시,강동구,암사3동,서울특별시 강동구 암사3동,11740590,11,15466.513506849315
서울특별시,강동구,암사3동,서울특별시 강동구 암사3동,11740590,12,15272.011671232876
서울특별시,강동구,암사3동,서울특별시 강동구 암사3동,11740590,13,15243.688821917807
서울특별시,강동구,암사3동,서울특별시 강동구 암사3동,11740590,14,15356.806219178081
서울특별시,강동구,암사3동,서울특별시 강동구 암사3동,11740590,15,15370.74101369863
서울특별시,강동구,암사3동,서울특별시 강동구 암사3동,11740590,16,15299.307808219177
서울특별시,강동구,암사3동,서울특별시 강동구 암사3동,11740590,17,15308.631561643837
서울특별시,강동구,암사3동,서울특별시 강동구 암사3동,11740590,18,15592.081698630138
서울특별시,강동구,암사3동,서울특별시 강동구 암사3동,11740590,19,15918.472684931508
서울특별시,강동구,암사3동,서울특별시 강동구 암사3동,11740590,20,16172.341287671234
서울특별시,강동구,암사3동,서울특별시 강동구 암사3동,11740590,21,16432.61109589041
서울특별시,강동구,암사3동,서울특별시 강동구 암사3동,11740590,22,16694.93569863014
서울특별시,강동구,암사3동,서울특별시 강동구 암사3동,11740590,23,16913.41117808219
서울특별시,강동구,천호1동,서울특별시 강동구 천호1동,11740600,00,27132.069917808218
서울특별시,강동구,천호1동,서울특별시 강동구 천호1동,11740600,01,27201.044
서울특별시,강동구,천호1동,서울특별시 강동구 천호1동,11740600,02,27303.538136986303
서울특별시,강동구,천호1동,서울특별시 강동구 천호1동,11740600,03,27340.988520547948
서울특별시,강동구,천호1동,서울특별시 강동구 천호1동,11740600,04,27357.702821917806
서울특별시,강동구,천호1동,서울특별시 강동구 천호1동,11740600,05,27138.23115068493
서울특별시,강동구,천호1동,서울특별시 강동구 천호1동,11740600,06,26599.00789041096
서울특별시,강동구,천호1동,서울특별시 강동구 천호1동,11740600,07,26095.414712328766
서울특별시,강동구,천호1동,서울특별시 강동구 천호1동,11740600,08,25088.09167123288
서울특별시,강동구,천호1동,서울특별시 강동구 천호1동,11740600,09,23786.16093150685
서울특별시,강동구,천호1동,서울특별시 강동구 천호1동,11740600,10,23119.762109589043
서울특별시,강동구,천호1동,서울특별시 강동구 천호1동,11740600,11,22857.21405479452
서울특별시,강동구,천호1동,서울특별시 강동구 천호1동,11740600,12,22666.272849315068
서울특별시,강동구,천호1동,서울특별시 강동구 천호1동,11740600,13,22505.1001369863
서울특별시,강동구,천호1동,서울특별시 강동구 천호1동,11740600,14,22375.460876712328
서울특별시,강동구,천호1동,서울특별시 강동구 천호1동,11740600,15,22464.18679452055
서울특별시,강동구,천호1동,서울특별시 강동구 천호1동,11740600,16,22732.77912328767
서울특별시,강동구,천호1동,서울특별시 강동구 천호1동,11740600,17,23148.240082191784
서울특별시,강동구,천호1동,서울특별시 강동구 천호1동,11740600,18,23804.0562739726
서울특별시,강동구,천호1동,서울특별시 강동구 천호1동,11740600,19,24687.11410958904
서울특별시,강동구,천호1동,서울특별시 강동구 천호1동,11740600,20,25351.345287671233
서울특별시,강동구,천호1동,서울특별시 강동구 천호1동,11740600,21,25966.613999999998
서울특별시,강동구,천호1동,서울특별시 강동구 천호1동,11740600,22,26456.222575342465
서울특별시,강동구,천호1동,서울특별시 강동구 천호1동,11740600,23,26802.665205479454
서울특별시,강동구,천호2동,서울특별시 강동구 천호2동,11740610,00,40805.75863013699
서울특별시,강동구,천호2동,서울특별시 강동구 천호2동,11740610,01,40922.1022739726
서울특별시,강동구,천호2동,서울특별시 강동구 천호2동,11740610,02,41018.51353424657
서울특별시,강동구,천호2동,서울특별시 강동구 천호2동,11740610,03,41122.454630136985
서울특별시,강동구,천호2동,서울특별시 강동구 천호2동,11740610,04,41205.75884931507
서울특별시,강동구,천호2동,서울특별시 강동구 천호2동,11740610,05,41123.85915068493
서울특별시,강동구,천호2동,서울특별시 강동구 천호2동,11740610,06,40858.59408219178
서울특별시,강동구,천호2동,서울특별시 강동구 천호2동,11740610,07,40450.18356164383
서울특별시,강동구,천호2동,서울특별시 강동구 천호2동,11740610,08,39523.62298630137
서울특별시,강동구,천호2동,서울특별시 강동구 천호2동,11740610,09,39235.1375890411
서울특별시,강동구,천호2동,서울특별시 강동구 천호2동,11740610,10,40152.87569863014
서울특별시,강동구,천호2동,서울특별시 강동구 천호2동,11740610,11,41434.2231780822
서울특별시,강동구,천호2동,서울특별시 강동구 천호2동,11740610,12,42541.55717808219
서울특별시,강동구,천호2동,서울특별시 강동구 천호2동,11740610,13,43223.13221917808
서울특별시,강동구,천호2동,서울특별시 강동구 천호2동,11740610,14,43650.701315068494
서울특별시,강동구,천호2동,서울특별시 강동구 천호2동,11740610,15,43801.9397260274
서울특별시,강동구,천호2동,서울특별시 강동구 천호2동,11740610,16,43606.63235616439
서울특별시,강동구,천호2동,서울특별시 강동구 천호2동,11740610,17,43123.849616438354
서울특별시,강동구,천호2동,서울특별시 강동구 천호2동,11740610,18,42645.01717808219
서울특별시,강동구,천호2동,서울특별시 강동구 천호2동,11740610,19,42171.964054794524
서울특별시,강동구,천호2동,서울특별시 강동구 천호2동,11740610,20,41082.003698630135
서울특별시,강동구,천호2동,서울특별시 강동구 천호2동,11740610,21,40252.11860273973
서울특별시,강동구,천호2동,서울특별시 강동구 천호2동,11740610,22,40211.97731506849
서울특별시,강동구,천호2동,서울특별시 강동구 천호2동,11740610,23,40544.98547945205
서울특별시,강동구,천호3동,서울특별시 강동구 천호3동,11740620,00,31428.752219178084
서울특별시,강동구,천호3동,서울특별시 강동구 천호3동,11740620,01,31196.740657534247
서울특별시,강동구,천호3동,서울특별시 강동구 천호3동,11740620,02,30921.77
서울특별시,강동구,천호3동,서울특별시 강동구 천호3동,11740620,03,30713.15739726027
서울특별시,강동구,천호3동,서울특별시 강동구 천호3동,11740620,04,30591.410547945205
서울특별시,강동구,천호3동,서울특별시 강동구 천호3동,11740620,05,30503.04104109589
서울특별시,강동구,천호3동,서울특별시 강동구 천호3동,11740620,06,30269.767506849315
서울특별시,강동구,천호3동,서울특별시 강동구 천호3동,11740620,07,30020.993479452052
서울특별시,강동구,천호3동,서울특별시 강동구 천호3동,11740620,08,29746.769698630134
서울특별시,강동구,천호3동,서울특별시 강동구 천호3동,11740620,09,29056.311315068495
서울특별시,강동구,천호3동,서울특별시 강동구 천호3동,11740620,10,28794.92367123288
서울특별시,강동구,천호3동,서울특별시 강동구 천호3동,11740620,11,28577.732109589044
서울특별시,강동구,천호3동,서울특별시 강동구 천호3동,11740620,12,28373.92008219178
서울특별시,강동구,천호3동,서울특별시 강동구 천호3동,11740620,13,28697.136246575345
서울특별시,강동구,천호3동,서울특별시 강동구 천호3동,11740620,14,28913.536191780826
서울특별시,강동구,천호3동,서울특별시 강동구 천호3동,11740620,15,29071.473671232878
서울특별시,강동구,천호3동,서울특별시 강동구 천호3동,11740620,16,29225.234164383564
서울특별시,강동구,천호3동,서울특별시 강동구 천호3동,11740620,17,29345.956
서울특별시,강동구,천호3동,서울특별시 강동구 천호3동,11740620,18,29674.445726027396
서울특별시,강동구,천호3동,서울특별시 강동구 천호3동,11740620,19,30501.00312328767
서울특별시,강동구,천호3동,서울특별시 강동구 천호3동,11740620,20,31176.602410958905
서울특별시,강동구,천호3동,서울특별시 강동구 천호3동,11740620,21,31713.47517808219
서울특별시,강동구,천호3동,서울특별시 강동구 천호3동,11740620,22,31915.3704109589
서울특별시,강동구,천호3동,서울특별시 강동구 천호3동,11740620,23,31797.562027397264
서울특별시,강북구,미아동,서울특별시 강북구 미아동,11305535,00,20928.617780821918
서울특별시,강북구,미아동,서울특별시 강북구 미아동,11305535,01,20914.369506849314
서울특별시,강북구,미아동,서울특별시 강북구 미아동,11305535,02,20885.63320547945
서울특별시,강북구,미아동,서울특별시 강북구 미아동,11305535,03,20888.730246575342
서울특별시,강북구,미아동,서울특별시 강북구 미아동,11305535,04,20927.825397260272
서울특별시,강북구,미아동,서울특별시 강북구 미아동,11305535,05,20956.072684931507
서울특별시,강북구,미아동,서울특별시 강북구 미아동,11305535,06,20994.455315068495
서울특별시,강북구,미아동,서울특별시 강북구 미아동,11305535,07,21039.78235616438
서울특별시,강북구,미아동,서울특별시 강북구 미아동,11305535,08,21625.272767123286
서울특별시,강북구,미아동,서울특별시 강북구 미아동,11305535,09,22155.88912328767
서울특별시,강북구,미아동,서울특별시 강북구 미아동,11305535,10,22468.74104109589
서울특별시,강북구,미아동,서울특별시 강북구 미아동,11305535,11,22692.492712328767
서울특별시,강북구,미아동,서울특별시 강북구 미아동,11305535,12,22694.431287671232
서울특별시,강북구,미아동,서울특별시 강북구 미아동,11305535,13,22463.20630136986
서울특별시,강북구,미아동,서울특별시 강북구 미아동,11305535,14,22429.179972602742
서울특별시,강북구,미아동,서울특별시 강북구 미아동,11305535,15,22404.888109589043
서울특별시,강북구,미아동,서울특별시 강북구 미아동,11305535,16,22221.583287671234
서울특별시,강북구,미아동,서울특별시 강북구 미아동,11305535,17,21965.983397260276
서울특별시,강북구,미아동,서울특별시 강북구 미아동,11305535,18,21783.395041095893
서울특별시,강북구,미아동,서울특별시 강북구 미아동,11305535,19,21622.20021917808
서울특별시,강북구,미아동,서울특별시 강북구 미아동,11305535,20,21412.757452054793
서울특별시,강북구,미아동,서울특별시 강북구 미아동,11305535,21,21357.87578082192
서울특별시,강북구,미아동,서울특별시 강북구 미아동,11305535,22,21153.459506849314
서울특별시,강북구,미아동,서울특별시 강북구 미아동,11305535,23,21179.988191780823
서울특별시,강북구,번1동,서울특별시 강북구 번1동,11305595,00,19650.285260273973
서울특별시,강북구,번1동,서울특별시 강북구 번1동,11305595,01,19591.395945205477
서울특별시,강북구,번1동,서울특별시 강북구 번1동,11305595,02,19499.747863013697
서울특별시,강북구,번1동,서울특별시 강북구 번1동,11305595,03,19431.381616438357
서울특별시,강북구,번1동,서울특별시 강북구 번1동,11305595,04,19384.35016438356
서울특별시,강북구,번1동,서울특별시 강북구 번1동,11305595,05,19375.772301369863
서울특별시,강북구,번1동,서울특별시 강북구 번1동,11305595,06,19305.025589041095
서울특별시,강북구,번1동,서울특별시 강북구 번1동,11305595,07,19265.010383561643
서울특별시,강북구,번1동,서울특별시 강북구 번1동,11305595,08,20177.129178082192
서울특별시,강북구,번1동,서울특별시 강북구 번1동,11305595,09,21460.609424657534
서울특별시,강북구,번1동,서울특별시 강북구 번1동,11305595,10,22327.57665753425
서울특별시,강북구,번1동,서울특별시 강북구 번1동,11305595,11,23010.13202739726
서울특별시,강북구,번1동,서울특별시 강북구 번1동,11305595,12,23344.315616438354
서울특별시,강북구,번1동,서울특별시 강북구 번1동,11305595,13,23498.57394520548
서울특별시,강북구,번1동,서울특별시 강북구 번1동,11305595,14,23506.55471232877
서울특별시,강북구,번1동,서울특별시 강북구 번1동,11305595,15,23392.185452054793
서울특별시,강북구,번1동,서울특별시 강북구 번1동,11305595,16,23310.12405479452
서울특별시,강북구,번1동,서울특별시 강북구 번1동,11305595,17,23314.739835616438
서울특별시,강북구,번1동,서울특별시 강북구 번1동,11305595,18,22750.053287671235
서울특별시,강북구,번1동,서울특별시 강북구 번1동,11305595,19,22027.151863013696
서울특별시,강북구,번1동,서울특별시 강북구 번1동,11305595,20,21344.071643835618
서울특별시,강북구,번1동,서울특별시 강북구 번1동,11305595,21,20737.56805479452
서울특별시,강북구,번1동,서울특별시 강북구 번1동,11305595,22,20287.29419178082
서울특별시,강북구,번1동,서울특별시 강북구 번1동,11305595,23,20075.279260273972
서울특별시,강북구,번2동,서울특별시 강북구 번2동,11305603,00,16658.22120547945
서울특별시,강북구,번2동,서울특별시 강북구 번2동,11305603,01,16902.504904109588
서울특별시,강북구,번2동,서울특별시 강북구 번2동,11305603,02,17009.058657534246
서울특별시,강북구,번2동,서울특별시 강북구 번2동,11305603,03,17077.395041095893
서울특별시,강북구,번2동,서울특별시 강북구 번2동,11305603,04,17094.751671232876
서울특별시,강북구,번2동,서울특별시 강북구 번2동,11305603,05,17020.582493150687
서울특별시,강북구,번2동,서울특별시 강북구 번2동,11305603,06,16928.866356164384
서울특별시,강북구,번2동,서울특별시 강북구 번2동,11305603,07,16689.07416438356
서울특별시,강북구,번2동,서울특별시 강북구 번2동,11305603,08,16365.550109589041
서울특별시,강북구,번2동,서울특별시 강북구 번2동,11305603,09,15737.338602739726
서울특별시,강북구,번2동,서울특별시 강북구 번2동,11305603,10,15186.91802739726
서울특별시,강북구,번2동,서울특별시 강북구 번2동,11305603,11,14771.395589041094
서울특별시,강북구,번2동,서울특별시 강북구 번2동,11305603,12,14411.66304109589
서울특별시,강북구,번2동,서울특별시 강북구 번2동,11305603,13,14202.00202739726
서울특별시,강북구,번2동,서울특별시 강북구 번2동,11305603,14,14089.236438356163
서울특별시,강북구,번2동,서울특별시 강북구 번2동,11305603,15,14097.262575342465
서울특별시,강북구,번2동,서울특별시 강북구 번2동,11305603,16,14198.652904109587
서울특별시,강북구,번2동,서울특별시 강북구 번2동,11305603,17,14344.278657534247
서울특별시,강북구,번2동,서울특별시 강북구 번2동,11305603,18,14538.367753424658
서울특별시,강북구,번2동,서울특별시 강북구 번2동,11305603,19,14991.088356164384
서울특별시,강북구,번2동,서울특별시 강북구 번2동,11305603,20,15380.489780821916
서울특별시,강북구,번2동,서울특별시 강북구 번2동,11305603,21,15704.60591780822
서울특별시,강북구,번2동,서울특별시 강북구 번2동,11305603,22,16019.133232876711
서울특별시,강북구,번2동,서울특별시 강북구 번2동,11305603,23,16312.764602739726
서울특별시,강북구,번3동,서울특별시 강북구 번3동,11305608,00,19171.254602739726
서울특별시,강북구,번3동,서울특별시 강북구 번3동,11305608,01,19237.69717808219
서울특별시,강북구,번3동,서울특별시 강북구 번3동,11305608,02,19269.463808219178
서울특별시,강북구,번3동,서울특별시 강북구 번3동,11305608,03,19294.900602739726
서울특별시,강북구,번3동,서울특별시 강북구 번3동,11305608,04,19296.760000000002
서울특별시,강북구,번3동,서울특별시 강북구 번3동,11305608,05,19226.865534246575
서울특별시,강북구,번3동,서울특별시 강북구 번3동,11305608,06,19064.783342465755
서울특별시,강북구,번3동,서울특별시 강북구 번3동,11305608,07,18701.499315068493
서울특별시,강북구,번3동,서울특별시 강북구 번3동,11305608,08,17981.60504109589
서울특별시,강북구,번3동,서울특별시 강북구 번3동,11305608,09,17429.668493150686
서울특별시,강북구,번3동,서울특별시 강북구 번3동,11305608,10,16961.364136986303
서울특별시,강북구,번3동,서울특별시 강북구 번3동,11305608,11,16705.407287671234
서울특별시,강북구,번3동,서울특별시 강북구 번3동,11305608,12,16594.78915068493
서울특별시,강북구,번3동,서울특별시 강북구 번3동,11305608,13,16505.88115068493
서울특별시,강북구,번3동,서울특별시 강북구 번3동,11305608,14,16512.06901369863
서울특별시,강북구,번3동,서울특별시 강북구 번3동,11305608,15,16660.94723287671
서울특별시,강북구,번3동,서울특별시 강북구 번3동,11305608,16,16818.679698630138
서울특별시,강북구,번3동,서울특별시 강북구 번3동,11305608,17,16973.877150684933
서울특별시,강북구,번3동,서울특별시 강북구 번3동,11305608,18,17189.640493150684
서울특별시,강북구,번3동,서울특별시 강북구 번3동,11305608,19,17637.666575342464
서울특별시,강북구,번3동,서울특별시 강북구 번3동,11305608,20,18251.546821917807
서울특별시,강북구,번3동,서울특별시 강북구 번3동,11305608,21,18573.690054794522
서울특별시,강북구,번3동,서울특별시 강북구 번3동,11305608,22,18804.89301369863
서울특별시,강북구,번3동,서울특별시 강북구 번3동,11305608,23,18952.763753424657
서울특별시,강북구,삼각산동,서울특별시 강북구 삼각산동,11305575,00,27601.200794520544
서울특별시,강북구,삼각산동,서울특별시 강북구 삼각산동,11305575,01,27706.59876712329
서울특별시,강북구,삼각산동,서울특별시 강북구 삼각산동,11305575,02,27778.851424657532
서울특별시,강북구,삼각산동,서울특별시 강북구 삼각산동,11305575,03,27826.63019178082
서울특별시,강북구,삼각산동,서울특별시 강북구 삼각산동,11305575,04,27855.22079452055
서울특별시,강북구,삼각산동,서울특별시 강북구 삼각산동,11305575,05,27772.3097260274
서울특별시,강북구,삼각산동,서울특별시 강북구 삼각산동,11305575,06,27616.314410958905
서울특별시,강북구,삼각산동,서울특별시 강북구 삼각산동,11305575,07,26983.229534246573
서울특별시,강북구,삼각산동,서울특별시 강북구 삼각산동,11305575,08,25557.21709589041
서울특별시,강북구,삼각산동,서울특별시 강북구 삼각산동,11305575,09,23551.39410958904
서울특별시,강북구,삼각산동,서울특별시 강북구 삼각산동,11305575,10,22195.6457260274
서울특별시,강북구,삼각산동,서울특별시 강북구 삼각산동,11305575,11,21357.347616438357
서울특별시,강북구,삼각산동,서울특별시 강북구 삼각산동,11305575,12,20842.2101369863
서울특별시,강북구,삼각산동,서울특별시 강북구 삼각산동,11305575,13,20472.94482191781
서울특별시,강북구,삼각산동,서울특별시 강북구 삼각산동,11305575,14,20407.940273972603
서울특별시,강북구,삼각산동,서울특별시 강북구 삼각산동,11305575,15,20578.131342465753
서울특별시,강북구,삼각산동,서울특별시 강북구 삼각산동,11305575,16,21004.619260273972
서울특별시,강북구,삼각산동,서울특별시 강북구 삼각산동,11305575,17,21546.570410958906
서울특별시,강북구,삼각산동,서울특별시 강북구 삼각산동,11305575,18,22360.24506849315
서울특별시,강북구,삼각산동,서울특별시 강북구 삼각산동,11305575,19,23662.750356164386
서울특별시,강북구,삼각산동,서울특별시 강북구 삼각산동,11305575,20,24775.552794520547
서울특별시,강북구,삼각산동,서울특별시 강북구 삼각산동,11305575,21,25663.1261369863
서울특별시,강북구,삼각산동,서울특별시 강북구 삼각산동,11305575,22,26490.850712328767
서울특별시,강북구,삼각산동,서울특별시 강북구 삼각산동,11305575,23,26967.756410958904
서울특별시,강북구,삼양동,서울특별시 강북구 삼양동,11305534,00,27549.311095890414
서울특별시,강북구,삼양동,서울특별시 강북구 삼양동,11305534,01,27757.732191780822
서울특별시,강북구,삼양동,서울특별시 강북구 삼양동,11305534,02,27963.359369863014
서울특별시,강북구,삼양동,서울특별시 강북구 삼양동,11305534,03,28065.415863013695
서울특별시,강북구,삼양동,서울특별시 강북구 삼양동,11305534,04,28064.357041095893
서울특별시,강북구,삼양동,서울특별시 강북구 삼양동,11305534,05,27785.679369863017
서울특별시,강북구,삼양동,서울특별시 강북구 삼양동,11305534,06,27250.071178082195
서울특별시,강북구,삼양동,서울특별시 강북구 삼양동,11305534,07,26514.136465753425
서울특별시,강북구,삼양동,서울특별시 강북구 삼양동,11305534,08,25012.922410958905
서울특별시,강북구,삼양동,서울특별시 강북구 삼양동,11305534,09,23196.647424657534
서울특별시,강북구,삼양동,서울특별시 강북구 삼양동,11305534,10,22002.622383561644
서울특별시,강북구,삼양동,서울특별시 강북구 삼양동,11305534,11,21293.656602739728
서울특별시,강북구,삼양동,서울특별시 강북구 삼양동,11305534,12,20756.020712328766
서울특별시,강북구,삼양동,서울특별시 강북구 삼양동,11305534,13,20366.785753424658
서울특별시,강북구,삼양동,서울특별시 강북구 삼양동,11305534,14,20121.862
서울특별시,강북구,삼양동,서울특별시 강북구 삼양동,11305534,15,20106.568356164385
서울특별시,강북구,삼양동,서울특별시 강북구 삼양동,11305534,16,20367.763232876714
서울특별시,강북구,삼양동,서울특별시 강북구 삼양동,11305534,17,20797.493534246576
서울특별시,강북구,삼양동,서울특별시 강북구 삼양동,11305534,18,21574.90490410959
서울특별시,강북구,삼양동,서울특별시 강북구 삼양동,11305534,19,22768.50906849315
서울특별시,강북구,삼양동,서울특별시 강북구 삼양동,11305534,20,23828.444000000003
서울특별시,강북구,삼양동,서울특별시 강북구 삼양동,11305534,21,24795.44197260274
서울특별시,강북구,삼양동,서울특별시 강북구 삼양동,11305534,22,25788.1562739726
서울특별시,강북구,삼양동,서울특별시 강북구 삼양동,11305534,23,26553.16095890411
서울특별시,강북구,송중동,서울특별시 강북구 송중동,11305545,00,33517.84495890411
서울특별시,강북구,송중동,서울특별시 강북구 송중동,11305545,01,33306.60934246575
서울특별시,강북구,송중동,서울특별시 강북구 송중동,11305545,02,33092.145616438356
서울특별시,강북구,송중동,서울특별시 강북구 송중동,11305545,03,32955.15071232877
서울특별시,강북구,송중동,서울특별시 강북구 송중동,11305545,04,32829.44252054794
서울특별시,강북구,송중동,서울특별시 강북구 송중동,11305545,05,32680.091260273974
서울특별시,강북구,송중동,서울특별시 강북구 송중동,11305545,06,32478.739945205478
서울특별시,강북구,송중동,서울특별시 강북구 송중동,11305545,07,32272.285945205476
서울특별시,강북구,송중동,서울특별시 강북구 송중동,11305545,08,32219.666356164384
서울특별시,강북구,송중동,서울특별시 강북구 송중동,11305545,09,32616.238082191783
서울특별시,강북구,송중동,서울특별시 강북구 송중동,11305545,10,32972.26353424657
서울특별시,강북구,송중동,서울특별시 강북구 송중동,11305545,11,33510.0353150685
서울특별시,강북구,송중동,서울특별시 강북구 송중동,11305545,12,34069.11443835616
서울특별시,강북구,송중동,서울특별시 강북구 송중동,11305545,13,34133.55558904109
서울특별시,강북구,송중동,서울특별시 강북구 송중동,11305545,14,34205.03257534247
서울특별시,강북구,송중동,서울특별시 강북구 송중동,11305545,15,34207.48397260274
서울특별시,강북구,송중동,서울특별시 강북구 송중동,11305545,16,34366.24112328767
서울특별시,강북구,송중동,서울특별시 강북구 송중동,11305545,17,34520.60205479452
서울특별시,강북구,송중동,서울특별시 강북구 송중동,11305545,18,34784.80797260274
서울특별시,강북구,송중동,서울특별시 강북구 송중동,11305545,19,35133.32063013699
서울특별시,강북구,송중동,서울특별시 강북구 송중동,11305545,20,34710.52756164384
서울특별시,강북구,송중동,서울특별시 강북구 송중동,11305545,21,34168.27060273972
서울특별시,강북구,송중동,서울특별시 강북구 송중동,11305545,22,33959.23605479452
서울특별시,강북구,송중동,서울특별시 강북구 송중동,11305545,23,33891.77391780822
서울특별시,강북구,송천동,서울특별시 강북구 송천동,11305555,00,26470.84936986301
서울특별시,강북구,송천동,서울특별시 강북구 송천동,11305555,01,26703.087205479453
서울특별시,강북구,송천동,서울특별시 강북구 송천동,11305555,02,26780.601698630137
서울특별시,강북구,송천동,서울특별시 강북구 송천동,11305555,03,26823.38523287671
서울특별시,강북구,송천동,서울특별시 강북구 송천동,11305555,04,26835.359561643836
서울특별시,강북구,송천동,서울특별시 강북구 송천동,11305555,05,26788.7322739726
서울특별시,강북구,송천동,서울특별시 강북구 송천동,11305555,06,26638.74323287671
서울특별시,강북구,송천동,서울특별시 강북구 송천동,11305555,07,26483.51512328767
서울특별시,강북구,송천동,서울특별시 강북구 송천동,11305555,08,27078.009698630136
서울특별시,강북구,송천동,서울특별시 강북구 송천동,11305555,09,26992.302575342463
서울특별시,강북구,송천동,서울특별시 강북구 송천동,11305555,10,27146.054794520547
서울특별시,강북구,송천동,서울특별시 강북구 송천동,11305555,11,27309.478794520546
서울특별시,강북구,송천동,서울특별시 강북구 송천동,11305555,12,27328.614301369864
서울특별시,강북구,송천동,서울특별시 강북구 송천동,11305555,13,27179.847178082193
서울특별시,강북구,송천동,서울특별시 강북구 송천동,11305555,14,27021.209506849318
서울특별시,강북구,송천동,서울특별시 강북구 송천동,11305555,15,26992.4417260274
서울특별시,강북구,송천동,서울특별시 강북구 송천동,11305555,16,26838.76506849315
서울특별시,강북구,송천동,서울특별시 강북구 송천동,11305555,17,26634.451123287672
서울특별시,강북구,송천동,서울특별시 강북구 송천동,11305555,18,26685.301424657533
서울특별시,강북구,송천동,서울특별시 강북구 송천동,11305555,19,26846.768767123285
서울특별시,강북구,송천동,서울특별시 강북구 송천동,11305555,20,26721.175506849315
서울특별시,강북구,송천동,서울특별시 강북구 송천동,11305555,21,26496.890630136986
서울특별시,강북구,송천동,서울특별시 강북구 송천동,11305555,22,26341.13408219178
서울특별시,강북구,송천동,서울특별시 강북구 송천동,11305555,23,26373.74397260274
서울특별시,강북구,수유1동,서울특별시 강북구 수유1동,11305615,00,18584.064219178083
서울특별시,강북구,수유1동,서울특별시 강북구 수유1동,11305615,01,18739.92304109589
서울특별시,강북구,수유1동,서울특별시 강북구 수유1동,11305615,02,18879.618657534247
서울특별시,강북구,수유1동,서울특별시 강북구 수유1동,11305615,03,18963.788410958903
서울특별시,강북구,수유1동,서울특별시 강북구 수유1동,11305615,04,19003.793780821918
서울특별시,강북구,수유1동,서울특별시 강북구 수유1동,11305615,05,18925.786082191782
서울특별시,강북구,수유1동,서울특별시 강북구 수유1동,11305615,06,18760.875589041094
서울특별시,강북구,수유1동,서울특별시 강북구 수유1동,11305615,07,18559.816657534247
서울특별시,강북구,수유1동,서울특별시 강북구 수유1동,11305615,08,18314.574301369863
서울특별시,강북구,수유1동,서울특별시 강북구 수유1동,11305615,09,17999.2001369863
서울특별시,강북구,수유1동,서울특별시 강북구 수유1동,11305615,10,17850.34893150685
서울특별시,강북구,수유1동,서울특별시 강북구 수유1동,11305615,11,17694.75684931507
서울특별시,강북구,수유1동,서울특별시 강북구 수유1동,11305615,12,17457.888630136986
서울특별시,강북구,수유1동,서울특별시 강북구 수유1동,11305615,13,17304.89731506849
서울특별시,강북구,수유1동,서울특별시 강북구 수유1동,11305615,14,17209.112438356166
서울특별시,강북구,수유1동,서울특별시 강북구 수유1동,11305615,15,17159.3521369863
서울특별시,강북구,수유1동,서울특별시 강북구 수유1동,11305615,16,17158.655589041096
서울특별시,강북구,수유1동,서울특별시 강북구 수유1동,11305615,17,17136.045178082193
서울특별시,강북구,수유1동,서울특별시 강북구 수유1동,11305615,18,17119.44882191781
서울특별시,강북구,수유1동,서울특별시 강북구 수유1동,11305615,19,17207.89997260274
서울특별시,강북구,수유1동,서울특별시 강북구 수유1동,11305615,20,17319.992109589042
서울특별시,강북구,수유1동,서울특별시 강북구 수유1동,11305615,21,17532.574082191783
서울특별시,강북구,수유1동,서울특별시 강북구 수유1동,11305615,22,17816.464520547946
서울특별시,강북구,수유1동,서울특별시 강북구 수유1동,11305615,23,18054.04501369863
서울특별시,강북구,수유2동,서울특별시 강북구 수유2동,11305625,00,22680.020520547947
서울특별시,강북구,수유2동,서울특별시 강북구 수유2동,11305625,01,22783.893397260275
서울특별시,강북구,수유2동,서울특별시 강북구 수유2동,11305625,02,22726.402602739727
서울특별시,강북구,수유2동,서울특별시 강북구 수유2동,11305625,03,22708.209315068496
서울특별시,강북구,수유2동,서울특별시 강북구 수유2동,11305625,04,22683.525835616438
서울특별시,강북구,수유2동,서울특별시 강북구 수유2동,11305625,05,22551.804246575342
서울특별시,강북구,수유2동,서울특별시 강북구 수유2동,11305625,06,22369.38906849315
서울특별시,강북구,수유2동,서울특별시 강북구 수유2동,11305625,07,21931.103698630137
서울특별시,강북구,수유2동,서울특별시 강북구 수유2동,11305625,08,21133.949369863014
서울특별시,강북구,수유2동,서울특별시 강북구 수유2동,11305625,09,20163.823452054792
서울특별시,강북구,수유2동,서울특별시 강북구 수유2동,11305625,10,19552.376575342467
서울특별시,강북구,수유2동,서울특별시 강북구 수유2동,11305625,11,19354.085342465754
서울특별시,강북구,수유2동,서울특별시 강북구 수유2동,11305625,12,19332.768465753426
서울특별시,강북구,수유2동,서울특별시 강북구 수유2동,11305625,13,19189.681726027397
서울특별시,강북구,수유2동,서울특별시 강북구 수유2동,11305625,14,19149.39523287671
서울특별시,강북구,수유2동,서울특별시 강북구 수유2동,11305625,15,19373.19208219178
서울특별시,강북구,수유2동,서울특별시 강북구 수유2동,11305625,16,19755.42539726027
서울특별시,강북구,수유2동,서울특별시 강북구 수유2동,11305625,17,20187.46991780822
서울특별시,강북구,수유2동,서울특별시 강북구 수유2동,11305625,18,20681.936602739726
서울특별시,강북구,수유2동,서울특별시 강북구 수유2동,11305625,19,21240.16923287671
서울특별시,강북구,수유2동,서울특별시 강북구 수유2동,11305625,20,21658.816767123288
서울특별시,강북구,수유2동,서울특별시 강북구 수유2동,11305625,21,22059.75509589041
서울특별시,강북구,수유2동,서울특별시 강북구 수유2동,11305625,22,22362.67095890411
서울특별시,강북구,수유2동,서울특별시 강북구 수유2동,11305625,23,22629.132547945206
서울특별시,강북구,수유3동,서울특별시 강북구 수유3동,11305635,00,27573.616712328767
서울특별시,강북구,수유3동,서울특별시 강북구 수유3동,11305635,01,27133.89
서울특별시,강북구,수유3동,서울특별시 강북구 수유3동,11305635,02,26668.9342739726
서울특별시,강북구,수유3동,서울특별시 강북구 수유3동,11305635,03,26272.340082191782
서울특별시,강북구,수유3동,서울특별시 강북구 수유3동,11305635,04,25981.267342465755
서울특별시,강북구,수유3동,서울특별시 강북구 수유3동,11305635,05,25705.299424657533
서울특별시,강북구,수유3동,서울특별시 강북구 수유3동,11305635,06,25257.61715068493
서울특별시,강북구,수유3동,서울특별시 강북구 수유3동,11305635,07,24849.25378082192
서울특별시,강북구,수유3동,서울특별시 강북구 수유3동,11305635,08,24747.542493150686
서울특별시,강북구,수유3동,서울특별시 강북구 수유3동,11305635,09,25171.57865753425
서울특별시,강북구,수유3동,서울특별시 강북구 수유3동,11305635,10,25563.184767123286
서울특별시,강북구,수유3동,서울특별시 강북구 수유3동,11305635,11,26102.26509589041
서울특별시,강북구,수유3동,서울특별시 강북구 수유3동,11305635,12,26479.607972602742
서울특별시,강북구,수유3동,서울특별시 강북구 수유3동,11305635,13,26663.769890410957
서울특별시,강북구,수유3동,서울특별시 강북구 수유3동,11305635,14,26922.008191780824
서울특별시,강북구,수유3동,서울특별시 강북구 수유3동,11305635,15,27155.771999999997
서울특별시,강북구,수유3동,서울특별시 강북구 수유3동,11305635,16,27538.15287671233
서울특별시,강북구,수유3동,서울특별시 강북구 수유3동,11305635,17,28133.953315068495
서울특별시,강북구,수유3동,서울특별시 강북구 수유3동,11305635,18,28960.631506849317
서울특별시,강북구,수유3동,서울특별시 강북구 수유3동,11305635,19,29776.59931506849
서울특별시,강북구,수유3동,서울특별시 강북구 수유3동,11305635,20,29964.586246575345
서울특별시,강북구,수유3동,서울특별시 강북구 수유3동,11305635,21,29701.193150684932
서울특별시,강북구,수유3동,서울특별시 강북구 수유3동,11305635,22,29204.899835616437
서울특별시,강북구,수유3동,서울특별시 강북구 수유3동,11305635,23,28707.366684931505
서울특별시,강북구,우이동,서울특별시 강북구 우이동,11305645,00,23380.880739726028
서울특별시,강북구,우이동,서울특별시 강북구 우이동,11305645,01,23434.859643835614
서울특별시,강북구,우이동,서울특별시 강북구 우이동,11305645,02,23512.845150684934
서울특별시,강북구,우이동,서울특별시 강북구 우이동,11305645,03,23582.216904109588
서울특별시,강북구,우이동,서울특별시 강북구 우이동,11305645,04,23708.88789041096
서울특별시,강북구,우이동,서울특별시 강북구 우이동,11305645,05,23774.30616438356
서울특별시,강북구,우이동,서울특별시 강북구 우이동,11305645,06,23844.477315068496
서울특별시,강북구,우이동,서울특별시 강북구 우이동,11305645,07,23925.93495890411
서울특별시,강북구,우이동,서울특별시 강북구 우이동,11305645,08,23806.1398630137
서울특별시,강북구,우이동,서울특별시 강북구 우이동,11305645,09,23511.377506849312
서울특별시,강북구,우이동,서울특별시 강북구 우이동,11305645,10,23596.15383561644
서울특별시,강북구,우이동,서울특별시 강북구 우이동,11305645,11,24180.538520547947
서울특별시,강북구,우이동,서울특별시 강북구 우이동,11305645,12,25102.503315068494
서울특별시,강북구,우이동,서울특별시 강북구 우이동,11305645,13,25559.193013698627
서울특별시,강북구,우이동,서울특별시 강북구 우이동,11305645,14,25395.408219178084
서울특별시,강북구,우이동,서울특별시 강북구 우이동,11305645,15,24853.57408219178
서울특별시,강북구,우이동,서울특별시 강북구 우이동,11305645,16,24224.13282191781
서울특별시,강북구,우이동,서울특별시 강북구 우이동,11305645,17,23725.337479452053
서울특별시,강북구,우이동,서울특별시 강북구 우이동,11305645,18,23443.677698630134
서울특별시,강북구,우이동,서울특별시 강북구 우이동,11305645,19,23360.93698630137
서울특별시,강북구,우이동,서울특별시 강북구 우이동,11305645,20,23224.80383561644
서울특별시,강북구,우이동,서울특별시 강북구 우이동,11305645,21,23067.374246575342
서울특별시,강북구,우이동,서울특별시 강북구 우이동,11305645,22,23149.379232876712
서울특별시,강북구,우이동,서울특별시 강북구 우이동,11305645,23,23277.445616438356
서울특별시,강북구,인수동,서울특별시 강북구 인수동,11305660,00,30887.04284931507
서울특별시,강북구,인수동,서울특별시 강북구 인수동,11305660,01,31111.718410958907
서울특별시,강북구,인수동,서울특별시 강북구 인수동,11305660,02,31244.254849315068
서울특별시,강북구,인수동,서울특별시 강북구 인수동,11305660,03,31355.90016438356
서울특별시,강북구,인수동,서울특별시 강북구 인수동,11305660,04,31416.669972602736
서울특별시,강북구,인수동,서울특별시 강북구 인수동,11305660,05,31265.439205479455
서울특별시,강북구,인수동,서울특별시 강북구 인수동,11305660,06,31040.874958904107
서울특별시,강북구,인수동,서울특별시 강북구 인수동,11305660,07,30511.583013698633
서울특별시,강북구,인수동,서울특별시 강북구 인수동,11305660,08,29834.75698630137
서울특별시,강북구,인수동,서울특별시 강북구 인수동,11305660,09,28499.135698630136
서울특별시,강북구,인수동,서울특별시 강북구 인수동,11305660,10,27558.06783561644
서울특별시,강북구,인수동,서울특별시 강북구 인수동,11305660,11,26949.879671232877
서울특별시,강북구,인수동,서울특별시 강북구 인수동,11305660,12,26487.28575342466
서울특별시,강북구,인수동,서울특별시 강북구 인수동,11305660,13,26110.543972602743
서울특별시,강북구,인수동,서울특별시 강북구 인수동,11305660,14,25731.968767123286
서울특별시,강북구,인수동,서울특별시 강북구 인수동,11305660,15,25455.727342465754
서울특별시,강북구,인수동,서울특별시 강북구 인수동,11305660,16,25410.406575342466
서울특별시,강북구,인수동,서울특별시 강북구 인수동,11305660,17,25506.03964383562
서울특별시,강북구,인수동,서울특별시 강북구 인수동,11305660,18,25882.111561643836
서울특별시,강북구,인수동,서울특별시 강북구 인수동,11305660,19,26789.417890410958
서울특별시,강북구,인수동,서울특별시 강북구 인수동,11305660,20,27683.826109589038
서울특별시,강북구,인수동,서울특별시 강북구 인수동,11305660,21,28553.07720547945
서울특별시,강북구,인수동,서울특별시 강북구 인수동,11305660,22,29417.72071232877
서울특별시,강북구,인수동,서울특별시 강북구 인수동,11305660,23,30103.86597260274
서울특별시,강서구,가양1동,서울특별시 강서구 가양1동,11500603,00,41579.39863013699
서울특별시,강서구,가양1동,서울특별시 강서구 가양1동,11500603,01,41159.4437260274
서울특별시,강서구,가양1동,서울특별시 강서구 가양1동,11500603,02,40815.05906849315
서울특별시,강서구,가양1동,서울특별시 강서구 가양1동,11500603,03,40590.293808219176
서울특별시,강서구,가양1동,서울특별시 강서구 가양1동,11500603,04,40529.586465753426
서울특별시,강서구,가양1동,서울특별시 강서구 가양1동,11500603,05,40779.80712328767
서울특별시,강서구,가양1동,서울특별시 강서구 가양1동,11500603,06,41934.69202739726
서울특별시,강서구,가양1동,서울특별시 강서구 가양1동,11500603,07,45000.62189041096
서울특별시,강서구,가양1동,서울특별시 강서구 가양1동,11500603,08,53364.410767123285
서울특별시,강서구,가양1동,서울특별시 강서구 가양1동,11500603,09,61635.62756164383
서울특별시,강서구,가양1동,서울특별시 강서구 가양1동,11500603,10,66267.54895890411
서울특별시,강서구,가양1동,서울특별시 강서구 가양1동,11500603,11,68681.7397260274
서울특별시,강서구,가양1동,서울특별시 강서구 가양1동,11500603,12,70183.96167123289
서울특별시,강서구,가양1동,서울특별시 강서구 가양1동,11500603,13,70931.23824657535
서울특별시,강서구,가양1동,서울특별시 강서구 가양1동,11500603,14,70661.62046575343
서울특별시,강서구,가양1동,서울특별시 강서구 가양1동,11500603,15,69528.68293150685
서울특별시,강서구,가양1동,서울특별시 강서구 가양1동,11500603,16,67728.51087671233
서울특별시,강서구,가양1동,서울특별시 강서구 가양1동,11500603,17,65380.1597260274
서울특별시,강서구,가양1동,서울특별시 강서구 가양1동,11500603,18,61054.93
서울특별시,강서구,가양1동,서울특별시 강서구 가양1동,11500603,19,54781.41871232876
서울특별시,강서구,가양1동,서울특별시 강서구 가양1동,11500603,20,50813.66923287671
서울특별시,강서구,가양1동,서울특별시 강서구 가양1동,11500603,21,47794.885835616435
서울특별시,강서구,가양1동,서울특별시 강서구 가양1동,11500603,22,45205.878630136984
서울특별시,강서구,가양1동,서울특별시 강서구 가양1동,11500603,23,43382.80846575343
서울특별시,강서구,가양2동,서울특별시 강서구 가양2동,11500604,00,14769.344328767122
서울특별시,강서구,가양2동,서울특별시 강서구 가양2동,11500604,01,14778.169506849315
서울특별시,강서구,가양2동,서울특별시 강서구 가양2동,11500604,02,14791.963041095889
서울특별시,강서구,가양2동,서울특별시 강서구 가양2동,11500604,03,14792.402410958905
서울특별시,강서구,가양2동,서울특별시 강서구 가양2동,11500604,04,14813.662328767123
서울특별시,강서구,가양2동,서울특별시 강서구 가양2동,11500604,05,14903.528191780822
서울특별시,강서구,가양2동,서울특별시 강서구 가양2동,11500604,06,14814.710849315068
서울특별시,강서구,가양2동,서울특별시 강서구 가양2동,11500604,07,14856.885123287671
서울특별시,강서구,가양2동,서울특별시 강서구 가양2동,11500604,08,14970.894684931505
서울특별시,강서구,가양2동,서울특별시 강서구 가양2동,11500604,09,14968.270767123287
서울특별시,강서구,가양2동,서울특별시 강서구 가양2동,11500604,10,14860.827342465755
서울특별시,강서구,가양2동,서울특별시 강서구 가양2동,11500604,11,14572.048520547945
서울특별시,강서구,가양2동,서울특별시 강서구 가양2동,11500604,12,14298.699452054794
서울특별시,강서구,가양2동,서울특별시 강서구 가양2동,11500604,13,14108.686684931507
서울특별시,강서구,가양2동,서울특별시 강서구 가양2동,11500604,14,14115.833123287672
서울특별시,강서구,가양2동,서울특별시 강서구 가양2동,11500604,15,14161.932712328768
서울특별시,강서구,가양2동,서울특별시 강서구 가양2동,11500604,16,14155.115589041097
서울특별시,강서구,가양2동,서울특별시 강서구 가양2동,11500604,17,14055.273287671233
서울특별시,강서구,가양2동,서울특별시 강서구 가양2동,11500604,18,14127.760493150685
서울특별시,강서구,가양2동,서울특별시 강서구 가양2동,11500604,19,14091.631397260275
서울특별시,강서구,가양2동,서울특별시 강서구 가양2동,11500604,20,14222.107315068493
서울특별시,강서구,가양2동,서울특별시 강서구 가양2동,11500604,21,14401.797479452054
서울특별시,강서구,가양2동,서울특별시 강서구 가양2동,11500604,22,14610.563479452054
서울특별시,강서구,가양2동,서울특별시 강서구 가양2동,11500604,23,14736.403068493151
서울특별시,강서구,가양3동,서울특별시 강서구 가양3동,11500605,00,13223.623589041097
서울특별시,강서구,가양3동,서울특별시 강서구 가양3동,11500605,01,13316.979589041095
서울특별시,강서구,가양3동,서울특별시 강서구 가양3동,11500605,02,13404.0718630137
서울특별시,강서구,가양3동,서울특별시 강서구 가양3동,11500605,03,13432.087315068493
서울특별시,강서구,가양3동,서울특별시 강서구 가양3동,11500605,04,13421.481315068493
서울특별시,강서구,가양3동,서울특별시 강서구 가양3동,11500605,05,13354.77084931507
서울특별시,강서구,가양3동,서울특별시 강서구 가양3동,11500605,06,13208.704082191782
서울특별시,강서구,가양3동,서울특별시 강서구 가양3동,11500605,07,13150.42205479452
서울특별시,강서구,가양3동,서울특별시 강서구 가양3동,11500605,08,13166.806246575343
서울특별시,강서구,가양3동,서울특별시 강서구 가양3동,11500605,09,13190.126575342467
서울특별시,강서구,가양3동,서울특별시 강서구 가양3동,11500605,10,12856.596767123288
서울특별시,강서구,가양3동,서울특별시 강서구 가양3동,11500605,11,12513.19805479452
서울특별시,강서구,가양3동,서울특별시 강서구 가양3동,11500605,12,12244.605260273973
서울특별시,강서구,가양3동,서울특별시 강서구 가양3동,11500605,13,12117.011424657534
서울특별시,강서구,가양3동,서울특별시 강서구 가양3동,11500605,14,12055.089890410958
서울특별시,강서구,가양3동,서울특별시 강서구 가양3동,11500605,15,12130.210000000001
서울특별시,강서구,가양3동,서울특별시 강서구 가양3동,11500605,16,12076.416136986301
서울특별시,강서구,가양3동,서울특별시 강서구 가양3동,11500605,17,12012.966219178083
서울특별시,강서구,가양3동,서울특별시 강서구 가양3동,11500605,18,11861.737561643835
서울특별시,강서구,가양3동,서울특별시 강서구 가양3동,11500605,19,11801.432630136987
서울특별시,강서구,가양3동,서울특별시 강서구 가양3동,11500605,20,12051.036630136987
서울특별시,강서구,가양3동,서울특별시 강서구 가양3동,11500605,21,12381.41098630137
서울특별시,강서구,가양3동,서울특별시 강서구 가양3동,11500605,22,12678.221561643835
서울특별시,강서구,가양3동,서울특별시 강서구 가양3동,11500605,23,12887.976684931507
서울특별시,강서구,공항동,서울특별시 강서구 공항동,11500620,00,33617.721589041095
서울특별시,강서구,공항동,서울특별시 강서구 공항동,11500620,01,33554.47230136987
서울특별시,강서구,공항동,서울특별시 강서구 공항동,11500620,02,33566.86608219178
서울특별시,강서구,공항동,서울특별시 강서구 공항동,11500620,03,33644.58202739726
서울특별시,강서구,공항동,서울특별시 강서구 공항동,11500620,04,34231.98589041096
서울특별시,강서구,공항동,서울특별시 강서구 공항동,11500620,05,36643.92542465753
서울특별시,강서구,공항동,서울특별시 강서구 공항동,11500620,06,40228.69079452055
서울특별시,강서구,공항동,서울특별시 강서구 공항동,11500620,07,43955.063205479455
서울특별시,강서구,공항동,서울특별시 강서구 공항동,11500620,08,47197.61830136986
서울특별시,강서구,공항동,서울특별시 강서구 공항동,11500620,09,49296.79282191781
서울특별시,강서구,공항동,서울특별시 강서구 공항동,11500620,10,50883.92005479452
서울특별시,강서구,공항동,서울특별시 강서구 공항동,11500620,11,51867.3098630137
서울특별시,강서구,공항동,서울특별시 강서구 공항동,11500620,12,51942.78424657534
서울특별시,강서구,공항동,서울특별시 강서구 공항동,11500620,13,53185.087123287674
서울특별시,강서구,공항동,서울특별시 강서구 공항동,11500620,14,53584.92008219178
서울특별시,강서구,공항동,서울특별시 강서구 공항동,11500620,15,52885.80517808219
서울특별시,강서구,공항동,서울특별시 강서구 공항동,11500620,16,51824.75032876713
서울특별시,강서구,공항동,서울특별시 강서구 공항동,11500620,17,50492.35002739727
서울특별시,강서구,공항동,서울특별시 강서구 공항동,11500620,18,49472.10887671232
서울특별시,강서구,공항동,서울특별시 강서구 공항동,11500620,19,46533.51241095891
서울특별시,강서구,공항동,서울특별시 강서구 공항동,11500620,20,42625.351945205475
서울특별시,강서구,공항동,서울특별시 강서구 공항동,11500620,21,39580.51736986301
서울특별시,강서구,공항동,서울특별시 강서구 공항동,11500620,22,37543.32068493151
서울특별시,강서구,공항동,서울특별시 강서구 공항동,11500620,23,35703.32016438356
서울특별시,강서구,등촌1동,서울특별시 강서구 등촌1동,11500520,00,28336.983287671235
서울특별시,강서구,등촌1동,서울특별시 강서구 등촌1동,11500520,01,28366.325671232873
서울특별시,강서구,등촌1동,서울특별시 강서구 등촌1동,11500520,02,28371.475589041096
서울특별시,강서구,등촌1동,서울특별시 강서구 등촌1동,11500520,03,28340.72928767123
서울특별시,강서구,등촌1동,서울특별시 강서구 등촌1동,11500520,04,28328.396849315068
서울특별시,강서구,등촌1동,서울특별시 강서구 등촌1동,11500520,05,28392.838575342466
서울특별시,강서구,등촌1동,서울특별시 강서구 등촌1동,11500520,06,28340.802739726027
서울특별시,강서구,등촌1동,서울특별시 강서구 등촌1동,11500520,07,28373.563232876713
서울특별시,강서구,등촌1동,서울특별시 강서구 등촌1동,11500520,08,28277.45923287671
서울특별시,강서구,등촌1동,서울특별시 강서구 등촌1동,11500520,09,28118.999616438356
서울특별시,강서구,등촌1동,서울특별시 강서구 등촌1동,11500520,10,28267.133260273975
서울특별시,강서구,등촌1동,서울특별시 강서구 등촌1동,11500520,11,28499.391260273973
서울특별시,강서구,등촌1동,서울특별시 강서구 등촌1동,11500520,12,28446.2481369863
서울특별시,강서구,등촌1동,서울특별시 강서구 등촌1동,11500520,13,27982.979753424657
서울특별시,강서구,등촌1동,서울특별시 강서구 등촌1동,11500520,14,27733.333616438355
서울특별시,강서구,등촌1동,서울특별시 강서구 등촌1동,11500520,15,27637.23797260274
서울특별시,강서구,등촌1동,서울특별시 강서구 등촌1동,11500520,16,27580.648082191783
서울특별시,강서구,등촌1동,서울특별시 강서구 등촌1동,11500520,17,27503.529534246572
서울특별시,강서구,등촌1동,서울특별시 강서구 등촌1동,11500520,18,27511.54791780822
서울특별시,강서구,등촌1동,서울특별시 강서구 등촌1동,11500520,19,27490.06863013699
서울특별시,강서구,등촌1동,서울특별시 강서구 등촌1동,11500520,20,27599.382739726025
서울특별시,강서구,등촌1동,서울특별시 강서구 등촌1동,11500520,21,27802.738547945206
서울특별시,강서구,등촌1동,서울특별시 강서구 등촌1동,11500520,22,27961.169342465753
서울특별시,강서구,등촌1동,서울특별시 강서구 등촌1동,11500520,23,28129.11895890411
서울특별시,강서구,등촌2동,서울특별시 강서구 등촌2동,11500530,00,20744.904328767123
서울특별시,강서구,등촌2동,서울특별시 강서구 등촌2동,11500530,01,20832.45016438356
서울특별시,강서구,등촌2동,서울특별시 강서구 등촌2동,11500530,02,20915.9457260274
서울특별시,강서구,등촌2동,서울특별시 강서구 등촌2동,11500530,03,20966.63495890411
서울특별시,강서구,등촌2동,서울특별시 강서구 등촌2동,11500530,04,20976.91501369863
서울특별시,강서구,등촌2동,서울특별시 강서구 등촌2동,11500530,05,20889.848630136985
서울특별시,강서구,등촌2동,서울특별시 강서구 등촌2동,11500530,06,20754.889780821915
서울특별시,강서구,등촌2동,서울특별시 강서구 등촌2동,11500530,07,20673.593534246575
서울특별시,강서구,등촌2동,서울특별시 강서구 등촌2동,11500530,08,20163.38273972603
서울특별시,강서구,등촌2동,서울특별시 강서구 등촌2동,11500530,09,19025.65093150685
서울특별시,강서구,등촌2동,서울특별시 강서구 등촌2동,11500530,10,18247.950958904108
서울특별시,강서구,등촌2동,서울특별시 강서구 등촌2동,11500530,11,17785.03901369863
서울특별시,강서구,등촌2동,서울특별시 강서구 등촌2동,11500530,12,17380.012493150683
서울특별시,강서구,등촌2동,서울특별시 강서구 등촌2동,11500530,13,17033.091369863014
서울특별시,강서구,등촌2동,서울특별시 강서구 등촌2동,11500530,14,16750.439863013697
서울특별시,강서구,등촌2동,서울특별시 강서구 등촌2동,11500530,15,16610.18476712329
서울특별시,강서구,등촌2동,서울특별시 강서구 등촌2동,11500530,16,16405.417671232877
서울특별시,강서구,등촌2동,서울특별시 강서구 등촌2동,11500530,17,16478.125369863013
서울특별시,강서구,등촌2동,서울특별시 강서구 등촌2동,11500530,18,17048.86301369863
서울특별시,강서구,등촌2동,서울특별시 강서구 등촌2동,11500530,19,17947.03397260274
서울특별시,강서구,등촌2동,서울특별시 강서구 등촌2동,11500530,20,18646.29890410959
서울특별시,강서구,등촌2동,서울특별시 강서구 등촌2동,11500530,21,19307.558520547947
서울특별시,강서구,등촌2동,서울특별시 강서구 등촌2동,11500530,22,19943.214684931507
서울특별시,강서구,등촌2동,서울특별시 강서구 등촌2동,11500530,23,20338.266191780822
서울특별시,강서구,등촌3동,서울특별시 강서구 등촌3동,11500535,00,31366.018794520547
서울특별시,강서구,등촌3동,서울특별시 강서구 등촌3동,11500535,01,31246.533808219177
서울특별시,강서구,등촌3동,서울특별시 강서구 등촌3동,11500535,02,31177.098958904106
서울특별시,강서구,등촌3동,서울특별시 강서구 등촌3동,11500535,03,31117.095698630135
서울특별시,강서구,등촌3동,서울특별시 강서구 등촌3동,11500535,04,31158.032109589043
서울특별시,강서구,등촌3동,서울특별시 강서구 등촌3동,11500535,05,31519.014575342466
서울특별시,강서구,등촌3동,서울특별시 강서구 등촌3동,11500535,06,31674.97276712329
서울특별시,강서구,등촌3동,서울특별시 강서구 등촌3동,11500535,07,32293.45501369863
서울특별시,강서구,등촌3동,서울특별시 강서구 등촌3동,11500535,08,34017.820520547946
서울특별시,강서구,등촌3동,서울특별시 강서구 등촌3동,11500535,09,35970.554109589044
서울특별시,강서구,등촌3동,서울특별시 강서구 등촌3동,11500535,10,37285.07687671233
서울특별시,강서구,등촌3동,서울특별시 강서구 등촌3동,11500535,11,38634.380767123286
서울특별시,강서구,등촌3동,서울특별시 강서구 등촌3동,11500535,12,39593.02115068493
서울특별시,강서구,등촌3동,서울특별시 강서구 등촌3동,11500535,13,39900.73369863014
서울특별시,강서구,등촌3동,서울특별시 강서구 등촌3동,11500535,14,39906.24326027397
서울특별시,강서구,등촌3동,서울특별시 강서구 등촌3동,11500535,15,39441.866383561646
서울특별시,강서구,등촌3동,서울특별시 강서구 등촌3동,11500535,16,38826.68750684931
서울특별시,강서구,등촌3동,서울특별시 강서구 등촌3동,11500535,17,38316.186273972606
서울특별시,강서구,등촌3동,서울특별시 강서구 등촌3동,11500535,18,37591.49304109589
서울특별시,강서구,등촌3동,서울특별시 강서구 등촌3동,11500535,19,36338.4582739726
서울특별시,강서구,등촌3동,서울특별시 강서구 등촌3동,11500535,20,34916.804876712325
서울특별시,강서구,등촌3동,서울특별시 강서구 등촌3동,11500535,21,33632.06556164384
서울특별시,강서구,등촌3동,서울특별시 강서구 등촌3동,11500535,22,32705.658684931506
서울특별시,강서구,등촌3동,서울특별시 강서구 등촌3동,11500535,23,32170.580301369864
서울특별시,강서구,발산1동,서울특별시 강서구 발산1동,11500611,00,42034.368575342465
서울특별시,강서구,발산1동,서울특별시 강서구 발산1동,11500611,01,41963.62780821918
서울특별시,강서구,발산1동,서울특별시 강서구 발산1동,11500611,02,41980.45978082192
서울특별시,강서구,발산1동,서울특별시 강서구 발산1동,11500611,03,41967.32509589041
서울특별시,강서구,발산1동,서울특별시 강서구 발산1동,11500611,04,42096.43887671233
서울특별시,강서구,발산1동,서울특별시 강서구 발산1동,11500611,05,42322.35235616438
서울특별시,강서구,발산1동,서울특별시 강서구 발산1동,11500611,06,42928.07917808219
서울특별시,강서구,발산1동,서울특별시 강서구 발산1동,11500611,07,45110.684794520545
서울특별시,강서구,발산1동,서울특별시 강서구 발산1동,11500611,08,48868.6844109589
서울특별시,강서구,발산1동,서울특별시 강서구 발산1동,11500611,09,51128.35378082191
서울특별시,강서구,발산1동,서울특별시 강서구 발산1동,11500611,10,52823.69961643835
서울특별시,강서구,발산1동,서울특별시 강서구 발산1동,11500611,11,53726.81123287672
서울특별시,강서구,발산1동,서울특별시 강서구 발산1동,11500611,12,53964.070712328765
서울특별시,강서구,발산1동,서울특별시 강서구 발산1동,11500611,13,54297.83671232876
서울특별시,강서구,발산1동,서울특별시 강서구 발산1동,11500611,14,54483.94095890411
서울특별시,강서구,발산1동,서울특별시 강서구 발산1동,11500611,15,53710.900356164384
서울특별시,강서구,발산1동,서울특별시 강서구 발산1동,11500611,16,52060.13197260274
서울특별시,강서구,발산1동,서울특별시 강서구 발산1동,11500611,17,50269.094657534246
서울특별시,강서구,발산1동,서울특별시 강서구 발산1동,11500611,18,48373.94873972602
서울특별시,강서구,발산1동,서울특별시 강서구 발산1동,11500611,19,46725.764904109594
서울특별시,강서구,발산1동,서울특별시 강서구 발산1동,11500611,20,45260.885534246576
서울특별시,강서구,발산1동,서울특별시 강서구 발산1동,11500611,21,44297.86673972603
서울특별시,강서구,발산1동,서울특별시 강서구 발산1동,11500611,22,43209.99824657534
서울특별시,강서구,발산1동,서울특별시 강서구 발산1동,11500611,23,42498.54983561644
서울특별시,강서구,방화1동,서울특별시 강서구 방화1동,11500630,00,38853.20013698631
서울특별시,강서구,방화1동,서울특별시 강서구 방화1동,11500630,01,38895.5718630137
서울특별시,강서구,방화1동,서울특별시 강서구 방화1동,11500630,02,38915.17824657534
서울특별시,강서구,방화1동,서울특별시 강서구 방화1동,11500630,03,38923.24953424658
서울특별시,강서구,방화1동,서울특별시 강서구 방화1동,11500630,04,38927.436493150686
서울특별시,강서구,방화1동,서울특별시 강서구 방화1동,11500630,05,38827.23361643835
서울특별시,강서구,방화1동,서울특별시 강서구 방화1동,11500630,06,38723.05495890411
서울특별시,강서구,방화1동,서울특별시 강서구 방화1동,11500630,07,38449.792356164384
서울특별시,강서구,방화1동,서울특별시 강서구 방화1동,11500630,08,37347.98893150685
서울특별시,강서구,방화1동,서울특별시 강서구 방화1동,11500630,09,36260.01161643836
서울특별시,강서구,방화1동,서울특별시 강서구 방화1동,11500630,10,35911.029945205475
서울특별시,강서구,방화1동,서울특별시 강서구 방화1동,11500630,11,35800.61926027397
서울특별시,강서구,방화1동,서울특별시 강서구 방화1동,11500630,12,35762.378657534246
서울특별시,강서구,방화1동,서울특별시 강서구 방화1동,11500630,13,35500.34758904109
서울특별시,강서구,방화1동,서울특별시 강서구 방화1동,11500630,14,35417.45701369863
서울특별시,강서구,방화1동,서울특별시 강서구 방화1동,11500630,15,35547.1555890411
서울특별시,강서구,방화1동,서울특별시 강서구 방화1동,11500630,16,35626.3057260274
서울특별시,강서구,방화1동,서울특별시 강서구 방화1동,11500630,17,35792.45734246575
서울특별시,강서구,방화1동,서울특별시 강서구 방화1동,11500630,18,36311.0334520548
서울특별시,강서구,방화1동,서울특별시 강서구 방화1동,11500630,19,36837.185479452055
서울특별시,강서구,방화1동,서울특별시 강서구 방화1동,11500630,20,37189.50673972603
서울특별시,강서구,방화1동,서울특별시 강서구 방화1동,11500630,21,37590.46621917808
서울특별시,강서구,방화1동,서울특별시 강서구 방화1동,11500630,22,38102.56515068493
서울특별시,강서구,방화1동,서울특별시 강서구 방화1동,11500630,23,38405.76369863014
서울특별시,강서구,방화2동,서울특별시 강서구 방화2동,11500640,00,30800.512438356163
서울특별시,강서구,방화2동,서울특별시 강서구 방화2동,11500640,01,30632.196054794524
서울특별시,강서구,방화2동,서울특별시 강서구 방화2동,11500640,02,30557.912273972604
서울특별시,강서구,방화2동,서울특별시 강서구 방화2동,11500640,03,30537.499780821916
서울특별시,강서구,방화2동,서울특별시 강서구 방화2동,11500640,04,30686.231753424658
서울특별시,강서구,방화2동,서울특별시 강서구 방화2동,11500640,05,31127.809123287672
서울특별시,강서구,방화2동,서울특별시 강서구 방화2동,11500640,06,32337.474164383562
서울특별시,강서구,방화2동,서울특별시 강서구 방화2동,11500640,07,34129.02304109589
서울특별시,강서구,방화2동,서울특별시 강서구 방화2동,11500640,08,36083.483780821916
서울특별시,강서구,방화2동,서울특별시 강서구 방화2동,11500640,09,37415.12279452055
서울특별시,강서구,방화2동,서울특별시 강서구 방화2동,11500640,10,39824.17216438356
서울특별시,강서구,방화2동,서울특별시 강서구 방화2동,11500640,11,42747.08704109589
서울특별시,강서구,방화2동,서울특별시 강서구 방화2동,11500640,12,45031.73597260274
서울특별시,강서구,방화2동,서울특별시 강서구 방화2동,11500640,13,46684.5678630137
서울특별시,강서구,방화2동,서울특별시 강서구 방화2동,11500640,14,47804.05547945206
서울특별시,강서구,방화2동,서울특별시 강서구 방화2동,11500640,15,47745.08547945205
서울특별시,강서구,방화2동,서울특별시 강서구 방화2동,11500640,16,46527.17821917809
서울특별시,강서구,방화2동,서울특별시 강서구 방화2동,11500640,17,44827.87704109589
서울특별시,강서구,방화2동,서울특별시 강서구 방화2동,11500640,18,43093.21380821918
서울특별시,강서구,방화2동,서울특별시 강서구 방화2동,11500640,19,40828.01515068493
서울특별시,강서구,방화2동,서울특별시 강서구 방화2동,11500640,20,38189.25142465753
서울특별시,강서구,방화2동,서울특별시 강서구 방화2동,11500640,21,35834.9415890411
서울특별시,강서구,방화2동,서울특별시 강서구 방화2동,11500640,22,34016.91950684931
서울특별시,강서구,방화2동,서울특별시 강서구 방화2동,11500640,23,32636.856301369866
서울특별시,강서구,방화3동,서울특별시 강서구 방화3동,11500641,00,20897.29684931507
서울특별시,강서구,방화3동,서울특별시 강서구 방화3동,11500641,01,20951.55512328767
서울특별시,강서구,방화3동,서울특별시 강서구 방화3동,11500641,02,20989.973561643834
서울특별시,강서구,방화3동,서울특별시 강서구 방화3동,11500641,03,21029.72079452055
서울특별시,강서구,방화3동,서울특별시 강서구 방화3동,11500641,04,21059.488684931508
서울특별시,강서구,방화3동,서울특별시 강서구 방화3동,11500641,05,21067.74410958904
서울특별시,강서구,방화3동,서울특별시 강서구 방화3동,11500641,06,20978.53915068493
서울특별시,강서구,방화3동,서울특별시 강서구 방화3동,11500641,07,20847.475287671234
서울특별시,강서구,방화3동,서울특별시 강서구 방화3동,11500641,08,20304.126849315067
서울특별시,강서구,방화3동,서울특별시 강서구 방화3동,11500641,09,19553.822493150685
서울특별시,강서구,방화3동,서울특별시 강서구 방화3동,11500641,10,19315.82693150685
서울특별시,강서구,방화3동,서울특별시 강서구 방화3동,11500641,11,19076.24268493151
서울특별시,강서구,방화3동,서울특별시 강서구 방화3동,11500641,12,18780.568465753426
서울특별시,강서구,방화3동,서울특별시 강서구 방화3동,11500641,13,18527.080328767122
서울특별시,강서구,방화3동,서울특별시 강서구 방화3동,11500641,14,18400.62421917808
서울특별시,강서구,방화3동,서울특별시 강서구 방화3동,11500641,15,18359.758547945206
서울특별시,강서구,방화3동,서울특별시 강서구 방화3동,11500641,16,18268.706493150687
서울특별시,강서구,방화3동,서울특별시 강서구 방화3동,11500641,17,18235.748410958902
서울특별시,강서구,방화3동,서울특별시 강서구 방화3동,11500641,18,18432.729397260275
서울특별시,강서구,방화3동,서울특별시 강서구 방화3동,11500641,19,19034.80895890411
서울특별시,강서구,방화3동,서울특별시 강서구 방화3동,11500641,20,19486.35317808219
서울특별시,강서구,방화3동,서울특별시 강서구 방화3동,11500641,21,19901.40701369863
서울특별시,강서구,방화3동,서울특별시 강서구 방화3동,11500641,22,20287.053315068493
서울특별시,강서구,방화3동,서울특별시 강서구 방화3동,11500641,23,20614.808520547947
서울특별시,강서구,염창동,서울특별시 강서구 염창동,11500510,00,38872.08794520548
서울특별시,강서구,염창동,서울특별시 강서구 염창동,11500510,01,38994.378657534246
서울특별시,강서구,염창동,서울특별시 강서구 염창동,11500510,02,39115.64767123288
서울특별시,강서구,염창동,서울특별시 강서구 염창동,11500510,03,39154.057424657534
서울특별시,강서구,염창동,서울특별시 강서구 염창동,11500510,04,39175.225479452056
서울특별시,강서구,염창동,서울특별시 강서구 염창동,11500510,05,39234.92378082192
서울특별시,강서구,염창동,서울특별시 강서구 염창동,11500510,06,38829.56323287671
서울특별시,강서구,염창동,서울특별시 강서구 염창동,11500510,07,38365.72375342466
서울특별시,강서구,염창동,서울특별시 강서구 염창동,11500510,08,37230.83095890411
서울특별시,강서구,염창동,서울특별시 강서구 염창동,11500510,09,35868.37917808219
서울특별시,강서구,염창동,서울특별시 강서구 염창동,11500510,10,34798.37526027398
서울특별시,강서구,염창동,서울특별시 강서구 염창동,11500510,11,34170.59578082192
서울특별시,강서구,염창동,서울특별시 강서구 염창동,11500510,12,33697.09572602739
서울특별시,강서구,염창동,서울특별시 강서구 염창동,11500510,13,33368.50320547945
서울특별시,강서구,염창동,서울특별시 강서구 염창동,11500510,14,33210.84638356164
서울특별시,강서구,염창동,서울특별시 강서구 염창동,11500510,15,33232.87189041096
서울특별시,강서구,염창동,서울특별시 강서구 염창동,11500510,16,33394.19852054795
서울특별시,강서구,염창동,서울특별시 강서구 염창동,11500510,17,33594.16863013699
서울특별시,강서구,염창동,서울특별시 강서구 염창동,11500510,18,34285.24884931507
서울특별시,강서구,염창동,서울특별시 강서구 염창동,11500510,19,35116.322821917805
서울특별시,강서구,염창동,서울특별시 강서구 염창동,11500510,20,35958.24101369863
서울특별시,강서구,염창동,서울특별시 강서구 염창동,11500510,21,36734.49742465754
서울특별시,강서구,염창동,서울특별시 강서구 염창동,11500510,22,37614.09673972603
서울특별시,강서구,염창동,서울특별시 강서구 염창동,11500510,23,38172.50531506849
서울특별시,강서구,우장산동,서울특별시 강서구 우장산동,11500615,00,34054.869671232875
서울특별시,강서구,우장산동,서울특별시 강서구 우장산동,11500615,01,34222.44769863014
서울특별시,강서구,우장산동,서울특별시 강서구 우장산동,11500615,02,34328.68852054795
서울특별시,강서구,우장산동,서울특별시 강서구 우장산동,11500615,03,34388.83594520548
서울특별시,강서구,우장산동,서울특별시 강서구 우장산동,11500615,04,34403.68153424658
서울특별시,강서구,우장산동,서울특별시 강서구 우장산동,11500615,05,34286.01271232877
서울특별시,강서구,우장산동,서울특별시 강서구 우장산동,11500615,06,34071.961616438355
서울특별시,강서구,우장산동,서울특별시 강서구 우장산동,11500615,07,33347.93405479452
서울특별시,강서구,우장산동,서울특별시 강서구 우장산동,11500615,08,31335.9522739726
서울특별시,강서구,우장산동,서울특별시 강서구 우장산동,11500615,09,29527.948575342467
서울특별시,강서구,우장산동,서울특별시 강서구 우장산동,11500615,10,28504.594246575343
서울특별시,강서구,우장산동,서울특별시 강서구 우장산동,11500615,11,27906.073342465752
서울특별시,강서구,우장산동,서울특별시 강서구 우장산동,11500615,12,27502.97695890411
서울특별시,강서구,우장산동,서울특별시 강서구 우장산동,11500615,13,27301.63695890411
서울특별시,강서구,우장산동,서울특별시 강서구 우장산동,11500615,14,27268.79109589041
서울특별시,강서구,우장산동,서울특별시 강서구 우장산동,11500615,15,27524.304082191782
서울특별시,강서구,우장산동,서울특별시 강서구 우장산동,11500615,16,28032.27010958904
서울특별시,강서구,우장산동,서울특별시 강서구 우장산동,11500615,17,28350.53969863014
서울특별시,강서구,우장산동,서울특별시 강서구 우장산동,11500615,18,28900.020082191782
서울특별시,강서구,우장산동,서울특별시 강서구 우장산동,11500615,19,30023.058712328766
서울특별시,강서구,우장산동,서울특별시 강서구 우장산동,11500615,20,30930.09531506849
서울특별시,강서구,우장산동,서울특별시 강서구 우장산동,11500615,21,31826.214273972604
서울특별시,강서구,우장산동,서울특별시 강서구 우장산동,11500615,22,32708.037123287675
서울특별시,강서구,우장산동,서울특별시 강서구 우장산동,11500615,23,33334.42038356164
서울특별시,강서구,화곡1동,서울특별시 강서구 화곡1동,11500540,00,52665.01794520548
서울특별시,강서구,화곡1동,서울특별시 강서구 화곡1동,11500540,01,52842.16980821918
서울특별시,강서구,화곡1동,서울특별시 강서구 화곡1동,11500540,02,52943.64290410959
서울특별시,강서구,화곡1동,서울특별시 강서구 화곡1동,11500540,03,53019.37430136987
서울특별시,강서구,화곡1동,서울특별시 강서구 화곡1동,11500540,04,52993.392301369866
서울특별시,강서구,화곡1동,서울특별시 강서구 화곡1동,11500540,05,52741.01775342466
서울특별시,강서구,화곡1동,서울특별시 강서구 화곡1동,11500540,06,52151.11915068493
서울특별시,강서구,화곡1동,서울특별시 강서구 화곡1동,11500540,07,51300.807342465756
서울특별시,강서구,화곡1동,서울특별시 강서구 화곡1동,11500540,08,49689.62520547945
서울특별시,강서구,화곡1동,서울특별시 강서구 화곡1동,11500540,09,47815.08460273972
서울특별시,강서구,화곡1동,서울특별시 강서구 화곡1동,11500540,10,46643.47997260274
서울특별시,강서구,화곡1동,서울특별시 강서구 화곡1동,11500540,11,46060.66610958904
서울특별시,강서구,화곡1동,서울특별시 강서구 화곡1동,11500540,12,45557.04123287671
서울특별시,강서구,화곡1동,서울특별시 강서구 화곡1동,11500540,13,45299.66597260274
서울특별시,강서구,화곡1동,서울특별시 강서구 화곡1동,11500540,14,45207.734136986306
서울특별시,강서구,화곡1동,서울특별시 강서구 화곡1동,11500540,15,45395.27857534246
서울특별시,강서구,화곡1동,서울특별시 강서구 화곡1동,11500540,16,45862.67408219178
서울특별시,강서구,화곡1동,서울특별시 강서구 화곡1동,11500540,17,46385.39583561644
서울특별시,강서구,화곡1동,서울특별시 강서구 화곡1동,11500540,18,47085.09238356164
서울특별시,강서구,화곡1동,서울특별시 강서구 화곡1동,11500540,19,48348.49071232876
서울특별시,강서구,화곡1동,서울특별시 강서구 화곡1동,11500540,20,49359.70767123288
서울특별시,강서구,화곡1동,서울특별시 강서구 화곡1동,11500540,21,50395.66427397261
서울특별시,강서구,화곡1동,서울특별시 강서구 화곡1동,11500540,22,51405.85635616438
서울특별시,강서구,화곡1동,서울특별시 강서구 화곡1동,11500540,23,52057.437205479444
서울특별시,강서구,화곡2동,서울특별시 강서구 화곡2동,11500550,00,14535.575945205479
서울특별시,강서구,화곡2동,서울특별시 강서구 화곡2동,11500550,01,14609.840027397262
서울특별시,강서구,화곡2동,서울특별시 강서구 화곡2동,11500550,02,14696.896958904108
서울특별시,강서구,화곡2동,서울특별시 강서구 화곡2동,11500550,03,14747.440273972603
서울특별시,강서구,화곡2동,서울특별시 강서구 화곡2동,11500550,04,14750.714328767124
서울특별시,강서구,화곡2동,서울특별시 강서구 화곡2동,11500550,05,14657.646630136987
서울특별시,강서구,화곡2동,서울특별시 강서구 화곡2동,11500550,06,14444.338191780824
서울특별시,강서구,화곡2동,서울특별시 강서구 화곡2동,11500550,07,14038.099534246576
서울특별시,강서구,화곡2동,서울특별시 강서구 화곡2동,11500550,08,13167.763479452055
서울특별시,강서구,화곡2동,서울특별시 강서구 화곡2동,11500550,09,12222.441561643835
서울특별시,강서구,화곡2동,서울특별시 강서구 화곡2동,11500550,10,11754.019287671234
서울특별시,강서구,화곡2동,서울특별시 강서구 화곡2동,11500550,11,11565.651287671231
서울특별시,강서구,화곡2동,서울특별시 강서구 화곡2동,11500550,12,11416.850821917807
서울특별시,강서구,화곡2동,서울특별시 강서구 화곡2동,11500550,13,11260.356520547944
서울특별시,강서구,화곡2동,서울특별시 강서구 화곡2동,11500550,14,11116.44301369863
서울특별시,강서구,화곡2동,서울특별시 강서구 화곡2동,11500550,15,11168.894520547945
서울특별시,강서구,화곡2동,서울특별시 강서구 화곡2동,11500550,16,11400.046547945207
서울특별시,강서구,화곡2동,서울특별시 강서구 화곡2동,11500550,17,11662.239123287673
서울특별시,강서구,화곡2동,서울특별시 강서구 화곡2동,11500550,18,12045.245863013699
서울특별시,강서구,화곡2동,서울특별시 강서구 화곡2동,11500550,19,12642.498493150686
서울특별시,강서구,화곡2동,서울특별시 강서구 화곡2동,11500550,20,13096.223753424658
서울특별시,강서구,화곡2동,서울특별시 강서구 화곡2동,11500550,21,13483.553178082193
서울특별시,강서구,화곡2동,서울특별시 강서구 화곡2동,11500550,22,13871.438520547945
서울특별시,강서구,화곡2동,서울특별시 강서구 화곡2동,11500550,23,14154.019616438356
서울특별시,강서구,화곡3동,서울특별시 강서구 화곡3동,11500560,00,19270.32895890411
서울특별시,강서구,화곡3동,서울특별시 강서구 화곡3동,11500560,01,19101.06101369863
서울특별시,강서구,화곡3동,서울특별시 강서구 화곡3동,11500560,02,18966.75205479452
서울특별시,강서구,화곡3동,서울특별시 강서구 화곡3동,11500560,03,18901.92602739726
서울특별시,강서구,화곡3동,서울특별시 강서구 화곡3동,11500560,04,18831.172356164385
서울특별시,강서구,화곡3동,서울특별시 강서구 화곡3동,11500560,05,18805.673589041096
서울특별시,강서구,화곡3동,서울특별시 강서구 화곡3동,11500560,06,18687.972575342465
서울특별시,강서구,화곡3동,서울특별시 강서구 화곡3동,11500560,07,18552.440465753425
서울특별시,강서구,화곡3동,서울특별시 강서구 화곡3동,11500560,08,18175.48093150685
서울특별시,강서구,화곡3동,서울특별시 강서구 화곡3동,11500560,09,18114.090136986302
서울특별시,강서구,화곡3동,서울특별시 강서구 화곡3동,11500560,10,18416.3278630137
서울특별시,강서구,화곡3동,서울특별시 강서구 화곡3동,11500560,11,18810.276054794518
서울특별시,강서구,화곡3동,서울특별시 강서구 화곡3동,11500560,12,19113.76273972603
서울특별시,강서구,화곡3동,서울특별시 강서구 화곡3동,11500560,13,18979.807232876712
서울특별시,강서구,화곡3동,서울특별시 강서구 화곡3동,11500560,14,18910.845315068495
서울특별시,강서구,화곡3동,서울특별시 강서구 화곡3동,11500560,15,18993.82709589041
서울특별시,강서구,화곡3동,서울특별시 강서구 화곡3동,11500560,16,19289.621643835617
서울특별시,강서구,화곡3동,서울특별시 강서구 화곡3동,11500560,17,19667.539780821917
서울특별시,강서구,화곡3동,서울특별시 강서구 화곡3동,11500560,18,20318.829698630136
서울특별시,강서구,화곡3동,서울특별시 강서구 화곡3동,11500560,19,20953.325013698628
서울특별시,강서구,화곡3동,서울특별시 강서구 화곡3동,11500560,20,20860.569397260275
서울특별시,강서구,화곡3동,서울특별시 강서구 화곡3동,11500560,21,20540.630438356166
서울특별시,강서구,화곡3동,서울특별시 강서구 화곡3동,11500560,22,20167.03509589041
서울특별시,강서구,화곡3동,서울특별시 강서구 화곡3동,11500560,23,19989.46101369863
서울특별시,강서구,화곡4동,서울특별시 강서구 화곡4동,11500570,00,21065.193643835617
서울특별시,강서구,화곡4동,서울특별시 강서구 화곡4동,11500570,01,21203.05898630137
서울특별시,강서구,화곡4동,서울특별시 강서구 화곡4동,11500570,02,21340.978821917808
서울특별시,강서구,화곡4동,서울특별시 강서구 화곡4동,11500570,03,21432.30306849315
서울특별시,강서구,화곡4동,서울특별시 강서구 화곡4동,11500570,04,21456.09112328767
서울특별시,강서구,화곡4동,서울특별시 강서구 화곡4동,11500570,05,21341.584739726026
서울특별시,강서구,화곡4동,서울특별시 강서구 화곡4동,11500570,06,21103.40309589041
서울특별시,강서구,화곡4동,서울특별시 강서구 화곡4동,11500570,07,20608.35882191781
서울특별시,강서구,화곡4동,서울특별시 강서구 화곡4동,11500570,08,19743.46219178082
서울특별시,강서구,화곡4동,서울특별시 강서구 화곡4동,11500570,09,18423.984383561645
서울특별시,강서구,화곡4동,서울특별시 강서구 화곡4동,11500570,10,17577.400657534246
서울특별시,강서구,화곡4동,서울특별시 강서구 화곡4동,11500570,11,17124.00123287671
서울특별시,강서구,화곡4동,서울특별시 강서구 화곡4동,11500570,12,16808.34495890411
서울특별시,강서구,화곡4동,서울특별시 강서구 화곡4동,11500570,13,16536.907671232875
서울특별시,강서구,화곡4동,서울특별시 강서구 화곡4동,11500570,14,16288.344657534246
서울특별시,강서구,화곡4동,서울특별시 강서구 화곡4동,11500570,15,16285.71202739726
서울특별시,강서구,화곡4동,서울특별시 강서구 화곡4동,11500570,16,16465.215534246574
서울특별시,강서구,화곡4동,서울특별시 강서구 화곡4동,11500570,17,16695.52819178082
서울특별시,강서구,화곡4동,서울특별시 강서구 화곡4동,11500570,18,17240.61008219178
서울특별시,강서구,화곡4동,서울특별시 강서구 화곡4동,11500570,19,18098.258109589042
서울특별시,강서구,화곡4동,서울특별시 강서구 화곡4동,11500570,20,18737.09797260274
서울특별시,강서구,화곡4동,서울특별시 강서구 화곡4동,11500570,21,19366.24906849315
서울특별시,강서구,화곡4동,서울특별시 강서구 화곡4동,11500570,22,20064.75197260274
서울특별시,강서구,화곡4동,서울특별시 강서구 화곡4동,11500570,23,20547.747315068493
서울특별시,강서구,화곡6동,서울특별시 강서구 화곡6동,11500591,00,26570.12460273973
서울특별시,강서구,화곡6동,서울특별시 강서구 화곡6동,11500591,01,26484.966164383564
서울특별시,강서구,화곡6동,서울특별시 강서구 화곡6동,11500591,02,26369.99528767123
서울특별시,강서구,화곡6동,서울특별시 강서구 화곡6동,11500591,03,26201.091561643836
서울특별시,강서구,화곡6동,서울특별시 강서구 화곡6동,11500591,04,26037.920246575344
서울특별시,강서구,화곡6동,서울특별시 강서구 화곡6동,11500591,05,25857.034493150684
서울특별시,강서구,화곡6동,서울특별시 강서구 화곡6동,11500591,06,25632.57090410959
서울특별시,강서구,화곡6동,서울특별시 강서구 화곡6동,11500591,07,25495.3097260274
서울특별시,강서구,화곡6동,서울특별시 강서구 화곡6동,11500591,08,24857.13304109589
서울특별시,강서구,화곡6동,서울특별시 강서구 화곡6동,11500591,09,24447.840684931507
서울특별시,강서구,화곡6동,서울특별시 강서구 화곡6동,11500591,10,23918.262767123288
서울특별시,강서구,화곡6동,서울특별시 강서구 화곡6동,11500591,11,23565.258383561646
서울특별시,강서구,화곡6동,서울특별시 강서구 화곡6동,11500591,12,23178.355753424657
서울특별시,강서구,화곡6동,서울특별시 강서구 화곡6동,11500591,13,22694.49989041096
서울특별시,강서구,화곡6동,서울특별시 강서구 화곡6동,11500591,14,22400.250794520547
서울특별시,강서구,화곡6동,서울특별시 강서구 화곡6동,11500591,15,22384.691287671234
서울특별시,강서구,화곡6동,서울특별시 강서구 화곡6동,11500591,16,22593.886301369865
서울특별시,강서구,화곡6동,서울특별시 강서구 화곡6동,11500591,17,22973.058082191783
서울특별시,강서구,화곡6동,서울특별시 강서구 화곡6동,11500591,18,23572.105808219178
서울특별시,강서구,화곡6동,서울특별시 강서구 화곡6동,11500591,19,24475.326191780823
서울특별시,강서구,화곡6동,서울특별시 강서구 화곡6동,11500591,20,25252.4818630137
서울특별시,강서구,화곡6동,서울특별시 강서구 화곡6동,11500591,21,25836.50624657534
서울특별시,강서구,화곡6동,서울특별시 강서구 화곡6동,11500591,22,26310.185369863015
서울특별시,강서구,화곡6동,서울특별시 강서구 화곡6동,11500591,23,26482.94232876712
서울특별시,강서구,화곡8동,서울특별시 강서구 화곡8동,11500593,00,29594.946465753426
서울특별시,강서구,화곡8동,서울특별시 강서구 화곡8동,11500593,01,29468.911068493147
서울특별시,강서구,화곡8동,서울특별시 강서구 화곡8동,11500593,02,29362.76589041096
서울특별시,강서구,화곡8동,서울특별시 강서구 화곡8동,11500593,03,29301.512575342465
서울특별시,강서구,화곡8동,서울특별시 강서구 화곡8동,11500593,04,29252.886054794522
서울특별시,강서구,화곡8동,서울특별시 강서구 화곡8동,11500593,05,29220.30909589041
서울특별시,강서구,화곡8동,서울특별시 강서구 화곡8동,11500593,06,29591.115616438354
서울특별시,강서구,화곡8동,서울특별시 강서구 화곡8동,11500593,07,30517.898082191783
서울특별시,강서구,화곡8동,서울특별시 강서구 화곡8동,11500593,08,33069.078931506854
서울특별시,강서구,화곡8동,서울특별시 강서구 화곡8동,11500593,09,35854.9777260274
서울특별시,강서구,화곡8동,서울특별시 강서구 화곡8동,11500593,10,38092.26775342466
서울특별시,강서구,화곡8동,서울특별시 강서구 화곡8동,11500593,11,39575.43421917808
서울특별시,강서구,화곡8동,서울특별시 강서구 화곡8동,11500593,12,40236.460630136986
서울특별시,강서구,화곡8동,서울특별시 강서구 화곡8동,11500593,13,41154.44405479452
서울특별시,강서구,화곡8동,서울특별시 강서구 화곡8동,11500593,14,41632.53884931507
서울특별시,강서구,화곡8동,서울특별시 강서구 화곡8동,11500593,15,41701.76019178082
서울특별시,강서구,화곡8동,서울특별시 강서구 화곡8동,11500593,16,41426.66761643835
서울특별시,강서구,화곡8동,서울특별시 강서구 화곡8동,11500593,17,40535.939260273975
서울특별시,강서구,화곡8동,서울특별시 강서구 화곡8동,11500593,18,38461.1977260274
서울특별시,강서구,화곡8동,서울특별시 강서구 화곡8동,11500593,19,36451.33465753425
서울특별시,강서구,화곡8동,서울특별시 강서구 화곡8동,11500593,20,34325.04156164383
서울특별시,강서구,화곡8동,서울특별시 강서구 화곡8동,11500593,21,32431.78731506849
서울특별시,강서구,화곡8동,서울특별시 강서구 화곡8동,11500593,22,30914.67520547945
서울특별시,강서구,화곡8동,서울특별시 강서구 화곡8동,11500593,23,30294.11989041096
서울특별시,강서구,화곡본동,서울특별시 강서구 화곡본동,11500590,00,35090.003589041095
서울특별시,강서구,화곡본동,서울특별시 강서구 화곡본동,11500590,01,35316.888520547946
서울특별시,강서구,화곡본동,서울특별시 강서구 화곡본동,11500590,02,35543.11495890411
서울특별시,강서구,화곡본동,서울특별시 강서구 화곡본동,11500590,03,35704.113479452055
서울특별시,강서구,화곡본동,서울특별시 강서구 화곡본동,11500590,04,35785.07005479452
서울특별시,강서구,화곡본동,서울특별시 강서구 화곡본동,11500590,05,35688.46964383562
서울특별시,강서구,화곡본동,서울특별시 강서구 화곡본동,11500590,06,35150.793589041095
서울특별시,강서구,화곡본동,서울특별시 강서구 화곡본동,11500590,07,34307.36361643836
서울특별시,강서구,화곡본동,서울특별시 강서구 화곡본동,11500590,08,32385.900328767122
서울특별시,강서구,화곡본동,서울특별시 강서구 화곡본동,11500590,09,30192.406301369865
서울특별시,강서구,화곡본동,서울특별시 강서구 화곡본동,11500590,10,29047.633013698633
서울특별시,강서구,화곡본동,서울특별시 강서구 화곡본동,11500590,11,28362.397726027397
서울특별시,강서구,화곡본동,서울특별시 강서구 화곡본동,11500590,12,27803.75123287671
서울특별시,강서구,화곡본동,서울특별시 강서구 화곡본동,11500590,13,27250.735232876712
서울특별시,강서구,화곡본동,서울특별시 강서구 화곡본동,11500590,14,26936.073452054796
서울특별시,강서구,화곡본동,서울특별시 강서구 화곡본동,11500590,15,26944.647452054796
서울특별시,강서구,화곡본동,서울특별시 강서구 화곡본동,11500590,16,27338.224602739727
서울특별시,강서구,화곡본동,서울특별시 강서구 화곡본동,11500590,17,27853.025917808223
서울특별시,강서구,화곡본동,서울특별시 강서구 화곡본동,11500590,18,28936.741643835616
서울특별시,강서구,화곡본동,서울특별시 강서구 화곡본동,11500590,19,30482.23128767123
서울특별시,강서구,화곡본동,서울특별시 강서구 화곡본동,11500590,20,31527.45863013699
서울특별시,강서구,화곡본동,서울특별시 강서구 화곡본동,11500590,21,32516.89791780822
서울특별시,강서구,화곡본동,서울특별시 강서구 화곡본동,11500590,22,33552.968164383565
서울특별시,강서구,화곡본동,서울특별시 강서구 화곡본동,11500590,23,34275.55238356164
서울특별시,관악구,낙성대동,서울특별시 관악구 낙성대동,11620585,00,23520.39282191781
서울특별시,관악구,낙성대동,서울특별시 관악구 낙성대동,11620585,01,23204.21487671233
서울특별시,관악구,낙성대동,서울특별시 관악구 낙성대동,11620585,02,22969.090438356165
서울특별시,관악구,낙성대동,서울특별시 관악구 낙성대동,11620585,03,22822.20657534247
서울특별시,관악구,낙성대동,서울특별시 관악구 낙성대동,11620585,04,22766.856109589044
서울특별시,관악구,낙성대동,서울특별시 관악구 낙성대동,11620585,05,23067.861479452054
서울특별시,관악구,낙성대동,서울특별시 관악구 낙성대동,11620585,06,22872.467534246578
서울특별시,관악구,낙성대동,서울특별시 관악구 낙성대동,11620585,07,23147.689534246576
서울특별시,관악구,낙성대동,서울특별시 관악구 낙성대동,11620585,08,23499.048575342465
서울특별시,관악구,낙성대동,서울특별시 관악구 낙성대동,11620585,09,23248.379506849313
서울특별시,관악구,낙성대동,서울특별시 관악구 낙성대동,11620585,10,23250.535150684933
서울특별시,관악구,낙성대동,서울특별시 관악구 낙성대동,11620585,11,23665.07865753425
서울특별시,관악구,낙성대동,서울특별시 관악구 낙성대동,11620585,12,24332.67909589041
서울특별시,관악구,낙성대동,서울특별시 관악구 낙성대동,11620585,13,24322.74704109589
서울특별시,관악구,낙성대동,서울특별시 관악구 낙성대동,11620585,14,24023.427726027396
서울특별시,관악구,낙성대동,서울특별시 관악구 낙성대동,11620585,15,23799.53378082192
서울특별시,관악구,낙성대동,서울특별시 관악구 낙성대동,11620585,16,23818.72424657534
서울특별시,관악구,낙성대동,서울특별시 관악구 낙성대동,11620585,17,24274.40180821918
서울특별시,관악구,낙성대동,서울특별시 관악구 낙성대동,11620585,18,25507.404657534244
서울특별시,관악구,낙성대동,서울특별시 관악구 낙성대동,11620585,19,26602.268191780822
서울특별시,관악구,낙성대동,서울특별시 관악구 낙성대동,11620585,20,26554.24501369863
서울특별시,관악구,낙성대동,서울특별시 관악구 낙성대동,11620585,21,25951.514602739728
서울특별시,관악구,낙성대동,서울특별시 관악구 낙성대동,11620585,22,25107.69169863014
서울특별시,관악구,낙성대동,서울특별시 관악구 낙성대동,11620585,23,24457.836493150684
서울특별시,관악구,난곡동,서울특별시 관악구 난곡동,11620775,00,24017.62309589041
서울특별시,관악구,난곡동,서울특별시 관악구 난곡동,11620775,01,24143.105917808218
서울특별시,관악구,난곡동,서울특별시 관악구 난곡동,11620775,02,24298.222438356162
서울특별시,관악구,난곡동,서울특별시 관악구 난곡동,11620775,03,24373.501589041098
서울특별시,관악구,난곡동,서울특별시 관악구 난곡동,11620775,04,24388.52608219178
서울특별시,관악구,난곡동,서울특별시 관악구 난곡동,11620775,05,24216.177945205476
서울특별시,관악구,난곡동,서울특별시 관악구 난곡동,11620775,06,23769.718
서울특별시,관악구,난곡동,서울특별시 관악구 난곡동,11620775,07,23324.750438356165
서울특별시,관악구,난곡동,서울특별시 관악구 난곡동,11620775,08,22357.97989041096
서울특별시,관악구,난곡동,서울특별시 관악구 난곡동,11620775,09,20970.169342465753
서울특별시,관악구,난곡동,서울특별시 관악구 난곡동,11620775,10,20134.50309589041
서울특별시,관악구,난곡동,서울특별시 관악구 난곡동,11620775,11,19619.171397260274
서울특별시,관악구,난곡동,서울특별시 관악구 난곡동,11620775,12,19231.854383561644
서울특별시,관악구,난곡동,서울특별시 관악구 난곡동,11620775,13,18885.38895890411
서울특별시,관악구,난곡동,서울특별시 관악구 난곡동,11620775,14,18659.179260273973
서울특별시,관악구,난곡동,서울특별시 관악구 난곡동,11620775,15,18619.01068493151
서울특별시,관악구,난곡동,서울특별시 관악구 난곡동,11620775,16,18807.714219178084
서울특별시,관악구,난곡동,서울특별시 관악구 난곡동,11620775,17,19056.73775342466
서울특별시,관악구,난곡동,서울특별시 관악구 난곡동,11620775,18,19630.567616438355
서울특별시,관악구,난곡동,서울특별시 관악구 난곡동,11620775,19,20572.572383561645
서울특별시,관악구,난곡동,서울특별시 관악구 난곡동,11620775,20,21382.63526027397
서울특별시,관악구,난곡동,서울특별시 관악구 난곡동,11620775,21,22030.29104109589
서울특별시,관악구,난곡동,서울특별시 관악구 난곡동,11620775,22,22722.992493150683
서울특별시,관악구,난곡동,서울특별시 관악구 난곡동,11620775,23,23268.856027397258
서울특별시,관악구,난향동,서울특별시 관악구 난향동,11620715,00,14777.823260273974
서울특별시,관악구,난향동,서울특별시 관악구 난향동,11620715,01,14836.137726027397
서울특별시,관악구,난향동,서울특별시 관악구 난향동,11620715,02,14916.227232876714
서울특별시,관악구,난향동,서울특별시 관악구 난향동,11620715,03,14948.858328767123
서울특별시,관악구,난향동,서울특별시 관악구 난향동,11620715,04,14975.1961369863
서울특별시,관악구,난향동,서울특별시 관악구 난향동,11620715,05,14902.485616438356
서울특별시,관악구,난향동,서울특별시 관악구 난향동,11620715,06,14722.459726027397
서울특별시,관악구,난향동,서울특별시 관악구 난향동,11620715,07,14315.309095890412
서울특별시,관악구,난향동,서울특별시 관악구 난향동,11620715,08,13439.384136986302
서울특별시,관악구,난향동,서울특별시 관악구 난향동,11620715,09,12393.055945205479
서울특별시,관악구,난향동,서울특별시 관악구 난향동,11620715,10,11727.805616438356
서울특별시,관악구,난향동,서울특별시 관악구 난향동,11620715,11,11274.181835616439
서울특별시,관악구,난향동,서울특별시 관악구 난향동,11620715,12,10953.829561643835
서울특별시,관악구,난향동,서울특별시 관악구 난향동,11620715,13,10757.087452054795
서울특별시,관악구,난향동,서울특별시 관악구 난향동,11620715,14,10648.06
서울특별시,관악구,난향동,서울특별시 관악구 난향동,11620715,15,10717.00597260274
서울특별시,관악구,난향동,서울특별시 관악구 난향동,11620715,16,10951.773506849315
서울특별시,관악구,난향동,서울특별시 관악구 난향동,11620715,17,11184.647068493152
서울특별시,관악구,난향동,서울특별시 관악구 난향동,11620715,18,11628.315589041096
서울특별시,관악구,난향동,서울특별시 관악구 난향동,11620715,19,12370.901424657533
서울특별시,관악구,난향동,서울특별시 관악구 난향동,11620715,20,12986.527424657534
서울특별시,관악구,난향동,서울특별시 관악구 난향동,11620715,21,13546.11405479452
서울특별시,관악구,난향동,서울특별시 관악구 난향동,11620715,22,14098.300958904108
서울특별시,관악구,난향동,서울특별시 관악구 난향동,11620715,23,14460.183780821919
서울특별시,관악구,남현동,서울특별시 관악구 남현동,11620630,00,22800.945315068493
서울특별시,관악구,남현동,서울특별시 관악구 남현동,11620630,01,22654.47424657534
서울특별시,관악구,남현동,서울특별시 관악구 남현동,11620630,02,22496.064465753425
서울특별시,관악구,남현동,서울특별시 관악구 남현동,11620630,03,22393.937452054794
서울특별시,관악구,남현동,서울특별시 관악구 남현동,11620630,04,22348.071424657533
서울특별시,관악구,남현동,서울특별시 관악구 남현동,11620630,05,22336.656575342466
서울특별시,관악구,남현동,서울특별시 관악구 남현동,11620630,06,22559.100328767123
서울특별시,관악구,남현동,서울특별시 관악구 남현동,11620630,07,22841.385616438358
서울특별시,관악구,남현동,서울특별시 관악구 남현동,11620630,08,22432.02715068493
서울특별시,관악구,남현동,서울특별시 관악구 남현동,11620630,09,21608.713726027396
서울특별시,관악구,남현동,서울특별시 관악구 남현동,11620630,10,21461.72810958904
서울특별시,관악구,남현동,서울특별시 관악구 남현동,11620630,11,21639.22293150685
서울특별시,관악구,남현동,서울특별시 관악구 남현동,11620630,12,21898.73098630137
서울특별시,관악구,남현동,서울특별시 관악구 남현동,11620630,13,22088.303260273973
서울특별시,관악구,남현동,서울특별시 관악구 남현동,11620630,14,22168.578657534246
서울특별시,관악구,남현동,서울특별시 관악구 남현동,11620630,15,22220.607780821916
서울특별시,관악구,남현동,서울특별시 관악구 남현동,11620630,16,22352.129506849313
서울특별시,관악구,남현동,서울특별시 관악구 남현동,11620630,17,22941.731780821916
서울특별시,관악구,남현동,서울특별시 관악구 남현동,11620630,18,24114.107369863013
서울특별시,관악구,남현동,서울특별시 관악구 남현동,11620630,19,25322.915205479454
서울특별시,관악구,남현동,서울특별시 관악구 남현동,11620630,20,25242.24616438356
서울특별시,관악구,남현동,서울특별시 관악구 남현동,11620630,21,25114.51421917808
서울특별시,관악구,남현동,서울특별시 관악구 남현동,11620630,22,24665.291452054797
서울특별시,관악구,남현동,서울특별시 관악구 남현동,11620630,23,23948.273999999998
서울특별시,관악구,대학동,서울특별시 관악구 대학동,11620735,00,26736.474520547945
서울특별시,관악구,대학동,서울특별시 관악구 대학동,11620735,01,26658.994794520546
서울특별시,관악구,대학동,서울특별시 관악구 대학동,11620735,02,26617.680356164383
서울특별시,관악구,대학동,서울특별시 관악구 대학동,11620735,03,26617.09693150685
서울특별시,관악구,대학동,서울특별시 관악구 대학동,11620735,04,26653.6118630137
서울특별시,관악구,대학동,서울특별시 관악구 대학동,11620735,05,26825.537342465756
서울특별시,관악구,대학동,서울특별시 관악구 대학동,11620735,06,27178.479205479453
서울특별시,관악구,대학동,서울특별시 관악구 대학동,11620735,07,27850.8461369863
서울특별시,관악구,대학동,서울특별시 관악구 대학동,11620735,08,30071.83019178082
서울특별시,관악구,대학동,서울특별시 관악구 대학동,11620735,09,34947.738
서울특별시,관악구,대학동,서울특별시 관악구 대학동,11620735,10,39132.87879452055
서울특별시,관악구,대학동,서울특별시 관악구 대학동,11620735,11,41760.83882191781
서울특별시,관악구,대학동,서울특별시 관악구 대학동,11620735,12,42929.56608219178
서울특별시,관악구,대학동,서울특별시 관악구 대학동,11620735,13,44061.13378082192
서울특별시,관악구,대학동,서울특별시 관악구 대학동,11620735,14,44542.788
서울특별시,관악구,대학동,서울특별시 관악구 대학동,11620735,15,43912.50098630137
서울특별시,관악구,대학동,서울특별시 관악구 대학동,11620735,16,42147.9935890411
서울특별시,관악구,대학동,서울특별시 관악구 대학동,11620735,17,39235.68073972603
서울특별시,관악구,대학동,서울특별시 관악구 대학동,11620735,18,35230.47931506849
서울특별시,관악구,대학동,서울특별시 관악구 대학동,11620735,19,31980.20769863014
서울특별시,관악구,대학동,서울특별시 관악구 대학동,11620735,20,30439.823698630138
서울특별시,관악구,대학동,서울특별시 관악구 대학동,11620735,21,29239.479424657537
서울특별시,관악구,대학동,서울특별시 관악구 대학동,11620735,22,28136.006630136984
서울특별시,관악구,대학동,서울특별시 관악구 대학동,11620735,23,27347.341232876715
서울특별시,관악구,미성동,서울특별시 관악구 미성동,11620765,00,29848.85410958904
서울특별시,관악구,미성동,서울특별시 관악구 미성동,11620765,01,29949.887698630137
서울특별시,관악구,미성동,서울특별시 관악구 미성동,11620765,02,30021.879150684934
서울특별시,관악구,미성동,서울특별시 관악구 미성동,11620765,03,30061.512000000002
서울특별시,관악구,미성동,서울특별시 관악구 미성동,11620765,04,30017.82701369863
서울특별시,관악구,미성동,서울특별시 관악구 미성동,11620765,05,29790.033561643835
서울특별시,관악구,미성동,서울특별시 관악구 미성동,11620765,06,29522.946054794524
서울특별시,관악구,미성동,서울특별시 관악구 미성동,11620765,07,29353.35734246575
서울특별시,관악구,미성동,서울특별시 관악구 미성동,11620765,08,28840.202520547944
서울특별시,관악구,미성동,서울특별시 관악구 미성동,11620765,09,27327.998
서울특별시,관악구,미성동,서울특별시 관악구 미성동,11620765,10,26459.421452054794
서울특별시,관악구,미성동,서울특별시 관악구 미성동,11620765,11,26028.30350684931
서울특별시,관악구,미성동,서울특별시 관악구 미성동,11620765,12,25727.806465753423
서울특별시,관악구,미성동,서울특별시 관악구 미성동,11620765,13,25519.23931506849
서울특별시,관악구,미성동,서울특별시 관악구 미성동,11620765,14,25349.140328767124
서울특별시,관악구,미성동,서울특별시 관악구 미성동,11620765,15,25248.342
서울특별시,관악구,미성동,서울특별시 관악구 미성동,11620765,16,25299.882630136988
서울특별시,관악구,미성동,서울특별시 관악구 미성동,11620765,17,25439.102712328768
서울특별시,관악구,미성동,서울특별시 관악구 미성동,11620765,18,25933.773835616437
서울특별시,관악구,미성동,서울특별시 관악구 미성동,11620765,19,27026.41449315068
서울특별시,관악구,미성동,서울특별시 관악구 미성동,11620765,20,27701.38284931507
서울특별시,관악구,미성동,서울특별시 관악구 미성동,11620765,21,28277.33071232877
서울특별시,관악구,미성동,서울특별시 관악구 미성동,11620765,22,28819.403671232878
서울특별시,관악구,미성동,서울특별시 관악구 미성동,11620765,23,29338.320630136983
서울특별시,관악구,보라매동,서울특별시 관악구 보라매동,11620525,00,22347.140630136986
서울특별시,관악구,보라매동,서울특별시 관악구 보라매동,11620525,01,22438.30008219178
서울특별시,관악구,보라매동,서울특별시 관악구 보라매동,11620525,02,22561.714301369862
서울특별시,관악구,보라매동,서울특별시 관악구 보라매동,11620525,03,22660.731698630138
서울특별시,관악구,보라매동,서울특별시 관악구 보라매동,11620525,04,22695.803397260275
서울특별시,관악구,보라매동,서울특별시 관악구 보라매동,11620525,05,22621.085479452056
서울특별시,관악구,보라매동,서울특별시 관악구 보라매동,11620525,06,22387.148767123286
서울특별시,관악구,보라매동,서울특별시 관악구 보라매동,11620525,07,22163.12517808219
서울특별시,관악구,보라매동,서울특별시 관악구 보라매동,11620525,08,21682.08424657534
서울특별시,관악구,보라매동,서울특별시 관악구 보라매동,11620525,09,20485.722712328767
서울특별시,관악구,보라매동,서울특별시 관악구 보라매동,11620525,10,19731.01008219178
서울특별시,관악구,보라매동,서울특별시 관악구 보라매동,11620525,11,19431.701616438357
서울특별시,관악구,보라매동,서울특별시 관악구 보라매동,11620525,12,19180.188465753425
서울특별시,관악구,보라매동,서울특별시 관악구 보라매동,11620525,13,18688.05810958904
서울특별시,관악구,보라매동,서울특별시 관악구 보라매동,11620525,14,18340.094027397263
서울특별시,관악구,보라매동,서울특별시 관악구 보라매동,11620525,15,18257.699287671232
서울특별시,관악구,보라매동,서울특별시 관악구 보라매동,11620525,16,18343.49791780822
서울특별시,관악구,보라매동,서울특별시 관악구 보라매동,11620525,17,18554.05802739726
서울특별시,관악구,보라매동,서울특별시 관악구 보라매동,11620525,18,18960.850821917807
서울특별시,관악구,보라매동,서울특별시 관악구 보라매동,11620525,19,19611.955561643837
서울특별시,관악구,보라매동,서울특별시 관악구 보라매동,11620525,20,20283.893369863014
서울특별시,관악구,보라매동,서울특별시 관악구 보라매동,11620525,21,20884.93117808219
서울특별시,관악구,보라매동,서울특별시 관악구 보라매동,11620525,22,21471.788630136984
서울특별시,관악구,보라매동,서울특별시 관악구 보라매동,11620525,23,21884.33093150685
서울특별시,관악구,삼성동,서울특별시 관악구 삼성동,11620745,00,26213.259369863015
서울특별시,관악구,삼성동,서울특별시 관악구 삼성동,11620745,01,26299.085424657533
서울특별시,관악구,삼성동,서울특별시 관악구 삼성동,11620745,02,26419.006712328766
서울특별시,관악구,삼성동,서울특별시 관악구 삼성동,11620745,03,26456.821780821916
서울특별시,관악구,삼성동,서울특별시 관악구 삼성동,11620745,04,26433.1738630137
서울특별시,관악구,삼성동,서울특별시 관악구 삼성동,11620745,05,26201.632739726025
서울특별시,관악구,삼성동,서울특별시 관악구 삼성동,11620745,06,25528.289205479454
서울특별시,관악구,삼성동,서울특별시 관악구 삼성동,11620745,07,25419.626465753427
서울특별시,관악구,삼성동,서울특별시 관악구 삼성동,11620745,08,24894.657041095892
서울특별시,관악구,삼성동,서울특별시 관악구 삼성동,11620745,09,23709.487999999998
서울특별시,관악구,삼성동,서울특별시 관악구 삼성동,11620745,10,22995.040931506846
서울특별시,관악구,삼성동,서울특별시 관악구 삼성동,11620745,11,22602.809643835615
서울특별시,관악구,삼성동,서울특별시 관악구 삼성동,11620745,12,22343.609643835614
서울특별시,관악구,삼성동,서울특별시 관악구 삼성동,11620745,13,21998.454
서울특별시,관악구,삼성동,서울특별시 관악구 삼성동,11620745,14,21763.03715068493
서울특별시,관악구,삼성동,서울특별시 관악구 삼성동,11620745,15,21766.66583561644
서울특별시,관악구,삼성동,서울특별시 관악구 삼성동,11620745,16,21859.144136986302
서울특별시,관악구,삼성동,서울특별시 관악구 삼성동,11620745,17,22050.190410958905
서울특별시,관악구,삼성동,서울특별시 관악구 삼성동,11620745,18,22535.75504109589
서울특별시,관악구,삼성동,서울특별시 관악구 삼성동,11620745,19,23261.912246575343
서울특별시,관악구,삼성동,서울특별시 관악구 삼성동,11620745,20,23816.613287671233
서울특별시,관악구,삼성동,서울특별시 관악구 삼성동,11620745,21,24366.503589041098
서울특별시,관악구,삼성동,서울특별시 관악구 삼성동,11620745,22,24866.7121369863
서울특별시,관악구,삼성동,서울특별시 관악구 삼성동,11620745,23,25265.77723287671
서울특별시,관악구,서림동,서울특별시 관악구 서림동,11620665,00,22732.811561643834
서울특별시,관악구,서림동,서울특별시 관악구 서림동,11620665,01,22920.34087671233
서울특별시,관악구,서림동,서울특별시 관악구 서림동,11620665,02,23100.755479452055
서울특별시,관악구,서림동,서울특별시 관악구 서림동,11620665,03,23219.805205479453
서울특별시,관악구,서림동,서울특별시 관악구 서림동,11620665,04,23280.072383561645
서울특별시,관악구,서림동,서울특별시 관악구 서림동,11620665,05,23207.647999999997
서울특별시,관악구,서림동,서울특별시 관악구 서림동,11620665,06,22930.06635616438
서울특별시,관악구,서림동,서울특별시 관악구 서림동,11620665,07,22415.002465753427
서울특별시,관악구,서림동,서울특별시 관악구 서림동,11620665,08,21147.053479452054
서울특별시,관악구,서림동,서울특별시 관악구 서림동,11620665,09,19269.24821917808
서울특별시,관악구,서림동,서울특별시 관악구 서림동,11620665,10,17977.473589041096
서울특별시,관악구,서림동,서울특별시 관악구 서림동,11620665,11,17236.03597260274
서울특별시,관악구,서림동,서울특별시 관악구 서림동,11620665,12,16781.39794520548
서울특별시,관악구,서림동,서울특별시 관악구 서림동,11620665,13,16428.279698630136
서울특별시,관악구,서림동,서울특별시 관악구 서림동,11620665,14,16124.7081369863
서울특별시,관악구,서림동,서울특별시 관악구 서림동,11620665,15,16100.195506849315
서울특별시,관악구,서림동,서울특별시 관악구 서림동,11620665,16,16343.819424657533
서울특별시,관악구,서림동,서울특별시 관악구 서림동,11620665,17,16718.749506849315
서울특별시,관악구,서림동,서울특별시 관악구 서림동,11620665,18,17469.663342465752
서울특별시,관악구,서림동,서울특별시 관악구 서림동,11620665,19,18506.42687671233
서울특별시,관악구,서림동,서울특별시 관악구 서림동,11620665,20,19389.19589041096
서울특별시,관악구,서림동,서울특별시 관악구 서림동,11620665,21,20282.96189041096
서울특별시,관악구,서림동,서울특별시 관악구 서림동,11620665,22,21212.123397260275
서울특별시,관악구,서림동,서울특별시 관악구 서림동,11620665,23,21917.55208219178
서울특별시,관악구,서원동,서울특별시 관악구 서원동,11620645,00,27848.542547945202
서울특별시,관악구,서원동,서울특별시 관악구 서원동,11620645,01,27529.572082191782
서울특별시,관악구,서원동,서울특별시 관악구 서원동,11620645,02,27240.365342465753
서울특별시,관악구,서원동,서울특별시 관악구 서원동,11620645,03,27006.318602739724
서울특별시,관악구,서원동,서울특별시 관악구 서원동,11620645,04,26805.885479452052
서울특별시,관악구,서원동,서울특별시 관악구 서원동,11620645,05,26841.470356164384
서울특별시,관악구,서원동,서울특별시 관악구 서원동,11620645,06,26580.643698630134
서울특별시,관악구,서원동,서울특별시 관악구 서원동,11620645,07,26174.141534246577
서울특별시,관악구,서원동,서울특별시 관악구 서원동,11620645,08,25074.087452054795
서울특별시,관악구,서원동,서울특별시 관악구 서원동,11620645,09,23493.16117808219
서울특별시,관악구,서원동,서울특별시 관악구 서원동,11620645,10,22796.72279452055
서울특별시,관악구,서원동,서울특별시 관악구 서원동,11620645,11,22982.071479452054
서울특별시,관악구,서원동,서울특별시 관악구 서원동,11620645,12,23181.902794520545
서울특별시,관악구,서원동,서울특별시 관악구 서원동,11620645,13,23218.817534246577
서울특별시,관악구,서원동,서울특별시 관악구 서원동,11620645,14,23263.009452054794
서울특별시,관악구,서원동,서울특별시 관악구 서원동,11620645,15,23353.96775342466
서울특별시,관악구,서원동,서울특별시 관악구 서원동,11620645,16,23625.08895890411
서울특별시,관악구,서원동,서울특별시 관악구 서원동,11620645,17,24151.066438356163
서울특별시,관악구,서원동,서울특별시 관악구 서원동,11620645,18,25394.74939726027
서울특별시,관악구,서원동,서울특별시 관악구 서원동,11620645,19,27184.74915068493
서울특별시,관악구,서원동,서울특별시 관악구 서원동,11620645,20,28132.94076712329
서울특별시,관악구,서원동,서울특별시 관악구 서원동,11620645,21,28510.095561643837
서울특별시,관악구,서원동,서울특별시 관악구 서원동,11620645,22,28570.074191780823
서울특별시,관악구,서원동,서울특별시 관악구 서원동,11620645,23,28479.91301369863
서울특별시,관악구,성현동,서울특별시 관악구 성현동,11620565,00,27219.011452054794
서울특별시,관악구,성현동,서울특별시 관악구 성현동,11620565,01,27363.50298630137
서울특별시,관악구,성현동,서울특별시 관악구 성현동,11620565,02,27493.430602739725
서울특별시,관악구,성현동,서울특별시 관악구 성현동,11620565,03,27547.765589041093
서울특별시,관악구,성현동,서울특별시 관악구 성현동,11620565,04,27546.232465753423
서울특별시,관악구,성현동,서울특별시 관악구 성현동,11620565,05,27311.68320547945
서울특별시,관악구,성현동,서울특별시 관악구 성현동,11620565,06,26940.92805479452
서울특별시,관악구,성현동,서울특별시 관악구 성현동,11620565,07,26272.76739726027
서울특별시,관악구,성현동,서울특별시 관악구 성현동,11620565,08,24693.35739726027
서울특별시,관악구,성현동,서울특별시 관악구 성현동,11620565,09,22518.813424657536
서울특별시,관악구,성현동,서울특별시 관악구 성현동,11620565,10,21022.41071232877
서울특별시,관악구,성현동,서울특별시 관악구 성현동,11620565,11,20134.61419178082
서울특별시,관악구,성현동,서울특별시 관악구 성현동,11620565,12,19591.91690410959
서울특별시,관악구,성현동,서울특별시 관악구 성현동,11620565,13,19288.15517808219
서울특별시,관악구,성현동,서울특별시 관악구 성현동,11620565,14,19177.81073972603
서울특별시,관악구,성현동,서울특별시 관악구 성현동,11620565,15,19262.443232876714
서울특별시,관악구,성현동,서울특별시 관악구 성현동,11620565,16,19511.472246575344
서울특별시,관악구,성현동,서울특별시 관악구 성현동,11620565,17,20019.64084931507
서울특별시,관악구,성현동,서울특별시 관악구 성현동,11620565,18,20854.311890410958
서울특별시,관악구,성현동,서울특별시 관악구 성현동,11620565,19,22238.76202739726
서울특별시,관악구,성현동,서울특별시 관악구 성현동,11620565,20,23468.213397260275
서울특별시,관악구,성현동,서울특별시 관악구 성현동,11620565,21,24568.174547945207
서울특별시,관악구,성현동,서울특별시 관악구 성현동,11620565,22,25654.79939726027
서울특별시,관악구,성현동,서울특별시 관악구 성현동,11620565,23,26438.38906849315
서울특별시,관악구,신림동,서울특별시 관악구 신림동,11620695,00,28886.867260273975
서울특별시,관악구,신림동,서울특별시 관악구 신림동,11620695,01,28892.845726027397
서울특별시,관악구,신림동,서울특별시 관악구 신림동,11620695,02,28850.070876712325
서울특별시,관악구,신림동,서울특별시 관악구 신림동,11620695,03,28816.59093150685
서울특별시,관악구,신림동,서울특별시 관악구 신림동,11620695,04,28804.106136986302
서울특별시,관악구,신림동,서울특별시 관악구 신림동,11620695,05,28782.79323287671
서울특별시,관악구,신림동,서울특별시 관악구 신림동,11620695,06,28718.372356164386
서울특별시,관악구,신림동,서울특별시 관악구 신림동,11620695,07,28612.881013698632
서울특별시,관악구,신림동,서울특별시 관악구 신림동,11620695,08,27569.433890410957
서울특별시,관악구,신림동,서울특별시 관악구 신림동,11620695,09,25579.030876712328
서울특별시,관악구,신림동,서울특별시 관악구 신림동,11620695,10,24886.814273972606
서울특별시,관악구,신림동,서울특별시 관악구 신림동,11620695,11,24787.090849315067
서울특별시,관악구,신림동,서울특별시 관악구 신림동,11620695,12,24676.4482739726
서울특별시,관악구,신림동,서울특별시 관악구 신림동,11620695,13,24356.672630136985
서울특별시,관악구,신림동,서울특별시 관악구 신림동,11620695,14,24260.816
서울특별시,관악구,신림동,서울특별시 관악구 신림동,11620695,15,24102.25084931507
서울특별시,관악구,신림동,서울특별시 관악구 신림동,11620695,16,24050.89712328767
서울특별시,관악구,신림동,서울특별시 관악구 신림동,11620695,17,24347.951041095894
서울특별시,관악구,신림동,서울특별시 관악구 신림동,11620695,18,25413.95421917808
서울특별시,관악구,신림동,서울특별시 관악구 신림동,11620695,19,26985.931808219175
서울특별시,관악구,신림동,서울특별시 관악구 신림동,11620695,20,27698.424356164385
서울특별시,관악구,신림동,서울특별시 관악구 신림동,11620695,21,28008.112904109592
서울특별시,관악구,신림동,서울특별시 관악구 신림동,11620695,22,28242.011397260274
서울특별시,관악구,신림동,서울특별시 관악구 신림동,11620695,23,28673.69224657534
서울특별시,관악구,신사동,서울특별시 관악구 신사동,11620685,00,21149.63210958904
서울특별시,관악구,신사동,서울특별시 관악구 신사동,11620685,01,21313.064410958905
서울특별시,관악구,신사동,서울특별시 관악구 신사동,11620685,02,21476.912410958907
서울특별시,관악구,신사동,서울특별시 관악구 신사동,11620685,03,21593.872410958902
서울특별시,관악구,신사동,서울특별시 관악구 신사동,11620685,04,21618.033561643835
서울특별시,관악구,신사동,서울특별시 관악구 신사동,11620685,05,21593.27180821918
서울특별시,관악구,신사동,서울특별시 관악구 신사동,11620685,06,21512.298520547945
서울특별시,관악구,신사동,서울특별시 관악구 신사동,11620685,07,21230.22797260274
서울특별시,관악구,신사동,서울특별시 관악구 신사동,11620685,08,20172.207369863016
서울특별시,관악구,신사동,서울특별시 관악구 신사동,11620685,09,18335.416493150682
서울특별시,관악구,신사동,서울특별시 관악구 신사동,11620685,10,17386.48487671233
서울특별시,관악구,신사동,서울특별시 관악구 신사동,11620685,11,17012.916712328766
서울특별시,관악구,신사동,서울특별시 관악구 신사동,11620685,12,16755.545561643834
서울특별시,관악구,신사동,서울특별시 관악구 신사동,11620685,13,16417.678164383564
서울특별시,관악구,신사동,서울특별시 관악구 신사동,11620685,14,16178.369369863014
서울특별시,관악구,신사동,서울특별시 관악구 신사동,11620685,15,16223.46997260274
서울특별시,관악구,신사동,서울특별시 관악구 신사동,11620685,16,16291.758547945206
서울특별시,관악구,신사동,서울특별시 관악구 신사동,11620685,17,16419.031287671234
서울특별시,관악구,신사동,서울특별시 관악구 신사동,11620685,18,16909.8218630137
서울특별시,관악구,신사동,서울특별시 관악구 신사동,11620685,19,17895.98112328767
서울특별시,관악구,신사동,서울특별시 관악구 신사동,11620685,20,18757.523835616437
서울특별시,관악구,신사동,서울특별시 관악구 신사동,11620685,21,19475.353041095892
서울특별시,관악구,신사동,서울특별시 관악구 신사동,11620685,22,20085.92290410959
서울특별시,관악구,신사동,서울특별시 관악구 신사동,11620685,23,20534.169506849314
서울특별시,관악구,신원동,서울특별시 관악구 신원동,11620655,00,19069.301205479453
서울특별시,관악구,신원동,서울특별시 관악구 신원동,11620655,01,19204.386547945203
서울특별시,관악구,신원동,서울특별시 관악구 신원동,11620655,02,19299.83367123288
서울특별시,관악구,신원동,서울특별시 관악구 신원동,11620655,03,19374.489835616438
서울특별시,관악구,신원동,서울특별시 관악구 신원동,11620655,04,19424.84421917808
서울특별시,관악구,신원동,서울특별시 관악구 신원동,11620655,05,19348.85284931507
서울특별시,관악구,신원동,서울특별시 관악구 신원동,11620655,06,19087.148794520548
서울특별시,관악구,신원동,서울특별시 관악구 신원동,11620655,07,18703.992465753425
서울특별시,관악구,신원동,서울특별시 관악구 신원동,11620655,08,17800.950602739726
서울특별시,관악구,신원동,서울특별시 관악구 신원동,11620655,09,16205.029780821918
서울특별시,관악구,신원동,서울특별시 관악구 신원동,11620655,10,15248.12698630137
서울특별시,관악구,신원동,서울특별시 관악구 신원동,11620655,11,14782.54882191781
서울특별시,관악구,신원동,서울특별시 관악구 신원동,11620655,12,14406.441315068494
서울특별시,관악구,신원동,서울특별시 관악구 신원동,11620655,13,14118.397260273972
서울특별시,관악구,신원동,서울특별시 관악구 신원동,11620655,14,13889.492657534247
서울특별시,관악구,신원동,서울특별시 관악구 신원동,11620655,15,13794.76506849315
서울특별시,관악구,신원동,서울특별시 관악구 신원동,11620655,16,13883.462164383564
서울특별시,관악구,신원동,서울특별시 관악구 신원동,11620655,17,14107.782246575342
서울특별시,관악구,신원동,서울특별시 관악구 신원동,11620655,18,14700.121835616437
서울특별시,관악구,신원동,서울특별시 관악구 신원동,11620655,19,15675.108657534247
서울특별시,관악구,신원동,서울특별시 관악구 신원동,11620655,20,16479.54473972603
서울특별시,관악구,신원동,서울특별시 관악구 신원동,11620655,21,17232.224383561646
서울특별시,관악구,신원동,서울특별시 관악구 신원동,11620655,22,17923.32383561644
서울특별시,관악구,신원동,서울특별시 관악구 신원동,11620655,23,18476.180630136987
서울특별시,관악구,은천동,서울특별시 관악구 은천동,11620605,00,34072.58673972603
서울특별시,관악구,은천동,서울특별시 관악구 은천동,11620605,01,34204.98657534247
서울특별시,관악구,은천동,서울특별시 관악구 은천동,11620605,02,34256.512575342465
서울특별시,관악구,은천동,서울특별시 관악구 은천동,11620605,03,34306.136301369865
서울특별시,관악구,은천동,서울특별시 관악구 은천동,11620605,04,34355.39753424657
서울특별시,관악구,은천동,서울특별시 관악구 은천동,11620605,05,34309.17367123288
서울특별시,관악구,은천동,서울특별시 관악구 은천동,11620605,06,33944.91978082192
서울특별시,관악구,은천동,서울특별시 관악구 은천동,11620605,07,33321.41704109589
서울특별시,관악구,은천동,서울특별시 관악구 은천동,11620605,08,31713.64882191781
서울특별시,관악구,은천동,서울특별시 관악구 은천동,11620605,09,29426.33550684932
서울특별시,관악구,은천동,서울특별시 관악구 은천동,11620605,10,28092.90120547945
서울특별시,관악구,은천동,서울특별시 관악구 은천동,11620605,11,27688.780767123288
서울특별시,관악구,은천동,서울특별시 관악구 은천동,11620605,12,27502.923287671234
서울특별시,관악구,은천동,서울특별시 관악구 은천동,11620605,13,27115.62980821918
서울특별시,관악구,은천동,서울특별시 관악구 은천동,11620605,14,26710.05610958904
서울특별시,관악구,은천동,서울특별시 관악구 은천동,11620605,15,26696.29594520548
서울특별시,관악구,은천동,서울특별시 관악구 은천동,11620605,16,27121.825561643836
서울특별시,관악구,은천동,서울특별시 관악구 은천동,11620605,17,27924.133232876713
서울특별시,관악구,은천동,서울특별시 관악구 은천동,11620605,18,29146.99290410959
서울특별시,관악구,은천동,서울특별시 관악구 은천동,11620605,19,30586.814821917807
서울특별시,관악구,은천동,서울특별시 관악구 은천동,11620605,20,31517.14416438356
서울특별시,관악구,은천동,서울특별시 관악구 은천동,11620605,21,32227.953616438357
서울특별시,관악구,은천동,서울특별시 관악구 은천동,11620605,22,32950.73326027398
서울특별시,관악구,은천동,서울특별시 관악구 은천동,11620605,23,33528.55668493151
서울특별시,관악구,인헌동,서울특별시 관악구 인헌동,11620625,00,25503.614383561642
서울특별시,관악구,인헌동,서울특별시 관악구 인헌동,11620625,01,25555.362273972605
서울특별시,관악구,인헌동,서울특별시 관악구 인헌동,11620625,02,25600.34221917808
서울특별시,관악구,인헌동,서울특별시 관악구 인헌동,11620625,03,25622.683397260273
서울특별시,관악구,인헌동,서울특별시 관악구 인헌동,11620625,04,25640.30528767123
서울특별시,관악구,인헌동,서울특별시 관악구 인헌동,11620625,05,25660.08052054795
서울특별시,관악구,인헌동,서울특별시 관악구 인헌동,11620625,06,25394.613397260277
서울특별시,관악구,인헌동,서울특별시 관악구 인헌동,11620625,07,25002.389260273972
서울특별시,관악구,인헌동,서울특별시 관악구 인헌동,11620625,08,23939.364328767126
서울특별시,관악구,인헌동,서울특별시 관악구 인헌동,11620625,09,22259.128904109588
서울특별시,관악구,인헌동,서울특별시 관악구 인헌동,11620625,10,21422.142493150684
서울특별시,관악구,인헌동,서울특별시 관악구 인헌동,11620625,11,21139.798246575345
서울특별시,관악구,인헌동,서울특별시 관악구 인헌동,11620625,12,20932.158684931506
서울특별시,관악구,인헌동,서울특별시 관악구 인헌동,11620625,13,20521.58594520548
서울특별시,관악구,인헌동,서울특별시 관악구 인헌동,11620625,14,20320.439863013697
서울특별시,관악구,인헌동,서울특별시 관악구 인헌동,11620625,15,20318.637534246576
서울특별시,관악구,인헌동,서울특별시 관악구 인헌동,11620625,16,20545.603315068493
서울특별시,관악구,인헌동,서울특별시 관악구 인헌동,11620625,17,20881.97490410959
서울특별시,관악구,인헌동,서울특별시 관악구 인헌동,11620625,18,21754.80087671233
서울특별시,관악구,인헌동,서울특별시 관악구 인헌동,11620625,19,22992.258219178082
서울특별시,관악구,인헌동,서울특별시 관악구 인헌동,11620625,20,23703.83934246575
서울특별시,관악구,인헌동,서울특별시 관악구 인헌동,11620625,21,24237.214273972604
서울특별시,관악구,인헌동,서울특별시 관악구 인헌동,11620625,22,24827.89210958904
서울특별시,관악구,인헌동,서울특별시 관악구 인헌동,11620625,23,25270.36624657534
서울특별시,관악구,조원동,서울특별시 관악구 조원동,11620725,00,23686.213315068493
서울특별시,관악구,조원동,서울특별시 관악구 조원동,11620725,01,23579.2521369863
서울특별시,관악구,조원동,서울특별시 관악구 조원동,11620725,02,23407.550164383563
서울특별시,관악구,조원동,서울특별시 관악구 조원동,11620725,03,23221.753698630135
서울특별시,관악구,조원동,서울특별시 관악구 조원동,11620725,04,23038.004958904112
서울특별시,관악구,조원동,서울특별시 관악구 조원동,11620725,05,22940.681342465756
서울특별시,관악구,조원동,서울특별시 관악구 조원동,11620725,06,23199.621561643835
서울특별시,관악구,조원동,서울특별시 관악구 조원동,11620725,07,23759.87276712329
서울특별시,관악구,조원동,서울특별시 관악구 조원동,11620725,08,25166.013698630137
서울특별시,관악구,조원동,서울특별시 관악구 조원동,11620725,09,26703.765424657537
서울특별시,관악구,조원동,서울특별시 관악구 조원동,11620725,10,27522.012767123288
서울특별시,관악구,조원동,서울특별시 관악구 조원동,11620725,11,28101.60893150685
서울특별시,관악구,조원동,서울특별시 관악구 조원동,11620725,12,28349.487890410957
서울특별시,관악구,조원동,서울특별시 관악구 조원동,11620725,13,28555.641589041094
서울특별시,관악구,조원동,서울특별시 관악구 조원동,11620725,14,28684.65621917808
서울특별시,관악구,조원동,서울특별시 관악구 조원동,11620725,15,28701.61605479452
서울특별시,관악구,조원동,서울특별시 관악구 조원동,11620725,16,28524.723178082193
서울특별시,관악구,조원동,서울특별시 관악구 조원동,11620725,17,28215.73909589041
서울특별시,관악구,조원동,서울특별시 관악구 조원동,11620725,18,27178.4021369863
서울특별시,관악구,조원동,서울특별시 관악구 조원동,11620725,19,25875.60010958904
서울특별시,관악구,조원동,서울특별시 관악구 조원동,11620725,20,24874.73320547945
서울특별시,관악구,조원동,서울특별시 관악구 조원동,11620725,21,24257.828164383558
서울특별시,관악구,조원동,서울특별시 관악구 조원동,11620725,22,23886.134219178082
서울특별시,관악구,조원동,서울특별시 관악구 조원동,11620725,23,23821.016191780822
서울특별시,관악구,중앙동,서울특별시 관악구 중앙동,11620615,00,15754.836849315068
서울특별시,관악구,중앙동,서울특별시 관악구 중앙동,11620615,01,15820.751232876713
서울특별시,관악구,중앙동,서울특별시 관악구 중앙동,11620615,02,15881.75282191781
서울특별시,관악구,중앙동,서울특별시 관악구 중앙동,11620615,03,15925.366684931507
서울특별시,관악구,중앙동,서울특별시 관악구 중앙동,11620615,04,15945.57501369863
서울특별시,관악구,중앙동,서울특별시 관악구 중앙동,11620615,05,15926.08095890411
서울특별시,관악구,중앙동,서울특별시 관악구 중앙동,11620615,06,15832.79597260274
서울특별시,관악구,중앙동,서울특별시 관악구 중앙동,11620615,07,15562.749205479451
서울특별시,관악구,중앙동,서울특별시 관악구 중앙동,11620615,08,14878.514520547944
서울특별시,관악구,중앙동,서울특별시 관악구 중앙동,11620615,09,13950.311698630136
서울특별시,관악구,중앙동,서울특별시 관악구 중앙동,11620615,10,13485.872246575344
서울특별시,관악구,중앙동,서울특별시 관악구 중앙동,11620615,11,13359.092684931507
서울특별시,관악구,중앙동,서울특별시 관악구 중앙동,11620615,12,13191.19794520548
서울특별시,관악구,중앙동,서울특별시 관악구 중앙동,11620615,13,12932.17391780822
서울특별시,관악구,중앙동,서울특별시 관악구 중앙동,11620615,14,12803.741753424658
서울특별시,관악구,중앙동,서울특별시 관악구 중앙동,11620615,15,12856.212630136988
서울특별시,관악구,중앙동,서울특별시 관악구 중앙동,11620615,16,13009.109945205479
서울특별시,관악구,중앙동,서울특별시 관악구 중앙동,11620615,17,13189.01789041096
서울특별시,관악구,중앙동,서울특별시 관악구 중앙동,11620615,18,13588.598821917809
서울특별시,관악구,중앙동,서울특별시 관악구 중앙동,11620615,19,14150.205726027398
서울특별시,관악구,중앙동,서울특별시 관악구 중앙동,11620615,20,14489.734465753425
서울특별시,관악구,중앙동,서울특별시 관악구 중앙동,11620615,21,14801.736602739727
서울특별시,관악구,중앙동,서울특별시 관악구 중앙동,11620615,22,15143.88997260274
서울특별시,관악구,중앙동,서울특별시 관악구 중앙동,11620615,23,15460.2161369863
서울특별시,관악구,청룡동,서울특별시 관악구 청룡동,11620595,00,40375.845972602736
서울특별시,관악구,청룡동,서울특별시 관악구 청룡동,11620595,01,40285.56898630137
서울특별시,관악구,청룡동,서울특별시 관악구 청룡동,11620595,02,40263.47063013699
서울특별시,관악구,청룡동,서울특별시 관악구 청룡동,11620595,03,40228.832684931505
서울특별시,관악구,청룡동,서울특별시 관악구 청룡동,11620595,04,40206.07320547946
서울특별시,관악구,청룡동,서울특별시 관악구 청룡동,11620595,05,40219.82002739726
서울특별시,관악구,청룡동,서울특별시 관악구 청룡동,11620595,06,40148.62290410959
서울특별시,관악구,청룡동,서울특별시 관악구 청룡동,11620595,07,40283.254493150685
서울특별시,관악구,청룡동,서울특별시 관악구 청룡동,11620595,08,39799.15983561644
서울특별시,관악구,청룡동,서울특별시 관악구 청룡동,11620595,09,38254.17367123288
서울특별시,관악구,청룡동,서울특별시 관악구 청룡동,11620595,10,37879.587753424654
서울특별시,관악구,청룡동,서울특별시 관악구 청룡동,11620595,11,38272.92087671233
서울특별시,관악구,청룡동,서울특별시 관악구 청룡동,11620595,12,38486.40712328767
서울특별시,관악구,청룡동,서울특별시 관악구 청룡동,11620595,13,38274.14556164384
서울특별시,관악구,청룡동,서울특별시 관악구 청룡동,11620595,14,38153.45523287671
서울특별시,관악구,청룡동,서울특별시 관악구 청룡동,11620595,15,38142.37890410959
서울특별시,관악구,청룡동,서울특별시 관악구 청룡동,11620595,16,38153.26693150685
서울특별시,관악구,청룡동,서울특별시 관악구 청룡동,11620595,17,38222.28019178082
서울특별시,관악구,청룡동,서울특별시 관악구 청룡동,11620595,18,39162.09112328767
서울특별시,관악구,청룡동,서울특별시 관악구 청룡동,11620595,19,40481.15501369863
서울특별시,관악구,청룡동,서울특별시 관악구 청룡동,11620595,20,40829.01589041096
서울특별시,관악구,청룡동,서울특별시 관악구 청룡동,11620595,21,40802.13298630137
서울특별시,관악구,청룡동,서울특별시 관악구 청룡동,11620595,22,40659.725698630136
서울특별시,관악구,청룡동,서울특별시 관악구 청룡동,11620595,23,40712.89191780822
서울특별시,관악구,청림동,서울특별시 관악구 청림동,11620545,00,9951.320273972602
서울특별시,관악구,청림동,서울특별시 관악구 청림동,11620545,01,10003.151780821918
서울특별시,관악구,청림동,서울특별시 관악구 청림동,11620545,02,10042.327205479452
서울특별시,관악구,청림동,서울특별시 관악구 청림동,11620545,03,10075.838246575342
서울특별시,관악구,청림동,서울특별시 관악구 청림동,11620545,04,10089.518328767123
서울특별시,관악구,청림동,서울특별시 관악구 청림동,11620545,05,10062.822356164384
서울특별시,관악구,청림동,서울특별시 관악구 청림동,11620545,06,9975.350493150685
서울특별시,관악구,청림동,서울특별시 관악구 청림동,11620545,07,9709.182219178081
서울특별시,관악구,청림동,서울특별시 관악구 청림동,11620545,08,9024.488438356164
서울특별시,관악구,청림동,서울특별시 관악구 청림동,11620545,09,8197.431287671232
서울특별시,관악구,청림동,서울특별시 관악구 청림동,11620545,10,7603.889917808218
서울특별시,관악구,청림동,서울특별시 관악구 청림동,11620545,11,7224.737643835616
서울특별시,관악구,청림동,서울특별시 관악구 청림동,11620545,12,6987.528465753425
서울특별시,관악구,청림동,서울특별시 관악구 청림동,11620545,13,6905.917643835616
서울특별시,관악구,청림동,서울특별시 관악구 청림동,11620545,14,6879.495780821918
서울특별시,관악구,청림동,서울특별시 관악구 청림동,11620545,15,6994.942301369862
서울특별시,관악구,청림동,서울특별시 관악구 청림동,11620545,16,7164.130876712329
서울특별시,관악구,청림동,서울특별시 관악구 청림동,11620545,17,7396.717506849315
서울특별시,관악구,청림동,서울특별시 관악구 청림동,11620545,18,7756.207671232876
서울특별시,관악구,청림동,서울특별시 관악구 청림동,11620545,19,8291.313671232876
서울특별시,관악구,청림동,서울특별시 관악구 청림동,11620545,20,8770.433726027397
서울특별시,관악구,청림동,서울특별시 관악구 청림동,11620545,21,9166.648575342466
서울특별시,관악구,청림동,서울특별시 관악구 청림동,11620545,22,9545.598383561644
서울특별시,관악구,청림동,서울특별시 관악구 청림동,11620545,23,9780.125780821918
서울특별시,관악구,행운동,서울특별시 관악구 행운동,11620575,00,31470.76975342466
서울특별시,관악구,행운동,서울특별시 관악구 행운동,11620575,01,31710.997643835617
서울특별시,관악구,행운동,서울특별시 관악구 행운동,11620575,02,31900.009917808216
서울특별시,관악구,행운동,서울특별시 관악구 행운동,11620575,03,32036.00605479452
서울특별시,관악구,행운동,서울특별시 관악구 행운동,11620575,04,32113.11769863014
서울특별시,관악구,행운동,서울특별시 관악구 행운동,11620575,05,32082.92104109589
서울특별시,관악구,행운동,서울특별시 관악구 행운동,11620575,06,31875.381753424655
서울특별시,관악구,행운동,서울특별시 관악구 행운동,11620575,07,31342.57380821918
서울특별시,관악구,행운동,서울특별시 관악구 행운동,11620575,08,29752.52219178082
서울특별시,관악구,행운동,서울특별시 관악구 행운동,11620575,09,27333.085397260274
서울특별시,관악구,행운동,서울특별시 관악구 행운동,11620575,10,25900.29704109589
서울특별시,관악구,행운동,서울특별시 관악구 행운동,11620575,11,25126.329095890407
서울특별시,관악구,행운동,서울특별시 관악구 행운동,11620575,12,24518.616931506847
서울특별시,관악구,행운동,서울특별시 관악구 행운동,11620575,13,24138.335534246577
서울특별시,관악구,행운동,서울특별시 관악구 행운동,11620575,14,23893.153643835616
서울특별시,관악구,행운동,서울특별시 관악구 행운동,11620575,15,23760.296575342465
서울특별시,관악구,행운동,서울특별시 관악구 행운동,11620575,16,23826.922383561643
서울특별시,관악구,행운동,서울특별시 관악구 행운동,11620575,17,24039.51123287671
서울특별시,관악구,행운동,서울특별시 관악구 행운동,11620575,18,24904.853643835617
서울특별시,관악구,행운동,서울특별시 관악구 행운동,11620575,19,26452.09936986301
서울특별시,관악구,행운동,서울특별시 관악구 행운동,11620575,20,27636.956547945207
서울특별시,관악구,행운동,서울특별시 관악구 행운동,11620575,21,28620.259780821918
서울특별시,관악구,행운동,서울특별시 관악구 행운동,11620575,22,29690.41928767123
서울특별시,관악구,행운동,서울특별시 관악구 행운동,11620575,23,30487.718794520548
서울특별시,광진구,광장동,서울특별시 광진구 광장동,11215810,00,38408.71797260274
서울특별시,광진구,광장동,서울특별시 광진구 광장동,11215810,01,38529.33909589041
서울특별시,광진구,광장동,서울특별시 광진구 광장동,11215810,02,38606.30150684932
서울특별시,광진구,광장동,서울특별시 광진구 광장동,11215810,03,38643.95356164384
서울특별시,광진구,광장동,서울특별시 광진구 광장동,11215810,04,38723.593424657534
서울특별시,광진구,광장동,서울특별시 광진구 광장동,11215810,05,38996.283287671235
서울특별시,광진구,광장동,서울특별시 광진구 광장동,11215810,06,39028.493287671234
서울특별시,광진구,광장동,서울특별시 광진구 광장동,11215810,07,39025.14964383561
서울특별시,광진구,광장동,서울특별시 광진구 광장동,11215810,08,38601.75232876712
서울특별시,광진구,광장동,서울특별시 광진구 광장동,11215810,09,37953.95301369863
서울특별시,광진구,광장동,서울특별시 광진구 광장동,11215810,10,37462.12383561644
서울특별시,광진구,광장동,서울특별시 광진구 광장동,11215810,11,37278.807205479454
서울특별시,광진구,광장동,서울특별시 광진구 광장동,11215810,12,37207.43197260274
서울특별시,광진구,광장동,서울특별시 광진구 광장동,11215810,13,37307.987972602736
서울특별시,광진구,광장동,서울특별시 광진구 광장동,11215810,14,37005.50463013699
서울특별시,광진구,광장동,서울특별시 광진구 광장동,11215810,15,36706.972575342465
서울특별시,광진구,광장동,서울특별시 광진구 광장동,11215810,16,36310.39534246575
서울특별시,광진구,광장동,서울특별시 광진구 광장동,11215810,17,36393.51980821918
서울특별시,광진구,광장동,서울특별시 광진구 광장동,11215810,18,36734.96443835616
서울특별시,광진구,광장동,서울특별시 광진구 광장동,11215810,19,37253.07934246575
서울특별시,광진구,광장동,서울특별시 광진구 광장동,11215810,20,37612.53167123288
서울특별시,광진구,광장동,서울특별시 광진구 광장동,11215810,21,37988.53690410959
서울특별시,광진구,광장동,서울특별시 광진구 광장동,11215810,22,38040.375863013694
서울특별시,광진구,광장동,서울특별시 광진구 광장동,11215810,23,38234.97219178082
서울특별시,광진구,구의1동,서울특별시 광진구 구의1동,11215850,00,22147.343835616437
서울특별시,광진구,구의1동,서울특별시 광진구 구의1동,11215850,01,22025.443150684932
서울특별시,광진구,구의1동,서울특별시 광진구 구의1동,11215850,02,21954.48884931507
서울특별시,광진구,구의1동,서울특별시 광진구 구의1동,11215850,03,21856.231863013698
서울특별시,광진구,구의1동,서울특별시 광진구 구의1동,11215850,04,21793.68498630137
서울특별시,광진구,구의1동,서울특별시 광진구 구의1동,11215850,05,21822.803260273973
서울특별시,광진구,구의1동,서울특별시 광진구 구의1동,11215850,06,21750.892849315067
서울특별시,광진구,구의1동,서울특별시 광진구 구의1동,11215850,07,21646.408356164382
서울특별시,광진구,구의1동,서울특별시 광진구 구의1동,11215850,08,21343.782465753422
서울특별시,광진구,구의1동,서울특별시 광진구 구의1동,11215850,09,20567.02101369863
서울특별시,광진구,구의1동,서울특별시 광진구 구의1동,11215850,10,20250.706767123287
서울특별시,광진구,구의1동,서울특별시 광진구 구의1동,11215850,11,20274.548000000003
서울특별시,광진구,구의1동,서울특별시 광진구 구의1동,11215850,12,20307.54164383562
서울특별시,광진구,구의1동,서울특별시 광진구 구의1동,11215850,13,20095.715397260275
서울특별시,광진구,구의1동,서울특별시 광진구 구의1동,11215850,14,19988.421369863012
서울특별시,광진구,구의1동,서울특별시 광진구 구의1동,11215850,15,19959.75901369863
서울특별시,광진구,구의1동,서울특별시 광진구 구의1동,11215850,16,20056.217589041094
서울특별시,광진구,구의1동,서울특별시 광진구 구의1동,11215850,17,20390.538575342467
서울특별시,광진구,구의1동,서울특별시 광진구 구의1동,11215850,18,21228.960273972603
서울특별시,광진구,구의1동,서울특별시 광진구 구의1동,11215850,19,21973.214219178084
서울특별시,광진구,구의1동,서울특별시 광진구 구의1동,11215850,20,22212.345726027397
서울특별시,광진구,구의1동,서울특별시 광진구 구의1동,11215850,21,22395.475397260274
서울특별시,광진구,구의1동,서울특별시 광진구 구의1동,11215850,22,22524.032520547946
서울특별시,광진구,구의1동,서울특별시 광진구 구의1동,11215850,23,22437.31824657534
서울특별시,광진구,구의2동,서울특별시 광진구 구의2동,11215860,00,27668.938027397264
서울특별시,광진구,구의2동,서울특별시 광진구 구의2동,11215860,01,27815.364356164384
서울특별시,광진구,구의2동,서울특별시 광진구 구의2동,11215860,02,27814.411863013698
서울특별시,광진구,구의2동,서울특별시 광진구 구의2동,11215860,03,27830.958547945203
서울특별시,광진구,구의2동,서울특별시 광진구 구의2동,11215860,04,27851.039506849316
서울특별시,광진구,구의2동,서울특별시 광진구 구의2동,11215860,05,27881.070876712325
서울특별시,광진구,구의2동,서울특별시 광진구 구의2동,11215860,06,27740.752273972605
서울특별시,광진구,구의2동,서울특별시 광진구 구의2동,11215860,07,27353.311369863015
서울특별시,광진구,구의2동,서울특별시 광진구 구의2동,11215860,08,27125.921726027398
서울특별시,광진구,구의2동,서울특별시 광진구 구의2동,11215860,09,26302.310520547944
서울특별시,광진구,구의2동,서울특별시 광진구 구의2동,11215860,10,25804.147178082192
서울특별시,광진구,구의2동,서울특별시 광진구 구의2동,11215860,11,25539.516575342466
서울특별시,광진구,구의2동,서울특별시 광진구 구의2동,11215860,12,25165.020465753427
서울특별시,광진구,구의2동,서울특별시 광진구 구의2동,11215860,13,25064.54405479452
서울특별시,광진구,구의2동,서울특별시 광진구 구의2동,11215860,14,24967.81293150685
서울특별시,광진구,구의2동,서울특별시 광진구 구의2동,11215860,15,24872.5742739726
서울특별시,광진구,구의2동,서울특별시 광진구 구의2동,11215860,16,24943.823232876715
서울특별시,광진구,구의2동,서울특별시 광진구 구의2동,11215860,17,25059.577972602743
서울특별시,광진구,구의2동,서울특별시 광진구 구의2동,11215860,18,25236.82778082192
서울특별시,광진구,구의2동,서울특별시 광진구 구의2동,11215860,19,25671.22389041096
서울특별시,광진구,구의2동,서울특별시 광진구 구의2동,11215860,20,26077.964410958903
서울특별시,광진구,구의2동,서울특별시 광진구 구의2동,11215860,21,26539.73616438356
서울특별시,광진구,구의2동,서울특별시 광진구 구의2동,11215860,22,27084.2804109589
서울특별시,광진구,구의2동,서울특별시 광진구 구의2동,11215860,23,27417.305452054796
서울특별시,광진구,구의3동,서울특별시 광진구 구의3동,11215870,00,29401.961342465755
서울특별시,광진구,구의3동,서울특별시 광진구 구의3동,11215870,01,29364.057315068494
서울특별시,광진구,구의3동,서울특별시 광진구 구의3동,11215870,02,29329.224657534247
서울특별시,광진구,구의3동,서울특별시 광진구 구의3동,11215870,03,29331.554547945205
서울특별시,광진구,구의3동,서울특별시 광진구 구의3동,11215870,04,29382.99191780822
서울특별시,광진구,구의3동,서울특별시 광진구 구의3동,11215870,05,29484.893890410956
서울특별시,광진구,구의3동,서울특별시 광진구 구의3동,11215870,06,29823.497205479453
서울특별시,광진구,구의3동,서울특별시 광진구 구의3동,11215870,07,30338.38098630137
서울특별시,광진구,구의3동,서울특별시 광진구 구의3동,11215870,08,30870.543671232874
서울특별시,광진구,구의3동,서울특별시 광진구 구의3동,11215870,09,32746.603479452053
서울특별시,광진구,구의3동,서울특별시 광진구 구의3동,11215870,10,34613.3061369863
서울특별시,광진구,구의3동,서울특별시 광진구 구의3동,11215870,11,35436.50424657534
서울특별시,광진구,구의3동,서울특별시 광진구 구의3동,11215870,12,35780.72517808219
서울특별시,광진구,구의3동,서울특별시 광진구 구의3동,11215870,13,36308.99238356164
서울특별시,광진구,구의3동,서울특별시 광진구 구의3동,11215870,14,36922.979232876714
서울특별시,광진구,구의3동,서울특별시 광진구 구의3동,11215870,15,37388.509890410955
서울특별시,광진구,구의3동,서울특별시 광진구 구의3동,11215870,16,37542.33849315069
서울특별시,광진구,구의3동,서울특별시 광진구 구의3동,11215870,17,37266.20643835617
서울특별시,광진구,구의3동,서울특별시 광진구 구의3동,11215870,18,36318.26452054795
서울특별시,광진구,구의3동,서울특별시 광진구 구의3동,11215870,19,34418.02978082192
서울특별시,광진구,구의3동,서울특별시 광진구 구의3동,11215870,20,32593.566602739727
서울특별시,광진구,구의3동,서울특별시 광진구 구의3동,11215870,21,31373.552821917805
서울특별시,광진구,구의3동,서울특별시 광진구 구의3동,11215870,22,30499.267260273973
서울특별시,광진구,구의3동,서울특별시 광진구 구의3동,11215870,23,30029.858136986302
서울특별시,광진구,군자동,서울특별시 광진구 군자동,11215730,00,17312.42794520548
서울특별시,광진구,군자동,서울특별시 광진구 군자동,11215730,01,17110.404931506848
서울특별시,광진구,군자동,서울특별시 광진구 군자동,11215730,02,16985.987342465753
서울특별시,광진구,군자동,서울특별시 광진구 군자동,11215730,03,16926.264438356164
서울특별시,광진구,군자동,서울특별시 광진구 군자동,11215730,04,16893.96287671233
서울특별시,광진구,군자동,서울특별시 광진구 군자동,11215730,05,16931.439506849314
서울특별시,광진구,군자동,서울특별시 광진구 군자동,11215730,06,16941.621589041097
서울특별시,광진구,군자동,서울특별시 광진구 군자동,11215730,07,16961.625753424658
서울특별시,광진구,군자동,서울특별시 광진구 군자동,11215730,08,17079.063397260274
서울특별시,광진구,군자동,서울특별시 광진구 군자동,11215730,09,17992.86983561644
서울특별시,광진구,군자동,서울특별시 광진구 군자동,11215730,10,19284.889698630137
서울특별시,광진구,군자동,서울특별시 광진구 군자동,11215730,11,19860.03671232877
서울특별시,광진구,군자동,서울특별시 광진구 군자동,11215730,12,20305.36315068493
서울특별시,광진구,군자동,서울특별시 광진구 군자동,11215730,13,20760.77098630137
서울특별시,광진구,군자동,서울특별시 광진구 군자동,11215730,14,20939.450712328766
서울특별시,광진구,군자동,서울특별시 광진구 군자동,11215730,15,20990.167835616438
서울특별시,광진구,군자동,서울특별시 광진구 군자동,11215730,16,20783.85301369863
서울특별시,광진구,군자동,서울특별시 광진구 군자동,11215730,17,20360.24295890411
서울특별시,광진구,군자동,서울특별시 광진구 군자동,11215730,18,19929.051808219177
서울특별시,광진구,군자동,서울특별시 광진구 군자동,11215730,19,19770.544438356163
서울특별시,광진구,군자동,서울특별시 광진구 군자동,11215730,20,19496.426
서울특별시,광진구,군자동,서울특별시 광진구 군자동,11215730,21,19141.22830136986
서울특별시,광진구,군자동,서울특별시 광진구 군자동,11215730,22,18739.002191780823
서울특별시,광진구,군자동,서울특별시 광진구 군자동,11215730,23,18355.18720547945
서울특별시,광진구,능동,서울특별시 광진구 능동,11215780,00,12106.41802739726
서울특별시,광진구,능동,서울특별시 광진구 능동,11215780,01,12061.9461369863
서울특별시,광진구,능동,서울특별시 광진구 능동,11215780,02,12015.682246575341
서울특별시,광진구,능동,서울특별시 광진구 능동,11215780,03,11981.890767123288
서울특별시,광진구,능동,서울특별시 광진구 능동,11215780,04,11986.894794520547
서울특별시,광진구,능동,서울특별시 광진구 능동,11215780,05,12078.984739726027
서울특별시,광진구,능동,서울특별시 광진구 능동,11215780,06,12288.143863013698
서울특별시,광진구,능동,서울특별시 광진구 능동,11215780,07,12374.363589041095
서울특별시,광진구,능동,서울특별시 광진구 능동,11215780,08,12891.238301369864
서울특별시,광진구,능동,서울특별시 광진구 능동,11215780,09,13753.062219178082
서울특별시,광진구,능동,서울특별시 광진구 능동,11215780,10,14831.464383561644
서울특별시,광진구,능동,서울특별시 광진구 능동,11215780,11,15836.85904109589
서울특별시,광진구,능동,서울특별시 광진구 능동,11215780,12,16649.531452054794
서울특별시,광진구,능동,서울특별시 광진구 능동,11215780,13,16953.643424657534
서울특별시,광진구,능동,서울특별시 광진구 능동,11215780,14,17351.50610958904
서울특별시,광진구,능동,서울특별시 광진구 능동,11215780,15,17447.474767123287
서울특별시,광진구,능동,서울특별시 광진구 능동,11215780,16,17036.888328767123
서울특별시,광진구,능동,서울특별시 광진구 능동,11215780,17,16217.799205479452
서울특별시,광진구,능동,서울특별시 광진구 능동,11215780,18,15442.939013698631
서울특별시,광진구,능동,서울특별시 광진구 능동,11215780,19,14794.055780821918
서울특별시,광진구,능동,서울특별시 광진구 능동,11215780,20,14288.368273972603
서울특별시,광진구,능동,서울특별시 광진구 능동,11215780,21,13616.709424657536
서울특별시,광진구,능동,서울특별시 광진구 능동,11215780,22,13033.348821917809
서울특별시,광진구,능동,서울특별시 광진구 능동,11215780,23,12660.521424657534
서울특별시,광진구,자양1동,서울특별시 광진구 자양1동,11215820,00,22232.431150684934
서울특별시,광진구,자양1동,서울특별시 광진구 자양1동,11215820,01,22309.527424657535
서울특별시,광진구,자양1동,서울특별시 광진구 자양1동,11215820,02,22348.776410958904
서울특별시,광진구,자양1동,서울특별시 광진구 자양1동,11215820,03,22382.13284931507
서울특별시,광진구,자양1동,서울특별시 광진구 자양1동,11215820,04,22417.369698630137
서울특별시,광진구,자양1동,서울특별시 광진구 자양1동,11215820,05,22362.212356164382
서울특별시,광진구,자양1동,서울특별시 광진구 자양1동,11215820,06,22258.86326027397
서울특별시,광진구,자양1동,서울특별시 광진구 자양1동,11215820,07,22190.57808219178
서울특별시,광진구,자양1동,서울특별시 광진구 자양1동,11215820,08,22050.922931506848
서울특별시,광진구,자양1동,서울특별시 광진구 자양1동,11215820,09,21565.425506849315
서울특별시,광진구,자양1동,서울특별시 광진구 자양1동,11215820,10,21599.766602739724
서울특별시,광진구,자양1동,서울특별시 광진구 자양1동,11215820,11,21748.456164383562
서울특별시,광진구,자양1동,서울특별시 광진구 자양1동,11215820,12,21673.49005479452
서울특별시,광진구,자양1동,서울특별시 광진구 자양1동,11215820,13,21737.125726027396
서울특별시,광진구,자양1동,서울특별시 광진구 자양1동,11215820,14,21777.571369863013
서울특별시,광진구,자양1동,서울특별시 광진구 자양1동,11215820,15,21787.880602739726
서울특별시,광진구,자양1동,서울특별시 광진구 자양1동,11215820,16,21754.30383561644
서울특별시,광진구,자양1동,서울특별시 광진구 자양1동,11215820,17,21734.695917808218
서울특별시,광진구,자양1동,서울특별시 광진구 자양1동,11215820,18,21629.700657534246
서울특별시,광진구,자양1동,서울특별시 광진구 자양1동,11215820,19,21658.337835616436
서울특별시,광진구,자양1동,서울특별시 광진구 자양1동,11215820,20,21686.852630136986
서울특별시,광진구,자양1동,서울특별시 광진구 자양1동,11215820,21,21783.683726027397
서울특별시,광진구,자양1동,서울특별시 광진구 자양1동,11215820,22,21986.742383561643
서울특별시,광진구,자양1동,서울특별시 광진구 자양1동,11215820,23,22167.149260273975
서울특별시,광진구,자양2동,서울특별시 광진구 자양2동,11215830,00,27724.347424657535
서울특별시,광진구,자양2동,서울특별시 광진구 자양2동,11215830,01,27799.128602739725
서울특별시,광진구,자양2동,서울특별시 광진구 자양2동,11215830,02,27907.06597260274
서울특별시,광진구,자양2동,서울특별시 광진구 자양2동,11215830,03,27965.908657534248
서울특별시,광진구,자양2동,서울특별시 광진구 자양2동,11215830,04,27979.1115890411
서울특별시,광진구,자양2동,서울특별시 광진구 자양2동,11215830,05,27939.700739726028
서울특별시,광진구,자양2동,서울특별시 광진구 자양2동,11215830,06,27865.35095890411
서울특별시,광진구,자양2동,서울특별시 광진구 자양2동,11215830,07,27648.097287671233
서울특별시,광진구,자양2동,서울특별시 광진구 자양2동,11215830,08,27137.41594520548
서울특별시,광진구,자양2동,서울특별시 광진구 자양2동,11215830,09,25884.004410958903
서울특별시,광진구,자양2동,서울특별시 광진구 자양2동,11215830,10,24892.346575342464
서울특별시,광진구,자양2동,서울특별시 광진구 자양2동,11215830,11,24337.83630136986
서울특별시,광진구,자양2동,서울특별시 광진구 자양2동,11215830,12,23984.90117808219
서울특별시,광진구,자양2동,서울특별시 광진구 자양2동,11215830,13,24082.114657534246
서울특별시,광진구,자양2동,서울특별시 광진구 자양2동,11215830,14,24144.692712328768
서울특별시,광진구,자양2동,서울특별시 광진구 자양2동,11215830,15,24171.481616438352
서울특별시,광진구,자양2동,서울특별시 광진구 자양2동,11215830,16,24207.343890410957
서울특별시,광진구,자양2동,서울특별시 광진구 자양2동,11215830,17,24334.1384109589
서울특별시,광진구,자양2동,서울특별시 광진구 자양2동,11215830,18,24661.567534246577
서울특별시,광진구,자양2동,서울특별시 광진구 자양2동,11215830,19,25442.285561643836
서울특별시,광진구,자양2동,서울특별시 광진구 자양2동,11215830,20,26030.08928767123
서울특별시,광진구,자양2동,서울특별시 광진구 자양2동,11215830,21,26575.18320547945
서울특별시,광진구,자양2동,서울특별시 광진구 자양2동,11215830,22,27095.310602739723
서울특별시,광진구,자양2동,서울특별시 광진구 자양2동,11215830,23,27406.716493150685
서울특별시,광진구,자양3동,서울특별시 광진구 자양3동,11215840,00,28466.44906849315
서울특별시,광진구,자양3동,서울특별시 광진구 자양3동,11215840,01,28542.772739726028
서울특별시,광진구,자양3동,서울특별시 광진구 자양3동,11215840,02,28686.76534246575
서울특별시,광진구,자양3동,서울특별시 광진구 자양3동,11215840,03,28763.911479452054
서울특별시,광진구,자양3동,서울특별시 광진구 자양3동,11215840,04,28804.128520547947
서울특별시,광진구,자양3동,서울특별시 광진구 자양3동,11215840,05,28813.463397260275
서울특별시,광진구,자양3동,서울특별시 광진구 자양3동,11215840,06,28762.835369863013
서울특별시,광진구,자양3동,서울특별시 광진구 자양3동,11215840,07,28820.37726027397
서울특별시,광진구,자양3동,서울특별시 광진구 자양3동,11215840,08,28890.908
서울특별시,광진구,자양3동,서울특별시 광진구 자양3동,11215840,09,28571.203397260273
서울특별시,광진구,자양3동,서울특별시 광진구 자양3동,11215840,10,28852.144273972604
서울특별시,광진구,자양3동,서울특별시 광진구 자양3동,11215840,11,29483.12367123288
서울특별시,광진구,자양3동,서울특별시 광진구 자양3동,11215840,12,30241.496438356164
서울특별시,광진구,자양3동,서울특별시 광진구 자양3동,11215840,13,30569.083452054798
서울특별시,광진구,자양3동,서울특별시 광진구 자양3동,11215840,14,30802.65115068493
서울특별시,광진구,자양3동,서울특별시 광진구 자양3동,11215840,15,30940.905753424657
서울특별시,광진구,자양3동,서울특별시 광진구 자양3동,11215840,16,30981.545506849314
서울특별시,광진구,자양3동,서울특별시 광진구 자양3동,11215840,17,31011.406712328764
서울특별시,광진구,자양3동,서울특별시 광진구 자양3동,11215840,18,31186.279671232878
서울특별시,광진구,자양3동,서울특별시 광진구 자양3동,11215840,19,31360.138547945207
서울특별시,광진구,자양3동,서울특별시 광진구 자양3동,11215840,20,30864.614547945206
서울특별시,광진구,자양3동,서울특별시 광진구 자양3동,11215840,21,29923.179479452054
서울특별시,광진구,자양3동,서울특별시 광진구 자양3동,11215840,22,29134.95287671233
서울특별시,광진구,자양3동,서울특별시 광진구 자양3동,11215840,23,28597.30238356164
서울특별시,광진구,자양4동,서울특별시 광진구 자양4동,11215847,00,22033.711753424657
서울특별시,광진구,자양4동,서울특별시 광진구 자양4동,11215847,01,22002.64901369863
서울특별시,광진구,자양4동,서울특별시 광진구 자양4동,11215847,02,22022.230602739724
서울특별시,광진구,자양4동,서울특별시 광진구 자양4동,11215847,03,22007.629068493152
서울특별시,광진구,자양4동,서울특별시 광진구 자양4동,11215847,04,22005.73394520548
서울특별시,광진구,자양4동,서울특별시 광진구 자양4동,11215847,05,21948.15887671233
서울특별시,광진구,자양4동,서울특별시 광진구 자양4동,11215847,06,21826.345479452055
서울특별시,광진구,자양4동,서울특별시 광진구 자양4동,11215847,07,21703.20016438356
서울특별시,광진구,자양4동,서울특별시 광진구 자양4동,11215847,08,21287.367589041096
서울특별시,광진구,자양4동,서울특별시 광진구 자양4동,11215847,09,20909.26739726027
서울특별시,광진구,자양4동,서울특별시 광진구 자양4동,11215847,10,20867.3957260274
서울특별시,광진구,자양4동,서울특별시 광진구 자양4동,11215847,11,21122.203835616438
서울특별시,광진구,자양4동,서울특별시 광진구 자양4동,11215847,12,21572.294684931505
서울특별시,광진구,자양4동,서울특별시 광진구 자양4동,11215847,13,21989.015863013698
서울특별시,광진구,자양4동,서울특별시 광진구 자양4동,11215847,14,22329.472219178082
서울특별시,광진구,자양4동,서울특별시 광진구 자양4동,11215847,15,22650.53323287671
서울특별시,광진구,자양4동,서울특별시 광진구 자양4동,11215847,16,23005.732410958903
서울특별시,광진구,자양4동,서울특별시 광진구 자양4동,11215847,17,23445.710821917804
서울특별시,광진구,자양4동,서울특별시 광진구 자양4동,11215847,18,24215.062602739727
서울특별시,광진구,자양4동,서울특별시 광진구 자양4동,11215847,19,24752.895452054796
서울특별시,광진구,자양4동,서울특별시 광진구 자양4동,11215847,20,24559.71775342466
서울특별시,광진구,자양4동,서울특별시 광진구 자양4동,11215847,21,23990.331835616435
서울특별시,광진구,자양4동,서울특별시 광진구 자양4동,11215847,22,23240.887123287674
서울특별시,광진구,자양4동,서울특별시 광진구 자양4동,11215847,23,22587.159260273973
서울특별시,광진구,중곡1동,서울특별시 광진구 중곡1동,11215740,00,16872.31994520548
서울특별시,광진구,중곡1동,서울특별시 광진구 중곡1동,11215740,01,16921.782794520546
서울특별시,광진구,중곡1동,서울특별시 광진구 중곡1동,11215740,02,16974.96969863014
서울특별시,광진구,중곡1동,서울특별시 광진구 중곡1동,11215740,03,16989.942438356164
서울특별시,광진구,중곡1동,서울특별시 광진구 중곡1동,11215740,04,16986.833561643834
서울특별시,광진구,중곡1동,서울특별시 광진구 중곡1동,11215740,05,16942.664410958903
서울특별시,광진구,중곡1동,서울특별시 광진구 중곡1동,11215740,06,16803.780164383563
서울특별시,광진구,중곡1동,서울특별시 광진구 중곡1동,11215740,07,16677.416191780823
서울특별시,광진구,중곡1동,서울특별시 광진구 중곡1동,11215740,08,16428.875698630138
서울특별시,광진구,중곡1동,서울특별시 광진구 중곡1동,11215740,09,15799.760219178084
서울특별시,광진구,중곡1동,서울특별시 광진구 중곡1동,11215740,10,15497.3718630137
서울특별시,광진구,중곡1동,서울특별시 광진구 중곡1동,11215740,11,15423.458219178083
서울특별시,광진구,중곡1동,서울특별시 광진구 중곡1동,11215740,12,15388.376109589042
서울특별시,광진구,중곡1동,서울특별시 광진구 중곡1동,11215740,13,15186.202849315068
서울특별시,광진구,중곡1동,서울특별시 광진구 중곡1동,11215740,14,15007.65202739726
서울특별시,광진구,중곡1동,서울특별시 광진구 중곡1동,11215740,15,15017.924328767123
서울특별시,광진구,중곡1동,서울특별시 광진구 중곡1동,11215740,16,15217.304383561643
서울특별시,광진구,중곡1동,서울특별시 광진구 중곡1동,11215740,17,15394.069589041097
서울특별시,광진구,중곡1동,서울특별시 광진구 중곡1동,11215740,18,15616.012273972605
서울특별시,광진구,중곡1동,서울특별시 광진구 중곡1동,11215740,19,16003.788493150685
서울특별시,광진구,중곡1동,서울특별시 광진구 중곡1동,11215740,20,16185.604219178082
서울특별시,광진구,중곡1동,서울특별시 광진구 중곡1동,11215740,21,16334.73208219178
서울특별시,광진구,중곡1동,서울특별시 광진구 중곡1동,11215740,22,16602.553479452057
서울특별시,광진구,중곡1동,서울특별시 광진구 중곡1동,11215740,23,16791.53517808219
서울특별시,광진구,중곡2동,서울특별시 광진구 중곡2동,11215750,00,20636.989753424656
서울특별시,광진구,중곡2동,서울특별시 광진구 중곡2동,11215750,01,20674.655369863012
서울특별시,광진구,중곡2동,서울특별시 광진구 중곡2동,11215750,02,20715.191260273972
서울특별시,광진구,중곡2동,서울특별시 광진구 중곡2동,11215750,03,20717.274547945206
서울특별시,광진구,중곡2동,서울특별시 광진구 중곡2동,11215750,04,20700.709698630137
서울특별시,광진구,중곡2동,서울특별시 광진구 중곡2동,11215750,05,20621.433835616437
서울특별시,광진구,중곡2동,서울특별시 광진구 중곡2동,11215750,06,20343.704356164384
서울특별시,광진구,중곡2동,서울특별시 광진구 중곡2동,11215750,07,19924.276328767126
서울특별시,광진구,중곡2동,서울특별시 광진구 중곡2동,11215750,08,19007.006493150686
서울특별시,광진구,중곡2동,서울특별시 광진구 중곡2동,11215750,09,18148.575726027397
서울특별시,광진구,중곡2동,서울특별시 광진구 중곡2동,11215750,10,17717.138849315066
서울특별시,광진구,중곡2동,서울특별시 광진구 중곡2동,11215750,11,17597.17334246575
서울특별시,광진구,중곡2동,서울특별시 광진구 중곡2동,11215750,12,17515.355808219178
서울특별시,광진구,중곡2동,서울특별시 광진구 중곡2동,11215750,13,17273.43410958904
서울특별시,광진구,중곡2동,서울특별시 광진구 중곡2동,11215750,14,17178.682684931508
서울특별시,광진구,중곡2동,서울특별시 광진구 중곡2동,11215750,15,17273.03490410959
서울특별시,광진구,중곡2동,서울특별시 광진구 중곡2동,11215750,16,17571.22789041096
서울특별시,광진구,중곡2동,서울특별시 광진구 중곡2동,11215750,17,18037.813863013696
서울특별시,광진구,중곡2동,서울특별시 광진구 중곡2동,11215750,18,18775.675260273973
서울특별시,광진구,중곡2동,서울특별시 광진구 중곡2동,11215750,19,19546.08284931507
서울특별시,광진구,중곡2동,서울특별시 광진구 중곡2동,11215750,20,19887.650328767122
서울특별시,광진구,중곡2동,서울특별시 광진구 중곡2동,11215750,21,20103.81468493151
서울특별시,광진구,중곡2동,서울특별시 광진구 중곡2동,11215750,22,20342.17895890411
서울특별시,광진구,중곡2동,서울특별시 광진구 중곡2동,11215750,23,20385.632684931505
서울특별시,광진구,중곡3동,서울특별시 광진구 중곡3동,11215760,00,16209.151260273973
서울특별시,광진구,중곡3동,서울특별시 광진구 중곡3동,11215760,01,16328.78295890411
서울특별시,광진구,중곡3동,서울특별시 광진구 중곡3동,11215760,02,16444.24019178082
서울특별시,광진구,중곡3동,서울특별시 광진구 중곡3동,11215760,03,16475.9858630137
서울특별시,광진구,중곡3동,서울특별시 광진구 중곡3동,11215760,04,16497.58778082192
서울특별시,광진구,중곡3동,서울특별시 광진구 중곡3동,11215760,05,16463.698575342467
서울특별시,광진구,중곡3동,서울특별시 광진구 중곡3동,11215760,06,16285.333863013699
서울특별시,광진구,중곡3동,서울특별시 광진구 중곡3동,11215760,07,16038.885726027398
서울특별시,광진구,중곡3동,서울특별시 광진구 중곡3동,11215760,08,15661.522465753425
서울특별시,광진구,중곡3동,서울특별시 광진구 중곡3동,11215760,09,15198.981397260273
서울특별시,광진구,중곡3동,서울특별시 광진구 중곡3동,11215760,10,14815.477232876714
서울특별시,광진구,중곡3동,서울특별시 광진구 중곡3동,11215760,11,14514.94495890411
서울특별시,광진구,중곡3동,서울특별시 광진구 중곡3동,11215760,12,14224.406493150685
서울특별시,광진구,중곡3동,서울특별시 광진구 중곡3동,11215760,13,14201.978
서울특별시,광진구,중곡3동,서울특별시 광진구 중곡3동,11215760,14,14142.141945205478
서울특별시,광진구,중곡3동,서울특별시 광진구 중곡3동,11215760,15,14266.049835616439
서울특별시,광진구,중곡3동,서울특별시 광진구 중곡3동,11215760,16,14433.866767123289
서울특별시,광진구,중곡3동,서울특별시 광진구 중곡3동,11215760,17,14545.087178082193
서울특별시,광진구,중곡3동,서울특별시 광진구 중곡3동,11215760,18,14570.321808219178
서울특별시,광진구,중곡3동,서울특별시 광진구 중곡3동,11215760,19,14791.23802739726
서울특별시,광진구,중곡3동,서울특별시 광진구 중곡3동,11215760,20,15026.36994520548
서울특별시,광진구,중곡3동,서울특별시 광진구 중곡3동,11215760,21,15253.721452054795
서울특별시,광진구,중곡3동,서울특별시 광진구 중곡3동,11215760,22,15523.998
서울특별시,광진구,중곡3동,서울특별시 광진구 중곡3동,11215760,23,15777.776575342466
서울특별시,광진구,중곡4동,서울특별시 광진구 중곡4동,11215770,00,32820.796027397264
서울특별시,광진구,중곡4동,서울특별시 광진구 중곡4동,11215770,01,32951.26019178082
서울특별시,광진구,중곡4동,서울특별시 광진구 중곡4동,11215770,02,33072.546794520546
서울특별시,광진구,중곡4동,서울특별시 광진구 중곡4동,11215770,03,33162.365808219176
서울특별시,광진구,중곡4동,서울특별시 광진구 중곡4동,11215770,04,33210.30279452055
서울특별시,광진구,중곡4동,서울특별시 광진구 중곡4동,11215770,05,33106.85558904109
서울특별시,광진구,중곡4동,서울특별시 광진구 중곡4동,11215770,06,32726.525534246575
서울특별시,광진구,중곡4동,서울특별시 광진구 중곡4동,11215770,07,32554.213589041097
서울특별시,광진구,중곡4동,서울특별시 광진구 중곡4동,11215770,08,32274.97290410959
서울특별시,광진구,중곡4동,서울특별시 광진구 중곡4동,11215770,09,30611.297698630136
서울특별시,광진구,중곡4동,서울특별시 광진구 중곡4동,11215770,10,29788.10419178082
서울특별시,광진구,중곡4동,서울특별시 광진구 중곡4동,11215770,11,29631.59991780822
서울특별시,광진구,중곡4동,서울특별시 광진구 중곡4동,11215770,12,29454.585589041097
서울특별시,광진구,중곡4동,서울특별시 광진구 중곡4동,11215770,13,28957.82684931507
서울특별시,광진구,중곡4동,서울특별시 광진구 중곡4동,11215770,14,28616.457369863012
서울특별시,광진구,중곡4동,서울특별시 광진구 중곡4동,11215770,15,28454.60898630137
서울특별시,광진구,중곡4동,서울특별시 광진구 중곡4동,11215770,16,28562.722027397256
서울특별시,광진구,중곡4동,서울특별시 광진구 중곡4동,11215770,17,28695.768356164383
서울특별시,광진구,중곡4동,서울특별시 광진구 중곡4동,11215770,18,29401.502246575343
서울특별시,광진구,중곡4동,서울특별시 광진구 중곡4동,11215770,19,30435.308684931508
서울특별시,광진구,중곡4동,서울특별시 광진구 중곡4동,11215770,20,31082.05197260274
서울특별시,광진구,중곡4동,서울특별시 광진구 중곡4동,11215770,21,31596.903397260274
서울특별시,광진구,중곡4동,서울특별시 광진구 중곡4동,11215770,22,32077.053917808218
서울특별시,광진구,중곡4동,서울특별시 광진구 중곡4동,11215770,23,32475.40945205479
서울특별시,광진구,화양동,서울특별시 광진구 화양동,11215710,00,31295.283561643835
서울특별시,광진구,화양동,서울특별시 광진구 화양동,11215710,01,30586.00569863014
서울특별시,광진구,화양동,서울특별시 광진구 화양동,11215710,02,29739.204301369864
서울특별시,광진구,화양동,서울특별시 광진구 화양동,11215710,03,29092.752547945205
서울특별시,광진구,화양동,서울특별시 광진구 화양동,11215710,04,28641.18893150685
서울특별시,광진구,화양동,서울특별시 광진구 화양동,11215710,05,28413.754684931508
서울특별시,광진구,화양동,서울특별시 광진구 화양동,11215710,06,28543.271753424655
서울특별시,광진구,화양동,서울특별시 광진구 화양동,11215710,07,29054.47331506849
서울특별시,광진구,화양동,서울특별시 광진구 화양동,11215710,08,30274.333616438355
서울특별시,광진구,화양동,서울특별시 광진구 화양동,11215710,09,31552.17457534247
서울특별시,광진구,화양동,서울특별시 광진구 화양동,11215710,10,33150.534520547946
서울특별시,광진구,화양동,서울특별시 광진구 화양동,11215710,11,34136.86342465754
서울특별시,광진구,화양동,서울특별시 광진구 화양동,11215710,12,34914.84112328767
서울특별시,광진구,화양동,서울특별시 광진구 화양동,11215710,13,36111.807534246575
서울특별시,광진구,화양동,서울특별시 광진구 화양동,11215710,14,36842.86356164383
서울특별시,광진구,화양동,서울특별시 광진구 화양동,11215710,15,36905.66249315069
서울특별시,광진구,화양동,서울특별시 광진구 화양동,11215710,16,36369.9082739726
서울특별시,광진구,화양동,서울특별시 광진구 화양동,11215710,17,36090.74298630137
서울특별시,광진구,화양동,서울특별시 광진구 화양동,11215710,18,37037.452657534246
서울특별시,광진구,화양동,서울특별시 광진구 화양동,11215710,19,38387.012904109586
서울특별시,광진구,화양동,서울특별시 광진구 화양동,11215710,20,38639.65673972603
서울특별시,광진구,화양동,서울특별시 광진구 화양동,11215710,21,38125.08747945206
서울특별시,광진구,화양동,서울특별시 광진구 화양동,11215710,22,36811.04526027397
서울특별시,광진구,화양동,서울특별시 광진구 화양동,11215710,23,34817.61871232877
서울특별시,구로구,가리봉동,서울특별시 구로구 가리봉동,11530595,00,7513.729917808219
서울특별시,구로구,가리봉동,서울특별시 구로구 가리봉동,11530595,01,7565.826630136987
서울특별시,구로구,가리봉동,서울특별시 구로구 가리봉동,11530595,02,7612.053561643835
서울특별시,구로구,가리봉동,서울특별시 구로구 가리봉동,11530595,03,7633.6712054794525
서울특별시,구로구,가리봉동,서울특별시 구로구 가리봉동,11530595,04,7652.964136986302
서울특별시,구로구,가리봉동,서울특별시 구로구 가리봉동,11530595,05,7626.218027397261
서울특별시,구로구,가리봉동,서울특별시 구로구 가리봉동,11530595,06,7547.853178082192
서울특별시,구로구,가리봉동,서울특별시 구로구 가리봉동,11530595,07,7562.77997260274
서울특별시,구로구,가리봉동,서울특별시 구로구 가리봉동,11530595,08,7663.7765479452055
서울특별시,구로구,가리봉동,서울특별시 구로구 가리봉동,11530595,09,7761.450520547945
서울특별시,구로구,가리봉동,서울특별시 구로구 가리봉동,11530595,10,7783.829479452054
서울특별시,구로구,가리봉동,서울특별시 구로구 가리봉동,11530595,11,7791.138767123288
서울특별시,구로구,가리봉동,서울특별시 구로구 가리봉동,11530595,12,7681.808712328768
서울특별시,구로구,가리봉동,서울특별시 구로구 가리봉동,11530595,13,7604.386575342466
서울특별시,구로구,가리봉동,서울특별시 구로구 가리봉동,11530595,14,7537.974794520547
서울특별시,구로구,가리봉동,서울특별시 구로구 가리봉동,11530595,15,7480.266246575343
서울특별시,구로구,가리봉동,서울특별시 구로구 가리봉동,11530595,16,7424.131315068494
서울특별시,구로구,가리봉동,서울특별시 구로구 가리봉동,11530595,17,7315.84202739726
서울특별시,구로구,가리봉동,서울특별시 구로구 가리봉동,11530595,18,7203.480602739726
서울특별시,구로구,가리봉동,서울특별시 구로구 가리봉동,11530595,19,7027.954630136986
서울특별시,구로구,가리봉동,서울특별시 구로구 가리봉동,11530595,20,6981.112684931507
서울특별시,구로구,가리봉동,서울특별시 구로구 가리봉동,11530595,21,7081.694109589042
서울특별시,구로구,가리봉동,서울특별시 구로구 가리봉동,11530595,22,7246.5208767123295
서울특별시,구로구,가리봉동,서울특별시 구로구 가리봉동,11530595,23,7356.321780821919
서울특별시,구로구,개봉1동,서울특별시 구로구 개봉1동,11530740,00,34547.99268493151
서울특별시,구로구,개봉1동,서울특별시 구로구 개봉1동,11530740,01,34617.12093150685
서울특별시,구로구,개봉1동,서울특별시 구로구 개봉1동,11530740,02,34704.00342465754
서울특별시,구로구,개봉1동,서울특별시 구로구 개봉1동,11530740,03,34722.7695890411
서울특별시,구로구,개봉1동,서울특별시 구로구 개봉1동,11530740,04,34714.815534246576
서울특별시,구로구,개봉1동,서울특별시 구로구 개봉1동,11530740,05,34553.07553424658
서울특별시,구로구,개봉1동,서울특별시 구로구 개봉1동,11530740,06,34125.88624657534
서울특별시,구로구,개봉1동,서울특별시 구로구 개봉1동,11530740,07,33351.61052054795
서울특별시,구로구,개봉1동,서울특별시 구로구 개봉1동,11530740,08,31945.72457534247
서울특별시,구로구,개봉1동,서울특별시 구로구 개봉1동,11530740,09,30283.017616438356
서울특별시,구로구,개봉1동,서울특별시 구로구 개봉1동,11530740,10,29440.284684931506
서울특별시,구로구,개봉1동,서울특별시 구로구 개봉1동,11530740,11,29160.46178082192
서울특별시,구로구,개봉1동,서울특별시 구로구 개봉1동,11530740,12,28931.998986301372
서울특별시,구로구,개봉1동,서울특별시 구로구 개봉1동,11530740,13,28653.246301369865
서울특별시,구로구,개봉1동,서울특별시 구로구 개봉1동,11530740,14,28559.280356164385
서울특별시,구로구,개봉1동,서울특별시 구로구 개봉1동,11530740,15,28672.76115068493
서울특별시,구로구,개봉1동,서울특별시 구로구 개봉1동,11530740,16,29026.13989041096
서울특별시,구로구,개봉1동,서울특별시 구로구 개봉1동,11530740,17,29589.55323287671
서울특별시,구로구,개봉1동,서울특별시 구로구 개봉1동,11530740,18,30486.699616438356
서울특별시,구로구,개봉1동,서울특별시 구로구 개봉1동,11530740,19,31696.25191780822
서울특별시,구로구,개봉1동,서울특별시 구로구 개봉1동,11530740,20,32533.358684931507
서울특별시,구로구,개봉1동,서울특별시 구로구 개봉1동,11530740,21,33182.354301369865
서울특별시,구로구,개봉1동,서울특별시 구로구 개봉1동,11530740,22,33808.751068493155
서울특별시,구로구,개봉1동,서울특별시 구로구 개봉1동,11530740,23,34165.37331506849
서울특별시,구로구,개봉2동,서울특별시 구로구 개봉2동,11530750,00,30546.15117808219
서울특별시,구로구,개봉2동,서울특별시 구로구 개봉2동,11530750,01,30649.22794520548
서울특별시,구로구,개봉2동,서울특별시 구로구 개봉2동,11530750,02,30696.138438356164
서울특별시,구로구,개봉2동,서울특별시 구로구 개봉2동,11530750,03,30760.1077260274
서울특별시,구로구,개봉2동,서울특별시 구로구 개봉2동,11530750,04,30771.05895890411
서울특별시,구로구,개봉2동,서울특별시 구로구 개봉2동,11530750,05,30595.132328767126
서울특별시,구로구,개봉2동,서울특별시 구로구 개봉2동,11530750,06,30236.32493150685
서울특별시,구로구,개봉2동,서울특별시 구로구 개봉2동,11530750,07,29224.670493150687
서울특별시,구로구,개봉2동,서울특별시 구로구 개봉2동,11530750,08,26999.220684931508
서울특별시,구로구,개봉2동,서울특별시 구로구 개봉2동,11530750,09,24696.06098630137
서울특별시,구로구,개봉2동,서울특별시 구로구 개봉2동,11530750,10,23537.68408219178
서울특별시,구로구,개봉2동,서울특별시 구로구 개봉2동,11530750,11,22965.076630136984
서울특별시,구로구,개봉2동,서울특별시 구로구 개봉2동,11530750,12,22668.190575342465
서울특별시,구로구,개봉2동,서울특별시 구로구 개봉2동,11530750,13,22402.376
서울특별시,구로구,개봉2동,서울특별시 구로구 개봉2동,11530750,14,22253.839452054795
서울특별시,구로구,개봉2동,서울특별시 구로구 개봉2동,11530750,15,22541.557643835615
서울특별시,구로구,개봉2동,서울특별시 구로구 개봉2동,11530750,16,23181.492739726025
서울특별시,구로구,개봉2동,서울특별시 구로구 개봉2동,11530750,17,24062.25010958904
서울특별시,구로구,개봉2동,서울특별시 구로구 개봉2동,11530750,18,25373.82008219178
서울특별시,구로구,개봉2동,서울특별시 구로구 개봉2동,11530750,19,26975.49090410959
서울특별시,구로구,개봉2동,서울특별시 구로구 개봉2동,11530750,20,27897.985972602743
서울특별시,구로구,개봉2동,서울특별시 구로구 개봉2동,11530750,21,28706.229698630137
서울특별시,구로구,개봉2동,서울특별시 구로구 개봉2동,11530750,22,29542.545616438358
서울특별시,구로구,개봉2동,서울특별시 구로구 개봉2동,11530750,23,30110.067260273976
서울특별시,구로구,개봉3동,서울특별시 구로구 개봉3동,11530760,00,17121.400575342464
서울특별시,구로구,개봉3동,서울특별시 구로구 개봉3동,11530760,01,17112.57254794521
서울특별시,구로구,개봉3동,서울특별시 구로구 개봉3동,11530760,02,17235.39832876712
서울특별시,구로구,개봉3동,서울특별시 구로구 개봉3동,11530760,03,17237.414767123286
서울특별시,구로구,개봉3동,서울특별시 구로구 개봉3동,11530760,04,17252.30194520548
서울특별시,구로구,개봉3동,서울특별시 구로구 개봉3동,11530760,05,17206.32210958904
서울특별시,구로구,개봉3동,서울특별시 구로구 개봉3동,11530760,06,16915.94882191781
서울특별시,구로구,개봉3동,서울특별시 구로구 개봉3동,11530760,07,16755.938410958905
서울특별시,구로구,개봉3동,서울특별시 구로구 개봉3동,11530760,08,16432.41684931507
서울특별시,구로구,개봉3동,서울특별시 구로구 개봉3동,11530760,09,16169.893178082191
서울특별시,구로구,개봉3동,서울특별시 구로구 개봉3동,11530760,10,16442.37112328767
서울특별시,구로구,개봉3동,서울특별시 구로구 개봉3동,11530760,11,16658.919534246575
서울특별시,구로구,개봉3동,서울특별시 구로구 개봉3동,11530760,12,16627.900219178082
서울특별시,구로구,개봉3동,서울특별시 구로구 개봉3동,11530760,13,16680.13326027397
서울특별시,구로구,개봉3동,서울특별시 구로구 개봉3동,11530760,14,16800.43391780822
서울특별시,구로구,개봉3동,서울특별시 구로구 개봉3동,11530760,15,16842.322794520547
서울특별시,구로구,개봉3동,서울특별시 구로구 개봉3동,11530760,16,16693.157808219177
서울특별시,구로구,개봉3동,서울특별시 구로구 개봉3동,11530760,17,16431.750520547947
서울특별시,구로구,개봉3동,서울특별시 구로구 개봉3동,11530760,18,16363.116876712329
서울특별시,구로구,개봉3동,서울특별시 구로구 개봉3동,11530760,19,16964.910657534245
서울특별시,구로구,개봉3동,서울특별시 구로구 개봉3동,11530760,20,17581.323342465752
서울특별시,구로구,개봉3동,서울특별시 구로구 개봉3동,11530760,21,17481.201232876712
서울특별시,구로구,개봉3동,서울특별시 구로구 개봉3동,11530760,22,16985.989013698632
서울특별시,구로구,개봉3동,서울특별시 구로구 개봉3동,11530760,23,16848.040794520548
서울특별시,구로구,고척1동,서울특별시 구로구 고척1동,11530720,00,30779.908109589043
서울특별시,구로구,고척1동,서울특별시 구로구 고척1동,11530720,01,30850.44849315068
서울특별시,구로구,고척1동,서울특별시 구로구 고척1동,11530720,02,30790.71416438356
서울특별시,구로구,고척1동,서울특별시 구로구 고척1동,11530720,03,30769.243698630136
서울특별시,구로구,고척1동,서울특별시 구로구 고척1동,11530720,04,30694.52410958904
서울특별시,구로구,고척1동,서울특별시 구로구 고척1동,11530720,05,30676.72084931507
서울특별시,구로구,고척1동,서울특별시 구로구 고척1동,11530720,06,30684.948630136987
서울특별시,구로구,고척1동,서울특별시 구로구 고척1동,11530720,07,30378.777561643838
서울특별시,구로구,고척1동,서울특별시 구로구 고척1동,11530720,08,29888.14578082192
서울특별시,구로구,고척1동,서울특별시 구로구 고척1동,11530720,09,29416.70287671233
서울특별시,구로구,고척1동,서울특별시 구로구 고척1동,11530720,10,30009.578547945206
서울특별시,구로구,고척1동,서울특별시 구로구 고척1동,11530720,11,30645.691342465754
서울특별시,구로구,고척1동,서울특별시 구로구 고척1동,11530720,12,31187.891287671235
서울특별시,구로구,고척1동,서울특별시 구로구 고척1동,11530720,13,31867.406986301372
서울특별시,구로구,고척1동,서울특별시 구로구 고척1동,11530720,14,32295.55298630137
서울특별시,구로구,고척1동,서울특별시 구로구 고척1동,11530720,15,32350.91717808219
서울특별시,구로구,고척1동,서울특별시 구로구 고척1동,11530720,16,32398.093452054793
서울특별시,구로구,고척1동,서울특별시 구로구 고척1동,11530720,17,32640.3615890411
서울특별시,구로구,고척1동,서울특별시 구로구 고척1동,11530720,18,33055.949890410964
서울특별시,구로구,고척1동,서울특별시 구로구 고척1동,11530720,19,33953.616575342465
서울특별시,구로구,고척1동,서울특별시 구로구 고척1동,11530720,20,34121.73306849315
서울특별시,구로구,고척1동,서울특별시 구로구 고척1동,11530720,21,33511.36589041096
서울특별시,구로구,고척1동,서울특별시 구로구 고척1동,11530720,22,32250.966191780823
서울특별시,구로구,고척1동,서울특별시 구로구 고척1동,11530720,23,31413.98106849315
서울특별시,구로구,고척2동,서울특별시 구로구 고척2동,11530730,00,20051.740630136985
서울특별시,구로구,고척2동,서울특별시 구로구 고척2동,11530730,01,20127.284602739725
서울특별시,구로구,고척2동,서울특별시 구로구 고척2동,11530730,02,20184.724410958905
서울특별시,구로구,고척2동,서울특별시 구로구 고척2동,11530730,03,20209.196136986302
서울특별시,구로구,고척2동,서울특별시 구로구 고척2동,11530730,04,20179.663232876712
서울특별시,구로구,고척2동,서울특별시 구로구 고척2동,11530730,05,20120.176575342466
서울특별시,구로구,고척2동,서울특별시 구로구 고척2동,11530730,06,19813.965589041098
서울특별시,구로구,고척2동,서울특별시 구로구 고척2동,11530730,07,19359.987452054793
서울특별시,구로구,고척2동,서울특별시 구로구 고척2동,11530730,08,18432.221534246575
서울특별시,구로구,고척2동,서울특별시 구로구 고척2동,11530730,09,17427.09668493151
서울특별시,구로구,고척2동,서울특별시 구로구 고척2동,11530730,10,16796.15408219178
서울특별시,구로구,고척2동,서울특별시 구로구 고척2동,11530730,11,16384.54293150685
서울특별시,구로구,고척2동,서울특별시 구로구 고척2동,11530730,12,16148.695616438357
서울특별시,구로구,고척2동,서울특별시 구로구 고척2동,11530730,13,15920.872383561644
서울특별시,구로구,고척2동,서울특별시 구로구 고척2동,11530730,14,15819.496328767123
서울특별시,구로구,고척2동,서울특별시 구로구 고척2동,11530730,15,15933.008493150684
서울특별시,구로구,고척2동,서울특별시 구로구 고척2동,11530730,16,16178.936630136986
서울특별시,구로구,고척2동,서울특별시 구로구 고척2동,11530730,17,16426.518849315067
서울특별시,구로구,고척2동,서울특별시 구로구 고척2동,11530730,18,16995.351315068496
서울특별시,구로구,고척2동,서울특별시 구로구 고척2동,11530730,19,17835.460767123288
서울특별시,구로구,고척2동,서울특별시 구로구 고척2동,11530730,20,18495.851561643838
서울특별시,구로구,고척2동,서울특별시 구로구 고척2동,11530730,21,18942.76534246575
서울특별시,구로구,고척2동,서울특별시 구로구 고척2동,11530730,22,19376.359616438356
서울특별시,구로구,고척2동,서울특별시 구로구 고척2동,11530730,23,19617.767643835617
서울특별시,구로구,구로1동,서울특별시 구로구 구로1동,11530520,00,20766.562931506847
서울특별시,구로구,구로1동,서울특별시 구로구 구로1동,11530520,01,20860.756356164384
서울특별시,구로구,구로1동,서울특별시 구로구 구로1동,11530520,02,20971.924520547946
서울특별시,구로구,구로1동,서울특별시 구로구 구로1동,11530520,03,21027.101698630137
서울특별시,구로구,구로1동,서울특별시 구로구 구로1동,11530520,04,21050.2977260274
서울특별시,구로구,구로1동,서울특별시 구로구 구로1동,11530520,05,21057.096054794518
서울특별시,구로구,구로1동,서울특별시 구로구 구로1동,11530520,06,21038.34509589041
서울특별시,구로구,구로1동,서울특별시 구로구 구로1동,11530520,07,20805.020849315068
서울특별시,구로구,구로1동,서울특별시 구로구 구로1동,11530520,08,20121.829397260277
서울특별시,구로구,구로1동,서울특별시 구로구 구로1동,11530520,09,19169.827890410957
서울특별시,구로구,구로1동,서울특별시 구로구 구로1동,11530520,10,18456.289342465756
서울특별시,구로구,구로1동,서울특별시 구로구 구로1동,11530520,11,17937.386246575345
서울특별시,구로구,구로1동,서울특별시 구로구 구로1동,11530520,12,17550.347452054797
서울특별시,구로구,구로1동,서울특별시 구로구 구로1동,11530520,13,17327.532630136986
서울특별시,구로구,구로1동,서울특별시 구로구 구로1동,11530520,14,17202.11808219178
서울특별시,구로구,구로1동,서울특별시 구로구 구로1동,11530520,15,17221.523232876712
서울특별시,구로구,구로1동,서울특별시 구로구 구로1동,11530520,16,17305.35487671233
서울특별시,구로구,구로1동,서울특별시 구로구 구로1동,11530520,17,17478.22005479452
서울특별시,구로구,구로1동,서울특별시 구로구 구로1동,11530520,18,17859.70873972603
서울특별시,구로구,구로1동,서울특별시 구로구 구로1동,11530520,19,18350.17583561644
서울특별시,구로구,구로1동,서울특별시 구로구 구로1동,11530520,20,18875.100109589042
서울특별시,구로구,구로1동,서울특별시 구로구 구로1동,11530520,21,19486.632630136988
서울특별시,구로구,구로1동,서울특별시 구로구 구로1동,11530520,22,20079.10482191781
서울특별시,구로구,구로1동,서울특별시 구로구 구로1동,11530520,23,20359.461315068493
서울특별시,구로구,구로2동,서울특별시 구로구 구로2동,11530530,00,24656.912602739725
서울특별시,구로구,구로2동,서울특별시 구로구 구로2동,11530530,01,24631.228493150687
서울특별시,구로구,구로2동,서울특별시 구로구 구로2동,11530530,02,24721.001643835614
서울특별시,구로구,구로2동,서울특별시 구로구 구로2동,11530530,03,24745.58257534247
서울특별시,구로구,구로2동,서울특별시 구로구 구로2동,11530530,04,24724.872328767124
서울특별시,구로구,구로2동,서울특별시 구로구 구로2동,11530530,05,24679.070575342466
서울특별시,구로구,구로2동,서울특별시 구로구 구로2동,11530530,06,24790.821671232876
서울특별시,구로구,구로2동,서울특별시 구로구 구로2동,11530530,07,26007.261506849314
서울특별시,구로구,구로2동,서울특별시 구로구 구로2동,11530530,08,29064.379671232877
서울특별시,구로구,구로2동,서울특별시 구로구 구로2동,11530530,09,31978.584931506848
서울특별시,구로구,구로2동,서울특별시 구로구 구로2동,11530530,10,33343.89408219178
서울특별시,구로구,구로2동,서울특별시 구로구 구로2동,11530530,11,33853.20506849315
서울특별시,구로구,구로2동,서울특별시 구로구 구로2동,11530530,12,33497.482109589044
서울특별시,구로구,구로2동,서울특별시 구로구 구로2동,11530530,13,33552.86482191781
서울특별시,구로구,구로2동,서울특별시 구로구 구로2동,11530530,14,33757.221917808216
서울특별시,구로구,구로2동,서울특별시 구로구 구로2동,11530530,15,33192.11063013699
서울특별시,구로구,구로2동,서울특별시 구로구 구로2동,11530530,16,32046.05704109589
서울특별시,구로구,구로2동,서울특별시 구로구 구로2동,11530530,17,30419.74761643836
서울특별시,구로구,구로2동,서울특별시 구로구 구로2동,11530530,18,27731.99997260274
서울특별시,구로구,구로2동,서울특별시 구로구 구로2동,11530530,19,25617.497369863013
서울특별시,구로구,구로2동,서울특별시 구로구 구로2동,11530530,20,24949.628739726028
서울특별시,구로구,구로2동,서울특별시 구로구 구로2동,11530530,21,24660.28306849315
서울특별시,구로구,구로2동,서울특별시 구로구 구로2동,11530530,22,24655.242767123287
서울특별시,구로구,구로2동,서울특별시 구로구 구로2동,11530530,23,24596.576493150686
서울특별시,구로구,구로3동,서울특별시 구로구 구로3동,11530540,00,28096.360027397262
서울특별시,구로구,구로3동,서울특별시 구로구 구로3동,11530540,01,27595.874027397258
서울특별시,구로구,구로3동,서울특별시 구로구 구로3동,11530540,02,27208.116657534247
서울특별시,구로구,구로3동,서울특별시 구로구 구로3동,11530540,03,26947.83895890411
서울특별시,구로구,구로3동,서울특별시 구로구 구로3동,11530540,04,26859.5322739726
서울특별시,구로구,구로3동,서울특별시 구로구 구로3동,11530540,05,26959.629999999997
서울특별시,구로구,구로3동,서울특별시 구로구 구로3동,11530540,06,27239.408684931506
서울특별시,구로구,구로3동,서울특별시 구로구 구로3동,11530540,07,29525.726465753425
서울특별시,구로구,구로3동,서울특별시 구로구 구로3동,11530540,08,39442.94030136987
서울특별시,구로구,구로3동,서울특별시 구로구 구로3동,11530540,09,53651.22454794521
서울특별시,구로구,구로3동,서울특별시 구로구 구로3동,11530540,10,60490.428164383564
서울특별시,구로구,구로3동,서울특별시 구로구 구로3동,11530540,11,62991.61309589042
서울특별시,구로구,구로3동,서울특별시 구로구 구로3동,11530540,12,64311.21835616438
서울특별시,구로구,구로3동,서울특별시 구로구 구로3동,11530540,13,65049.9698630137
서울특별시,구로구,구로3동,서울특별시 구로구 구로3동,11530540,14,65278.34660273973
서울특별시,구로구,구로3동,서울특별시 구로구 구로3동,11530540,15,64658.88723287671
서울특별시,구로구,구로3동,서울특별시 구로구 구로3동,11530540,16,63235.81312328767
서울특별시,구로구,구로3동,서울특별시 구로구 구로3동,11530540,17,60865.38969863013
서울특별시,구로구,구로3동,서울특별시 구로구 구로3동,11530540,18,55569.635616438354
서울특별시,구로구,구로3동,서울특별시 구로구 구로3동,11530540,19,46255.32323287671
서울특별시,구로구,구로3동,서울특별시 구로구 구로3동,11530540,20,39430.401945205485
서울특별시,구로구,구로3동,서울특별시 구로구 구로3동,11530540,21,35417.14506849315
서울특별시,구로구,구로3동,서울특별시 구로구 구로3동,11530540,22,32416.918493150686
서울특별시,구로구,구로3동,서울특별시 구로구 구로3동,11530540,23,30364.65295890411
서울특별시,구로구,구로4동,서울특별시 구로구 구로4동,11530550,00,18312.741178082193
서울특별시,구로구,구로4동,서울특별시 구로구 구로4동,11530550,01,18329.765041095892
서울특별시,구로구,구로4동,서울특별시 구로구 구로4동,11530550,02,18358.756630136984
서울특별시,구로구,구로4동,서울특별시 구로구 구로4동,11530550,03,18377.333287671234
서울특별시,구로구,구로4동,서울특별시 구로구 구로4동,11530550,04,18404.867863013696
서울특별시,구로구,구로4동,서울특별시 구로구 구로4동,11530550,05,18350.997095890412
서울특별시,구로구,구로4동,서울특별시 구로구 구로4동,11530550,06,18063.01701369863
서울특별시,구로구,구로4동,서울특별시 구로구 구로4동,11530550,07,17838.805561643836
서울특별시,구로구,구로4동,서울특별시 구로구 구로4동,11530550,08,17589.9798630137
서울특별시,구로구,구로4동,서울특별시 구로구 구로4동,11530550,09,17588.32128767123
서울특별시,구로구,구로4동,서울특별시 구로구 구로4동,11530550,10,17620.64197260274
서울특별시,구로구,구로4동,서울특별시 구로구 구로4동,11530550,11,17739.800794520546
서울특별시,구로구,구로4동,서울특별시 구로구 구로4동,11530550,12,17824.420465753425
서울특별시,구로구,구로4동,서울특별시 구로구 구로4동,11530550,13,17732.054794520547
서울특별시,구로구,구로4동,서울특별시 구로구 구로4동,11530550,14,17744.052547945204
서울특별시,구로구,구로4동,서울특별시 구로구 구로4동,11530550,15,17873.31
서울특별시,구로구,구로4동,서울특별시 구로구 구로4동,11530550,16,18016.61232876712
서울특별시,구로구,구로4동,서울특별시 구로구 구로4동,11530550,17,18050.672767123287
서울특별시,구로구,구로4동,서울특별시 구로구 구로4동,11530550,18,18135.336547945204
서울특별시,구로구,구로4동,서울특별시 구로구 구로4동,11530550,19,18065.97109589041
서울특별시,구로구,구로4동,서울특별시 구로구 구로4동,11530550,20,17927.47583561644
서울특별시,구로구,구로4동,서울특별시 구로구 구로4동,11530550,21,17967.332410958905
서울특별시,구로구,구로4동,서울특별시 구로구 구로4동,11530550,22,18095.281397260274
서울특별시,구로구,구로4동,서울특별시 구로구 구로4동,11530550,23,18217.03583561644
서울특별시,구로구,구로5동,서울특별시 구로구 구로5동,11530560,00,33267.423506849314
서울특별시,구로구,구로5동,서울특별시 구로구 구로5동,11530560,01,33066.34038356164
서울특별시,구로구,구로5동,서울특별시 구로구 구로5동,11530560,02,33064.58463013699
서울특별시,구로구,구로5동,서울특별시 구로구 구로5동,11530560,03,33009.900356164384
서울특별시,구로구,구로5동,서울특별시 구로구 구로5동,11530560,04,33021.372684931506
서울특별시,구로구,구로5동,서울특별시 구로구 구로5동,11530560,05,33015.723698630136
서울특별시,구로구,구로5동,서울특별시 구로구 구로5동,11530560,06,33083.37517808219
서울특별시,구로구,구로5동,서울특별시 구로구 구로5동,11530560,07,33556.169534246575
서울특별시,구로구,구로5동,서울특별시 구로구 구로5동,11530560,08,35387.801041095896
서울특별시,구로구,구로5동,서울특별시 구로구 구로5동,11530560,09,37686.5221369863
서울특별시,구로구,구로5동,서울특별시 구로구 구로5동,11530560,10,39433.82095890411
서울특별시,구로구,구로5동,서울특별시 구로구 구로5동,11530560,11,41680.961315068496
서울특별시,구로구,구로5동,서울특별시 구로구 구로5동,11530560,12,43333.66857534246
서울특별시,구로구,구로5동,서울특별시 구로구 구로5동,11530560,13,44272.70235616438
서울특별시,구로구,구로5동,서울특별시 구로구 구로5동,11530560,14,44586.717369863014
서울특별시,구로구,구로5동,서울특별시 구로구 구로5동,11530560,15,44268.77717808219
서울특별시,구로구,구로5동,서울특별시 구로구 구로5동,11530560,16,43410.659643835614
서울특별시,구로구,구로5동,서울특별시 구로구 구로5동,11530560,17,42449.95156164384
서울특별시,구로구,구로5동,서울특별시 구로구 구로5동,11530560,18,41769.50320547945
서울특별시,구로구,구로5동,서울특별시 구로구 구로5동,11530560,19,40006.492630136985
서울특별시,구로구,구로5동,서울특별시 구로구 구로5동,11530560,20,38076.66178082192
서울특별시,구로구,구로5동,서울특별시 구로구 구로5동,11530560,21,36281.8585479452
서울특별시,구로구,구로5동,서울특별시 구로구 구로5동,11530560,22,34810.699205479454
서울특별시,구로구,구로5동,서울특별시 구로구 구로5동,11530560,23,34013.43931506849
서울특별시,구로구,수궁동,서울특별시 구로구 수궁동,11530790,00,23670.04082191781
서울특별시,구로구,수궁동,서울특별시 구로구 수궁동,11530790,01,23687.07306849315
서울특별시,구로구,수궁동,서울특별시 구로구 수궁동,11530790,02,23770.555452054796
서울특별시,구로구,수궁동,서울특별시 구로구 수궁동,11530790,03,23803.938328767123
서울특별시,구로구,수궁동,서울특별시 구로구 수궁동,11530790,04,23835.004602739726
서울특별시,구로구,수궁동,서울특별시 구로구 수궁동,11530790,05,23885.06208219178
서울특별시,구로구,수궁동,서울특별시 구로구 수궁동,11530790,06,23661.894493150685
서울특별시,구로구,수궁동,서울특별시 구로구 수궁동,11530790,07,24029.546821917807
서울특별시,구로구,수궁동,서울특별시 구로구 수궁동,11530790,08,24030.70978082192
서울특별시,구로구,수궁동,서울특별시 구로구 수궁동,11530790,09,23214.521178082192
서울특별시,구로구,수궁동,서울특별시 구로구 수궁동,11530790,10,22556.369205479452
서울특별시,구로구,수궁동,서울특별시 구로구 수궁동,11530790,11,22153.316575342466
서울특별시,구로구,수궁동,서울특별시 구로구 수궁동,11530790,12,21687.000520547947
서울특별시,구로구,수궁동,서울특별시 구로구 수궁동,11530790,13,21328.316
서울특별시,구로구,수궁동,서울특별시 구로구 수궁동,11530790,14,21129.746986301372
서울특별시,구로구,수궁동,서울특별시 구로구 수궁동,11530790,15,21053.99224657534
서울특별시,구로구,수궁동,서울특별시 구로구 수궁동,11530790,16,21048.24378082192
서울특별시,구로구,수궁동,서울특별시 구로구 수궁동,11530790,17,21013.566602739724
서울특별시,구로구,수궁동,서울특별시 구로구 수궁동,11530790,18,21132.66276712329
서울특별시,구로구,수궁동,서울특별시 구로구 수궁동,11530790,19,21783.146328767125
서울특별시,구로구,수궁동,서울특별시 구로구 수궁동,11530790,20,22338.278767123287
서울특별시,구로구,수궁동,서울특별시 구로구 수궁동,11530790,21,22881.713369863013
서울특별시,구로구,수궁동,서울특별시 구로구 수궁동,11530790,22,23226.81180821918
서울특별시,구로구,수궁동,서울특별시 구로구 수궁동,11530790,23,23498.586767123288
서울특별시,구로구,신도림동,서울특별시 구로구 신도림동,11530510,00,36384.69142465753
서울특별시,구로구,신도림동,서울특별시 구로구 신도림동,11530510,01,36366.22827397261
서울특별시,구로구,신도림동,서울특별시 구로구 신도림동,11530510,02,36430.87460273973
서울특별시,구로구,신도림동,서울특별시 구로구 신도림동,11530510,03,36461.21068493151
서울특별시,구로구,신도림동,서울특별시 구로구 신도림동,11530510,04,36504.36306849315
서울특별시,구로구,신도림동,서울특별시 구로구 신도림동,11530510,05,36636.63293150685
서울특별시,구로구,신도림동,서울특별시 구로구 신도림동,11530510,06,36545.96038356164
서울특별시,구로구,신도림동,서울특별시 구로구 신도림동,11530510,07,36923.28326027397
서울특별시,구로구,신도림동,서울특별시 구로구 신도림동,11530510,08,36480.102
서울특별시,구로구,신도림동,서울특별시 구로구 신도림동,11530510,09,36159.79473972603
서울특별시,구로구,신도림동,서울특별시 구로구 신도림동,11530510,10,36412.58249315069
서울특별시,구로구,신도림동,서울특별시 구로구 신도림동,11530510,11,36957.46983561644
서울특별시,구로구,신도림동,서울특별시 구로구 신도림동,11530510,12,37329.900383561646
서울특별시,구로구,신도림동,서울특별시 구로구 신도림동,11530510,13,37675.58901369863
서울특별시,구로구,신도림동,서울특별시 구로구 신도림동,11530510,14,37899.732109589044
서울특별시,구로구,신도림동,서울특별시 구로구 신도림동,11530510,15,37927.478465753426
서울특별시,구로구,신도림동,서울특별시 구로구 신도림동,11530510,16,38076.545671232874
서울특별시,구로구,신도림동,서울특별시 구로구 신도림동,11530510,17,37953.44186301369
서울특별시,구로구,신도림동,서울특별시 구로구 신도림동,11530510,18,38185.69816438356
서울특별시,구로구,신도림동,서울특별시 구로구 신도림동,11530510,19,37719.63915068493
서울특별시,구로구,신도림동,서울특별시 구로구 신도림동,11530510,20,37073.22345205479
서울특별시,구로구,신도림동,서울특별시 구로구 신도림동,11530510,21,36724.227890410955
서울특별시,구로구,신도림동,서울특별시 구로구 신도림동,11530510,22,36811.32931506849
서울특별시,구로구,신도림동,서울특별시 구로구 신도림동,11530510,23,36700.33284931507
서울특별시,구로구,오류1동,서울특별시 구로구 오류1동,11530770,00,23055.52808219178
서울특별시,구로구,오류1동,서울특별시 구로구 오류1동,11530770,01,23083.703506849313
서울특별시,구로구,오류1동,서울특별시 구로구 오류1동,11530770,02,23066.744657534247
서울특별시,구로구,오류1동,서울특별시 구로구 오류1동,11530770,03,23038.397534246575
서울특별시,구로구,오류1동,서울특별시 구로구 오류1동,11530770,04,22999.53545205479
서울특별시,구로구,오류1동,서울특별시 구로구 오류1동,11530770,05,22937.17183561644
서울특별시,구로구,오류1동,서울특별시 구로구 오류1동,11530770,06,22663.32802739726
서울특별시,구로구,오류1동,서울특별시 구로구 오류1동,11530770,07,22121.69589041096
서울특별시,구로구,오류1동,서울특별시 구로구 오류1동,11530770,08,20757.346301369864
서울특별시,구로구,오류1동,서울특별시 구로구 오류1동,11530770,09,19473.755671232877
서울특별시,구로구,오류1동,서울특별시 구로구 오류1동,11530770,10,19003.7977260274
서울특별시,구로구,오류1동,서울특별시 구로구 오류1동,11530770,11,18744.12389041096
서울특별시,구로구,오류1동,서울특별시 구로구 오류1동,11530770,12,18547.77060273973
서울특별시,구로구,오류1동,서울특별시 구로구 오류1동,11530770,13,18437.855342465755
서울특별시,구로구,오류1동,서울특별시 구로구 오류1동,11530770,14,18433.63890410959
서울특별시,구로구,오류1동,서울특별시 구로구 오류1동,11530770,15,18490.204191780824
서울특별시,구로구,오류1동,서울특별시 구로구 오류1동,11530770,16,18673.668356164384
서울특별시,구로구,오류1동,서울특별시 구로구 오류1동,11530770,17,18943.77726027397
서울특별시,구로구,오류1동,서울특별시 구로구 오류1동,11530770,18,19593.02424657534
서울특별시,구로구,오류1동,서울특별시 구로구 오류1동,11530770,19,20701.580082191784
서울특별시,구로구,오류1동,서울특별시 구로구 오류1동,11530770,20,21370.32290410959
서울특별시,구로구,오류1동,서울특별시 구로구 오류1동,11530770,21,21858.953890410958
서울특별시,구로구,오류1동,서울특별시 구로구 오류1동,11530770,22,22314.617808219176
서울특별시,구로구,오류1동,서울특별시 구로구 오류1동,11530770,23,22725.691150684932
서울특별시,구로구,오류2동,서울특별시 구로구 오류2동,11530780,00,45078.71487671233
서울특별시,구로구,오류2동,서울특별시 구로구 오류2동,11530780,01,45227.823616438356
서울특별시,구로구,오류2동,서울특별시 구로구 오류2동,11530780,02,45294.963945205476
서울특별시,구로구,오류2동,서울특별시 구로구 오류2동,11530780,03,45336.38035616439
서울특별시,구로구,오류2동,서울특별시 구로구 오류2동,11530780,04,45278.45298630137
서울특별시,구로구,오류2동,서울특별시 구로구 오류2동,11530780,05,45220.03873972603
서울특별시,구로구,오류2동,서울특별시 구로구 오류2동,11530780,06,44797.45967123288
서울특별시,구로구,오류2동,서울특별시 구로구 오류2동,11530780,07,44456.01687671233
서울특별시,구로구,오류2동,서울특별시 구로구 오류2동,11530780,08,43447.60221917809
서울특별시,구로구,오류2동,서울특별시 구로구 오류2동,11530780,09,41946.09608219178
서울특별시,구로구,오류2동,서울특별시 구로구 오류2동,11530780,10,40631.20449315069
서울특별시,구로구,오류2동,서울특별시 구로구 오류2동,11530780,11,39568.93235616438
서울특별시,구로구,오류2동,서울특별시 구로구 오류2동,11530780,12,38880.27402739726
서울특별시,구로구,오류2동,서울특별시 구로구 오류2동,11530780,13,38479.56331506849
서울특별시,구로구,오류2동,서울특별시 구로구 오류2동,11530780,14,38385.35778082192
서울특별시,구로구,오류2동,서울특별시 구로구 오류2동,11530780,15,38535.032630136986
서울특별시,구로구,오류2동,서울특별시 구로구 오류2동,11530780,16,38614.82495890411
서울특별시,구로구,오류2동,서울특별시 구로구 오류2동,11530780,17,38601.70367123288
서울특별시,구로구,오류2동,서울특별시 구로구 오류2동,11530780,18,38989.47304109589
서울특별시,구로구,오류2동,서울특별시 구로구 오류2동,11530780,19,40257.50432876712
서울특별시,구로구,오류2동,서울특별시 구로구 오류2동,11530780,20,41312.762356164385
서울특별시,구로구,오류2동,서울특별시 구로구 오류2동,11530780,21,42388.85304109589
서울특별시,구로구,오류2동,서울특별시 구로구 오류2동,11530780,22,43392.46956164384
서울특별시,구로구,오류2동,서울특별시 구로구 오류2동,11530780,23,44168.94493150685
서울특별시,구로구,항동,서울특별시 구로구 항동,11530800,00,11278.006438356164
서울특별시,구로구,항동,서울특별시 구로구 항동,11530800,01,11350.828520547946
서울특별시,구로구,항동,서울특별시 구로구 항동,11530800,02,11482.273369863013
서울특별시,구로구,항동,서울특별시 구로구 항동,11530800,03,11518.259945205478
서울특별시,구로구,항동,서울특별시 구로구 항동,11530800,04,11541.85802739726
서울특별시,구로구,항동,서울특별시 구로구 항동,11530800,05,11509.081643835616
서울특별시,구로구,항동,서울특별시 구로구 항동,11530800,06,11305.933726027397
서울특별시,구로구,항동,서울특별시 구로구 항동,11530800,07,10988.476767123288
서울특별시,구로구,항동,서울특별시 구로구 항동,11530800,08,10343.085342465753
서울특별시,구로구,항동,서울특별시 구로구 항동,11530800,09,9698.343260273972
서울특별시,구로구,항동,서울특별시 구로구 항동,11530800,10,9274.871616438357
서울특별시,구로구,항동,서울특별시 구로구 항동,11530800,11,9033.645397260274
서울특별시,구로구,항동,서울특별시 구로구 항동,11530800,12,8977.360410958903
서울특별시,구로구,항동,서울특별시 구로구 항동,11530800,13,8970.527260273973
서울특별시,구로구,항동,서울특별시 구로구 항동,11530800,14,8992.533726027397
서울특별시,구로구,항동,서울특별시 구로구 항동,11530800,15,9076.359753424658
서울특별시,구로구,항동,서울특별시 구로구 항동,11530800,16,9160.823041095891
서울특별시,구로구,항동,서울특별시 구로구 항동,11530800,17,9209.944876712329
서울특별시,구로구,항동,서울특별시 구로구 항동,11530800,18,9446.969835616439
서울특별시,구로구,항동,서울특별시 구로구 항동,11530800,19,9871.206602739727
서울특별시,구로구,항동,서울특별시 구로구 항동,11530800,20,10228.622630136986
서울특별시,구로구,항동,서울특별시 구로구 항동,11530800,21,10496.811369863013
서울특별시,구로구,항동,서울특별시 구로구 항동,11530800,22,10754.293561643835
서울특별시,구로구,항동,서울특별시 구로구 항동,11530800,23,10928.670821917809
서울특별시,금천구,가산동,서울특별시 금천구 가산동,11545510,00,32921.03731506849
서울특별시,금천구,가산동,서울특별시 금천구 가산동,11545510,01,32536.35063013699
서울특별시,금천구,가산동,서울특별시 금천구 가산동,11545510,02,32363.27594520548
서울특별시,금천구,가산동,서울특별시 금천구 가산동,11545510,03,32270.680794520547
서울특별시,금천구,가산동,서울특별시 금천구 가산동,11545510,04,32331.710273972603
서울특별시,금천구,가산동,서울특별시 금천구 가산동,11545510,05,32818.99969863014
서울특별시,금천구,가산동,서울특별시 금천구 가산동,11545510,06,35097.88816438356
서울특별시,금천구,가산동,서울특별시 금천구 가산동,11545510,07,42100.203753424656
서울특별시,금천구,가산동,서울특별시 금천구 가산동,11545510,08,61677.56356164383
서울특별시,금천구,가산동,서울특별시 금천구 가산동,11545510,09,86184.59802739727
서울특별시,금천구,가산동,서울특별시 금천구 가산동,11545510,10,97590.44553424657
서울특별시,금천구,가산동,서울특별시 금천구 가산동,11545510,11,101730.1389041096
서울특별시,금천구,가산동,서울특별시 금천구 가산동,11545510,12,103508.23430136987
서울특별시,금천구,가산동,서울특별시 금천구 가산동,11545510,13,104554.15408219179
서울특별시,금천구,가산동,서울특별시 금천구 가산동,11545510,14,104738.21312328767
서울특별시,금천구,가산동,서울특별시 금천구 가산동,11545510,15,103522.7866849315
서울특별시,금천구,가산동,서울특별시 금천구 가산동,11545510,16,100666.48216438356
서울특별시,금천구,가산동,서울특별시 금천구 가산동,11545510,17,94798.10016438356
서울특별시,금천구,가산동,서울특별시 금천구 가산동,11545510,18,80824.84684931507
서울특별시,금천구,가산동,서울특별시 금천구 가산동,11545510,19,61356.80273972603
서울특별시,금천구,가산동,서울특별시 금천구 가산동,11545510,20,49306.79230136987
서울특별시,금천구,가산동,서울특별시 금천구 가산동,11545510,21,42403.20424657535
서울특별시,금천구,가산동,서울특별시 금천구 가산동,11545510,22,37858.573726027396
서울특별시,금천구,가산동,서울특별시 금천구 가산동,11545510,23,35337.066
서울특별시,금천구,독산1동,서울특별시 금천구 독산1동,11545610,00,50856.444575342466
서울특별시,금천구,독산1동,서울특별시 금천구 독산1동,11545610,01,51131.54498630138
서울특별시,금천구,독산1동,서울특별시 금천구 독산1동,11545610,02,51331.33473972603
서울특별시,금천구,독산1동,서울특별시 금천구 독산1동,11545610,03,51451.26580821918
서울특별시,금천구,독산1동,서울특별시 금천구 독산1동,11545610,04,51486.34983561644
서울특별시,금천구,독산1동,서울특별시 금천구 독산1동,11545610,05,51440.80704109589
서울특별시,금천구,독산1동,서울특별시 금천구 독산1동,11545610,06,51392.89517808219
서울특별시,금천구,독산1동,서울특별시 금천구 독산1동,11545610,07,51867.034
서울특별시,금천구,독산1동,서울특별시 금천구 독산1동,11545610,08,52082.06523287671
서울특별시,금천구,독산1동,서울특별시 금천구 독산1동,11545610,09,50463.425397260275
서울특별시,금천구,독산1동,서울특별시 금천구 독산1동,11545610,10,49649.98638356165
서울특별시,금천구,독산1동,서울특별시 금천구 독산1동,11545610,11,49314.53389041096
서울특별시,금천구,독산1동,서울특별시 금천구 독산1동,11545610,12,48807.08873972603
서울특별시,금천구,독산1동,서울특별시 금천구 독산1동,11545610,13,48342.35391780822
서울특별시,금천구,독산1동,서울특별시 금천구 독산1동,11545610,14,48151.17695890411
서울특별시,금천구,독산1동,서울특별시 금천구 독산1동,11545610,15,48161.90076712329
서울특별시,금천구,독산1동,서울특별시 금천구 독산1동,11545610,16,48219.77117808219
서울특별시,금천구,독산1동,서울특별시 금천구 독산1동,11545610,17,47981.74769863014
서울특별시,금천구,독산1동,서울특별시 금천구 독산1동,11545610,18,47713.45808219178
서울특별시,금천구,독산1동,서울특별시 금천구 독산1동,11545610,19,47542.64824657534
서울특별시,금천구,독산1동,서울특별시 금천구 독산1동,11545610,20,47672.59676712329
서울특별시,금천구,독산1동,서울특별시 금천구 독산1동,11545610,21,48266.85550684932
서울특별시,금천구,독산1동,서울특별시 금천구 독산1동,11545610,22,49056.88950684932
서울특별시,금천구,독산1동,서울특별시 금천구 독산1동,11545610,23,49783.25939726027
서울특별시,금천구,독산2동,서울특별시 금천구 독산2동,11545620,00,13846.377150684932
서울특별시,금천구,독산2동,서울특별시 금천구 독산2동,11545620,01,13893.30180821918
서울특별시,금천구,독산2동,서울특별시 금천구 독산2동,11545620,02,13930.727534246575
서울특별시,금천구,독산2동,서울특별시 금천구 독산2동,11545620,03,13951.188712328767
서울특별시,금천구,독산2동,서울특별시 금천구 독산2동,11545620,04,13950.255561643837
서울특별시,금천구,독산2동,서울특별시 금천구 독산2동,11545620,05,13865.339726027398
서울특별시,금천구,독산2동,서울특별시 금천구 독산2동,11545620,06,13679.74205479452
서울특별시,금천구,독산2동,서울특별시 금천구 독산2동,11545620,07,13295.854931506849
서울특별시,금천구,독산2동,서울특별시 금천구 독산2동,11545620,08,12444.606630136986
서울특별시,금천구,독산2동,서울특별시 금천구 독산2동,11545620,09,11439.68597260274
서울특별시,금천구,독산2동,서울특별시 금천구 독산2동,11545620,10,10955.887561643836
서울특별시,금천구,독산2동,서울특별시 금천구 독산2동,11545620,11,10720.22101369863
서울특별시,금천구,독산2동,서울특별시 금천구 독산2동,11545620,12,10571.093945205479
서울특별시,금천구,독산2동,서울특별시 금천구 독산2동,11545620,13,10417.813780821918
서울특별시,금천구,독산2동,서울특별시 금천구 독산2동,11545620,14,10329.911589041096
서울특별시,금천구,독산2동,서울특별시 금천구 독산2동,11545620,15,10389.88194520548
서울특별시,금천구,독산2동,서울특별시 금천구 독산2동,11545620,16,10659.756493150686
서울특별시,금천구,독산2동,서울특별시 금천구 독산2동,11545620,17,10941.586739726028
서울특별시,금천구,독산2동,서울특별시 금천구 독산2동,11545620,18,11449.562602739727
서울특별시,금천구,독산2동,서울특별시 금천구 독산2동,11545620,19,12120.108520547947
서울특별시,금천구,독산2동,서울특별시 금천구 독산2동,11545620,20,12603.327342465755
서울특별시,금천구,독산2동,서울특별시 금천구 독산2동,11545620,21,13016.966027397259
서울특별시,금천구,독산2동,서울특별시 금천구 독산2동,11545620,22,13407.080931506849
서울특별시,금천구,독산2동,서울특별시 금천구 독산2동,11545620,23,13645.826547945207
서울특별시,금천구,독산3동,서울특별시 금천구 독산3동,11545630,00,17656.318520547946
서울특별시,금천구,독산3동,서울특별시 금천구 독산3동,11545630,01,17702.484219178084
서울특별시,금천구,독산3동,서울특별시 금천구 독산3동,11545630,02,17756.596602739726
서울특별시,금천구,독산3동,서울특별시 금천구 독산3동,11545630,03,17794.169479452055
서울특별시,금천구,독산3동,서울특별시 금천구 독산3동,11545630,04,17808.8058630137
서울특별시,금천구,독산3동,서울특별시 금천구 독산3동,11545630,05,17738.91591780822
서울특별시,금천구,독산3동,서울특별시 금천구 독산3동,11545630,06,17570.56131506849
서울특별시,금천구,독산3동,서울특별시 금천구 독산3동,11545630,07,17333.662082191782
서울특별시,금천구,독산3동,서울특별시 금천구 독산3동,11545630,08,16763.90882191781
서울특별시,금천구,독산3동,서울특별시 금천구 독산3동,11545630,09,15796.871561643837
서울특별시,금천구,독산3동,서울특별시 금천구 독산3동,11545630,10,15188.438520547945
서울특별시,금천구,독산3동,서울특별시 금천구 독산3동,11545630,11,14906.40191780822
서울특별시,금천구,독산3동,서울특별시 금천구 독산3동,11545630,12,14700.411260273973
서울특별시,금천구,독산3동,서울특별시 금천구 독산3동,11545630,13,14512.802410958904
서울특별시,금천구,독산3동,서울특별시 금천구 독산3동,11545630,14,14396.325232876712
서울특별시,금천구,독산3동,서울특별시 금천구 독산3동,11545630,15,14391.941890410959
서울특별시,금천구,독산3동,서울특별시 금천구 독산3동,11545630,16,14459.715616438356
서울특별시,금천구,독산3동,서울특별시 금천구 독산3동,11545630,17,14589.68991780822
서울특별시,금천구,독산3동,서울특별시 금천구 독산3동,11545630,18,15054.977342465754
서울특별시,금천구,독산3동,서울특별시 금천구 독산3동,11545630,19,15702.981342465755
서울특별시,금천구,독산3동,서울특별시 금천구 독산3동,11545630,20,16255.516931506849
서울특별시,금천구,독산3동,서울특별시 금천구 독산3동,11545630,21,16730.206767123287
서울특별시,금천구,독산3동,서울특별시 금천구 독산3동,11545630,22,17160.829534246575
서울특별시,금천구,독산3동,서울특별시 금천구 독산3동,11545630,23,17427.42745205479
서울특별시,금천구,독산4동,서울특별시 금천구 독산4동,11545640,00,16153.29901369863
서울특별시,금천구,독산4동,서울특별시 금천구 독산4동,11545640,01,16124.492191780822
서울특별시,금천구,독산4동,서울특별시 금천구 독산4동,11545640,02,16095.770520547945
서울특별시,금천구,독산4동,서울특별시 금천구 독산4동,11545640,03,16051.70397260274
서울특별시,금천구,독산4동,서울특별시 금천구 독산4동,11545640,04,16010.443890410957
서울특별시,금천구,독산4동,서울특별시 금천구 독산4동,11545640,05,15912.225643835618
서울특별시,금천구,독산4동,서울특별시 금천구 독산4동,11545640,06,15649.742438356165
서울특별시,금천구,독산4동,서울특별시 금천구 독산4동,11545640,07,15470.38087671233
서울특별시,금천구,독산4동,서울특별시 금천구 독산4동,11545640,08,14988.187835616438
서울특별시,금천구,독산4동,서울특별시 금천구 독산4동,11545640,09,14753.748520547944
서울특별시,금천구,독산4동,서울특별시 금천구 독산4동,11545640,10,14678.743013698631
서울특별시,금천구,독산4동,서울특별시 금천구 독산4동,11545640,11,14669.18994520548
서울특별시,금천구,독산4동,서울특별시 금천구 독산4동,11545640,12,14630.093095890412
서울특별시,금천구,독산4동,서울특별시 금천구 독산4동,11545640,13,14454.297397260274
서울특별시,금천구,독산4동,서울특별시 금천구 독산4동,11545640,14,14392.194054794521
서울특별시,금천구,독산4동,서울특별시 금천구 독산4동,11545640,15,14475.195205479453
서울특별시,금천구,독산4동,서울특별시 금천구 독산4동,11545640,16,14682.062438356164
서울특별시,금천구,독산4동,서울특별시 금천구 독산4동,11545640,17,14868.05682191781
서울특별시,금천구,독산4동,서울특별시 금천구 독산4동,11545640,18,15235.005342465754
서울특별시,금천구,독산4동,서울특별시 금천구 독산4동,11545640,19,15690.86602739726
서울특별시,금천구,독산4동,서울특별시 금천구 독산4동,11545640,20,15865.03605479452
서울특별시,금천구,독산4동,서울특별시 금천구 독산4동,11545640,21,15945.492410958905
서울특별시,금천구,독산4동,서울특별시 금천구 독산4동,11545640,22,16028.55191780822
서울특별시,금천구,독산4동,서울특별시 금천구 독산4동,11545640,23,16080.09797260274
서울특별시,금천구,시흥1동,서울특별시 금천구 시흥1동,11545670,00,31897.697561643836
서울특별시,금천구,시흥1동,서울특별시 금천구 시흥1동,11545670,01,31862.100520547945
서울특별시,금천구,시흥1동,서울특별시 금천구 시흥1동,11545670,02,31815.751616438356
서울특별시,금천구,시흥1동,서울특별시 금천구 시흥1동,11545670,03,31768.161342465755
서울특별시,금천구,시흥1동,서울특별시 금천구 시흥1동,11545670,04,31720.926164383563
서울특별시,금천구,시흥1동,서울특별시 금천구 시흥1동,11545670,05,31631.478849315066
서울특별시,금천구,시흥1동,서울특별시 금천구 시흥1동,11545670,06,31568.092383561645
서울특별시,금천구,시흥1동,서울특별시 금천구 시흥1동,11545670,07,31607.840657534245
서울특별시,금천구,시흥1동,서울특별시 금천구 시흥1동,11545670,08,32026.330410958904
서울특별시,금천구,시흥1동,서울특별시 금천구 시흥1동,11545670,09,32599.281041095892
서울특별시,금천구,시흥1동,서울특별시 금천구 시흥1동,11545670,10,32903.09252054794
서울특별시,금천구,시흥1동,서울특별시 금천구 시흥1동,11545670,11,33097.23630136986
서울특별시,금천구,시흥1동,서울특별시 금천구 시흥1동,11545670,12,33057.42915068493
서울특별시,금천구,시흥1동,서울특별시 금천구 시흥1동,11545670,13,33213.93002739726
서울특별시,금천구,시흥1동,서울특별시 금천구 시흥1동,11545670,14,33193.16312328767
서울특별시,금천구,시흥1동,서울특별시 금천구 시흥1동,11545670,15,33030.731452054795
서울특별시,금천구,시흥1동,서울특별시 금천구 시흥1동,11545670,16,32934.162328767125
서울특별시,금천구,시흥1동,서울특별시 금천구 시흥1동,11545670,17,32915.20742465753
서울특별시,금천구,시흥1동,서울특별시 금천구 시흥1동,11545670,18,32820.74457534246
서울특별시,금천구,시흥1동,서울특별시 금천구 시흥1동,11545670,19,32704.40791780822
서울특별시,금천구,시흥1동,서울특별시 금천구 시흥1동,11545670,20,32592.388767123288
서울특별시,금천구,시흥1동,서울특별시 금천구 시흥1동,11545670,21,32386.84701369863
서울특별시,금천구,시흥1동,서울특별시 금천구 시흥1동,11545670,22,32004.441287671234
서울특별시,금천구,시흥1동,서울특별시 금천구 시흥1동,11545670,23,31953.490465753424
서울특별시,금천구,시흥2동,서울특별시 금천구 시흥2동,11545680,00,21031.94912328767
서울특별시,금천구,시흥2동,서울특별시 금천구 시흥2동,11545680,01,21111.327013698632
서울특별시,금천구,시흥2동,서울특별시 금천구 시흥2동,11545680,02,21173.577397260273
서울특별시,금천구,시흥2동,서울특별시 금천구 시흥2동,11545680,03,21207.804136986302
서울특별시,금천구,시흥2동,서울특별시 금천구 시흥2동,11545680,04,21189.338136986302
서울특별시,금천구,시흥2동,서울특별시 금천구 시흥2동,11545680,05,21058.201178082192
서울특별시,금천구,시흥2동,서울특별시 금천구 시흥2동,11545680,06,20808.38619178082
서울특별시,금천구,시흥2동,서울특별시 금천구 시흥2동,11545680,07,20374.720465753424
서울특별시,금천구,시흥2동,서울특별시 금천구 시흥2동,11545680,08,19433.06816438356
서울특별시,금천구,시흥2동,서울특별시 금천구 시흥2동,11545680,09,18012.123315068493
서울특별시,금천구,시흥2동,서울특별시 금천구 시흥2동,11545680,10,17110.197397260272
서울특별시,금천구,시흥2동,서울특별시 금천구 시흥2동,11545680,11,16532.326493150686
서울특별시,금천구,시흥2동,서울특별시 금천구 시흥2동,11545680,12,16047.799424657534
서울특별시,금천구,시흥2동,서울특별시 금천구 시흥2동,11545680,13,15720.668520547944
서울특별시,금천구,시흥2동,서울특별시 금천구 시흥2동,11545680,14,15597.264739726028
서울특별시,금천구,시흥2동,서울특별시 금천구 시흥2동,11545680,15,15676.76002739726
서울특별시,금천구,시흥2동,서울특별시 금천구 시흥2동,11545680,16,15918.99304109589
서울특별시,금천구,시흥2동,서울특별시 금천구 시흥2동,11545680,17,16294.20090410959
서울특별시,금천구,시흥2동,서울특별시 금천구 시흥2동,11545680,18,16931.02002739726
서울특별시,금천구,시흥2동,서울특별시 금천구 시흥2동,11545680,19,17893.40684931507
서울특별시,금천구,시흥2동,서울특별시 금천구 시흥2동,11545680,20,18720.235506849316
서울특별시,금천구,시흥2동,서울특별시 금천구 시흥2동,11545680,21,19489.567260273972
서울특별시,금천구,시흥2동,서울특별시 금천구 시흥2동,11545680,22,20139.37010958904
서울특별시,금천구,시흥2동,서울특별시 금천구 시흥2동,11545680,23,20633.26928767123
서울특별시,금천구,시흥3동,서울특별시 금천구 시흥3동,11545690,00,12134.745835616439
서울특별시,금천구,시흥3동,서울특별시 금천구 시흥3동,11545690,01,12187.655863013697
서울특별시,금천구,시흥3동,서울특별시 금천구 시흥3동,11545690,02,12284.457726027398
서울특별시,금천구,시흥3동,서울특별시 금천구 시흥3동,11545690,03,12288.934465753426
서울특별시,금천구,시흥3동,서울특별시 금천구 시흥3동,11545690,04,12291.411863013698
서울특별시,금천구,시흥3동,서울특별시 금천구 시흥3동,11545690,05,12282.567232876712
서울특별시,금천구,시흥3동,서울특별시 금천구 시흥3동,11545690,06,11896.304602739725
서울특별시,금천구,시흥3동,서울특별시 금천구 시흥3동,11545690,07,11929.224328767123
서울특별시,금천구,시흥3동,서울특별시 금천구 시흥3동,11545690,08,12403.20191780822
서울특별시,금천구,시흥3동,서울특별시 금천구 시흥3동,11545690,09,12576.23476712329
서울특별시,금천구,시흥3동,서울특별시 금천구 시흥3동,11545690,10,12534.137479452054
서울특별시,금천구,시흥3동,서울특별시 금천구 시흥3동,11545690,11,12430.412958904111
서울특별시,금천구,시흥3동,서울특별시 금천구 시흥3동,11545690,12,12303.848794520547
서울특별시,금천구,시흥3동,서울특별시 금천구 시흥3동,11545690,13,12221.993506849314
서울특별시,금천구,시흥3동,서울특별시 금천구 시흥3동,11545690,14,12187.700136986301
서울특별시,금천구,시흥3동,서울특별시 금천구 시흥3동,11545690,15,12150.314
서울특별시,금천구,시흥3동,서울특별시 금천구 시흥3동,11545690,16,12074.30402739726
서울특별시,금천구,시흥3동,서울특별시 금천구 시흥3동,11545690,17,11843.530273972603
서울특별시,금천구,시흥3동,서울특별시 금천구 시흥3동,11545690,18,11397.522657534246
서울특별시,금천구,시흥3동,서울특별시 금천구 시흥3동,11545690,19,11170.77005479452
서울특별시,금천구,시흥3동,서울특별시 금천구 시흥3동,11545690,20,11217.925232876712
서울특별시,금천구,시흥3동,서울특별시 금천구 시흥3동,11545690,21,11374.681342465754
서울특별시,금천구,시흥3동,서울특별시 금천구 시흥3동,11545690,22,11574.52509589041
서울특별시,금천구,시흥3동,서울특별시 금천구 시흥3동,11545690,23,11622.107068493151
서울특별시,금천구,시흥4동,서울특별시 금천구 시흥4동,11545700,00,21006.762876712328
서울특별시,금천구,시흥4동,서울특별시 금천구 시흥4동,11545700,01,21105.611150684934
서울특별시,금천구,시흥4동,서울특별시 금천구 시흥4동,11545700,02,21214.090493150685
서울특별시,금천구,시흥4동,서울특별시 금천구 시흥4동,11545700,03,21275.986904109588
서울특별시,금천구,시흥4동,서울특별시 금천구 시흥4동,11545700,04,21268.861561643836
서울특별시,금천구,시흥4동,서울특별시 금천구 시흥4동,11545700,05,21109.771205479454
서울특별시,금천구,시흥4동,서울특별시 금천구 시흥4동,11545700,06,20635.246109589043
서울특별시,금천구,시흥4동,서울특별시 금천구 시흥4동,11545700,07,19960.87506849315
서울특별시,금천구,시흥4동,서울특별시 금천구 시흥4동,11545700,08,18657.662465753423
서울특별시,금천구,시흥4동,서울특별시 금천구 시흥4동,11545700,09,17502.00421917808
서울특별시,금천구,시흥4동,서울특별시 금천구 시흥4동,11545700,10,16767.78898630137
서울특별시,금천구,시흥4동,서울특별시 금천구 시흥4동,11545700,11,16400.86016438356
서울특별시,금천구,시흥4동,서울특별시 금천구 시흥4동,11545700,12,16226.23304109589
서울특별시,금천구,시흥4동,서울특별시 금천구 시흥4동,11545700,13,15987.990328767122
서울특별시,금천구,시흥4동,서울특별시 금천구 시흥4동,11545700,14,15898.109205479454
서울특별시,금천구,시흥4동,서울특별시 금천구 시흥4동,11545700,15,15975.737315068494
서울특별시,금천구,시흥4동,서울특별시 금천구 시흥4동,11545700,16,16270.548876712328
서울특별시,금천구,시흥4동,서울특별시 금천구 시흥4동,11545700,17,16725.75421917808
서울특별시,금천구,시흥4동,서울특별시 금천구 시흥4동,11545700,18,17373.13895890411
서울특별시,금천구,시흥4동,서울특별시 금천구 시흥4동,11545700,19,18279.49394520548
서울특별시,금천구,시흥4동,서울특별시 금천구 시흥4동,11545700,20,18939.017342465755
서울특별시,금천구,시흥4동,서울특별시 금천구 시흥4동,11545700,21,19583.052739726027
서울특별시,금천구,시흥4동,서울특별시 금천구 시흥4동,11545700,22,20178.596547945206
서울특별시,금천구,시흥4동,서울특별시 금천구 시흥4동,11545700,23,20570.373972602738
서울특별시,금천구,시흥5동,서울특별시 금천구 시흥5동,11545710,00,15131.587479452053
서울특별시,금천구,시흥5동,서울특별시 금천구 시흥5동,11545710,01,15145.044356164384
서울특별시,금천구,시흥5동,서울특별시 금천구 시흥5동,11545710,02,15166.843232876712
서울특별시,금천구,시흥5동,서울특별시 금천구 시흥5동,11545710,03,15183.570356164382
서울특별시,금천구,시흥5동,서울특별시 금천구 시흥5동,11545710,04,15208.797178082192
서울특별시,금천구,시흥5동,서울특별시 금천구 시흥5동,11545710,05,15109.421835616438
서울특별시,금천구,시흥5동,서울특별시 금천구 시흥5동,11545710,06,14755.952356164384
서울특별시,금천구,시흥5동,서울특별시 금천구 시흥5동,11545710,07,14378.650684931506
서울특별시,금천구,시흥5동,서울특별시 금천구 시흥5동,11545710,08,13576.870767123288
서울특별시,금천구,시흥5동,서울특별시 금천구 시흥5동,11545710,09,12974.67602739726
서울특별시,금천구,시흥5동,서울특별시 금천구 시흥5동,11545710,10,12680.861150684932
서울특별시,금천구,시흥5동,서울특별시 금천구 시흥5동,11545710,11,12533.686821917809
서울특별시,금천구,시흥5동,서울특별시 금천구 시흥5동,11545710,12,12543.858821917807
서울특별시,금천구,시흥5동,서울특별시 금천구 시흥5동,11545710,13,12490.079452054795
서울특별시,금천구,시흥5동,서울특별시 금천구 시흥5동,11545710,14,12511.759369863013
서울특별시,금천구,시흥5동,서울특별시 금천구 시흥5동,11545710,15,12683.667863013698
서울특별시,금천구,시흥5동,서울특별시 금천구 시흥5동,11545710,16,12982.083835616437
서울특별시,금천구,시흥5동,서울특별시 금천구 시흥5동,11545710,17,13253.702438356164
서울특별시,금천구,시흥5동,서울특별시 금천구 시흥5동,11545710,18,13606.625205479453
서울특별시,금천구,시흥5동,서울특별시 금천구 시흥5동,11545710,19,14102.835123287672
서울특별시,금천구,시흥5동,서울특별시 금천구 시흥5동,11545710,20,14419.653369863016
서울특별시,금천구,시흥5동,서울특별시 금천구 시흥5동,11545710,21,14671.254520547946
서울특별시,금천구,시흥5동,서울특별시 금천구 시흥5동,11545710,22,14819.809726027397
서울특별시,금천구,시흥5동,서울특별시 금천구 시흥5동,11545710,23,14897.041397260275
서울특별시,노원구,공릉1동,서울특별시 노원구 공릉1동,11350595,00,39906.11208219178
서울특별시,노원구,공릉1동,서울특별시 노원구 공릉1동,11350595,01,39872.918219178086
서울특별시,노원구,공릉1동,서울특별시 노원구 공릉1동,11350595,02,39808.65819178082
서울특별시,노원구,공릉1동,서울특별시 노원구 공릉1동,11350595,03,39737.969397260276
서울특별시,노원구,공릉1동,서울특별시 노원구 공릉1동,11350595,04,39696.63967123288
서울특별시,노원구,공릉1동,서울특별시 노원구 공릉1동,11350595,05,39727.844739726024
서울특별시,노원구,공릉1동,서울특별시 노원구 공릉1동,11350595,06,39536.29073972603
서울특별시,노원구,공릉1동,서울특별시 노원구 공릉1동,11350595,07,39298.02178082192
서울특별시,노원구,공릉1동,서울특별시 노원구 공릉1동,11350595,08,38771.33109589041
서울특별시,노원구,공릉1동,서울특별시 노원구 공릉1동,11350595,09,38226.50884931507
서울특별시,노원구,공릉1동,서울특별시 노원구 공릉1동,11350595,10,38119.90465753424
서울특별시,노원구,공릉1동,서울특별시 노원구 공릉1동,11350595,11,38292.95668493151
서울특별시,노원구,공릉1동,서울특별시 노원구 공릉1동,11350595,12,38567.74882191781
서울특별시,노원구,공릉1동,서울특별시 노원구 공릉1동,11350595,13,38288.29452054795
서울특별시,노원구,공릉1동,서울특별시 노원구 공릉1동,11350595,14,38050.515671232875
서울특별시,노원구,공릉1동,서울특별시 노원구 공릉1동,11350595,15,38081.70268493151
서울특별시,노원구,공릉1동,서울특별시 노원구 공릉1동,11350595,16,38296.599972602744
서울특별시,노원구,공릉1동,서울특별시 노원구 공릉1동,11350595,17,38688.15975342466
서울특별시,노원구,공릉1동,서울특별시 노원구 공릉1동,11350595,18,39335.07673972603
서울특별시,노원구,공릉1동,서울특별시 노원구 공릉1동,11350595,19,40028.51320547945
서울특별시,노원구,공릉1동,서울특별시 노원구 공릉1동,11350595,20,40137.735561643836
서울특별시,노원구,공릉1동,서울특별시 노원구 공릉1동,11350595,21,40067.95194520548
서울특별시,노원구,공릉1동,서울특별시 노원구 공릉1동,11350595,22,40183.72309589041
서울특별시,노원구,공릉1동,서울특별시 노원구 공릉1동,11350595,23,40299.852164383556
서울특별시,노원구,공릉2동,서울특별시 노원구 공릉2동,11350600,00,48010.65515068493
서울특별시,노원구,공릉2동,서울특별시 노원구 공릉2동,11350600,01,47958.29747945205
서울특별시,노원구,공릉2동,서울특별시 노원구 공릉2동,11350600,02,47939.64887671233
서울특별시,노원구,공릉2동,서울특별시 노원구 공릉2동,11350600,03,47925.365260273975
서울특별시,노원구,공릉2동,서울특별시 노원구 공릉2동,11350600,04,47898.43287671233
서울특별시,노원구,공릉2동,서울특별시 노원구 공릉2동,11350600,05,47978.64306849315
서울특별시,노원구,공릉2동,서울특별시 노원구 공릉2동,11350600,06,48205.22268493151
서울특별시,노원구,공릉2동,서울특별시 노원구 공릉2동,11350600,07,48640.96619178082
서울특별시,노원구,공릉2동,서울특별시 노원구 공릉2동,11350600,08,50127.556109589044
서울특별시,노원구,공릉2동,서울특별시 노원구 공릉2동,11350600,09,50666.93030136986
서울특별시,노원구,공릉2동,서울특별시 노원구 공릉2동,11350600,10,51645.38079452054
서울특별시,노원구,공릉2동,서울특별시 노원구 공릉2동,11350600,11,51921.8344109589
서울특별시,노원구,공릉2동,서울특별시 노원구 공릉2동,11350600,12,51581.424191780825
서울특별시,노원구,공릉2동,서울특별시 노원구 공릉2동,11350600,13,51786.40369863014
서울특별시,노원구,공릉2동,서울특별시 노원구 공릉2동,11350600,14,51958.566191780825
서울특별시,노원구,공릉2동,서울특별시 노원구 공릉2동,11350600,15,51420.92983561644
서울특별시,노원구,공릉2동,서울특별시 노원구 공릉2동,11350600,16,50185.32136986301
서울특별시,노원구,공릉2동,서울특별시 노원구 공릉2동,11350600,17,48720.37449315069
서울특별시,노원구,공릉2동,서울특별시 노원구 공릉2동,11350600,18,47560.93498630137
서울특별시,노원구,공릉2동,서울특별시 노원구 공릉2동,11350600,19,47635.64802739726
서울특별시,노원구,공릉2동,서울특별시 노원구 공릉2동,11350600,20,47831.98717808219
서울특별시,노원구,공릉2동,서울특별시 노원구 공릉2동,11350600,21,47708.18994520547
서울특별시,노원구,공릉2동,서울특별시 노원구 공릉2동,11350600,22,47773.63068493151
서울특별시,노원구,공릉2동,서울특별시 노원구 공릉2동,11350600,23,47866.72682191781
서울특별시,노원구,상계10동,서울특별시 노원구 상계10동,11350720,00,17733.259452054794
서울특별시,노원구,상계10동,서울특별시 노원구 상계10동,11350720,01,17640.11679452055
서울특별시,노원구,상계10동,서울특별시 노원구 상계10동,11350720,02,17597.355808219178
서울특별시,노원구,상계10동,서울특별시 노원구 상계10동,11350720,03,17610.300410958906
서울특별시,노원구,상계10동,서울특별시 노원구 상계10동,11350720,04,17608.030712328768
서울특별시,노원구,상계10동,서울특별시 노원구 상계10동,11350720,05,17592.331369863015
서울특별시,노원구,상계10동,서울특별시 노원구 상계10동,11350720,06,17487.103534246577
서울특별시,노원구,상계10동,서울특별시 노원구 상계10동,11350720,07,17375.733808219178
서울특별시,노원구,상계10동,서울특별시 노원구 상계10동,11350720,08,16945.481342465755
서울특별시,노원구,상계10동,서울특별시 노원구 상계10동,11350720,09,16035.072410958903
서울특별시,노원구,상계10동,서울특별시 노원구 상계10동,11350720,10,15666.821808219178
서울특별시,노원구,상계10동,서울특별시 노원구 상계10동,11350720,11,15566.775506849313
서울특별시,노원구,상계10동,서울특별시 노원구 상계10동,11350720,12,15502.745972602741
서울특별시,노원구,상계10동,서울특별시 노원구 상계10동,11350720,13,15534.260657534245
서울특별시,노원구,상계10동,서울특별시 노원구 상계10동,11350720,14,15597.056849315068
서울특별시,노원구,상계10동,서울특별시 노원구 상계10동,11350720,15,15626.202219178082
서울특별시,노원구,상계10동,서울특별시 노원구 상계10동,11350720,16,15580.738739726026
서울특별시,노원구,상계10동,서울특별시 노원구 상계10동,11350720,17,15647.541315068493
서울특별시,노원구,상계10동,서울특별시 노원구 상계10동,11350720,18,15887.96597260274
서울특별시,노원구,상계10동,서울특별시 노원구 상계10동,11350720,19,16536.835753424657
서울특별시,노원구,상계10동,서울특별시 노원구 상계10동,11350720,20,16988.216301369863
서울특별시,노원구,상계10동,서울특별시 노원구 상계10동,11350720,21,17304.27282191781
서울특별시,노원구,상계10동,서울특별시 노원구 상계10동,11350720,22,17584.496301369865
서울특별시,노원구,상계10동,서울특별시 노원구 상계10동,11350720,23,17795.984520547943
서울특별시,노원구,상계1동,서울특별시 노원구 상계1동,11350630,00,41584.87010958904
서울특별시,노원구,상계1동,서울특별시 노원구 상계1동,11350630,01,41854.209315068496
서울특별시,노원구,상계1동,서울특별시 노원구 상계1동,11350630,02,42047.37509589041
서울특별시,노원구,상계1동,서울특별시 노원구 상계1동,11350630,03,42085.422301369865
서울특별시,노원구,상계1동,서울특별시 노원구 상계1동,11350630,04,42075.6074520548
서울특별시,노원구,상계1동,서울특별시 노원구 상계1동,11350630,05,41945.086767123285
서울특별시,노원구,상계1동,서울특별시 노원구 상계1동,11350630,06,41377.35024657534
서울특별시,노원구,상계1동,서울특별시 노원구 상계1동,11350630,07,40513.15923287671
서울특별시,노원구,상계1동,서울특별시 노원구 상계1동,11350630,08,39121.54882191781
서울특별시,노원구,상계1동,서울특별시 노원구 상계1동,11350630,09,37397.88380821918
서울특별시,노원구,상계1동,서울특별시 노원구 상계1동,11350630,10,36558.60249315068
서울특별시,노원구,상계1동,서울특별시 노원구 상계1동,11350630,11,36267.81780821918
서울특별시,노원구,상계1동,서울특별시 노원구 상계1동,11350630,12,36414.94849315068
서울특별시,노원구,상계1동,서울특별시 노원구 상계1동,11350630,13,36217.19350684932
서울특별시,노원구,상계1동,서울특별시 노원구 상계1동,11350630,14,35830.611150684934
서울특별시,노원구,상계1동,서울특별시 노원구 상계1동,11350630,15,35705.18671232877
서울특별시,노원구,상계1동,서울특별시 노원구 상계1동,11350630,16,35886.96852054795
서울특별시,노원구,상계1동,서울특별시 노원구 상계1동,11350630,17,36462.715808219175
서울특별시,노원구,상계1동,서울특별시 노원구 상계1동,11350630,18,37324.516328767124
서울특별시,노원구,상계1동,서울특별시 노원구 상계1동,11350630,19,38582.71712328767
서울특별시,노원구,상계1동,서울특별시 노원구 상계1동,11350630,20,39312.7762739726
서울특별시,노원구,상계1동,서울특별시 노원구 상계1동,11350630,21,39795.95857534247
서울특별시,노원구,상계1동,서울특별시 노원구 상계1동,11350630,22,40357.10076712329
서울특별시,노원구,상계1동,서울특별시 노원구 상계1동,11350630,23,40803.36775342466
서울특별시,노원구,상계2동,서울특별시 노원구 상계2동,11350640,00,25142.697863013702
서울특별시,노원구,상계2동,서울특별시 노원구 상계2동,11350640,01,24739.425534246577
서울특별시,노원구,상계2동,서울특별시 노원구 상계2동,11350640,02,24182.856684931507
서울특별시,노원구,상계2동,서울특별시 노원구 상계2동,11350640,03,23763.40210958904
서울특별시,노원구,상계2동,서울특별시 노원구 상계2동,11350640,04,23520.25120547945
서울특별시,노원구,상계2동,서울특별시 노원구 상계2동,11350640,05,23468.344301369863
서울특별시,노원구,상계2동,서울특별시 노원구 상계2동,11350640,06,23065.854465753426
서울특별시,노원구,상계2동,서울특별시 노원구 상계2동,11350640,07,22697.422630136985
서울특별시,노원구,상계2동,서울특별시 노원구 상계2동,11350640,08,22592.48210958904
서울특별시,노원구,상계2동,서울특별시 노원구 상계2동,11350640,09,23830.35504109589
서울특별시,노원구,상계2동,서울특별시 노원구 상계2동,11350640,10,25371.69169863014
서울특별시,노원구,상계2동,서울특별시 노원구 상계2동,11350640,11,26923.36717808219
서울특별시,노원구,상계2동,서울특별시 노원구 상계2동,11350640,12,27959.120438356167
서울특별시,노원구,상계2동,서울특별시 노원구 상계2동,11350640,13,28334.006712328766
서울특별시,노원구,상계2동,서울특별시 노원구 상계2동,11350640,14,28554.729972602738
서울특별시,노원구,상계2동,서울특별시 노원구 상계2동,11350640,15,28600.58756164384
서울특별시,노원구,상계2동,서울특별시 노원구 상계2동,11350640,16,28778.941506849314
서울특별시,노원구,상계2동,서울특별시 노원구 상계2동,11350640,17,29299.83106849315
서울특별시,노원구,상계2동,서울특별시 노원구 상계2동,11350640,18,30365.581506849314
서울특별시,노원구,상계2동,서울특별시 노원구 상계2동,11350640,19,31299.030438356163
서울특별시,노원구,상계2동,서울특별시 노원구 상계2동,11350640,20,30880.174410958905
서울특별시,노원구,상계2동,서울특별시 노원구 상계2동,11350640,21,29617.31389041096
서울특별시,노원구,상계2동,서울특별시 노원구 상계2동,11350640,22,28079.59079452055
서울특별시,노원구,상계2동,서울특별시 노원구 상계2동,11350640,23,26740.81306849315
서울특별시,노원구,상계3.4동,서울특별시 노원구 상계3.4동,11350665,00,30451.367945205482
서울특별시,노원구,상계3.4동,서울특별시 노원구 상계3.4동,11350665,01,30640.122301369865
서울특별시,노원구,상계3.4동,서울특별시 노원구 상계3.4동,11350665,02,30736.597178082193
서울특별시,노원구,상계3.4동,서울특별시 노원구 상계3.4동,11350665,03,30789.35589041096
서울특별시,노원구,상계3.4동,서울특별시 노원구 상계3.4동,11350665,04,30819.685835616438
서울특별시,노원구,상계3.4동,서울특별시 노원구 상계3.4동,11350665,05,30721.66402739726
서울특별시,노원구,상계3.4동,서울특별시 노원구 상계3.4동,11350665,06,30392.63295890411
서울특별시,노원구,상계3.4동,서울특별시 노원구 상계3.4동,11350665,07,29652.850931506848
서울특별시,노원구,상계3.4동,서울특별시 노원구 상계3.4동,11350665,08,28122.145369863014
서울특별시,노원구,상계3.4동,서울특별시 노원구 상계3.4동,11350665,09,26628.668246575344
서울특별시,노원구,상계3.4동,서울특별시 노원구 상계3.4동,11350665,10,25848.499616438356
서울특별시,노원구,상계3.4동,서울특별시 노원구 상계3.4동,11350665,11,25233.65326027397
서울특별시,노원구,상계3.4동,서울특별시 노원구 상계3.4동,11350665,12,24807.437095890415
서울특별시,노원구,상계3.4동,서울특별시 노원구 상계3.4동,11350665,13,24510.258383561646
서울특별시,노원구,상계3.4동,서울특별시 노원구 상계3.4동,11350665,14,24340.49794520548
서울특별시,노원구,상계3.4동,서울특별시 노원구 상계3.4동,11350665,15,24399.602547945204
서울특별시,노원구,상계3.4동,서울특별시 노원구 상계3.4동,11350665,16,24674.413671232876
서울특별시,노원구,상계3.4동,서울특별시 노원구 상계3.4동,11350665,17,24967.81035616438
서울특별시,노원구,상계3.4동,서울특별시 노원구 상계3.4동,11350665,18,25568.248301369866
서울특별시,노원구,상계3.4동,서울특별시 노원구 상계3.4동,11350665,19,26514.894493150685
서울특별시,노원구,상계3.4동,서울특별시 노원구 상계3.4동,11350665,20,27344.58424657534
서울특별시,노원구,상계3.4동,서울특별시 노원구 상계3.4동,11350665,21,28163.365232876713
서울특별시,노원구,상계3.4동,서울특별시 노원구 상계3.4동,11350665,22,29069.271561643833
서울특별시,노원구,상계3.4동,서울특별시 노원구 상계3.4동,11350665,23,29744.348082191784
서울특별시,노원구,상계5동,서울특별시 노원구 상계5동,11350670,00,18509.34421917808
서울특별시,노원구,상계5동,서울특별시 노원구 상계5동,11350670,01,18617.101506849314
서울특별시,노원구,상계5동,서울특별시 노원구 상계5동,11350670,02,18672.971397260273
서울특별시,노원구,상계5동,서울특별시 노원구 상계5동,11350670,03,18702.1037260274
서울특별시,노원구,상계5동,서울특별시 노원구 상계5동,11350670,04,18703.758109589042
서울특별시,노원구,상계5동,서울특별시 노원구 상계5동,11350670,05,18624.675260273973
서울특별시,노원구,상계5동,서울특별시 노원구 상계5동,11350670,06,18378.816630136986
서울특별시,노원구,상계5동,서울특별시 노원구 상계5동,11350670,07,17869.63808219178
서울특별시,노원구,상계5동,서울특별시 노원구 상계5동,11350670,08,16950.349589041096
서울특별시,노원구,상계5동,서울특별시 노원구 상계5동,11350670,09,16051.366520547946
서울특별시,노원구,상계5동,서울특별시 노원구 상계5동,11350670,10,15596.886273972603
서울특별시,노원구,상계5동,서울특별시 노원구 상계5동,11350670,11,15351.029780821918
서울특별시,노원구,상계5동,서울특별시 노원구 상계5동,11350670,12,15178.937479452054
서울특별시,노원구,상계5동,서울특별시 노원구 상계5동,11350670,13,15081.349123287671
서울특별시,노원구,상계5동,서울특별시 노원구 상계5동,11350670,14,15074.480136986302
서울특별시,노원구,상계5동,서울특별시 노원구 상계5동,11350670,15,15286.58295890411
서울특별시,노원구,상계5동,서울특별시 노원구 상계5동,11350670,16,15627.73191780822
서울특별시,노원구,상계5동,서울특별시 노원구 상계5동,11350670,17,15998.731835616438
서울특별시,노원구,상계5동,서울특별시 노원구 상계5동,11350670,18,16469.96523287671
서울특별시,노원구,상계5동,서울특별시 노원구 상계5동,11350670,19,17028.048712328768
서울특별시,노원구,상계5동,서울특별시 노원구 상계5동,11350670,20,17464.276876712327
서울특별시,노원구,상계5동,서울특별시 노원구 상계5동,11350670,21,17823.971780821917
서울특별시,노원구,상계5동,서울특별시 노원구 상계5동,11350670,22,18191.723452054794
서울특별시,노원구,상계5동,서울특별시 노원구 상계5동,11350670,23,18367.985260273974
서울특별시,노원구,상계6.7동,서울특별시 노원구 상계6.7동,11350695,00,35767.53021917808
서울특별시,노원구,상계6.7동,서울특별시 노원구 상계6.7동,11350695,01,35950.9455890411
서울특별시,노원구,상계6.7동,서울특별시 노원구 상계6.7동,11350695,02,35800.36882191781
서울특별시,노원구,상계6.7동,서울특별시 노원구 상계6.7동,11350695,03,35695.290027397255
서울특별시,노원구,상계6.7동,서울특별시 노원구 상계6.7동,11350695,04,35645.20405479452
서울특별시,노원구,상계6.7동,서울특별시 노원구 상계6.7동,11350695,05,35805.12846575343
서울특별시,노원구,상계6.7동,서울특별시 노원구 상계6.7동,11350695,06,36066.15005479452
서울특별시,노원구,상계6.7동,서울특별시 노원구 상계6.7동,11350695,07,36954.48383561644
서울특별시,노원구,상계6.7동,서울특별시 노원구 상계6.7동,11350695,08,39412.94219178082
서울특별시,노원구,상계6.7동,서울특별시 노원구 상계6.7동,11350695,09,43779.998602739724
서울특별시,노원구,상계6.7동,서울특별시 노원구 상계6.7동,11350695,10,46283.05805479452
서울특별시,노원구,상계6.7동,서울특별시 노원구 상계6.7동,11350695,11,47452.97156164384
서울특별시,노원구,상계6.7동,서울특별시 노원구 상계6.7동,11350695,12,47167.16693150685
서울특별시,노원구,상계6.7동,서울특별시 노원구 상계6.7동,11350695,13,47097.43284931506
서울특별시,노원구,상계6.7동,서울특별시 노원구 상계6.7동,11350695,14,47375.91506849315
서울특별시,노원구,상계6.7동,서울특별시 노원구 상계6.7동,11350695,15,46821.5577260274
서울특별시,노원구,상계6.7동,서울특별시 노원구 상계6.7동,11350695,16,45680.27271232876
서울특별시,노원구,상계6.7동,서울특별시 노원구 상계6.7동,11350695,17,44164.48002739726
서울특별시,노원구,상계6.7동,서울특별시 노원구 상계6.7동,11350695,18,42276.30271232877
서울특별시,노원구,상계6.7동,서울특별시 노원구 상계6.7동,11350695,19,40997.96953424658
서울특별시,노원구,상계6.7동,서울특별시 노원구 상계6.7동,11350695,20,39764.85504109589
서울특별시,노원구,상계6.7동,서울특별시 노원구 상계6.7동,11350695,21,38463.96057534246
서울특별시,노원구,상계6.7동,서울특별시 노원구 상계6.7동,11350695,22,36987.98052054795
서울특별시,노원구,상계6.7동,서울특별시 노원구 상계6.7동,11350695,23,36304.64789041096
서울특별시,노원구,상계8동,서울특별시 노원구 상계8동,11350700,00,22284.218630136987
서울특별시,노원구,상계8동,서울특별시 노원구 상계8동,11350700,01,22313.455561643837
서울특별시,노원구,상계8동,서울특별시 노원구 상계8동,11350700,02,22259.45402739726
서울특별시,노원구,상계8동,서울특별시 노원구 상계8동,11350700,03,22279.94989041096
서울특별시,노원구,상계8동,서울특별시 노원구 상계8동,11350700,04,22266.756136986303
서울특별시,노원구,상계8동,서울특별시 노원구 상계8동,11350700,05,22230.585452054795
서울특별시,노원구,상계8동,서울특별시 노원구 상계8동,11350700,06,22274.040136986303
서울특별시,노원구,상계8동,서울특별시 노원구 상계8동,11350700,07,21929.601397260274
서울특별시,노원구,상계8동,서울특별시 노원구 상계8동,11350700,08,20871.994602739727
서울특별시,노원구,상계8동,서울특별시 노원구 상계8동,11350700,09,19456.56783561644
서울특별시,노원구,상계8동,서울특별시 노원구 상계8동,11350700,10,19020.83306849315
서울특별시,노원구,상계8동,서울특별시 노원구 상계8동,11350700,11,18681.38531506849
서울특별시,노원구,상계8동,서울특별시 노원구 상계8동,11350700,12,18366.251260273973
서울특별시,노원구,상계8동,서울특별시 노원구 상계8동,11350700,13,18055.54010958904
서울특별시,노원구,상계8동,서울특별시 노원구 상계8동,11350700,14,17910.762164383563
서울특별시,노원구,상계8동,서울특별시 노원구 상계8동,11350700,15,17934.174767123288
서울특별시,노원구,상계8동,서울특별시 노원구 상계8동,11350700,16,18139.382191780824
서울특별시,노원구,상계8동,서울특별시 노원구 상계8동,11350700,17,18667.94389041096
서울특별시,노원구,상계8동,서울특별시 노원구 상계8동,11350700,18,19381.462054794523
서울특별시,노원구,상계8동,서울특별시 노원구 상계8동,11350700,19,20414.866328767122
서울특별시,노원구,상계8동,서울특별시 노원구 상계8동,11350700,20,20980.87202739726
서울특별시,노원구,상계8동,서울특별시 노원구 상계8동,11350700,21,21433.930082191782
서울특별시,노원구,상계8동,서울특별시 노원구 상계8동,11350700,22,21939.109726027396
서울특별시,노원구,상계8동,서울특별시 노원구 상계8동,11350700,23,22314.742191780824
서울특별시,노원구,상계9동,서울특별시 노원구 상계9동,11350710,00,21882.98520547945
서울특별시,노원구,상계9동,서울특별시 노원구 상계9동,11350710,01,22111.139342465754
서울특별시,노원구,상계9동,서울특별시 노원구 상계9동,11350710,02,22231.907917808217
서울특별시,노원구,상계9동,서울특별시 노원구 상계9동,11350710,03,22278.151616438357
서울특별시,노원구,상계9동,서울특별시 노원구 상계9동,11350710,04,22256.676849315067
서울특별시,노원구,상계9동,서울특별시 노원구 상계9동,11350710,05,22194.327643835615
서울특별시,노원구,상계9동,서울특별시 노원구 상계9동,11350710,06,21978.81279452055
서울특별시,노원구,상계9동,서울특별시 노원구 상계9동,11350710,07,21694.60578082192
서울특별시,노원구,상계9동,서울특별시 노원구 상계9동,11350710,08,20846.790739726028
서울특별시,노원구,상계9동,서울특별시 노원구 상계9동,11350710,09,19351.07580821918
서울특별시,노원구,상계9동,서울특별시 노원구 상계9동,11350710,10,18395.687780821918
서울특별시,노원구,상계9동,서울특별시 노원구 상계9동,11350710,11,17842.89276712329
서울특별시,노원구,상계9동,서울특별시 노원구 상계9동,11350710,12,17454.235726027397
서울특별시,노원구,상계9동,서울특별시 노원구 상계9동,11350710,13,17183.85567123288
서울특별시,노원구,상계9동,서울특별시 노원구 상계9동,11350710,14,17021.905315068496
서울특별시,노원구,상계9동,서울특별시 노원구 상계9동,11350710,15,16963.289589041095
서울특별시,노원구,상계9동,서울특별시 노원구 상계9동,11350710,16,17003.51367123288
서울특별시,노원구,상계9동,서울특별시 노원구 상계9동,11350710,17,17203.43191780822
서울특별시,노원구,상계9동,서울특별시 노원구 상계9동,11350710,18,17775.465369863014
서울특별시,노원구,상계9동,서울특별시 노원구 상계9동,11350710,19,18663.61802739726
서울특별시,노원구,상계9동,서울특별시 노원구 상계9동,11350710,20,19445.581671232874
서울특별시,노원구,상계9동,서울특별시 노원구 상계9동,11350710,21,20122.256136986303
서울특별시,노원구,상계9동,서울특별시 노원구 상계9동,11350710,22,20779.75208219178
서울특별시,노원구,상계9동,서울특별시 노원구 상계9동,11350710,23,21161.979287671234
서울특별시,노원구,월계1동,서울특별시 노원구 월계1동,11350560,00,22882.10504109589
서울특별시,노원구,월계1동,서울특별시 노원구 월계1동,11350560,01,22939.545808219176
서울특별시,노원구,월계1동,서울특별시 노원구 월계1동,11350560,02,22866.17994520548
서울특별시,노원구,월계1동,서울특별시 노원구 월계1동,11350560,03,22792.623369863013
서울특별시,노원구,월계1동,서울특별시 노원구 월계1동,11350560,04,22788.842958904108
서울특별시,노원구,월계1동,서울특별시 노원구 월계1동,11350560,05,22861.62290410959
서울특별시,노원구,월계1동,서울특별시 노원구 월계1동,11350560,06,22926.82216438356
서울특별시,노원구,월계1동,서울특별시 노원구 월계1동,11350560,07,22704.264219178083
서울특별시,노원구,월계1동,서울특별시 노원구 월계1동,11350560,08,22613.935369863015
서울특별시,노원구,월계1동,서울특별시 노원구 월계1동,11350560,09,22734.195589041094
서울특별시,노원구,월계1동,서울특별시 노원구 월계1동,11350560,10,23069.195972602738
서울특별시,노원구,월계1동,서울특별시 노원구 월계1동,11350560,11,23179.392958904107
서울특별시,노원구,월계1동,서울특별시 노원구 월계1동,11350560,12,23285.322602739725
서울특별시,노원구,월계1동,서울특별시 노원구 월계1동,11350560,13,23399.700547945202
서울특별시,노원구,월계1동,서울특별시 노원구 월계1동,11350560,14,23366.96805479452
서울특별시,노원구,월계1동,서울특별시 노원구 월계1동,11350560,15,23369.217534246578
서울특별시,노원구,월계1동,서울특별시 노원구 월계1동,11350560,16,23230.834410958905
서울특별시,노원구,월계1동,서울특별시 노원구 월계1동,11350560,17,23070.81021917808
서울특별시,노원구,월계1동,서울특별시 노원구 월계1동,11350560,18,23100.89194520548
서울특별시,노원구,월계1동,서울특별시 노원구 월계1동,11350560,19,23318.226547945203
서울특별시,노원구,월계1동,서울특별시 노원구 월계1동,11350560,20,23474.991068493153
서울특별시,노원구,월계1동,서울특별시 노원구 월계1동,11350560,21,23417.367917808217
서울특별시,노원구,월계1동,서울특별시 노원구 월계1동,11350560,22,23314.25416438356
서울특별시,노원구,월계1동,서울특별시 노원구 월계1동,11350560,23,23220.068438356164
서울특별시,노원구,월계2동,서울특별시 노원구 월계2동,11350570,00,26146.755452054796
서울특별시,노원구,월계2동,서울특별시 노원구 월계2동,11350570,01,26368.807589041095
서울특별시,노원구,월계2동,서울특별시 노원구 월계2동,11350570,02,26475.630465753424
서울특별시,노원구,월계2동,서울특별시 노원구 월계2동,11350570,03,26543.828493150686
서울특별시,노원구,월계2동,서울특별시 노원구 월계2동,11350570,04,26614.046027397264
서울특별시,노원구,월계2동,서울특별시 노원구 월계2동,11350570,05,26627.390520547942
서울특별시,노원구,월계2동,서울특별시 노원구 월계2동,11350570,06,26464.071726027396
서울특별시,노원구,월계2동,서울특별시 노원구 월계2동,11350570,07,26445.51926027397
서울특별시,노원구,월계2동,서울특별시 노원구 월계2동,11350570,08,26569.24120547945
서울특별시,노원구,월계2동,서울특별시 노원구 월계2동,11350570,09,26272.893863013698
서울특별시,노원구,월계2동,서울특별시 노원구 월계2동,11350570,10,26064.131287671233
서울특별시,노원구,월계2동,서울특별시 노원구 월계2동,11350570,11,25804.47106849315
서울특별시,노원구,월계2동,서울특별시 노원구 월계2동,11350570,12,25468.012630136986
서울특별시,노원구,월계2동,서울특별시 노원구 월계2동,11350570,13,25257.762602739724
서울특별시,노원구,월계2동,서울특별시 노원구 월계2동,11350570,14,25214.058849315068
서울특별시,노원구,월계2동,서울특별시 노원구 월계2동,11350570,15,25061.682849315068
서울특별시,노원구,월계2동,서울특별시 노원구 월계2동,11350570,16,24748.18808219178
서울특별시,노원구,월계2동,서울특별시 노원구 월계2동,11350570,17,24297.698712328765
서울특별시,노원구,월계2동,서울특별시 노원구 월계2동,11350570,18,24123.957726027398
서울특별시,노원구,월계2동,서울특별시 노원구 월계2동,11350570,19,24505.928438356168
서울특별시,노원구,월계2동,서울특별시 노원구 월계2동,11350570,20,25102.110356164383
서울특별시,노원구,월계2동,서울특별시 노원구 월계2동,11350570,21,25455.57430136986
서울특별시,노원구,월계2동,서울특별시 노원구 월계2동,11350570,22,25714.62276712329
서울특별시,노원구,월계2동,서울특별시 노원구 월계2동,11350570,23,25981.24095890411
서울특별시,노원구,월계3동,서울특별시 노원구 월계3동,11350580,00,33107.550246575345
서울특별시,노원구,월계3동,서울특별시 노원구 월계3동,11350580,01,33254.918547945206
서울특별시,노원구,월계3동,서울특별시 노원구 월계3동,11350580,02,33370.8677260274
서울특별시,노원구,월계3동,서울특별시 노원구 월계3동,11350580,03,33440.1358630137
서울특별시,노원구,월계3동,서울특별시 노원구 월계3동,11350580,04,33495.19961643835
서울특별시,노원구,월계3동,서울특별시 노원구 월계3동,11350580,05,33428.0018630137
서울특별시,노원구,월계3동,서울특별시 노원구 월계3동,11350580,06,33239.169616438354
서울특별시,노원구,월계3동,서울특별시 노원구 월계3동,11350580,07,32781.786273972604
서울특별시,노원구,월계3동,서울특별시 노원구 월계3동,11350580,08,31255.32002739726
서울특별시,노원구,월계3동,서울특별시 노원구 월계3동,11350580,09,29369.97961643836
서울특별시,노원구,월계3동,서울특별시 노원구 월계3동,11350580,10,29117.183863013695
서울특별시,노원구,월계3동,서울특별시 노원구 월계3동,11350580,11,29202.55717808219
서울특별시,노원구,월계3동,서울특별시 노원구 월계3동,11350580,12,29163.49589041096
서울특별시,노원구,월계3동,서울특별시 노원구 월계3동,11350580,13,29089.657890410963
서울특별시,노원구,월계3동,서울특별시 노원구 월계3동,11350580,14,29189.654712328767
서울특별시,노원구,월계3동,서울특별시 노원구 월계3동,11350580,15,29446.33112328767
서울특별시,노원구,월계3동,서울특별시 노원구 월계3동,11350580,16,29693.327589041095
서울특별시,노원구,월계3동,서울특별시 노원구 월계3동,11350580,17,29947.755205479454
서울특별시,노원구,월계3동,서울특별시 노원구 월계3동,11350580,18,30546.441616438355
서울특별시,노원구,월계3동,서울특별시 노원구 월계3동,11350580,19,31542.0641369863
서울특별시,노원구,월계3동,서울특별시 노원구 월계3동,11350580,20,32356.489287671233
서울특별시,노원구,월계3동,서울특별시 노원구 월계3동,11350580,21,32656.08717808219
서울특별시,노원구,월계3동,서울특별시 노원구 월계3동,11350580,22,32616.867013698633
서울특별시,노원구,월계3동,서울특별시 노원구 월계3동,11350580,23,32742.73073972603
서울특별시,노원구,중계1동,서울특별시 노원구 중계1동,11350621,00,27421.96687671233
서울특별시,노원구,중계1동,서울특별시 노원구 중계1동,11350621,01,27642.206712328763
서울특별시,노원구,중계1동,서울특별시 노원구 중계1동,11350621,02,27838.518547945205
서울특별시,노원구,중계1동,서울특별시 노원구 중계1동,11350621,03,27886.44682191781
서울특별시,노원구,중계1동,서울특별시 노원구 중계1동,11350621,04,27917.397232876712
서울특별시,노원구,중계1동,서울특별시 노원구 중계1동,11350621,05,27900.13687671233
서울특별시,노원구,중계1동,서울특별시 노원구 중계1동,11350621,06,27590.099589041096
서울특별시,노원구,중계1동,서울특별시 노원구 중계1동,11350621,07,27138.830657534247
서울특별시,노원구,중계1동,서울특별시 노원구 중계1동,11350621,08,26339.23701369863
서울특별시,노원구,중계1동,서울특별시 노원구 중계1동,11350621,09,25181.869589041096
서울특별시,노원구,중계1동,서울특별시 노원구 중계1동,11350621,10,24966.042054794518
서울특별시,노원구,중계1동,서울특별시 노원구 중계1동,11350621,11,24891.49210958904
서울특별시,노원구,중계1동,서울특별시 노원구 중계1동,11350621,12,24874.059178082192
서울특별시,노원구,중계1동,서울특별시 노원구 중계1동,11350621,13,25007.35005479452
서울특별시,노원구,중계1동,서울특별시 노원구 중계1동,11350621,14,25279.14008219178
서울특별시,노원구,중계1동,서울특별시 노원구 중계1동,11350621,15,25559.527698630136
서울특별시,노원구,중계1동,서울특별시 노원구 중계1동,11350621,16,25985.466712328765
서울특별시,노원구,중계1동,서울특별시 노원구 중계1동,11350621,17,26243.159698630134
서울특별시,노원구,중계1동,서울특별시 노원구 중계1동,11350621,18,26460.62008219178
서울특별시,노원구,중계1동,서울특별시 노원구 중계1동,11350621,19,26922.924328767127
서울특별시,노원구,중계1동,서울특별시 노원구 중계1동,11350621,20,27240.35676712329
서울특별시,노원구,중계1동,서울특별시 노원구 중계1동,11350621,21,27343.18016438356
서울특별시,노원구,중계1동,서울특별시 노원구 중계1동,11350621,22,27068.21394520548
서울특별시,노원구,중계1동,서울특별시 노원구 중계1동,11350621,23,26974.411506849312
서울특별시,노원구,중계2.3동,서울특별시 노원구 중계2.3동,11350625,00,33556.1394520548
서울특별시,노원구,중계2.3동,서울특별시 노원구 중계2.3동,11350625,01,33694.28523287671
서울특별시,노원구,중계2.3동,서울특별시 노원구 중계2.3동,11350625,02,33662.34928767123
서울특별시,노원구,중계2.3동,서울특별시 노원구 중계2.3동,11350625,03,33679.41063013699
서울특별시,노원구,중계2.3동,서울특별시 노원구 중계2.3동,11350625,04,33675.17978082191
서울특별시,노원구,중계2.3동,서울특별시 노원구 중계2.3동,11350625,05,33625.410219178084
서울특별시,노원구,중계2.3동,서울특별시 노원구 중계2.3동,11350625,06,33513.06734246575
서울특별시,노원구,중계2.3동,서울특별시 노원구 중계2.3동,11350625,07,33112.032931506845
서울특별시,노원구,중계2.3동,서울특별시 노원구 중계2.3동,11350625,08,32518.646027397263
서울특별시,노원구,중계2.3동,서울특별시 노원구 중계2.3동,11350625,09,31238.75178082192
서울특별시,노원구,중계2.3동,서울특별시 노원구 중계2.3동,11350625,10,30401.06863013699
서울특별시,노원구,중계2.3동,서울특별시 노원구 중계2.3동,11350625,11,30011.30624657534
서울특별시,노원구,중계2.3동,서울특별시 노원구 중계2.3동,11350625,12,29707.459342465754
서울특별시,노원구,중계2.3동,서울특별시 노원구 중계2.3동,11350625,13,29611.269671232876
서울특별시,노원구,중계2.3동,서울특별시 노원구 중계2.3동,11350625,14,29448.73706849315
서울특별시,노원구,중계2.3동,서울특별시 노원구 중계2.3동,11350625,15,29258.094904109592
서울특별시,노원구,중계2.3동,서울특별시 노원구 중계2.3동,11350625,16,28968.01361643836
서울특별시,노원구,중계2.3동,서울특별시 노원구 중계2.3동,11350625,17,28956.971534246575
서울특별시,노원구,중계2.3동,서울특별시 노원구 중계2.3동,11350625,18,29569.24112328767
서울특별시,노원구,중계2.3동,서울특별시 노원구 중계2.3동,11350625,19,30726.098712328767
서울특별시,노원구,중계2.3동,서울특별시 노원구 중계2.3동,11350625,20,31599.799205479456
서울특별시,노원구,중계2.3동,서울특별시 노원구 중계2.3동,11350625,21,32167.955397260277
서울특별시,노원구,중계2.3동,서울특별시 노원구 중계2.3동,11350625,22,32695.858438356165
서울특별시,노원구,중계2.3동,서울특별시 노원구 중계2.3동,11350625,23,33173.073506849316
서울특별시,노원구,중계4동,서울특별시 노원구 중계4동,11350624,00,19644.131479452055
서울특별시,노원구,중계4동,서울특별시 노원구 중계4동,11350624,01,19790.04304109589
서울특별시,노원구,중계4동,서울특별시 노원구 중계4동,11350624,02,19783.01002739726
서울특별시,노원구,중계4동,서울특별시 노원구 중계4동,11350624,03,19800.346191780824
서울특별시,노원구,중계4동,서울특별시 노원구 중계4동,11350624,04,19784.500575342467
서울특별시,노원구,중계4동,서울특별시 노원구 중계4동,11350624,05,19724.758684931505
서울특별시,노원구,중계4동,서울특별시 노원구 중계4동,11350624,06,19635.48715068493
서울특별시,노원구,중계4동,서울특별시 노원구 중계4동,11350624,07,19562.97104109589
서울특별시,노원구,중계4동,서울특별시 노원구 중계4동,11350624,08,19603.144904109588
서울특별시,노원구,중계4동,서울특별시 노원구 중계4동,11350624,09,18867.490712328767
서울특별시,노원구,중계4동,서울특별시 노원구 중계4동,11350624,10,18504.44912328767
서울특별시,노원구,중계4동,서울특별시 노원구 중계4동,11350624,11,18372.276493150686
서울특별시,노원구,중계4동,서울특별시 노원구 중계4동,11350624,12,18389.1138630137
서울특별시,노원구,중계4동,서울특별시 노원구 중계4동,11350624,13,18291.374301369862
서울특별시,노원구,중계4동,서울특별시 노원구 중계4동,11350624,14,18121.427150684933
서울특별시,노원구,중계4동,서울특별시 노원구 중계4동,11350624,15,17918.066410958905
서울특별시,노원구,중계4동,서울특별시 노원구 중계4동,11350624,16,17805.989643835615
서울특별시,노원구,중계4동,서울특별시 노원구 중계4동,11350624,17,17955.79008219178
서울특별시,노원구,중계4동,서울특별시 노원구 중계4동,11350624,18,18326.862821917806
서울특별시,노원구,중계4동,서울특별시 노원구 중계4동,11350624,19,18950.257890410958
서울특별시,노원구,중계4동,서울특별시 노원구 중계4동,11350624,20,19270.854684931506
서울특별시,노원구,중계4동,서울특별시 노원구 중계4동,11350624,21,19410.807424657534
서울특별시,노원구,중계4동,서울특별시 노원구 중계4동,11350624,22,19520.595643835615
서울특별시,노원구,중계4동,서울특별시 노원구 중계4동,11350624,23,19548.19909589041
서울특별시,노원구,중계본동,서울특별시 노원구 중계본동,11350619,00,24632.24408219178
서울특별시,노원구,중계본동,서울특별시 노원구 중계본동,11350619,01,24890.449890410957
서울특별시,노원구,중계본동,서울특별시 노원구 중계본동,11350619,02,24949.125534246577
서울특별시,노원구,중계본동,서울특별시 노원구 중계본동,11350619,03,24970.60893150685
서울특별시,노원구,중계본동,서울특별시 노원구 중계본동,11350619,04,24979.627287671236
서울특별시,노원구,중계본동,서울특별시 노원구 중계본동,11350619,05,24975.157808219177
서울특별시,노원구,중계본동,서울특별시 노원구 중계본동,11350619,06,24859.103369863016
서울특별시,노원구,중계본동,서울특별시 노원구 중계본동,11350619,07,24774.42805479452
서울특별시,노원구,중계본동,서울특별시 노원구 중계본동,11350619,08,24027.070547945204
서울특별시,노원구,중계본동,서울특별시 노원구 중계본동,11350619,09,23372.231205479453
서울특별시,노원구,중계본동,서울특별시 노원구 중계본동,11350619,10,23470.184630136988
서울특별시,노원구,중계본동,서울특별시 노원구 중계본동,11350619,11,23463.674739726026
서울특별시,노원구,중계본동,서울특별시 노원구 중계본동,11350619,12,23554.279424657536
서울특별시,노원구,중계본동,서울특별시 노원구 중계본동,11350619,13,23752.773506849317
서울특별시,노원구,중계본동,서울특별시 노원구 중계본동,11350619,14,24059.017589041097
서울특별시,노원구,중계본동,서울특별시 노원구 중계본동,11350619,15,24566.376794520547
서울특별시,노원구,중계본동,서울특별시 노원구 중계본동,11350619,16,25313.832931506848
서울특별시,노원구,중계본동,서울특별시 노원구 중계본동,11350619,17,25988.23706849315
서울특별시,노원구,중계본동,서울특별시 노원구 중계본동,11350619,18,26585.38819178082
서울특별시,노원구,중계본동,서울특별시 노원구 중계본동,11350619,19,26911.013369863016
서울특별시,노원구,중계본동,서울특별시 노원구 중계본동,11350619,20,27053.140301369865
서울특별시,노원구,중계본동,서울특별시 노원구 중계본동,11350619,21,26957.061890410958
서울특별시,노원구,중계본동,서울특별시 노원구 중계본동,11350619,22,25937.13290410959
서울특별시,노원구,중계본동,서울특별시 노원구 중계본동,11350619,23,25130.510246575344
서울특별시,노원구,하계1동,서울특별시 노원구 하계1동,11350611,00,29447.837917808218
서울특별시,노원구,하계1동,서울특별시 노원구 하계1동,11350611,01,29673.257561643833
서울특별시,노원구,하계1동,서울특별시 노원구 하계1동,11350611,02,29770.826821917806
서울특별시,노원구,하계1동,서울특별시 노원구 하계1동,11350611,03,29848.098657534247
서울특별시,노원구,하계1동,서울특별시 노원구 하계1동,11350611,04,29923.01805479452
서울특별시,노원구,하계1동,서울특별시 노원구 하계1동,11350611,05,30005.80290410959
서울특별시,노원구,하계1동,서울특별시 노원구 하계1동,11350611,06,30170.140383561644
서울특별시,노원구,하계1동,서울특별시 노원구 하계1동,11350611,07,30557.42498630137
서울특별시,노원구,하계1동,서울특별시 노원구 하계1동,11350611,08,31656.920575342465
서울특별시,노원구,하계1동,서울특별시 노원구 하계1동,11350611,09,31962.628684931507
서울특별시,노원구,하계1동,서울특별시 노원구 하계1동,11350611,10,32254.373780821916
서울특별시,노원구,하계1동,서울특별시 노원구 하계1동,11350611,11,32038.785068493155
서울특별시,노원구,하계1동,서울특별시 노원구 하계1동,11350611,12,31679.08517808219
서울특별시,노원구,하계1동,서울특별시 노원구 하계1동,11350611,13,31628.986630136984
서울특별시,노원구,하계1동,서울특별시 노원구 하계1동,11350611,14,31439.104383561644
서울특별시,노원구,하계1동,서울특별시 노원구 하계1동,11350611,15,30751.87706849315
서울특별시,노원구,하계1동,서울특별시 노원구 하계1동,11350611,16,29869.25917808219
서울특별시,노원구,하계1동,서울특별시 노원구 하계1동,11350611,17,28952.783095890412
서울특별시,노원구,하계1동,서울특별시 노원구 하계1동,11350611,18,28229.391232876715
서울특별시,노원구,하계1동,서울특별시 노원구 하계1동,11350611,19,28321.15978082192
서울특별시,노원구,하계1동,서울특별시 노원구 하계1동,11350611,20,28621.129123287672
서울특별시,노원구,하계1동,서울특별시 노원구 하계1동,11350611,21,28741.695479452053
서울특별시,노원구,하계1동,서울특별시 노원구 하계1동,11350611,22,28882.335479452053
서울특별시,노원구,하계1동,서울특별시 노원구 하계1동,11350611,23,29040.13342465753
서울특별시,노원구,하계2동,서울특별시 노원구 하계2동,11350612,00,17143.510219178082
서울특별시,노원구,하계2동,서울특별시 노원구 하계2동,11350612,01,17300.956630136985
서울특별시,노원구,하계2동,서울특별시 노원구 하계2동,11350612,02,17423.73109589041
서울특별시,노원구,하계2동,서울특별시 노원구 하계2동,11350612,03,17485.371589041097
서울특별시,노원구,하계2동,서울특별시 노원구 하계2동,11350612,04,17513.139150684932
서울특별시,노원구,하계2동,서울특별시 노원구 하계2동,11350612,05,17488.899890410958
서울특별시,노원구,하계2동,서울특별시 노원구 하계2동,11350612,06,17264.695095890413
서울특별시,노원구,하계2동,서울특별시 노원구 하계2동,11350612,07,16670.388520547946
서울특별시,노원구,하계2동,서울특별시 노원구 하계2동,11350612,08,15213.514246575343
서울특별시,노원구,하계2동,서울특별시 노원구 하계2동,11350612,09,13560.803561643836
서울특별시,노원구,하계2동,서울특별시 노원구 하계2동,11350612,10,12517.575534246576
서울특별시,노원구,하계2동,서울특별시 노원구 하계2동,11350612,11,11893.067698630137
서울특별시,노원구,하계2동,서울특별시 노원구 하계2동,11350612,12,11550.041616438357
서울특별시,노원구,하계2동,서울특별시 노원구 하계2동,11350612,13,11358.694849315068
서울특별시,노원구,하계2동,서울특별시 노원구 하계2동,11350612,14,11325.817178082192
서울특별시,노원구,하계2동,서울특별시 노원구 하계2동,11350612,15,11459.106383561644
서울특별시,노원구,하계2동,서울특별시 노원구 하계2동,11350612,16,11753.358410958905
서울특별시,노원구,하계2동,서울특별시 노원구 하계2동,11350612,17,12156.94093150685
서울특별시,노원구,하계2동,서울특별시 노원구 하계2동,11350612,18,12756.634465753425
서울특별시,노원구,하계2동,서울특별시 노원구 하계2동,11350612,19,13623.05794520548
서울특별시,노원구,하계2동,서울특별시 노원구 하계2동,11350612,20,14465.448712328767
서울특별시,노원구,하계2동,서울특별시 노원구 하계2동,11350612,21,15275.920630136987
서울특별시,노원구,하계2동,서울특별시 노원구 하계2동,11350612,22,16122.852657534246
서울특별시,노원구,하계2동,서울특별시 노원구 하계2동,11350612,23,16611.78476712329
서울특별시,도봉구,도봉1동,서울특별시 도봉구 도봉1동,11320521,00,23364.128301369863
서울특별시,도봉구,도봉1동,서울특별시 도봉구 도봉1동,11320521,01,23444.531589041093
서울특별시,도봉구,도봉1동,서울특별시 도봉구 도봉1동,11320521,02,23519.479369863016
서울특별시,도봉구,도봉1동,서울특별시 도봉구 도봉1동,11320521,03,23568.15493150685
서울특별시,도봉구,도봉1동,서울특별시 도봉구 도봉1동,11320521,04,23647.543643835616
서울특별시,도봉구,도봉1동,서울특별시 도봉구 도봉1동,11320521,05,23658.85898630137
서울특별시,도봉구,도봉1동,서울특별시 도봉구 도봉1동,11320521,06,23581.34282191781
서울특별시,도봉구,도봉1동,서울특별시 도봉구 도봉1동,11320521,07,23554.65175342466
서울특별시,도봉구,도봉1동,서울특별시 도봉구 도봉1동,11320521,08,23753.30295890411
서울특별시,도봉구,도봉1동,서울특별시 도봉구 도봉1동,11320521,09,24090.642164383564
서울특별시,도봉구,도봉1동,서울특별시 도봉구 도봉1동,11320521,10,24888.437369863015
서울특별시,도봉구,도봉1동,서울특별시 도봉구 도봉1동,11320521,11,25556.4801369863
서울특별시,도봉구,도봉1동,서울특별시 도봉구 도봉1동,11320521,12,25716.818657534248
서울특별시,도봉구,도봉1동,서울특별시 도봉구 도봉1동,11320521,13,25734.16178082192
서울특별시,도봉구,도봉1동,서울특별시 도봉구 도봉1동,11320521,14,25474.669643835616
서울특별시,도봉구,도봉1동,서울특별시 도봉구 도봉1동,11320521,15,24969.309972602743
서울특별시,도봉구,도봉1동,서울특별시 도봉구 도봉1동,11320521,16,24299.247205479453
서울특별시,도봉구,도봉1동,서울특별시 도봉구 도봉1동,11320521,17,23617.22284931507
서울특별시,도봉구,도봉1동,서울특별시 도봉구 도봉1동,11320521,18,23155.524630136988
서울특별시,도봉구,도봉1동,서울특별시 도봉구 도봉1동,11320521,19,22995.668219178082
서울특별시,도봉구,도봉1동,서울특별시 도봉구 도봉1동,11320521,20,22923.82106849315
서울특별시,도봉구,도봉1동,서울특별시 도봉구 도봉1동,11320521,21,23002.587479452053
서울특별시,도봉구,도봉1동,서울특별시 도봉구 도봉1동,11320521,22,23038.727123287674
서울특별시,도봉구,도봉1동,서울특별시 도봉구 도봉1동,11320521,23,23098.720739726028
서울특별시,도봉구,도봉2동,서울특별시 도봉구 도봉2동,11320522,00,27855.808849315068
서울특별시,도봉구,도봉2동,서울특별시 도봉구 도봉2동,11320522,01,27887.750547945205
서울특별시,도봉구,도봉2동,서울특별시 도봉구 도봉2동,11320522,02,27925.59109589041
서울특별시,도봉구,도봉2동,서울특별시 도봉구 도봉2동,11320522,03,27962.454410958904
서울특별시,도봉구,도봉2동,서울특별시 도봉구 도봉2동,11320522,04,27917.10293150685
서울특별시,도봉구,도봉2동,서울특별시 도봉구 도봉2동,11320522,05,27955.93904109589
서울특별시,도봉구,도봉2동,서울특별시 도봉구 도봉2동,11320522,06,27826.183643835615
서울특별시,도봉구,도봉2동,서울특별시 도봉구 도봉2동,11320522,07,27662.51912328767
서울특별시,도봉구,도봉2동,서울특별시 도봉구 도봉2동,11320522,08,26997.312438356163
서울특별시,도봉구,도봉2동,서울특별시 도봉구 도봉2동,11320522,09,25983.523999999998
서울특별시,도봉구,도봉2동,서울특별시 도봉구 도봉2동,11320522,10,25479.598109589042
서울특별시,도봉구,도봉2동,서울특별시 도봉구 도봉2동,11320522,11,25125.12931506849
서울특별시,도봉구,도봉2동,서울특별시 도봉구 도봉2동,11320522,12,24995.00882191781
서울특별시,도봉구,도봉2동,서울특별시 도봉구 도봉2동,11320522,13,25145.59293150685
서울특별시,도봉구,도봉2동,서울특별시 도봉구 도봉2동,11320522,14,25188.546602739727
서울특별시,도봉구,도봉2동,서울특별시 도봉구 도봉2동,11320522,15,25192.984191780823
서울특별시,도봉구,도봉2동,서울특별시 도봉구 도봉2동,11320522,16,25346.447397260275
서울특별시,도봉구,도봉2동,서울특별시 도봉구 도봉2동,11320522,17,25324.6577260274
서울특별시,도봉구,도봉2동,서울특별시 도봉구 도봉2동,11320522,18,25380.69619178082
서울특별시,도봉구,도봉2동,서울특별시 도봉구 도봉2동,11320522,19,25835.457232876714
서울특별시,도봉구,도봉2동,서울특별시 도봉구 도봉2동,11320522,20,26297.60235616438
서울특별시,도봉구,도봉2동,서울특별시 도봉구 도봉2동,11320522,21,26728.48315068493
서울특별시,도봉구,도봉2동,서울특별시 도봉구 도봉2동,11320522,22,27187.424219178083
서울특별시,도봉구,도봉2동,서울특별시 도봉구 도봉2동,11320522,23,27545.737178082192
서울특별시,도봉구,방학1동,서울특별시 도봉구 방학1동,11320690,00,28904.73608219178
서울특별시,도봉구,방학1동,서울특별시 도봉구 방학1동,11320690,01,28803.422109589043
서울특별시,도봉구,방학1동,서울특별시 도봉구 방학1동,11320690,02,28721.924958904106
서울특별시,도봉구,방학1동,서울특별시 도봉구 방학1동,11320690,03,28688.904767123287
서울특별시,도봉구,방학1동,서울특별시 도봉구 방학1동,11320690,04,28673.33257534247
서울특별시,도봉구,방학1동,서울특별시 도봉구 방학1동,11320690,05,28708.900246575344
서울특별시,도봉구,방학1동,서울특별시 도봉구 방학1동,11320690,06,28662.3361369863
서울특별시,도봉구,방학1동,서울특별시 도봉구 방학1동,11320690,07,28549.321123287675
서울특별시,도봉구,방학1동,서울특별시 도봉구 방학1동,11320690,08,28759.612547945206
서울특별시,도봉구,방학1동,서울특별시 도봉구 방학1동,11320690,09,28985.53819178082
서울특별시,도봉구,방학1동,서울특별시 도봉구 방학1동,11320690,10,29427.692876712328
서울특별시,도봉구,방학1동,서울특별시 도봉구 방학1동,11320690,11,29653.619479452052
서울특별시,도봉구,방학1동,서울특별시 도봉구 방학1동,11320690,12,29752.816493150684
서울특별시,도봉구,방학1동,서울특별시 도봉구 방학1동,11320690,13,29535.85189041096
서울특별시,도봉구,방학1동,서울특별시 도봉구 방학1동,11320690,14,29690.542684931508
서울특별시,도봉구,방학1동,서울특별시 도봉구 방학1동,11320690,15,29859.08967123288
서울특별시,도봉구,방학1동,서울특별시 도봉구 방학1동,11320690,16,29972.18279452055
서울특별시,도봉구,방학1동,서울특별시 도봉구 방학1동,11320690,17,30100.75008219178
서울특별시,도봉구,방학1동,서울특별시 도봉구 방학1동,11320690,18,29907.684383561646
서울특별시,도봉구,방학1동,서울특별시 도봉구 방학1동,11320690,19,29919.94191780822
서울특별시,도봉구,방학1동,서울특별시 도봉구 방학1동,11320690,20,29905.607753424658
서울특별시,도봉구,방학1동,서울특별시 도봉구 방학1동,11320690,21,29562.337780821916
서울특별시,도봉구,방학1동,서울특별시 도봉구 방학1동,11320690,22,29288.154712328767
서울특별시,도봉구,방학1동,서울특별시 도봉구 방학1동,11320690,23,29259.428794520547
서울특별시,도봉구,방학2동,서울특별시 도봉구 방학2동,11320700,00,18607.84315068493
서울특별시,도봉구,방학2동,서울특별시 도봉구 방학2동,11320700,01,18700.360465753427
서울특별시,도봉구,방학2동,서울특별시 도봉구 방학2동,11320700,02,18763.1041369863
서울특별시,도봉구,방학2동,서울특별시 도봉구 방학2동,11320700,03,18800.34293150685
서울특별시,도봉구,방학2동,서울특별시 도봉구 방학2동,11320700,04,18802.08619178082
서울특별시,도봉구,방학2동,서울특별시 도봉구 방학2동,11320700,05,18698.04221917808
서울특별시,도봉구,방학2동,서울특별시 도봉구 방학2동,11320700,06,18426.02315068493
서울특별시,도봉구,방학2동,서울특별시 도봉구 방학2동,11320700,07,18087.297589041096
서울특별시,도봉구,방학2동,서울특별시 도봉구 방학2동,11320700,08,17524.056191780823
서울특별시,도봉구,방학2동,서울특별시 도봉구 방학2동,11320700,09,16900.77602739726
서울특별시,도봉구,방학2동,서울특별시 도봉구 방학2동,11320700,10,16554.933506849316
서울특별시,도봉구,방학2동,서울특별시 도봉구 방학2동,11320700,11,16407.835342465754
서울특별시,도봉구,방학2동,서울특별시 도봉구 방학2동,11320700,12,16346.343315068492
서울특별시,도봉구,방학2동,서울특별시 도봉구 방학2동,11320700,13,16224.607917808218
서울특별시,도봉구,방학2동,서울특별시 도봉구 방학2동,11320700,14,16231.933589041095
서울특별시,도봉구,방학2동,서울특별시 도봉구 방학2동,11320700,15,16389.78090410959
서울특별시,도봉구,방학2동,서울특별시 도봉구 방학2동,11320700,16,16629.98720547945
서울특별시,도봉구,방학2동,서울특별시 도봉구 방학2동,11320700,17,16873.123424657533
서울특별시,도봉구,방학2동,서울특별시 도봉구 방학2동,11320700,18,17141.88597260274
서울특별시,도봉구,방학2동,서울특별시 도봉구 방학2동,11320700,19,17474.911863013698
서울특별시,도봉구,방학2동,서울특별시 도봉구 방학2동,11320700,20,17727.489178082193
서울특별시,도봉구,방학2동,서울특별시 도봉구 방학2동,11320700,21,17950.570301369862
서울특별시,도봉구,방학2동,서울특별시 도봉구 방학2동,11320700,22,18197.971369863015
서울특별시,도봉구,방학2동,서울특별시 도봉구 방학2동,11320700,23,18367.59690410959
서울특별시,도봉구,방학3동,서울특별시 도봉구 방학3동,11320710,00,27665.129342465756
서울특별시,도봉구,방학3동,서울특별시 도봉구 방학3동,11320710,01,27913.241945205482
서울특별시,도봉구,방학3동,서울특별시 도봉구 방학3동,11320710,02,28088.10717808219
서울특별시,도봉구,방학3동,서울특별시 도봉구 방학3동,11320710,03,28153.962630136986
서울특별시,도봉구,방학3동,서울특별시 도봉구 방학3동,11320710,04,28150.392465753426
서울특별시,도봉구,방학3동,서울특별시 도봉구 방학3동,11320710,05,27977.905643835617
서울특별시,도봉구,방학3동,서울특별시 도봉구 방학3동,11320710,06,27620.525315068495
서울특별시,도봉구,방학3동,서울특별시 도봉구 방학3동,11320710,07,26837.481808219178
서울특별시,도봉구,방학3동,서울특별시 도봉구 방학3동,11320710,08,25515.250191780822
서울특별시,도봉구,방학3동,서울특별시 도봉구 방학3동,11320710,09,23696.59526027397
서울특별시,도봉구,방학3동,서울특별시 도봉구 방학3동,11320710,10,22487.27169863014
서울특별시,도봉구,방학3동,서울특별시 도봉구 방학3동,11320710,11,21819.764739726026
서울특별시,도봉구,방학3동,서울특별시 도봉구 방학3동,11320710,12,21601.072849315067
서울특별시,도봉구,방학3동,서울특별시 도봉구 방학3동,11320710,13,21326.42284931507
서울특별시,도봉구,방학3동,서울특별시 도봉구 방학3동,11320710,14,20916.12010958904
서울특별시,도봉구,방학3동,서울특별시 도봉구 방학3동,11320710,15,20756.10978082192
서울특별시,도봉구,방학3동,서울특별시 도봉구 방학3동,11320710,16,20965.691315068492
서울특별시,도봉구,방학3동,서울특별시 도봉구 방학3동,11320710,17,21485.95490410959
서울특별시,도봉구,방학3동,서울특별시 도봉구 방학3동,11320710,18,22413.424575342466
서울특별시,도봉구,방학3동,서울특별시 도봉구 방학3동,11320710,19,23481.062547945206
서울특별시,도봉구,방학3동,서울특별시 도봉구 방학3동,11320710,20,24458.13295890411
서울특별시,도봉구,방학3동,서울특별시 도봉구 방학3동,11320710,21,25315.898383561645
서울특별시,도봉구,방학3동,서울특별시 도봉구 방학3동,11320710,22,26193.55887671233
서울특별시,도봉구,방학3동,서울특별시 도봉구 방학3동,11320710,23,26780.08024657534
서울특별시,도봉구,쌍문1동,서울특별시 도봉구 쌍문1동,11320660,00,20177.157150684932
서울특별시,도봉구,쌍문1동,서울특별시 도봉구 쌍문1동,11320660,01,20337.74082191781
서울특별시,도봉구,쌍문1동,서울특별시 도봉구 쌍문1동,11320660,02,20456.17895890411
서울특별시,도봉구,쌍문1동,서울특별시 도봉구 쌍문1동,11320660,03,20535.27564383562
서울특별시,도봉구,쌍문1동,서울특별시 도봉구 쌍문1동,11320660,04,20548.96295890411
서울특별시,도봉구,쌍문1동,서울특별시 도봉구 쌍문1동,11320660,05,20422.452438356162
서울특별시,도봉구,쌍문1동,서울특별시 도봉구 쌍문1동,11320660,06,20162.577890410957
서울특별시,도봉구,쌍문1동,서울특별시 도봉구 쌍문1동,11320660,07,19843.350493150683
서울특별시,도봉구,쌍문1동,서울특별시 도봉구 쌍문1동,11320660,08,19368.595342465753
서울특별시,도봉구,쌍문1동,서울특별시 도봉구 쌍문1동,11320660,09,18972.17597260274
서울특별시,도봉구,쌍문1동,서울특별시 도봉구 쌍문1동,11320660,10,18733.72791780822
서울특별시,도봉구,쌍문1동,서울특별시 도봉구 쌍문1동,11320660,11,18565.122575342466
서울특별시,도봉구,쌍문1동,서울특별시 도봉구 쌍문1동,11320660,12,18503.31695890411
서울특별시,도봉구,쌍문1동,서울특별시 도봉구 쌍문1동,11320660,13,18422.88808219178
서울특별시,도봉구,쌍문1동,서울특별시 도봉구 쌍문1동,11320660,14,18356.502657534245
서울특별시,도봉구,쌍문1동,서울특별시 도봉구 쌍문1동,11320660,15,18277.390684931506
서울특별시,도봉구,쌍문1동,서울특별시 도봉구 쌍문1동,11320660,16,18087.67101369863
서울특별시,도봉구,쌍문1동,서울특별시 도봉구 쌍문1동,11320660,17,17919.02520547945
서울특별시,도봉구,쌍문1동,서울특별시 도봉구 쌍문1동,11320660,18,17877.681780821917
서울특별시,도봉구,쌍문1동,서울특별시 도봉구 쌍문1동,11320660,19,18128.89178082192
서울특별시,도봉구,쌍문1동,서울특별시 도봉구 쌍문1동,11320660,20,18562.729506849315
서울특별시,도봉구,쌍문1동,서울특별시 도봉구 쌍문1동,11320660,21,18955.085753424657
서울특별시,도봉구,쌍문1동,서울특별시 도봉구 쌍문1동,11320660,22,19349.451753424655
서울특별시,도봉구,쌍문1동,서울특별시 도봉구 쌍문1동,11320660,23,19663.32690410959
서울특별시,도봉구,쌍문2동,서울특별시 도봉구 쌍문2동,11320670,00,17072.48726027397
서울특별시,도봉구,쌍문2동,서울특별시 도봉구 쌍문2동,11320670,01,17105.524547945206
서울특별시,도봉구,쌍문2동,서울특별시 도봉구 쌍문2동,11320670,02,17097.943260273973
서울특별시,도봉구,쌍문2동,서울특별시 도봉구 쌍문2동,11320670,03,17087.821671232876
서울특별시,도봉구,쌍문2동,서울특별시 도봉구 쌍문2동,11320670,04,17103.115780821918
서울특별시,도봉구,쌍문2동,서울특별시 도봉구 쌍문2동,11320670,05,17082.648465753427
서울특별시,도봉구,쌍문2동,서울특별시 도봉구 쌍문2동,11320670,06,16988.529698630136
서울특별시,도봉구,쌍문2동,서울특별시 도봉구 쌍문2동,11320670,07,16957.082164383562
서울특별시,도봉구,쌍문2동,서울특별시 도봉구 쌍문2동,11320670,08,17332.061068493153
서울특별시,도봉구,쌍문2동,서울특별시 도봉구 쌍문2동,11320670,09,17788.489506849313
서울특별시,도봉구,쌍문2동,서울특별시 도봉구 쌍문2동,11320670,10,17967.564383561643
서울특별시,도봉구,쌍문2동,서울특별시 도봉구 쌍문2동,11320670,11,18106.795068493153
서울특별시,도봉구,쌍문2동,서울특별시 도봉구 쌍문2동,11320670,12,17934.95917808219
서울특별시,도봉구,쌍문2동,서울특별시 도봉구 쌍문2동,11320670,13,17822.39887671233
서울특별시,도봉구,쌍문2동,서울특별시 도봉구 쌍문2동,11320670,14,17785.074547945205
서울특별시,도봉구,쌍문2동,서울특별시 도봉구 쌍문2동,11320670,15,17660.907315068493
서울특별시,도봉구,쌍문2동,서울특별시 도봉구 쌍문2동,11320670,16,17562.7382739726
서울특별시,도봉구,쌍문2동,서울특별시 도봉구 쌍문2동,11320670,17,17567.359260273974
서울특별시,도봉구,쌍문2동,서울특별시 도봉구 쌍문2동,11320670,18,17447.199287671232
서울특별시,도봉구,쌍문2동,서울특별시 도봉구 쌍문2동,11320670,19,17532.328657534246
서울특별시,도봉구,쌍문2동,서울특별시 도봉구 쌍문2동,11320670,20,17549.427342465755
서울특별시,도봉구,쌍문2동,서울특별시 도봉구 쌍문2동,11320670,21,17360.139698630137
서울특별시,도봉구,쌍문2동,서울특별시 도봉구 쌍문2동,11320670,22,17169.46506849315
서울특별시,도봉구,쌍문2동,서울특별시 도봉구 쌍문2동,11320670,23,17123.39328767123
서울특별시,도봉구,쌍문3동,서울특별시 도봉구 쌍문3동,11320680,00,16421.78084931507
서울특별시,도봉구,쌍문3동,서울특별시 도봉구 쌍문3동,11320680,01,16490.593726027397
서울특별시,도봉구,쌍문3동,서울특별시 도봉구 쌍문3동,11320680,02,16571.702575342468
서울특별시,도봉구,쌍문3동,서울특별시 도봉구 쌍문3동,11320680,03,16618.077643835615
서울특별시,도봉구,쌍문3동,서울특별시 도봉구 쌍문3동,11320680,04,16646.73306849315
서울특별시,도봉구,쌍문3동,서울특별시 도봉구 쌍문3동,11320680,05,16600.036082191782
서울특별시,도봉구,쌍문3동,서울특별시 도봉구 쌍문3동,11320680,06,16487.612273972605
서울특별시,도봉구,쌍문3동,서울특별시 도봉구 쌍문3동,11320680,07,16273.704958904109
서울특별시,도봉구,쌍문3동,서울특별시 도봉구 쌍문3동,11320680,08,15888.302219178082
서울특별시,도봉구,쌍문3동,서울특별시 도봉구 쌍문3동,11320680,09,15208.53605479452
서울특별시,도봉구,쌍문3동,서울특별시 도봉구 쌍문3동,11320680,10,15055.561534246575
서울특별시,도봉구,쌍문3동,서울특별시 도봉구 쌍문3동,11320680,11,14884.9781369863
서울특별시,도봉구,쌍문3동,서울특별시 도봉구 쌍문3동,11320680,12,14661.60501369863
서울특별시,도봉구,쌍문3동,서울특별시 도봉구 쌍문3동,11320680,13,14420.228465753424
서울특별시,도봉구,쌍문3동,서울특별시 도봉구 쌍문3동,11320680,14,14215.583726027397
서울특별시,도봉구,쌍문3동,서울특별시 도봉구 쌍문3동,11320680,15,14135.394575342465
서울특별시,도봉구,쌍문3동,서울특별시 도봉구 쌍문3동,11320680,16,14158.91093150685
서울특별시,도봉구,쌍문3동,서울특별시 도봉구 쌍문3동,11320680,17,14230.722383561644
서울특별시,도봉구,쌍문3동,서울특별시 도봉구 쌍문3동,11320680,18,14528.616410958904
서울특별시,도봉구,쌍문3동,서울특별시 도봉구 쌍문3동,11320680,19,15026.584739726026
서울특별시,도봉구,쌍문3동,서울특별시 도봉구 쌍문3동,11320680,20,15361.132356164382
서울특별시,도봉구,쌍문3동,서울특별시 도봉구 쌍문3동,11320680,21,15576.354356164384
서울특별시,도봉구,쌍문3동,서울특별시 도봉구 쌍문3동,11320680,22,15807.04205479452
서울특별시,도봉구,쌍문3동,서울특별시 도봉구 쌍문3동,11320680,23,16016.971479452055
서울특별시,도봉구,쌍문4동,서울특별시 도봉구 쌍문4동,11320681,00,23264.95657534247
서울특별시,도봉구,쌍문4동,서울특별시 도봉구 쌍문4동,11320681,01,23390.566931506848
서울특별시,도봉구,쌍문4동,서울특별시 도봉구 쌍문4동,11320681,02,23473.074986301366
서울특별시,도봉구,쌍문4동,서울특별시 도봉구 쌍문4동,11320681,03,23527.409945205483
서울특별시,도봉구,쌍문4동,서울특별시 도봉구 쌍문4동,11320681,04,23535.22750684931
서울특별시,도봉구,쌍문4동,서울특별시 도봉구 쌍문4동,11320681,05,23396.53523287671
서울특별시,도봉구,쌍문4동,서울특별시 도봉구 쌍문4동,11320681,06,23166.189726027398
서울특별시,도봉구,쌍문4동,서울특별시 도봉구 쌍문4동,11320681,07,23208.954493150686
서울특별시,도봉구,쌍문4동,서울특별시 도봉구 쌍문4동,11320681,08,22384.895616438356
서울특별시,도봉구,쌍문4동,서울특별시 도봉구 쌍문4동,11320681,09,20730.273780821917
서울특별시,도봉구,쌍문4동,서울특별시 도봉구 쌍문4동,11320681,10,19704.73597260274
서울특별시,도봉구,쌍문4동,서울특별시 도봉구 쌍문4동,11320681,11,18968.46290410959
서울특별시,도봉구,쌍문4동,서울특별시 도봉구 쌍문4동,11320681,12,18549.074273972605
서울특별시,도봉구,쌍문4동,서울특별시 도봉구 쌍문4동,11320681,13,18209.416630136988
서울특별시,도봉구,쌍문4동,서울특별시 도봉구 쌍문4동,11320681,14,18150.067972602737
서울특별시,도봉구,쌍문4동,서울특별시 도봉구 쌍문4동,11320681,15,18327.61104109589
서울특별시,도봉구,쌍문4동,서울특별시 도봉구 쌍문4동,11320681,16,18534.30167123288
서울특별시,도봉구,쌍문4동,서울특별시 도봉구 쌍문4동,11320681,17,18750.97180821918
서울특별시,도봉구,쌍문4동,서울특별시 도봉구 쌍문4동,11320681,18,19284.177506849315
서울특별시,도봉구,쌍문4동,서울특별시 도봉구 쌍문4동,11320681,19,20166.708547945207
서울특별시,도봉구,쌍문4동,서울특별시 도봉구 쌍문4동,11320681,20,21015.894246575343
서울특별시,도봉구,쌍문4동,서울특별시 도봉구 쌍문4동,11320681,21,21769.484383561645
서울특별시,도봉구,쌍문4동,서울특별시 도봉구 쌍문4동,11320681,22,22255.259780821918
서울특별시,도봉구,쌍문4동,서울특별시 도봉구 쌍문4동,11320681,23,22682.162438356165
서울특별시,도봉구,창1동,서울특별시 도봉구 창1동,11320511,00,26107.111232876712
서울특별시,도봉구,창1동,서울특별시 도봉구 창1동,11320511,01,26093.505616438357
서울특별시,도봉구,창1동,서울특별시 도봉구 창1동,11320511,02,26050.66216438356
서울특별시,도봉구,창1동,서울특별시 도봉구 창1동,11320511,03,26013.26895890411
서울특별시,도봉구,창1동,서울특별시 도봉구 창1동,11320511,04,26002.72569863014
서울특별시,도봉구,창1동,서울특별시 도봉구 창1동,11320511,05,26034.41191780822
서울특별시,도봉구,창1동,서울특별시 도봉구 창1동,11320511,06,25787.182136986303
서울특별시,도봉구,창1동,서울특별시 도봉구 창1동,11320511,07,25383.373698630137
서울특별시,도봉구,창1동,서울특별시 도봉구 창1동,11320511,08,24691.032493150684
서울특별시,도봉구,창1동,서울특별시 도봉구 창1동,11320511,09,23404.25405479452
서울특별시,도봉구,창1동,서울특별시 도봉구 창1동,11320511,10,22592.16408219178
서울특별시,도봉구,창1동,서울특별시 도봉구 창1동,11320511,11,22168.614657534246
서울특별시,도봉구,창1동,서울특별시 도봉구 창1동,11320511,12,21994.550383561644
서울특별시,도봉구,창1동,서울특별시 도봉구 창1동,11320511,13,21748.559726027397
서울특별시,도봉구,창1동,서울특별시 도봉구 창1동,11320511,14,21495.17512328767
서울특별시,도봉구,창1동,서울특별시 도봉구 창1동,11320511,15,21397.604219178083
서울특별시,도봉구,창1동,서울특별시 도봉구 창1동,11320511,16,21585.742109589042
서울특별시,도봉구,창1동,서울특별시 도봉구 창1동,11320511,17,21973.6021369863
서울특별시,도봉구,창1동,서울특별시 도봉구 창1동,11320511,18,22761.100438356163
서울특별시,도봉구,창1동,서울특별시 도봉구 창1동,11320511,19,23802.973671232878
서울특별시,도봉구,창1동,서울특별시 도봉구 창1동,11320511,20,24509.555260273974
서울특별시,도봉구,창1동,서울특별시 도봉구 창1동,11320511,21,25022.981178082195
서울특별시,도봉구,창1동,서울특별시 도봉구 창1동,11320511,22,25644.26923287671
서울특별시,도봉구,창1동,서울특별시 도봉구 창1동,11320511,23,25994.76389041096
서울특별시,도봉구,창2동,서울특별시 도봉구 창2동,11320512,00,31593.796602739727
서울특별시,도봉구,창2동,서울특별시 도봉구 창2동,11320512,01,31702.241315068495
서울특별시,도봉구,창2동,서울특별시 도봉구 창2동,11320512,02,31739.95473972603
서울특별시,도봉구,창2동,서울특별시 도봉구 창2동,11320512,03,31793.366109589042
서울특별시,도봉구,창2동,서울특별시 도봉구 창2동,11320512,04,31792.211589041097
서울특별시,도봉구,창2동,서울특별시 도봉구 창2동,11320512,05,31703.671424657536
서울특별시,도봉구,창2동,서울특별시 도봉구 창2동,11320512,06,31585.631342465753
서울특별시,도봉구,창2동,서울특별시 도봉구 창2동,11320512,07,31196.358
서울특별시,도봉구,창2동,서울특별시 도봉구 창2동,11320512,08,30140.646849315068
서울특별시,도봉구,창2동,서울특별시 도봉구 창2동,11320512,09,28889.129397260276
서울특별시,도봉구,창2동,서울특별시 도봉구 창2동,11320512,10,28082.37194520548
서울특별시,도봉구,창2동,서울특별시 도봉구 창2동,11320512,11,27568.188821917807
서울특별시,도봉구,창2동,서울특별시 도봉구 창2동,11320512,12,27101.46712328767
서울특별시,도봉구,창2동,서울특별시 도봉구 창2동,11320512,13,26871.949397260272
서울특별시,도봉구,창2동,서울특별시 도봉구 창2동,11320512,14,26846.55183561644
서울특별시,도봉구,창2동,서울특별시 도봉구 창2동,11320512,15,27024.208273972603
서울특별시,도봉구,창2동,서울특별시 도봉구 창2동,11320512,16,27368.934
서울특별시,도봉구,창2동,서울특별시 도봉구 창2동,11320512,17,27827.15890410959
서울특별시,도봉구,창2동,서울특별시 도봉구 창2동,11320512,18,28274.04142465753
서울특별시,도봉구,창2동,서울특별시 도봉구 창2동,11320512,19,29076.993369863016
서울특별시,도봉구,창2동,서울특별시 도봉구 창2동,11320512,20,29854.577287671236
서울특별시,도봉구,창2동,서울특별시 도봉구 창2동,11320512,21,30441.43701369863
서울특별시,도봉구,창2동,서울특별시 도봉구 창2동,11320512,22,30906.817315068492
서울특별시,도봉구,창2동,서울특별시 도봉구 창2동,11320512,23,31242.513698630137
서울특별시,도봉구,창3동,서울특별시 도봉구 창3동,11320513,00,12356.080383561643
서울특별시,도봉구,창3동,서울특별시 도봉구 창3동,11320513,01,12516.905479452054
서울특별시,도봉구,창3동,서울특별시 도봉구 창3동,11320513,02,12578.746493150684
서울특별시,도봉구,창3동,서울특별시 도봉구 창3동,11320513,03,12605.241095890411
서울특별시,도봉구,창3동,서울특별시 도봉구 창3동,11320513,04,12577.508109589042
서울특별시,도봉구,창3동,서울특별시 도봉구 창3동,11320513,05,12461.450191780823
서울특별시,도봉구,창3동,서울특별시 도봉구 창3동,11320513,06,12238.680712328767
서울특별시,도봉구,창3동,서울특별시 도봉구 창3동,11320513,07,11900.62306849315
서울특별시,도봉구,창3동,서울특별시 도봉구 창3동,11320513,08,11533.883342465753
서울특별시,도봉구,창3동,서울특별시 도봉구 창3동,11320513,09,11088.451178082192
서울특별시,도봉구,창3동,서울특별시 도봉구 창3동,11320513,10,10828.972356164384
서울특별시,도봉구,창3동,서울특별시 도봉구 창3동,11320513,11,10784.889232876712
서울특별시,도봉구,창3동,서울특별시 도봉구 창3동,11320513,12,10762.96898630137
서울특별시,도봉구,창3동,서울특별시 도봉구 창3동,11320513,13,10689.893068493151
서울특별시,도봉구,창3동,서울특별시 도봉구 창3동,11320513,14,10557.845780821917
서울특별시,도봉구,창3동,서울특별시 도봉구 창3동,11320513,15,10550.203835616438
서울특별시,도봉구,창3동,서울특별시 도봉구 창3동,11320513,16,10664.943479452055
서울특별시,도봉구,창3동,서울특별시 도봉구 창3동,11320513,17,10842.78884931507
서울특별시,도봉구,창3동,서울특별시 도봉구 창3동,11320513,18,10992.290136986301
서울특별시,도봉구,창3동,서울특별시 도봉구 창3동,11320513,19,11210.307945205479
서울특별시,도봉구,창3동,서울특별시 도봉구 창3동,11320513,20,11419.820630136986
서울특별시,도봉구,창3동,서울특별시 도봉구 창3동,11320513,21,11641.796794520547
서울특별시,도봉구,창3동,서울특별시 도봉구 창3동,11320513,22,11961.647095890412
서울특별시,도봉구,창3동,서울특별시 도봉구 창3동,11320513,23,12241.783945205478
서울특별시,도봉구,창4동,서울특별시 도봉구 창4동,11320514,00,30507.173534246576
서울특별시,도봉구,창4동,서울특별시 도봉구 창4동,11320514,01,30471.932602739726
서울특별시,도봉구,창4동,서울특별시 도봉구 창4동,11320514,02,30387.459342465754
서울특별시,도봉구,창4동,서울특별시 도봉구 창4동,11320514,03,30336.1238630137
서울특별시,도봉구,창4동,서울특별시 도봉구 창4동,11320514,04,30305.529726027395
서울특별시,도봉구,창4동,서울특별시 도봉구 창4동,11320514,05,30355.923698630137
서울특별시,도봉구,창4동,서울특별시 도봉구 창4동,11320514,06,30723.37134246575
서울특별시,도봉구,창4동,서울특별시 도봉구 창4동,11320514,07,31223.889534246573
서울특별시,도봉구,창4동,서울특별시 도봉구 창4동,11320514,08,31982.709616438355
서울특별시,도봉구,창4동,서울특별시 도봉구 창4동,11320514,09,32412.09619178082
서울특별시,도봉구,창4동,서울특별시 도봉구 창4동,11320514,10,32844.102849315066
서울특별시,도봉구,창4동,서울특별시 도봉구 창4동,11320514,11,32870.977671232875
서울특별시,도봉구,창4동,서울특별시 도봉구 창4동,11320514,12,32844.726246575345
서울특별시,도봉구,창4동,서울특별시 도봉구 창4동,11320514,13,33174.59928767123
서울특별시,도봉구,창4동,서울특별시 도봉구 창4동,11320514,14,33530.27358904109
서울특별시,도봉구,창4동,서울특별시 도봉구 창4동,11320514,15,33597.56526027397
서울특별시,도봉구,창4동,서울특별시 도봉구 창4동,11320514,16,33053.319397260275
서울특별시,도봉구,창4동,서울특별시 도봉구 창4동,11320514,17,32160.77205479452
서울특별시,도봉구,창4동,서울특별시 도봉구 창4동,11320514,18,31166.28789041096
서울특별시,도봉구,창4동,서울특별시 도봉구 창4동,11320514,19,30771.10682191781
서울특별시,도봉구,창4동,서울특별시 도봉구 창4동,11320514,20,30745.643150684933
서울특별시,도봉구,창4동,서울특별시 도봉구 창4동,11320514,21,30621.618219178083
서울특별시,도봉구,창4동,서울특별시 도봉구 창4동,11320514,22,30626.928575342467
서울특별시,도봉구,창4동,서울특별시 도봉구 창4동,11320514,23,30703.9381369863
서울특별시,도봉구,창5동,서울특별시 도봉구 창5동,11320515,00,24435.58989041096
서울특별시,도봉구,창5동,서울특별시 도봉구 창5동,11320515,01,24495.73230136986
서울특별시,도봉구,창5동,서울특별시 도봉구 창5동,11320515,02,24531.554027397262
서울특별시,도봉구,창5동,서울특별시 도봉구 창5동,11320515,03,24554.24224657534
서울특별시,도봉구,창5동,서울특별시 도봉구 창5동,11320515,04,24577.993342465754
서울특별시,도봉구,창5동,서울특별시 도봉구 창5동,11320515,05,24530.8218630137
서울특별시,도봉구,창5동,서울특별시 도봉구 창5동,11320515,06,24313.251013698628
서울특별시,도봉구,창5동,서울특별시 도봉구 창5동,11320515,07,23917.205424657535
서울특별시,도봉구,창5동,서울특별시 도봉구 창5동,11320515,08,23099.04526027397
서울특별시,도봉구,창5동,서울특별시 도봉구 창5동,11320515,09,22398.635424657532
서울특별시,도봉구,창5동,서울특별시 도봉구 창5동,11320515,10,22001.40002739726
서울특별시,도봉구,창5동,서울특별시 도봉구 창5동,11320515,11,21832.33594520548
서울특별시,도봉구,창5동,서울특별시 도봉구 창5동,11320515,12,21813.62224657534
서울특별시,도봉구,창5동,서울특별시 도봉구 창5동,11320515,13,21581.4421369863
서울특별시,도봉구,창5동,서울특별시 도봉구 창5동,11320515,14,21478.153945205482
서울특별시,도봉구,창5동,서울특별시 도봉구 창5동,11320515,15,21589.56509589041
서울특별시,도봉구,창5동,서울특별시 도봉구 창5동,11320515,16,21908.97890410959
서울특별시,도봉구,창5동,서울특별시 도봉구 창5동,11320515,17,22363.411753424658
서울특별시,도봉구,창5동,서울특별시 도봉구 창5동,11320515,18,22908.465561643836
서울특별시,도봉구,창5동,서울특별시 도봉구 창5동,11320515,19,23521.223178082193
서울특별시,도봉구,창5동,서울특별시 도봉구 창5동,11320515,20,23817.525616438354
서울특별시,도봉구,창5동,서울특별시 도봉구 창5동,11320515,21,24010.627945205477
서울특별시,도봉구,창5동,서울특별시 도봉구 창5동,11320515,22,24178.411506849312
서울특별시,도봉구,창5동,서울특별시 도봉구 창5동,11320515,23,24310.868493150683
서울특별시,동대문구,답십리1동,서울특별시 동대문구 답십리1동,11230600,00,27230.550657534248
서울특별시,동대문구,답십리1동,서울특별시 동대문구 답십리1동,11230600,01,27278.78230136986
서울특별시,동대문구,답십리1동,서울특별시 동대문구 답십리1동,11230600,02,27270.850328767123
서울특별시,동대문구,답십리1동,서울특별시 동대문구 답십리1동,11230600,03,27292.15090410959
서울특별시,동대문구,답십리1동,서울특별시 동대문구 답십리1동,11230600,04,27360.510986301368
서울특별시,동대문구,답십리1동,서울특별시 동대문구 답십리1동,11230600,05,27397.24887671233
서울특별시,동대문구,답십리1동,서울특별시 동대문구 답십리1동,11230600,06,27436.657561643835
서울특별시,동대문구,답십리1동,서울특별시 동대문구 답십리1동,11230600,07,27233.270356164383
서울특별시,동대문구,답십리1동,서울특별시 동대문구 답십리1동,11230600,08,26286.248739726027
서울특별시,동대문구,답십리1동,서울특별시 동대문구 답십리1동,11230600,09,25020.660602739725
서울특별시,동대문구,답십리1동,서울특별시 동대문구 답십리1동,11230600,10,24432.776054794518
서울특별시,동대문구,답십리1동,서울특별시 동대문구 답십리1동,11230600,11,24059.188027397264
서울특별시,동대문구,답십리1동,서울특별시 동대문구 답십리1동,11230600,12,23716.495917808217
서울특별시,동대문구,답십리1동,서울특별시 동대문구 답십리1동,11230600,13,23426.120876712328
서울특별시,동대문구,답십리1동,서울특별시 동대문구 답십리1동,11230600,14,23270.467452054792
서울특별시,동대문구,답십리1동,서울특별시 동대문구 답십리1동,11230600,15,23225.446520547946
서울특별시,동대문구,답십리1동,서울특별시 동대문구 답십리1동,11230600,16,23318.232657534245
서울특별시,동대문구,답십리1동,서울특별시 동대문구 답십리1동,11230600,17,23465.99706849315
서울특별시,동대문구,답십리1동,서울특별시 동대문구 답십리1동,11230600,18,23965.0598630137
서울특별시,동대문구,답십리1동,서울특별시 동대문구 답십리1동,11230600,19,24797.373616438355
서울특별시,동대문구,답십리1동,서울특별시 동대문구 답십리1동,11230600,20,25372.623808219178
서울특별시,동대문구,답십리1동,서울특별시 동대문구 답십리1동,11230600,21,26004.390383561644
서울특별시,동대문구,답십리1동,서울특별시 동대문구 답십리1동,11230600,22,26562.7801369863
서울특별시,동대문구,답십리1동,서울특별시 동대문구 답십리1동,11230600,23,26940.34824657534
서울특별시,동대문구,답십리2동,서울특별시 동대문구 답십리2동,11230610,00,32345.318684931506
서울특별시,동대문구,답십리2동,서울특별시 동대문구 답십리2동,11230610,01,32545.344794520548
서울특별시,동대문구,답십리2동,서울특별시 동대문구 답십리2동,11230610,02,32650.20021917808
서울특별시,동대문구,답십리2동,서울특별시 동대문구 답십리2동,11230610,03,32702.004684931508
서울특별시,동대문구,답십리2동,서울특별시 동대문구 답십리2동,11230610,04,32719.956328767126
서울특별시,동대문구,답십리2동,서울특별시 동대문구 답십리2동,11230610,05,32582.582164383562
서울특별시,동대문구,답십리2동,서울특별시 동대문구 답십리2동,11230610,06,32268.194273972604
서울특별시,동대문구,답십리2동,서울특별시 동대문구 답십리2동,11230610,07,31672.13295890411
서울특별시,동대문구,답십리2동,서울특별시 동대문구 답십리2동,11230610,08,30318.04794520548
서울특별시,동대문구,답십리2동,서울특별시 동대문구 답십리2동,11230610,09,28817.927561643835
서울특별시,동대문구,답십리2동,서울특별시 동대문구 답십리2동,11230610,10,28001.228273972603
서울특별시,동대문구,답십리2동,서울특별시 동대문구 답십리2동,11230610,11,27607.990520547944
서울특별시,동대문구,답십리2동,서울특별시 동대문구 답십리2동,11230610,12,27385.153534246572
서울특별시,동대문구,답십리2동,서울특별시 동대문구 답십리2동,11230610,13,27122.274931506847
서울특별시,동대문구,답십리2동,서울특별시 동대문구 답십리2동,11230610,14,26988.23115068493
서울특별시,동대문구,답십리2동,서울특별시 동대문구 답십리2동,11230610,15,27051.082219178083
서울특별시,동대문구,답십리2동,서울특별시 동대문구 답십리2동,11230610,16,27554.926821917805
서울특별시,동대문구,답십리2동,서울특별시 동대문구 답십리2동,11230610,17,28160.272794520548
서울특별시,동대문구,답십리2동,서울특별시 동대문구 답십리2동,11230610,18,28791.295835616438
서울특별시,동대문구,답십리2동,서울특별시 동대문구 답십리2동,11230610,19,29638.607863013698
서울특별시,동대문구,답십리2동,서울특별시 동대문구 답십리2동,11230610,20,30217.179753424654
서울특별시,동대문구,답십리2동,서울특별시 동대문구 답십리2동,11230610,21,30785.85561643836
서울특별시,동대문구,답십리2동,서울특별시 동대문구 답십리2동,11230610,22,31423.942164383563
서울특별시,동대문구,답십리2동,서울특별시 동대문구 답십리2동,11230610,23,31872.59465753425
서울특별시,동대문구,용신동,서울특별시 동대문구 용신동,11230536,00,40528.357287671235
서울특별시,동대문구,용신동,서울특별시 동대문구 용신동,11230536,01,40748.48802739726
서울특별시,동대문구,용신동,서울특별시 동대문구 용신동,11230536,02,40941.926630136986
서울특별시,동대문구,용신동,서울특별시 동대문구 용신동,11230536,03,41046.33298630137
서울특별시,동대문구,용신동,서울특별시 동대문구 용신동,11230536,04,41161.25994520548
서울특별시,동대문구,용신동,서울특별시 동대문구 용신동,11230536,05,41441.56556164384
서울특별시,동대문구,용신동,서울특별시 동대문구 용신동,11230536,06,41516.0237260274
서울특별시,동대문구,용신동,서울특별시 동대문구 용신동,11230536,07,42357.79501369863
서울특별시,동대문구,용신동,서울특별시 동대문구 용신동,11230536,08,44058.548657534244
서울특별시,동대문구,용신동,서울특별시 동대문구 용신동,11230536,09,45869.24512328767
서울특별시,동대문구,용신동,서울특별시 동대문구 용신동,11230536,10,47188.03663013699
서울특별시,동대문구,용신동,서울특별시 동대문구 용신동,11230536,11,48678.354027397254
서울특별시,동대문구,용신동,서울특별시 동대문구 용신동,11230536,12,50001.10750684931
서울특별시,동대문구,용신동,서울특별시 동대문구 용신동,11230536,13,50294.206109589046
서울특별시,동대문구,용신동,서울특별시 동대문구 용신동,11230536,14,50338.351643835624
서울특별시,동대문구,용신동,서울특별시 동대문구 용신동,11230536,15,49796.59789041096
서울특별시,동대문구,용신동,서울특별시 동대문구 용신동,11230536,16,48793.910219178084
서울특별시,동대문구,용신동,서울특별시 동대문구 용신동,11230536,17,47447.1441369863
서울특별시,동대문구,용신동,서울특별시 동대문구 용신동,11230536,18,45562.10147945205
서울특별시,동대문구,용신동,서울특별시 동대문구 용신동,11230536,19,43082.448657534245
서울특별시,동대문구,용신동,서울특별시 동대문구 용신동,11230536,20,41584.60805479452
서울특별시,동대문구,용신동,서울특별시 동대문구 용신동,11230536,21,40896.776520547945
서울특별시,동대문구,용신동,서울특별시 동대문구 용신동,11230536,22,40605.5495890411
서울특별시,동대문구,용신동,서울특별시 동대문구 용신동,11230536,23,40553.934273972605
서울특별시,동대문구,이문1동,서울특별시 동대문구 이문1동,11230740,00,23910.730904109587
서울특별시,동대문구,이문1동,서울특별시 동대문구 이문1동,11230740,01,23942.128520547947
서울특별시,동대문구,이문1동,서울특별시 동대문구 이문1동,11230740,02,23967.207753424656
서울특별시,동대문구,이문1동,서울특별시 동대문구 이문1동,11230740,03,23984.60295890411
서울특별시,동대문구,이문1동,서울특별시 동대문구 이문1동,11230740,04,24041.762273972603
서울특별시,동대문구,이문1동,서울특별시 동대문구 이문1동,11230740,05,24129.20591780822
서울특별시,동대문구,이문1동,서울특별시 동대문구 이문1동,11230740,06,24357.972273972606
서울특별시,동대문구,이문1동,서울특별시 동대문구 이문1동,11230740,07,24709.46306849315
서울특별시,동대문구,이문1동,서울특별시 동대문구 이문1동,11230740,08,24779.77304109589
서울특별시,동대문구,이문1동,서울특별시 동대문구 이문1동,11230740,09,25730.885397260274
서울특별시,동대문구,이문1동,서울특별시 동대문구 이문1동,11230740,10,26448.61624657534
서울특별시,동대문구,이문1동,서울특별시 동대문구 이문1동,11230740,11,27221.49501369863
서울특별시,동대문구,이문1동,서울특별시 동대문구 이문1동,11230740,12,27611.320356164382
서울특별시,동대문구,이문1동,서울특별시 동대문구 이문1동,11230740,13,27584.759534246576
서울특별시,동대문구,이문1동,서울특별시 동대문구 이문1동,11230740,14,27432.567369863013
서울특별시,동대문구,이문1동,서울특별시 동대문구 이문1동,11230740,15,27250.03698630137
서울특별시,동대문구,이문1동,서울특별시 동대문구 이문1동,11230740,16,26628.794821917807
서울특별시,동대문구,이문1동,서울특별시 동대문구 이문1동,11230740,17,25840.28545205479
서울특별시,동대문구,이문1동,서울특별시 동대문구 이문1동,11230740,18,25079.23506849315
서울특별시,동대문구,이문1동,서울특별시 동대문구 이문1동,11230740,19,24801.872630136986
서울특별시,동대문구,이문1동,서울특별시 동대문구 이문1동,11230740,20,24573.375589041094
서울특별시,동대문구,이문1동,서울특별시 동대문구 이문1동,11230740,21,24344.511726027395
서울특별시,동대문구,이문1동,서울특별시 동대문구 이문1동,11230740,22,24155.6937260274
서울특별시,동대문구,이문1동,서울특별시 동대문구 이문1동,11230740,23,24079.62315068493
서울특별시,동대문구,이문2동,서울특별시 동대문구 이문2동,11230750,00,21197.836164383563
서울특별시,동대문구,이문2동,서울특별시 동대문구 이문2동,11230750,01,21354.475671232878
서울특별시,동대문구,이문2동,서울특별시 동대문구 이문2동,11230750,02,21491.522438356165
서울특별시,동대문구,이문2동,서울특별시 동대문구 이문2동,11230750,03,21563.666493150682
서울특별시,동대문구,이문2동,서울특별시 동대문구 이문2동,11230750,04,21606.182904109588
서울특별시,동대문구,이문2동,서울특별시 동대문구 이문2동,11230750,05,21552.772602739726
서울특별시,동대문구,이문2동,서울특별시 동대문구 이문2동,11230750,06,21284.054465753423
서울특별시,동대문구,이문2동,서울특별시 동대문구 이문2동,11230750,07,20731.405150684932
서울특별시,동대문구,이문2동,서울특별시 동대문구 이문2동,11230750,08,19571.676
서울특별시,동대문구,이문2동,서울특별시 동대문구 이문2동,11230750,09,18040.87775342466
서울특별시,동대문구,이문2동,서울특별시 동대문구 이문2동,11230750,10,17096.678191780822
서울특별시,동대문구,이문2동,서울특별시 동대문구 이문2동,11230750,11,16511.30775342466
서울특별시,동대문구,이문2동,서울특별시 동대문구 이문2동,11230750,12,16127.387835616437
서울특별시,동대문구,이문2동,서울특별시 동대문구 이문2동,11230750,13,15907.364958904109
서울특별시,동대문구,이문2동,서울특별시 동대문구 이문2동,11230750,14,15822.539342465754
서울특별시,동대문구,이문2동,서울특별시 동대문구 이문2동,11230750,15,15905.326821917808
서울특별시,동대문구,이문2동,서울특별시 동대문구 이문2동,11230750,16,16226.818383561644
서울특별시,동대문구,이문2동,서울특별시 동대문구 이문2동,11230750,17,16729.790547945206
서울특별시,동대문구,이문2동,서울특별시 동대문구 이문2동,11230750,18,17423.762301369865
서울특별시,동대문구,이문2동,서울특별시 동대문구 이문2동,11230750,19,18337.312054794522
서울특별시,동대문구,이문2동,서울특별시 동대문구 이문2동,11230750,20,19028.85002739726
서울특별시,동대문구,이문2동,서울특별시 동대문구 이문2동,11230750,21,19644.25879452055
서울특별시,동대문구,이문2동,서울특별시 동대문구 이문2동,11230750,22,20226.354712328768
서울특별시,동대문구,이문2동,서울특별시 동대문구 이문2동,11230750,23,20646.07405479452
서울특별시,동대문구,장안1동,서울특별시 동대문구 장안1동,11230650,00,33657.34449315068
서울특별시,동대문구,장안1동,서울특별시 동대문구 장안1동,11230650,01,33605.914
서울특별시,동대문구,장안1동,서울특별시 동대문구 장안1동,11230650,02,33498.53791780822
서울특별시,동대문구,장안1동,서울특별시 동대문구 장안1동,11230650,03,33428.56742465753
서울특별시,동대문구,장안1동,서울특별시 동대문구 장안1동,11230650,04,33373.51320547945
서울특별시,동대문구,장안1동,서울특별시 동대문구 장안1동,11230650,05,33350.23567123288
서울특별시,동대문구,장안1동,서울특별시 동대문구 장안1동,11230650,06,33408.86991780822
서울특별시,동대문구,장안1동,서울특별시 동대문구 장안1동,11230650,07,33634.092657534246
서울특별시,동대문구,장안1동,서울특별시 동대문구 장안1동,11230650,08,34343.72994520548
서울특별시,동대문구,장안1동,서울특별시 동대문구 장안1동,11230650,09,35178.89501369863
서울특별시,동대문구,장안1동,서울특별시 동대문구 장안1동,11230650,10,35443.668219178086
서울특별시,동대문구,장안1동,서울특별시 동대문구 장안1동,11230650,11,35870.6978630137
서울특별시,동대문구,장안1동,서울특별시 동대문구 장안1동,11230650,12,36117.568383561644
서울특별시,동대문구,장안1동,서울특별시 동대문구 장안1동,11230650,13,36101.03701369863
서울특별시,동대문구,장안1동,서울특별시 동대문구 장안1동,11230650,14,35880.62216438356
서울특별시,동대문구,장안1동,서울특별시 동대문구 장안1동,11230650,15,35769.23783561644
서울특별시,동대문구,장안1동,서울특별시 동대문구 장안1동,11230650,16,35745.553232876715
서울특별시,동대문구,장안1동,서울특별시 동대문구 장안1동,11230650,17,35740.352191780825
서울특별시,동대문구,장안1동,서울특별시 동대문구 장안1동,11230650,18,35522.558767123286
서울특별시,동대문구,장안1동,서울특별시 동대문구 장안1동,11230650,19,34699.40517808219
서울특별시,동대문구,장안1동,서울특별시 동대문구 장안1동,11230650,20,34167.20304109589
서울특별시,동대문구,장안1동,서울특별시 동대문구 장안1동,11230650,21,34000.596410958904
서울특별시,동대문구,장안1동,서울특별시 동대문구 장안1동,11230650,22,34009.280931506844
서울특별시,동대문구,장안1동,서울특별시 동대문구 장안1동,11230650,23,33957.33961643836
서울특별시,동대문구,장안2동,서울특별시 동대문구 장안2동,11230660,00,34239.99994520548
서울특별시,동대문구,장안2동,서울특별시 동대문구 장안2동,11230660,01,34227.69739726028
서울특별시,동대문구,장안2동,서울특별시 동대문구 장안2동,11230660,02,34213.34002739726
서울특별시,동대문구,장안2동,서울특별시 동대문구 장안2동,11230660,03,34200.191232876714
서울특별시,동대문구,장안2동,서울특별시 동대문구 장안2동,11230660,04,34193.900465753424
서울특별시,동대문구,장안2동,서울특별시 동대문구 장안2동,11230660,05,34196.703205479454
서울특별시,동대문구,장안2동,서울특별시 동대문구 장안2동,11230660,06,34241.941890410955
서울특별시,동대문구,장안2동,서울특별시 동대문구 장안2동,11230660,07,34144.48991780822
서울특별시,동대문구,장안2동,서울특별시 동대문구 장안2동,11230660,08,33909.09750684931
서울특별시,동대문구,장안2동,서울특별시 동대문구 장안2동,11230660,09,33343.65706849315
서울특별시,동대문구,장안2동,서울특별시 동대문구 장안2동,11230660,10,32978.70216438356
서울특별시,동대문구,장안2동,서울특별시 동대문구 장안2동,11230660,11,33012.14095890411
서울특별시,동대문구,장안2동,서울특별시 동대문구 장안2동,11230660,12,33228.294575342465
서울특별시,동대문구,장안2동,서울특별시 동대문구 장안2동,11230660,13,33037.94898630137
서울특별시,동대문구,장안2동,서울특별시 동대문구 장안2동,11230660,14,32944.5001369863
서울특별시,동대문구,장안2동,서울특별시 동대문구 장안2동,11230660,15,33072.44835616439
서울특별시,동대문구,장안2동,서울특별시 동대문구 장안2동,11230660,16,33525.082986301364
서울특별시,동대문구,장안2동,서울특별시 동대문구 장안2동,11230660,17,33885.94657534247
서울특별시,동대문구,장안2동,서울특별시 동대문구 장안2동,11230660,18,34486.607287671235
서울특별시,동대문구,장안2동,서울특별시 동대문구 장안2동,11230660,19,35063.2814520548
서울특별시,동대문구,장안2동,서울특별시 동대문구 장안2동,11230660,20,35069.29665753424
서울특별시,동대문구,장안2동,서울특별시 동대문구 장안2동,11230660,21,34897.16457534247
서울특별시,동대문구,장안2동,서울특별시 동대문구 장안2동,11230660,22,34527.88701369863
서울특별시,동대문구,장안2동,서울특별시 동대문구 장안2동,11230660,23,34453.80326027397
서울특별시,동대문구,전농1동,서울특별시 동대문구 전농1동,11230560,00,36723.60175342466
서울특별시,동대문구,전농1동,서울특별시 동대문구 전농1동,11230560,01,36834.53323287672
서울특별시,동대문구,전농1동,서울특별시 동대문구 전농1동,11230560,02,36871.74076712329
서울특별시,동대문구,전농1동,서울특별시 동대문구 전농1동,11230560,03,36933.210602739724
서울특별시,동대문구,전농1동,서울특별시 동대문구 전농1동,11230560,04,37008.933589041095
서울특별시,동대문구,전농1동,서울특별시 동대문구 전농1동,11230560,05,37053.0064109589
서울특별시,동대문구,전농1동,서울특별시 동대문구 전농1동,11230560,06,37339.74315068493
서울특별시,동대문구,전농1동,서울특별시 동대문구 전농1동,11230560,07,37800.425397260275
서울특별시,동대문구,전농1동,서울특별시 동대문구 전농1동,11230560,08,38038.79989041096
서울특별시,동대문구,전농1동,서울특별시 동대문구 전농1동,11230560,09,38315.458301369865
서울특별시,동대문구,전농1동,서울특별시 동대문구 전농1동,11230560,10,39571.699342465756
서울특별시,동대문구,전농1동,서울특별시 동대문구 전농1동,11230560,11,40921.84679452055
서울특별시,동대문구,전농1동,서울특별시 동대문구 전농1동,11230560,12,42057.93339726027
서울특별시,동대문구,전농1동,서울특별시 동대문구 전농1동,11230560,13,42532.208712328764
서울특별시,동대문구,전농1동,서울특별시 동대문구 전농1동,11230560,14,42792.03202739726
서울특별시,동대문구,전농1동,서울특별시 동대문구 전농1동,11230560,15,42704.32712328767
서울특별시,동대문구,전농1동,서울특별시 동대문구 전농1동,11230560,16,42144.08652054794
서울특별시,동대문구,전농1동,서울특별시 동대문구 전농1동,11230560,17,41747.92183561644
서울특별시,동대문구,전농1동,서울특별시 동대문구 전농1동,11230560,18,41195.23438356165
서울특별시,동대문구,전농1동,서울특별시 동대문구 전농1동,11230560,19,40781.31123287671
서울특별시,동대문구,전농1동,서울특별시 동대문구 전농1동,11230560,20,39373.38989041096
서울특별시,동대문구,전농1동,서울특별시 동대문구 전농1동,11230560,21,38274.39819178082
서울특별시,동대문구,전농1동,서울특별시 동대문구 전농1동,11230560,22,37620.639205479456
서울특별시,동대문구,전농1동,서울특별시 동대문구 전농1동,11230560,23,37097.01909589041
서울특별시,동대문구,전농2동,서울특별시 동대문구 전농2동,11230570,00,20594.817232876714
서울특별시,동대문구,전농2동,서울특별시 동대문구 전농2동,11230570,01,20758.438356164384
서울특별시,동대문구,전농2동,서울특별시 동대문구 전농2동,11230570,02,20838.704328767122
서울특별시,동대문구,전농2동,서울특별시 동대문구 전농2동,11230570,03,20830.003315068494
서울특별시,동대문구,전농2동,서울특별시 동대문구 전농2동,11230570,04,20820.72789041096
서울특별시,동대문구,전농2동,서울특별시 동대문구 전농2동,11230570,05,20761.665643835615
서울특별시,동대문구,전농2동,서울특별시 동대문구 전농2동,11230570,06,20489.02164383562
서울특별시,동대문구,전농2동,서울특별시 동대문구 전농2동,11230570,07,20185.24635616438
서울특별시,동대문구,전농2동,서울특별시 동대문구 전농2동,11230570,08,19605.017917808218
서울특별시,동대문구,전농2동,서울특별시 동대문구 전농2동,11230570,09,19009.360958904108
서울특별시,동대문구,전농2동,서울특별시 동대문구 전농2동,11230570,10,18982.74805479452
서울특별시,동대문구,전농2동,서울특별시 동대문구 전농2동,11230570,11,18794.35476712329
서울특별시,동대문구,전농2동,서울특별시 동대문구 전농2동,11230570,12,18611.987287671232
서울특별시,동대문구,전농2동,서울특별시 동대문구 전농2동,11230570,13,18567.027397260274
서울특별시,동대문구,전농2동,서울특별시 동대문구 전농2동,11230570,14,18604.434794520548
서울특별시,동대문구,전농2동,서울특별시 동대문구 전농2동,11230570,15,18634.640356164386
서울특별시,동대문구,전농2동,서울특별시 동대문구 전농2동,11230570,16,18735.297287671234
서울특별시,동대문구,전농2동,서울특별시 동대문구 전농2동,11230570,17,18630.02920547945
서울특별시,동대문구,전농2동,서울특별시 동대문구 전농2동,11230570,18,18776.452383561646
서울특별시,동대문구,전농2동,서울특별시 동대문구 전농2동,11230570,19,19214.240630136985
서울특별시,동대문구,전농2동,서울특별시 동대문구 전농2동,11230570,20,19548.257287671233
서울특별시,동대문구,전농2동,서울특별시 동대문구 전농2동,11230570,21,19837.353424657533
서울특별시,동대문구,전농2동,서울특별시 동대문구 전농2동,11230570,22,20128.577342465753
서울특별시,동대문구,전농2동,서울특별시 동대문구 전농2동,11230570,23,20358.49224657534
서울특별시,동대문구,제기동,서울특별시 동대문구 제기동,11230545,00,24454.89824657534
서울특별시,동대문구,제기동,서울특별시 동대문구 제기동,11230545,01,24653.468767123286
서울특별시,동대문구,제기동,서울특별시 동대문구 제기동,11230545,02,24812.824465753423
서울특별시,동대문구,제기동,서울특별시 동대문구 제기동,11230545,03,24994.526219178082
서울특별시,동대문구,제기동,서울특별시 동대문구 제기동,11230545,04,25218.83205479452
서울특별시,동대문구,제기동,서울특별시 동대문구 제기동,11230545,05,25460.503616438356
서울특별시,동대문구,제기동,서울특별시 동대문구 제기동,11230545,06,25806.421561643834
서울특별시,동대문구,제기동,서울특별시 동대문구 제기동,11230545,07,26357.37876712329
서울특별시,동대문구,제기동,서울특별시 동대문구 제기동,11230545,08,27345.1364109589
서울특별시,동대문구,제기동,서울특별시 동대문구 제기동,11230545,09,28519.83630136986
서울특별시,동대문구,제기동,서울특별시 동대문구 제기동,11230545,10,29783.618739726026
서울특별시,동대문구,제기동,서울특별시 동대문구 제기동,11230545,11,30967.653424657536
서울특별시,동대문구,제기동,서울특별시 동대문구 제기동,11230545,12,31754.634410958904
서울특별시,동대문구,제기동,서울특별시 동대문구 제기동,11230545,13,31975.033616438355
서울특별시,동대문구,제기동,서울특별시 동대문구 제기동,11230545,14,31937.17901369863
서울특별시,동대문구,제기동,서울특별시 동대문구 제기동,11230545,15,31299.110602739725
서울특별시,동대문구,제기동,서울특별시 동대문구 제기동,11230545,16,29994.625753424658
서울특별시,동대문구,제기동,서울특별시 동대문구 제기동,11230545,17,28147.457369863012
서울특별시,동대문구,제기동,서울특별시 동대문구 제기동,11230545,18,26079.72306849315
서울특별시,동대문구,제기동,서울특별시 동대문구 제기동,11230545,19,24603.29906849315
서울특별시,동대문구,제기동,서울특별시 동대문구 제기동,11230545,20,24070.285726027396
서울특별시,동대문구,제기동,서울특별시 동대문구 제기동,11230545,21,23858.38115068493
서울특별시,동대문구,제기동,서울특별시 동대문구 제기동,11230545,22,24006.373589041094
서울특별시,동대문구,제기동,서울특별시 동대문구 제기동,11230545,23,24185.5958630137
서울특별시,동대문구,청량리동,서울특별시 동대문구 청량리동,11230705,00,21366.124136986302
서울특별시,동대문구,청량리동,서울특별시 동대문구 청량리동,11230705,01,21478.467671232876
서울특별시,동대문구,청량리동,서울특별시 동대문구 청량리동,11230705,02,21433.29810958904
서울특별시,동대문구,청량리동,서울특별시 동대문구 청량리동,11230705,03,21408.76704109589
서울특별시,동대문구,청량리동,서울특별시 동대문구 청량리동,11230705,04,21415.88890410959
서울특별시,동대문구,청량리동,서울특별시 동대문구 청량리동,11230705,05,21502.028
서울특별시,동대문구,청량리동,서울특별시 동대문구 청량리동,11230705,06,21637.324575342464
서울특별시,동대문구,청량리동,서울특별시 동대문구 청량리동,11230705,07,21608.332630136985
서울특별시,동대문구,청량리동,서울특별시 동대문구 청량리동,11230705,08,21774.948136986302
서울특별시,동대문구,청량리동,서울특별시 동대문구 청량리동,11230705,09,22240.471369863015
서울특별시,동대문구,청량리동,서울특별시 동대문구 청량리동,11230705,10,22683.14901369863
서울특별시,동대문구,청량리동,서울특별시 동대문구 청량리동,11230705,11,23214.416602739726
서울특별시,동대문구,청량리동,서울특별시 동대문구 청량리동,11230705,12,23732.982328767124
서울특별시,동대문구,청량리동,서울특별시 동대문구 청량리동,11230705,13,24379.626301369863
서울특별시,동대문구,청량리동,서울특별시 동대문구 청량리동,11230705,14,24765.57898630137
서울특별시,동대문구,청량리동,서울특별시 동대문구 청량리동,11230705,15,24675.576410958907
서울특별시,동대문구,청량리동,서울특별시 동대문구 청량리동,11230705,16,24297.243561643838
서울특별시,동대문구,청량리동,서울특별시 동대문구 청량리동,11230705,17,23717.105698630137
서울특별시,동대문구,청량리동,서울특별시 동대문구 청량리동,11230705,18,23066.854904109587
서울특별시,동대문구,청량리동,서울특별시 동대문구 청량리동,11230705,19,22462.497561643835
서울특별시,동대문구,청량리동,서울특별시 동대문구 청량리동,11230705,20,21976.204821917807
서울특별시,동대문구,청량리동,서울특별시 동대문구 청량리동,11230705,21,21586.752136986303
서울특별시,동대문구,청량리동,서울특별시 동대문구 청량리동,11230705,22,21444.137178082194
서울특별시,동대문구,청량리동,서울특별시 동대문구 청량리동,11230705,23,21447.78323287671
서울특별시,동대문구,회기동,서울특별시 동대문구 회기동,11230710,00,13522.720273972604
서울특별시,동대문구,회기동,서울특별시 동대문구 회기동,11230710,01,13394.653561643836
서울특별시,동대문구,회기동,서울특별시 동대문구 회기동,11230710,02,13244.22501369863
서울특별시,동대문구,회기동,서울특별시 동대문구 회기동,11230710,03,13122.864520547944
서울특별시,동대문구,회기동,서울특별시 동대문구 회기동,11230710,04,13064.707315068494
서울특별시,동대문구,회기동,서울특별시 동대문구 회기동,11230710,05,13105.060630136986
서울특별시,동대문구,회기동,서울특별시 동대문구 회기동,11230710,06,13330.990410958904
서울특별시,동대문구,회기동,서울특별시 동대문구 회기동,11230710,07,14067.069561643835
서울특별시,동대문구,회기동,서울특별시 동대문구 회기동,11230710,08,16094.78090410959
서울특별시,동대문구,회기동,서울특별시 동대문구 회기동,11230710,09,17290.33284931507
서울특별시,동대문구,회기동,서울특별시 동대문구 회기동,11230710,10,18174.312438356166
서울특별시,동대문구,회기동,서울특별시 동대문구 회기동,11230710,11,18693.473369863015
서울특별시,동대문구,회기동,서울특별시 동대문구 회기동,11230710,12,18929.24624657534
서울특별시,동대문구,회기동,서울특별시 동대문구 회기동,11230710,13,18903.743260273972
서울특별시,동대문구,회기동,서울특별시 동대문구 회기동,11230710,14,18929.124410958906
서울특별시,동대문구,회기동,서울특별시 동대문구 회기동,11230710,15,18304.275479452055
서울특별시,동대문구,회기동,서울특별시 동대문구 회기동,11230710,16,17272.177397260275
서울특별시,동대문구,회기동,서울특별시 동대문구 회기동,11230710,17,16412.751342465755
서울특별시,동대문구,회기동,서울특별시 동대문구 회기동,11230710,18,15989.088493150684
서울특별시,동대문구,회기동,서울특별시 동대문구 회기동,11230710,19,15836.257315068493
서울특별시,동대문구,회기동,서울특별시 동대문구 회기동,11230710,20,15603.089397260273
서울특별시,동대문구,회기동,서울특별시 동대문구 회기동,11230710,21,15219.272191780821
서울특별시,동대문구,회기동,서울특별시 동대문구 회기동,11230710,22,14683.92
서울특별시,동대문구,회기동,서울특별시 동대문구 회기동,11230710,23,14072.651698630138
서울특별시,동대문구,휘경1동,서울특별시 동대문구 휘경1동,11230720,00,16139.000794520549
서울특별시,동대문구,휘경1동,서울특별시 동대문구 휘경1동,11230720,01,16155.169917808218
서울특별시,동대문구,휘경1동,서울특별시 동대문구 휘경1동,11230720,02,16189.424602739728
서울특별시,동대문구,휘경1동,서울특별시 동대문구 휘경1동,11230720,03,16199.643205479451
서울특별시,동대문구,휘경1동,서울특별시 동대문구 휘경1동,11230720,04,16188.854356164384
서울특별시,동대문구,휘경1동,서울특별시 동대문구 휘경1동,11230720,05,16212.383479452054
서울특별시,동대문구,휘경1동,서울특별시 동대문구 휘경1동,11230720,06,16218.655698630137
서울특별시,동대문구,휘경1동,서울특별시 동대문구 휘경1동,11230720,07,16117.545671232876
서울특별시,동대문구,휘경1동,서울특별시 동대문구 휘경1동,11230720,08,15558.908520547946
서울특별시,동대문구,휘경1동,서울특별시 동대문구 휘경1동,11230720,09,14664.623589041097
서울특별시,동대문구,휘경1동,서울특별시 동대문구 휘경1동,11230720,10,14232.29112328767
서울특별시,동대문구,휘경1동,서울특별시 동대문구 휘경1동,11230720,11,14079.565479452056
서울특별시,동대문구,휘경1동,서울특별시 동대문구 휘경1동,11230720,12,13987.02794520548
서울특별시,동대문구,휘경1동,서울특별시 동대문구 휘경1동,11230720,13,13759.674109589041
서울특별시,동대문구,휘경1동,서울특별시 동대문구 휘경1동,11230720,14,13625.581808219178
서울특별시,동대문구,휘경1동,서울특별시 동대문구 휘경1동,11230720,15,13684.592794520548
서울특별시,동대문구,휘경1동,서울특별시 동대문구 휘경1동,11230720,16,13847.56597260274
서울특별시,동대문구,휘경1동,서울특별시 동대문구 휘경1동,11230720,17,14048.529260273972
서울특별시,동대문구,휘경1동,서울특별시 동대문구 휘경1동,11230720,18,14334.024
서울특별시,동대문구,휘경1동,서울특별시 동대문구 휘경1동,11230720,19,14771.928739726029
서울특별시,동대문구,휘경1동,서울특별시 동대문구 휘경1동,11230720,20,15130.916712328766
서울특별시,동대문구,휘경1동,서울특별시 동대문구 휘경1동,11230720,21,15479.384109589042
서울특별시,동대문구,휘경1동,서울특별시 동대문구 휘경1동,11230720,22,15856.612328767123
서울특별시,동대문구,휘경1동,서울특별시 동대문구 휘경1동,11230720,23,16100.285150684931
서울특별시,동대문구,휘경2동,서울특별시 동대문구 휘경2동,11230730,00,25407.960438356167
서울특별시,동대문구,휘경2동,서울특별시 동대문구 휘경2동,11230730,01,25611.800657534248
서울특별시,동대문구,휘경2동,서울특별시 동대문구 휘경2동,11230730,02,25777.636794520546
서울특별시,동대문구,휘경2동,서울특별시 동대문구 휘경2동,11230730,03,25878.43852054795
서울특별시,동대문구,휘경2동,서울특별시 동대문구 휘경2동,11230730,04,25956.366739726025
서울특별시,동대문구,휘경2동,서울특별시 동대문구 휘경2동,11230730,05,25978.017917808218
서울특별시,동대문구,휘경2동,서울특별시 동대문구 휘경2동,11230730,06,25869.745671232875
서울특별시,동대문구,휘경2동,서울특별시 동대문구 휘경2동,11230730,07,25795.529424657536
서울특별시,동대문구,휘경2동,서울특별시 동대문구 휘경2동,11230730,08,25906.123041095892
서울특별시,동대문구,휘경2동,서울특별시 동대문구 휘경2동,11230730,09,24908.634438356166
서울특별시,동대문구,휘경2동,서울특별시 동대문구 휘경2동,11230730,10,24198.312356164384
서울특별시,동대문구,휘경2동,서울특별시 동대문구 휘경2동,11230730,11,23699.63342465753
서울특별시,동대문구,휘경2동,서울특별시 동대문구 휘경2동,11230730,12,23138.558657534246
서울특별시,동대문구,휘경2동,서울특별시 동대문구 휘경2동,11230730,13,22814.58602739726
서울특별시,동대문구,휘경2동,서울특별시 동대문구 휘경2동,11230730,14,22585.962164383564
서울특별시,동대문구,휘경2동,서울특별시 동대문구 휘경2동,11230730,15,22448.684383561642
서울특별시,동대문구,휘경2동,서울특별시 동대문구 휘경2동,11230730,16,22063.086328767124
서울특별시,동대문구,휘경2동,서울특별시 동대문구 휘경2동,11230730,17,21811.75312328767
서울특별시,동대문구,휘경2동,서울특별시 동대문구 휘경2동,11230730,18,21915.972602739726
서울특별시,동대문구,휘경2동,서울특별시 동대문구 휘경2동,11230730,19,22603.070739726027
서울특별시,동대문구,휘경2동,서울특별시 동대문구 휘경2동,11230730,20,23232.7162739726
서울특별시,동대문구,휘경2동,서울특별시 동대문구 휘경2동,11230730,21,23765.38106849315
서울특별시,동대문구,휘경2동,서울특별시 동대문구 휘경2동,11230730,22,24336.652821917807
서울특별시,동대문구,휘경2동,서울특별시 동대문구 휘경2동,11230730,23,24772.392794520547
서울특별시,동작구,노량진1동,서울특별시 동작구 노량진1동,11590510,00,37805.01819178082
서울특별시,동작구,노량진1동,서울특별시 동작구 노량진1동,11590510,01,37806.886821917804
서울특별시,동작구,노량진1동,서울특별시 동작구 노량진1동,11590510,02,37804.73849315069
서울특별시,동작구,노량진1동,서울특별시 동작구 노량진1동,11590510,03,37784.8855890411
서울특별시,동작구,노량진1동,서울특별시 동작구 노량진1동,11590510,04,37806.098410958904
서울특별시,동작구,노량진1동,서울특별시 동작구 노량진1동,11590510,05,37898.674191780825
서울특별시,동작구,노량진1동,서울특별시 동작구 노량진1동,11590510,06,37724.33684931506
서울특별시,동작구,노량진1동,서울특별시 동작구 노량진1동,11590510,07,37464.16947945205
서울특별시,동작구,노량진1동,서울특별시 동작구 노량진1동,11590510,08,36639.212410958906
서울특별시,동작구,노량진1동,서울특별시 동작구 노량진1동,11590510,09,35477.9581369863
서울특별시,동작구,노량진1동,서울특별시 동작구 노량진1동,11590510,10,34800.00887671233
서울특별시,동작구,노량진1동,서울특별시 동작구 노량진1동,11590510,11,34447.14619178082
서울특별시,동작구,노량진1동,서울특별시 동작구 노량진1동,11590510,12,34407.28819178082
서울특별시,동작구,노량진1동,서울특별시 동작구 노량진1동,11590510,13,34371.77101369863
서울특별시,동작구,노량진1동,서울특별시 동작구 노량진1동,11590510,14,34271.32419178082
서울특별시,동작구,노량진1동,서울특별시 동작구 노량진1동,11590510,15,34429.40709589041
서울특별시,동작구,노량진1동,서울특별시 동작구 노량진1동,11590510,16,34894.43019178082
서울특별시,동작구,노량진1동,서울특별시 동작구 노량진1동,11590510,17,35441.38991780822
서울특별시,동작구,노량진1동,서울특별시 동작구 노량진1동,11590510,18,36494.43561643836
서울특별시,동작구,노량진1동,서울특별시 동작구 노량진1동,11590510,19,37516.19347945205
서울특별시,동작구,노량진1동,서울특별시 동작구 노량진1동,11590510,20,38174.62915068493
서울특별시,동작구,노량진1동,서울특별시 동작구 노량진1동,11590510,21,38656.9057260274
서울특별시,동작구,노량진1동,서울특별시 동작구 노량진1동,11590510,22,38785.43712328767
서울특별시,동작구,노량진1동,서울특별시 동작구 노량진1동,11590510,23,38293.023232876716
서울특별시,동작구,노량진2동,서울특별시 동작구 노량진2동,11590520,00,9108.214712328767
서울특별시,동작구,노량진2동,서울특별시 동작구 노량진2동,11590520,01,9116.731178082191
서울특별시,동작구,노량진2동,서울특별시 동작구 노량진2동,11590520,02,9175.163287671234
서울특별시,동작구,노량진2동,서울특별시 동작구 노량진2동,11590520,03,9284.033698630137
서울특별시,동작구,노량진2동,서울특별시 동작구 노량진2동,11590520,04,9442.344191780821
서울특별시,동작구,노량진2동,서울특별시 동작구 노량진2동,11590520,05,9574.470958904109
서울특별시,동작구,노량진2동,서울특별시 동작구 노량진2동,11590520,06,9824.274520547946
서울특별시,동작구,노량진2동,서울특별시 동작구 노량진2동,11590520,07,10408.667698630137
서울특별시,동작구,노량진2동,서울특별시 동작구 노량진2동,11590520,08,11591.293123287673
서울특별시,동작구,노량진2동,서울특별시 동작구 노량진2동,11590520,09,12659.282301369863
서울특별시,동작구,노량진2동,서울특별시 동작구 노량진2동,11590520,10,13183.166246575342
서울특별시,동작구,노량진2동,서울특별시 동작구 노량진2동,11590520,11,13582.774438356164
서울특별시,동작구,노량진2동,서울특별시 동작구 노량진2동,11590520,12,13806.48906849315
서울특별시,동작구,노량진2동,서울특별시 동작구 노량진2동,11590520,13,14075.99687671233
서울특별시,동작구,노량진2동,서울특별시 동작구 노량진2동,11590520,14,14104.65608219178
서울특별시,동작구,노량진2동,서울특별시 동작구 노량진2동,11590520,15,13894.028328767123
서울특별시,동작구,노량진2동,서울특별시 동작구 노량진2동,11590520,16,13764.62380821918
서울특별시,동작구,노량진2동,서울특별시 동작구 노량진2동,11590520,17,13806.235013698632
서울특별시,동작구,노량진2동,서울특별시 동작구 노량진2동,11590520,18,13729.100986301371
서울특별시,동작구,노량진2동,서울특별시 동작구 노량진2동,11590520,19,13261.202465753426
서울특별시,동작구,노량진2동,서울특별시 동작구 노량진2동,11590520,20,12340.445232876711
서울특별시,동작구,노량진2동,서울특별시 동작구 노량진2동,11590520,21,11222.808602739726
서울특별시,동작구,노량진2동,서울특별시 동작구 노량진2동,11590520,22,10131.645534246576
서울특별시,동작구,노량진2동,서울특별시 동작구 노량진2동,11590520,23,9438.473287671233
서울특별시,동작구,대방동,서울특별시 동작구 대방동,11590660,00,37777.58139726028
서울특별시,동작구,대방동,서울특별시 동작구 대방동,11590660,01,37728.55361643836
서울특별시,동작구,대방동,서울특별시 동작구 대방동,11590660,02,37700.47008219178
서울특별시,동작구,대방동,서울특별시 동작구 대방동,11590660,03,37681.16750684931
서울특별시,동작구,대방동,서울특별시 동작구 대방동,11590660,04,37670.90208219178
서울특별시,동작구,대방동,서울특별시 동작구 대방동,11590660,05,37725.543890410954
서울특별시,동작구,대방동,서울특별시 동작구 대방동,11590660,06,37805.03967123288
서울특별시,동작구,대방동,서울특별시 동작구 대방동,11590660,07,38050.817972602745
서울특별시,동작구,대방동,서울특별시 동작구 대방동,11590660,08,38310.81356164383
서울특별시,동작구,대방동,서울특별시 동작구 대방동,11590660,09,37930.20583561644
서울특별시,동작구,대방동,서울특별시 동작구 대방동,11590660,10,37916.64676712329
서울특별시,동작구,대방동,서울특별시 동작구 대방동,11590660,11,37920.46136986301
서울특별시,동작구,대방동,서울특별시 동작구 대방동,11590660,12,37821.96021917809
서울특별시,동작구,대방동,서울특별시 동작구 대방동,11590660,13,37723.742301369864
서울특별시,동작구,대방동,서울특별시 동작구 대방동,11590660,14,37656.69350684932
서울특별시,동작구,대방동,서울특별시 동작구 대방동,11590660,15,37259.30095890411
서울특별시,동작구,대방동,서울특별시 동작구 대방동,11590660,16,36758.778520547945
서울특별시,동작구,대방동,서울특별시 동작구 대방동,11590660,17,36348.33827397261
서울특별시,동작구,대방동,서울특별시 동작구 대방동,11590660,18,36632.55646575342
서울특별시,동작구,대방동,서울특별시 동작구 대방동,11590660,19,37446.736438356165
서울특별시,동작구,대방동,서울특별시 동작구 대방동,11590660,20,37851.27632876712
서울특별시,동작구,대방동,서울특별시 동작구 대방동,11590660,21,38080.04682191781
서울특별시,동작구,대방동,서울특별시 동작구 대방동,11590660,22,37986.70901369863
서울특별시,동작구,대방동,서울특별시 동작구 대방동,11590660,23,37972.638630136986
서울특별시,동작구,사당1동,서울특별시 동작구 사당1동,11590620,00,25876.780164383563
서울특별시,동작구,사당1동,서울특별시 동작구 사당1동,11590620,01,25655.806958904108
서울특별시,동작구,사당1동,서울특별시 동작구 사당1동,11590620,02,25501.35673972603
서울특별시,동작구,사당1동,서울특별시 동작구 사당1동,11590620,03,25432.984164383564
서울특별시,동작구,사당1동,서울특별시 동작구 사당1동,11590620,04,25390.594767123286
서울특별시,동작구,사당1동,서울특별시 동작구 사당1동,11590620,05,25357.690410958905
서울특별시,동작구,사당1동,서울특별시 동작구 사당1동,11590620,06,25349.840657534245
서울특별시,동작구,사당1동,서울특별시 동작구 사당1동,11590620,07,25246.159534246577
서울특별시,동작구,사당1동,서울특별시 동작구 사당1동,11590620,08,24663.73890410959
서울특별시,동작구,사당1동,서울특별시 동작구 사당1동,11590620,09,23945.159616438355
서울특별시,동작구,사당1동,서울특별시 동작구 사당1동,11590620,10,24027.9417260274
서울특별시,동작구,사당1동,서울특별시 동작구 사당1동,11590620,11,24522.619479452052
서울특별시,동작구,사당1동,서울특별시 동작구 사당1동,11590620,12,25051.97663013699
서울특별시,동작구,사당1동,서울특별시 동작구 사당1동,11590620,13,25259.626219178084
서울특별시,동작구,사당1동,서울특별시 동작구 사당1동,11590620,14,25339.45405479452
서울특별시,동작구,사당1동,서울특별시 동작구 사당1동,11590620,15,25408.040520547944
서울특별시,동작구,사당1동,서울특별시 동작구 사당1동,11590620,16,25661.944301369862
서울특별시,동작구,사당1동,서울특별시 동작구 사당1동,11590620,17,26485.88583561644
서울특별시,동작구,사당1동,서울특별시 동작구 사당1동,11590620,18,28455.715452054796
서울특별시,동작구,사당1동,서울특별시 동작구 사당1동,11590620,19,30336.317945205483
서울특별시,동작구,사당1동,서울특별시 동작구 사당1동,11590620,20,30237.977671232875
서울특별시,동작구,사당1동,서울특별시 동작구 사당1동,11590620,21,29625.37167123288
서울특별시,동작구,사당1동,서울특별시 동작구 사당1동,11590620,22,28668.327068493152
서울특별시,동작구,사당1동,서울특별시 동작구 사당1동,11590620,23,27575.484356164383
서울특별시,동작구,사당2동,서울특별시 동작구 사당2동,11590630,00,33406.43383561644
서울특별시,동작구,사당2동,서울특별시 동작구 사당2동,11590630,01,33260.19
서울특별시,동작구,사당2동,서울특별시 동작구 사당2동,11590630,02,33178.12608219178
서울특별시,동작구,사당2동,서울특별시 동작구 사당2동,11590630,03,33100.94095890411
서울특별시,동작구,사당2동,서울특별시 동작구 사당2동,11590630,04,33041.240191780824
서울특별시,동작구,사당2동,서울특별시 동작구 사당2동,11590630,05,33023.28380821918
서울특별시,동작구,사당2동,서울특별시 동작구 사당2동,11590630,06,33021.56638356164
서울특별시,동작구,사당2동,서울특별시 동작구 사당2동,11590630,07,32871.92134246575
서울특별시,동작구,사당2동,서울특별시 동작구 사당2동,11590630,08,32477.0982739726
서울특별시,동작구,사당2동,서울특별시 동작구 사당2동,11590630,09,32167.03876712329
서울특별시,동작구,사당2동,서울특별시 동작구 사당2동,11590630,10,32334.764301369865
서울특별시,동작구,사당2동,서울특별시 동작구 사당2동,11590630,11,32770.35953424658
서울특별시,동작구,사당2동,서울특별시 동작구 사당2동,11590630,12,32760.884602739727
서울특별시,동작구,사당2동,서울특별시 동작구 사당2동,11590630,13,32740.199780821917
서울특별시,동작구,사당2동,서울특별시 동작구 사당2동,11590630,14,32971.74046575342
서울특별시,동작구,사당2동,서울특별시 동작구 사당2동,11590630,15,33260.236849315064
서울특별시,동작구,사당2동,서울특별시 동작구 사당2동,11590630,16,33610.481452054795
서울특별시,동작구,사당2동,서울특별시 동작구 사당2동,11590630,17,34035.43183561644
서울특별시,동작구,사당2동,서울특별시 동작구 사당2동,11590630,18,34764.0061369863
서울특별시,동작구,사당2동,서울특별시 동작구 사당2동,11590630,19,35400.75224657534
서울특별시,동작구,사당2동,서울특별시 동작구 사당2동,11590630,20,35296.18939726028
서울특별시,동작구,사당2동,서울특별시 동작구 사당2동,11590630,21,35066.41183561644
서울특별시,동작구,사당2동,서울특별시 동작구 사당2동,11590630,22,34805.134438356166
서울특별시,동작구,사당2동,서울특별시 동작구 사당2동,11590630,23,34338.15882191781
서울특별시,동작구,사당3동,서울특별시 동작구 사당3동,11590640,00,21511.147726027397
서울특별시,동작구,사당3동,서울특별시 동작구 사당3동,11590640,01,21634.548794520546
서울특별시,동작구,사당3동,서울특별시 동작구 사당3동,11590640,02,21711.99695890411
서울특별시,동작구,사당3동,서울특별시 동작구 사당3동,11590640,03,21761.676
서울특별시,동작구,사당3동,서울특별시 동작구 사당3동,11590640,04,21780.53915068493
서울특별시,동작구,사당3동,서울특별시 동작구 사당3동,11590640,05,21707.91819178082
서울특별시,동작구,사당3동,서울특별시 동작구 사당3동,11590640,06,21522.712410958906
서울특별시,동작구,사당3동,서울특별시 동작구 사당3동,11590640,07,21043.952547945206
서울특별시,동작구,사당3동,서울특별시 동작구 사당3동,11590640,08,19814.7657260274
서울특별시,동작구,사당3동,서울특별시 동작구 사당3동,11590640,09,18174.512219178083
서울특별시,동작구,사당3동,서울특별시 동작구 사당3동,11590640,10,17041.623808219178
서울특별시,동작구,사당3동,서울특별시 동작구 사당3동,11590640,11,16433.26906849315
서울특별시,동작구,사당3동,서울특별시 동작구 사당3동,11590640,12,16092.991835616438
서울특별시,동작구,사당3동,서울특별시 동작구 사당3동,11590640,13,15871.206602739727
서울특별시,동작구,사당3동,서울특별시 동작구 사당3동,11590640,14,15670.997260273973
서울특별시,동작구,사당3동,서울특별시 동작구 사당3동,11590640,15,15631.606438356162
서울특별시,동작구,사당3동,서울특별시 동작구 사당3동,11590640,16,15840.688383561643
서울특별시,동작구,사당3동,서울특별시 동작구 사당3동,11590640,17,16186.621452054795
서울특별시,동작구,사당3동,서울특별시 동작구 사당3동,11590640,18,16869.82665753425
서울특별시,동작구,사당3동,서울특별시 동작구 사당3동,11590640,19,17976.989589041095
서울특별시,동작구,사당3동,서울특별시 동작구 사당3동,11590640,20,18906.134000000002
서울특별시,동작구,사당3동,서울특별시 동작구 사당3동,11590640,21,19684.899287671233
서울특별시,동작구,사당3동,서울특별시 동작구 사당3동,11590640,22,20383.423643835617
서울특별시,동작구,사당3동,서울특별시 동작구 사당3동,11590640,23,20871.876849315067
서울특별시,동작구,사당4동,서울특별시 동작구 사당4동,11590650,00,14878.930520547945
서울특별시,동작구,사당4동,서울특별시 동작구 사당4동,11590650,01,14921.168273972602
서울특별시,동작구,사당4동,서울특별시 동작구 사당4동,11590650,02,14976.133808219178
서울특별시,동작구,사당4동,서울특별시 동작구 사당4동,11590650,03,14997.183780821919
서울특별시,동작구,사당4동,서울특별시 동작구 사당4동,11590650,04,14989.656438356164
서울특별시,동작구,사당4동,서울특별시 동작구 사당4동,11590650,05,14916.27602739726
서울특별시,동작구,사당4동,서울특별시 동작구 사당4동,11590650,06,14460.203397260275
서울특별시,동작구,사당4동,서울특별시 동작구 사당4동,11590650,07,14128.860630136985
서울특별시,동작구,사당4동,서울특별시 동작구 사당4동,11590650,08,13408.92605479452
서울특별시,동작구,사당4동,서울특별시 동작구 사당4동,11590650,09,12579.552849315069
서울특별시,동작구,사당4동,서울특별시 동작구 사당4동,11590650,10,12096.718767123286
서울특별시,동작구,사당4동,서울특별시 동작구 사당4동,11590650,11,11975.350575342465
서울특별시,동작구,사당4동,서울특별시 동작구 사당4동,11590650,12,11932.447041095891
서울특별시,동작구,사당4동,서울특별시 동작구 사당4동,11590650,13,11867.347753424656
서울특별시,동작구,사당4동,서울특별시 동작구 사당4동,11590650,14,11828.266739726028
서울특별시,동작구,사당4동,서울특별시 동작구 사당4동,11590650,15,11906.406712328768
서울특별시,동작구,사당4동,서울특별시 동작구 사당4동,11590650,16,11958.658739726028
서울특별시,동작구,사당4동,서울특별시 동작구 사당4동,11590650,17,12104.401616438356
서울특별시,동작구,사당4동,서울특별시 동작구 사당4동,11590650,18,12552.06109589041
서울특별시,동작구,사당4동,서울특별시 동작구 사당4동,11590650,19,13184.895369863012
서울특별시,동작구,사당4동,서울특별시 동작구 사당4동,11590650,20,13541.68906849315
서울특별시,동작구,사당4동,서울특별시 동작구 사당4동,11590650,21,13845.178465753424
서울특별시,동작구,사당4동,서울특별시 동작구 사당4동,11590650,22,14133.949397260274
서울특별시,동작구,사당4동,서울특별시 동작구 사당4동,11590650,23,14346.519890410958
서울특별시,동작구,사당5동,서울특별시 동작구 사당5동,11590651,00,16622.08391780822
서울특별시,동작구,사당5동,서울특별시 동작구 사당5동,11590651,01,16677.959452054794
서울특별시,동작구,사당5동,서울특별시 동작구 사당5동,11590651,02,16699.798328767123
서울특별시,동작구,사당5동,서울특별시 동작구 사당5동,11590651,03,16702.983808219178
서울특별시,동작구,사당5동,서울특별시 동작구 사당5동,11590651,04,16717.638931506848
서울특별시,동작구,사당5동,서울특별시 동작구 사당5동,11590651,05,16693.826383561645
서울특별시,동작구,사당5동,서울특별시 동작구 사당5동,11590651,06,16622.438630136985
서울특별시,동작구,사당5동,서울특별시 동작구 사당5동,11590651,07,16302.7918630137
서울특별시,동작구,사당5동,서울특별시 동작구 사당5동,11590651,08,15669.212931506849
서울특별시,동작구,사당5동,서울특별시 동작구 사당5동,11590651,09,14513.738465753424
서울특별시,동작구,사당5동,서울특별시 동작구 사당5동,11590651,10,13910.323589041096
서울특별시,동작구,사당5동,서울특별시 동작구 사당5동,11590651,11,13548.542301369864
서울특별시,동작구,사당5동,서울특별시 동작구 사당5동,11590651,12,13187.642328767124
서울특별시,동작구,사당5동,서울특별시 동작구 사당5동,11590651,13,12973.918794520549
서울특별시,동작구,사당5동,서울특별시 동작구 사당5동,11590651,14,12771.045260273972
서울특별시,동작구,사당5동,서울특별시 동작구 사당5동,11590651,15,12617.78887671233
서울특별시,동작구,사당5동,서울특별시 동작구 사당5동,11590651,16,12585.370602739726
서울특별시,동작구,사당5동,서울특별시 동작구 사당5동,11590651,17,12728.713041095889
서울특별시,동작구,사당5동,서울특별시 동작구 사당5동,11590651,18,13271.956767123287
서울특별시,동작구,사당5동,서울특별시 동작구 사당5동,11590651,19,14107.416082191781
서울특별시,동작구,사당5동,서울특별시 동작구 사당5동,11590651,20,14733.784602739726
서울특별시,동작구,사당5동,서울특별시 동작구 사당5동,11590651,21,15270.303643835618
서울특별시,동작구,사당5동,서울특별시 동작구 사당5동,11590651,22,15799.14306849315
서울특별시,동작구,사당5동,서울특별시 동작구 사당5동,11590651,23,16268.030328767125
서울특별시,동작구,상도1동,서울특별시 동작구 상도1동,11590530,00,44112.53693150685
서울특별시,동작구,상도1동,서울특별시 동작구 상도1동,11590530,01,44310.64298630137
서울특별시,동작구,상도1동,서울특별시 동작구 상도1동,11590530,02,44493.546575342465
서울특별시,동작구,상도1동,서울특별시 동작구 상도1동,11590530,03,44593.001726027396
서울특별시,동작구,상도1동,서울특별시 동작구 상도1동,11590530,04,44655.80126027398
서울특별시,동작구,상도1동,서울특별시 동작구 상도1동,11590530,05,44650.921205479455
서울특별시,동작구,상도1동,서울특별시 동작구 상도1동,11590530,06,44304.50624657534
서울특별시,동작구,상도1동,서울특별시 동작구 상도1동,11590530,07,43385.487972602736
서울특별시,동작구,상도1동,서울특별시 동작구 상도1동,11590530,08,41488.98460273973
서울특별시,동작구,상도1동,서울특별시 동작구 상도1동,11590530,09,40010.23506849315
서울특별시,동작구,상도1동,서울특별시 동작구 상도1동,11590530,10,39603.396684931504
서울특별시,동작구,상도1동,서울특별시 동작구 상도1동,11590530,11,39109.87312328767
서울특별시,동작구,상도1동,서울특별시 동작구 상도1동,11590530,12,39022.9058630137
서울특별시,동작구,상도1동,서울특별시 동작구 상도1동,11590530,13,38760.06301369863
서울특별시,동작구,상도1동,서울특별시 동작구 상도1동,11590530,14,38545.56512328767
서울특별시,동작구,상도1동,서울특별시 동작구 상도1동,11590530,15,38654.566054794515
서울특별시,동작구,상도1동,서울특별시 동작구 상도1동,11590530,16,38821.673397260274
서울특별시,동작구,상도1동,서울특별시 동작구 상도1동,11590530,17,38950.86342465754
서울특별시,동작구,상도1동,서울특별시 동작구 상도1동,11590530,18,39492.900246575344
서울특별시,동작구,상도1동,서울특별시 동작구 상도1동,11590530,19,40606.6158630137
서울특별시,동작구,상도1동,서울특별시 동작구 상도1동,11590530,20,41402.4881369863
서울특별시,동작구,상도1동,서울특별시 동작구 상도1동,11590530,21,42216.019123287675
서울특별시,동작구,상도1동,서울특별시 동작구 상도1동,11590530,22,43052.918547945206
서울특별시,동작구,상도1동,서울특별시 동작구 상도1동,11590530,23,43637.9818630137
서울특별시,동작구,상도2동,서울특별시 동작구 상도2동,11590540,00,27751.528383561643
서울특별시,동작구,상도2동,서울특별시 동작구 상도2동,11590540,01,27739.92191780822
서울특별시,동작구,상도2동,서울특별시 동작구 상도2동,11590540,02,27680.79260273973
서울특별시,동작구,상도2동,서울특별시 동작구 상도2동,11590540,03,27657.917671232874
서울특별시,동작구,상도2동,서울특별시 동작구 상도2동,11590540,04,27663.39
서울특별시,동작구,상도2동,서울특별시 동작구 상도2동,11590540,05,27735.669671232878
서울특별시,동작구,상도2동,서울특별시 동작구 상도2동,11590540,06,27891.361671232877
서울특별시,동작구,상도2동,서울특별시 동작구 상도2동,11590540,07,27713.995150684932
서울특별시,동작구,상도2동,서울특별시 동작구 상도2동,11590540,08,26853.255671232877
서울특별시,동작구,상도2동,서울특별시 동작구 상도2동,11590540,09,26132.649589041095
서울특별시,동작구,상도2동,서울특별시 동작구 상도2동,11590540,10,25706.82161643836
서울특별시,동작구,상도2동,서울특별시 동작구 상도2동,11590540,11,25357.083534246576
서울특별시,동작구,상도2동,서울특별시 동작구 상도2동,11590540,12,25058.35416438356
서울특별시,동작구,상도2동,서울특별시 동작구 상도2동,11590540,13,24777.655972602737
서울특별시,동작구,상도2동,서울특별시 동작구 상도2동,11590540,14,24766.259123287673
서울특별시,동작구,상도2동,서울특별시 동작구 상도2동,11590540,15,24837.30495890411
서울특별시,동작구,상도2동,서울특별시 동작구 상도2동,11590540,16,24977.447643835618
서울특별시,동작구,상도2동,서울특별시 동작구 상도2동,11590540,17,25115.928465753426
서울특별시,동작구,상도2동,서울특별시 동작구 상도2동,11590540,18,25479.009561643838
서울특별시,동작구,상도2동,서울특별시 동작구 상도2동,11590540,19,26325.02610958904
서울특별시,동작구,상도2동,서울특별시 동작구 상도2동,11590540,20,26831.812
서울특별시,동작구,상도2동,서울특별시 동작구 상도2동,11590540,21,27273.559123287672
서울특별시,동작구,상도2동,서울특별시 동작구 상도2동,11590540,22,27534.678602739725
서울특별시,동작구,상도2동,서울특별시 동작구 상도2동,11590540,23,27743.057835616437
서울특별시,동작구,상도3동,서울특별시 동작구 상도3동,11590550,00,23356.594465753427
서울특별시,동작구,상도3동,서울특별시 동작구 상도3동,11590550,01,23498.511397260274
서울특별시,동작구,상도3동,서울특별시 동작구 상도3동,11590550,02,23618.1577260274
서울특별시,동작구,상도3동,서울특별시 동작구 상도3동,11590550,03,23686.935726027394
서울특별시,동작구,상도3동,서울특별시 동작구 상도3동,11590550,04,23717.55030136986
서울특별시,동작구,상도3동,서울특별시 동작구 상도3동,11590550,05,23560.64087671233
서울특별시,동작구,상도3동,서울특별시 동작구 상도3동,11590550,06,23250.445534246574
서울특별시,동작구,상도3동,서울특별시 동작구 상도3동,11590550,07,22724.662493150685
서울특별시,동작구,상도3동,서울특별시 동작구 상도3동,11590550,08,21359.400493150682
서울특별시,동작구,상도3동,서울특별시 동작구 상도3동,11590550,09,19399.438520547945
서울특별시,동작구,상도3동,서울특별시 동작구 상도3동,11590550,10,18379.565753424657
서울특별시,동작구,상도3동,서울특별시 동작구 상도3동,11590550,11,17895.720547945206
서울특별시,동작구,상도3동,서울특별시 동작구 상도3동,11590550,12,17626.14517808219
서울특별시,동작구,상도3동,서울특별시 동작구 상도3동,11590550,13,17372.649616438357
서울특별시,동작구,상도3동,서울특별시 동작구 상도3동,11590550,14,17298.090136986302
서울특별시,동작구,상도3동,서울특별시 동작구 상도3동,11590550,15,17376.707287671234
서울특별시,동작구,상도3동,서울특별시 동작구 상도3동,11590550,16,17596.095178082192
서울특별시,동작구,상도3동,서울특별시 동작구 상도3동,11590550,17,18021.674876712328
서울특별시,동작구,상도3동,서울특별시 동작구 상도3동,11590550,18,18854.050684931506
서울특별시,동작구,상도3동,서울특별시 동작구 상도3동,11590550,19,20074.474657534247
서울특별시,동작구,상도3동,서울특별시 동작구 상도3동,11590550,20,20894.548356164385
서울특별시,동작구,상도3동,서울특별시 동작구 상도3동,11590550,21,21617.94898630137
서울특별시,동작구,상도3동,서울특별시 동작구 상도3동,11590550,22,22288.29715068493
서울특별시,동작구,상도3동,서울특별시 동작구 상도3동,11590550,23,22781.321835616436
서울특별시,동작구,상도4동,서울특별시 동작구 상도4동,11590560,00,30148.68871232877
서울특별시,동작구,상도4동,서울특별시 동작구 상도4동,11590560,01,30330.875232876715
서울특별시,동작구,상도4동,서울특별시 동작구 상도4동,11590560,02,30461.233808219178
서울특별시,동작구,상도4동,서울특별시 동작구 상도4동,11590560,03,30531.641643835614
서울특별시,동작구,상도4동,서울특별시 동작구 상도4동,11590560,04,30537.03397260274
서울특별시,동작구,상도4동,서울특별시 동작구 상도4동,11590560,05,30360.015753424657
서울특별시,동작구,상도4동,서울특별시 동작구 상도4동,11590560,06,29969.640712328764
서울특별시,동작구,상도4동,서울특별시 동작구 상도4동,11590560,07,29198.18104109589
서울특별시,동작구,상도4동,서울특별시 동작구 상도4동,11590560,08,27325.478575342466
서울특별시,동작구,상도4동,서울특별시 동작구 상도4동,11590560,09,24930.20468493151
서울특별시,동작구,상도4동,서울특별시 동작구 상도4동,11590560,10,23506.59915068493
서울특별시,동작구,상도4동,서울특별시 동작구 상도4동,11590560,11,22692.44495890411
서울특별시,동작구,상도4동,서울특별시 동작구 상도4동,11590560,12,22279.28723287671
서울특별시,동작구,상도4동,서울특별시 동작구 상도4동,11590560,13,21841.634356164384
서울특별시,동작구,상도4동,서울특별시 동작구 상도4동,11590560,14,21420.817698630137
서울특별시,동작구,상도4동,서울특별시 동작구 상도4동,11590560,15,21397.615506849317
서울특별시,동작구,상도4동,서울특별시 동작구 상도4동,11590560,16,21846.830219178082
서울특별시,동작구,상도4동,서울특별시 동작구 상도4동,11590560,17,22465.730602739724
서울특별시,동작구,상도4동,서울특별시 동작구 상도4동,11590560,18,23590.35306849315
서울특별시,동작구,상도4동,서울특별시 동작구 상도4동,11590560,19,25197.540630136988
서울특별시,동작구,상도4동,서울특별시 동작구 상도4동,11590560,20,26408.568547945204
서울특별시,동작구,상도4동,서울특별시 동작구 상도4동,11590560,21,27490.298958904106
서울특별시,동작구,상도4동,서울특별시 동작구 상도4동,11590560,22,28628.927068493154
서울특별시,동작구,상도4동,서울특별시 동작구 상도4동,11590560,23,29388.00438356164
서울특별시,동작구,신대방1동,서울특별시 동작구 신대방1동,11590670,00,23075.19673972603
서울특별시,동작구,신대방1동,서울특별시 동작구 신대방1동,11590670,01,23197.35293150685
서울특별시,동작구,신대방1동,서울특별시 동작구 신대방1동,11590670,02,23331.057479452054
서울특별시,동작구,신대방1동,서울특별시 동작구 신대방1동,11590670,03,23401.196602739725
서울특별시,동작구,신대방1동,서울특별시 동작구 신대방1동,11590670,04,23428.735972602743
서울특별시,동작구,신대방1동,서울특별시 동작구 신대방1동,11590670,05,23486.629232876712
서울특별시,동작구,신대방1동,서울특별시 동작구 신대방1동,11590670,06,23412.468438356165
서울특별시,동작구,신대방1동,서울특별시 동작구 신대방1동,11590670,07,23432.776246575344
서울특별시,동작구,신대방1동,서울특별시 동작구 신대방1동,11590670,08,23259.059698630135
서울특별시,동작구,신대방1동,서울특별시 동작구 신대방1동,11590670,09,22365.26490410959
서울특별시,동작구,신대방1동,서울특별시 동작구 신대방1동,11590670,10,21637.199452054792
서울특별시,동작구,신대방1동,서울특별시 동작구 신대방1동,11590670,11,21340.64391780822
서울특별시,동작구,신대방1동,서울특별시 동작구 신대방1동,11590670,12,20922.55019178082
서울특별시,동작구,신대방1동,서울특별시 동작구 신대방1동,11590670,13,20564.840301369863
서울특별시,동작구,신대방1동,서울특별시 동작구 신대방1동,11590670,14,20173.897452054796
서울특별시,동작구,신대방1동,서울특별시 동작구 신대방1동,11590670,15,19869.40008219178
서울특별시,동작구,신대방1동,서울특별시 동작구 신대방1동,11590670,16,19633.618465753425
서울특별시,동작구,신대방1동,서울특별시 동작구 신대방1동,11590670,17,19620.394849315067
서울특별시,동작구,신대방1동,서울특별시 동작구 신대방1동,11590670,18,19951.356301369862
서울특별시,동작구,신대방1동,서울특별시 동작구 신대방1동,11590670,19,20776.97010958904
서울특별시,동작구,신대방1동,서울특별시 동작구 신대방1동,11590670,20,21484.661452054796
서울특별시,동작구,신대방1동,서울특별시 동작구 신대방1동,11590670,21,22013.311589041095
서울특별시,동작구,신대방1동,서울특별시 동작구 신대방1동,11590670,22,22424.431671232876
서울특별시,동작구,신대방1동,서울특별시 동작구 신대방1동,11590670,23,22672.492931506848
서울특별시,동작구,신대방2동,서울특별시 동작구 신대방2동,11590680,00,22543.392
서울특별시,동작구,신대방2동,서울특별시 동작구 신대방2동,11590680,01,22537.3021369863
서울특별시,동작구,신대방2동,서울특별시 동작구 신대방2동,11590680,02,22558.6721369863
서울특별시,동작구,신대방2동,서울특별시 동작구 신대방2동,11590680,03,22576.401589041096
서울특별시,동작구,신대방2동,서울특별시 동작구 신대방2동,11590680,04,22627.50797260274
서울특별시,동작구,신대방2동,서울특별시 동작구 신대방2동,11590680,05,22744.805506849316
서울특별시,동작구,신대방2동,서울특별시 동작구 신대방2동,11590680,06,23065.25
서울특별시,동작구,신대방2동,서울특별시 동작구 신대방2동,11590680,07,24000.33802739726
서울특별시,동작구,신대방2동,서울특별시 동작구 신대방2동,11590680,08,26224.327287671236
서울특별시,동작구,신대방2동,서울특별시 동작구 신대방2동,11590680,09,28326.34764383562
서울특별시,동작구,신대방2동,서울특별시 동작구 신대방2동,11590680,10,29311.33616438356
서울특별시,동작구,신대방2동,서울특별시 동작구 신대방2동,11590680,11,29828.349397260274
서울특별시,동작구,신대방2동,서울특별시 동작구 신대방2동,11590680,12,29936.430383561645
서울특별시,동작구,신대방2동,서울특별시 동작구 신대방2동,11590680,13,30635.510986301368
서울특별시,동작구,신대방2동,서울특별시 동작구 신대방2동,11590680,14,31137.529315068492
서울특별시,동작구,신대방2동,서울특별시 동작구 신대방2동,11590680,15,30782.164794520548
서울특별시,동작구,신대방2동,서울특별시 동작구 신대방2동,11590680,16,29698.84619178082
서울특별시,동작구,신대방2동,서울특별시 동작구 신대방2동,11590680,17,28277.982986301366
서울특별시,동작구,신대방2동,서울특별시 동작구 신대방2동,11590680,18,26334.88131506849
서울특별시,동작구,신대방2동,서울특별시 동작구 신대방2동,11590680,19,24571.764493150684
서울특별시,동작구,신대방2동,서울특별시 동작구 신대방2동,11590680,20,23748.82197260274
서울특별시,동작구,신대방2동,서울특별시 동작구 신대방2동,11590680,21,23169.446246575346
서울특별시,동작구,신대방2동,서울특별시 동작구 신대방2동,11590680,22,22950.656931506852
서울특별시,동작구,신대방2동,서울특별시 동작구 신대방2동,11590680,23,22802.114273972602
서울특별시,동작구,흑석동,서울특별시 동작구 흑석동,11590605,00,33429.97073972603
서울특별시,동작구,흑석동,서울특별시 동작구 흑석동,11590605,01,33395.49389041096
서울특별시,동작구,흑석동,서울특별시 동작구 흑석동,11590605,02,33362.0361369863
서울특별시,동작구,흑석동,서울특별시 동작구 흑석동,11590605,03,33329.56306849315
서울특별시,동작구,흑석동,서울특별시 동작구 흑석동,11590605,04,33325.257589041095
서울특별시,동작구,흑석동,서울특별시 동작구 흑석동,11590605,05,33348.25123287671
서울특별시,동작구,흑석동,서울특별시 동작구 흑석동,11590605,06,33598.77230136986
서울특별시,동작구,흑석동,서울특별시 동작구 흑석동,11590605,07,34145.86041095891
서울특별시,동작구,흑석동,서울특별시 동작구 흑석동,11590605,08,34585.394821917806
서울특별시,동작구,흑석동,서울특별시 동작구 흑석동,11590605,09,35477.95139726027
서울특별시,동작구,흑석동,서울특별시 동작구 흑석동,11590605,10,36400.73528767123
서울특별시,동작구,흑석동,서울특별시 동작구 흑석동,11590605,11,36852.85879452055
서울특별시,동작구,흑석동,서울특별시 동작구 흑석동,11590605,12,37146.13238356164
서울특별시,동작구,흑석동,서울특별시 동작구 흑석동,11590605,13,37346.512246575345
서울특별시,동작구,흑석동,서울특별시 동작구 흑석동,11590605,14,37354.46424657534
서울특별시,동작구,흑석동,서울특별시 동작구 흑석동,11590605,15,37102.12687671233
서울특별시,동작구,흑석동,서울특별시 동작구 흑석동,11590605,16,36305.314520547945
서울특별시,동작구,흑석동,서울특별시 동작구 흑석동,11590605,17,35397.166328767125
서울특별시,동작구,흑석동,서울특별시 동작구 흑석동,11590605,18,34768.98630136986
서울특별시,동작구,흑석동,서울특별시 동작구 흑석동,11590605,19,34698.351397260274
서울특별시,동작구,흑석동,서울특별시 동작구 흑석동,11590605,20,34667.23638356164
서울특별시,동작구,흑석동,서울특별시 동작구 흑석동,11590605,21,34569.500410958906
서울특별시,동작구,흑석동,서울특별시 동작구 흑석동,11590605,22,34302.29142465753
서울특별시,동작구,흑석동,서울특별시 동작구 흑석동,11590605,23,33928.46630136986
서울특별시,마포구,공덕동,서울특별시 마포구 공덕동,11440565,00,38214.83736986302
서울특별시,마포구,공덕동,서울특별시 마포구 공덕동,11440565,01,38371.54882191781
서울특별시,마포구,공덕동,서울특별시 마포구 공덕동,11440565,02,38505.87917808219
서울특별시,마포구,공덕동,서울특별시 마포구 공덕동,11440565,03,38569.93093150685
서울특별시,마포구,공덕동,서울특별시 마포구 공덕동,11440565,04,38604.08816438356
서울특별시,마포구,공덕동,서울특별시 마포구 공덕동,11440565,05,38646.612
서울특별시,마포구,공덕동,서울특별시 마포구 공덕동,11440565,06,38762.15205479452
서울특별시,마포구,공덕동,서울특별시 마포구 공덕동,11440565,07,38666.99509589041
서울특별시,마포구,공덕동,서울특별시 마포구 공덕동,11440565,08,38021.507698630136
서울특별시,마포구,공덕동,서울특별시 마포구 공덕동,11440565,09,37905.53435616438
서울특별시,마포구,공덕동,서울특별시 마포구 공덕동,11440565,10,37675.85021917808
서울특별시,마포구,공덕동,서울특별시 마포구 공덕동,11440565,11,37532.96526027397
서울특별시,마포구,공덕동,서울특별시 마포구 공덕동,11440565,12,37398.54517808219
서울특별시,마포구,공덕동,서울특별시 마포구 공덕동,11440565,13,36943.56805479452
서울특별시,마포구,공덕동,서울특별시 마포구 공덕동,11440565,14,36570.83575342466
서울특별시,마포구,공덕동,서울특별시 마포구 공덕동,11440565,15,36434.32819178082
서울특별시,마포구,공덕동,서울특별시 마포구 공덕동,11440565,16,36554.45416438356
서울특별시,마포구,공덕동,서울특별시 마포구 공덕동,11440565,17,36752.35695890411
서울특별시,마포구,공덕동,서울특별시 마포구 공덕동,11440565,18,37301.576273972605
서울특별시,마포구,공덕동,서울특별시 마포구 공덕동,11440565,19,37123.32334246575
서울특별시,마포구,공덕동,서울특별시 마포구 공덕동,11440565,20,37077.31079452055
서울특별시,마포구,공덕동,서울특별시 마포구 공덕동,11440565,21,37348.62210958904
서울특별시,마포구,공덕동,서울특별시 마포구 공덕동,11440565,22,37772.80945205479
서울특별시,마포구,공덕동,서울특별시 마포구 공덕동,11440565,23,37964.75783561644
서울특별시,마포구,대흥동,서울특별시 마포구 대흥동,11440600,00,16607.585150684932
서울특별시,마포구,대흥동,서울특별시 마포구 대흥동,11440600,01,16538.887534246576
서울특별시,마포구,대흥동,서울특별시 마포구 대흥동,11440600,02,16523.226657534247
서울특별시,마포구,대흥동,서울특별시 마포구 대흥동,11440600,03,16541.31805479452
서울특별시,마포구,대흥동,서울특별시 마포구 대흥동,11440600,04,16573.669643835616
서울특별시,마포구,대흥동,서울특별시 마포구 대흥동,11440600,05,16647.909315068493
서울특별시,마포구,대흥동,서울특별시 마포구 대흥동,11440600,06,17019.60994520548
서울특별시,마포구,대흥동,서울특별시 마포구 대흥동,11440600,07,17865.88695890411
서울특별시,마포구,대흥동,서울특별시 마포구 대흥동,11440600,08,19184.84416438356
서울특별시,마포구,대흥동,서울특별시 마포구 대흥동,11440600,09,21816.048465753425
서울특별시,마포구,대흥동,서울특별시 마포구 대흥동,11440600,10,24477.07778082192
서울특별시,마포구,대흥동,서울특별시 마포구 대흥동,11440600,11,25651.492328767123
서울특별시,마포구,대흥동,서울특별시 마포구 대흥동,11440600,12,26383.91835616438
서울특별시,마포구,대흥동,서울특별시 마포구 대흥동,11440600,13,27074.134136986304
서울특별시,마포구,대흥동,서울특별시 마포구 대흥동,11440600,14,27517.29698630137
서울특별시,마포구,대흥동,서울특별시 마포구 대흥동,11440600,15,27677.675863013697
서울특별시,마포구,대흥동,서울특별시 마포구 대흥동,11440600,16,27236.64232876712
서울특별시,마포구,대흥동,서울특별시 마포구 대흥동,11440600,17,26167.6757260274
서울특별시,마포구,대흥동,서울특별시 마포구 대흥동,11440600,18,24773.53665753425
서울특별시,마포구,대흥동,서울특별시 마포구 대흥동,11440600,19,23520.93509589041
서울특별시,마포구,대흥동,서울특별시 마포구 대흥동,11440600,20,22199.525890410958
서울특별시,마포구,대흥동,서울특별시 마포구 대흥동,11440600,21,20917.40528767123
서울특별시,마포구,대흥동,서울특별시 마포구 대흥동,11440600,22,19196.303808219178
서울특별시,마포구,대흥동,서울특별시 마포구 대흥동,11440600,23,17911.87821917808
서울특별시,마포구,도화동,서울특별시 마포구 도화동,11440585,00,18881.23389041096
서울특별시,마포구,도화동,서울특별시 마포구 도화동,11440585,01,18709.301205479453
서울특별시,마포구,도화동,서울특별시 마포구 도화동,11440585,02,18537.25863013699
서울특별시,마포구,도화동,서울특별시 마포구 도화동,11440585,03,18434.210383561644
서울특별시,마포구,도화동,서울특별시 마포구 도화동,11440585,04,18403.611232876712
서울특별시,마포구,도화동,서울특별시 마포구 도화동,11440585,05,18395.43109589041
서울특별시,마포구,도화동,서울특별시 마포구 도화동,11440585,06,18549.59005479452
서울특별시,마포구,도화동,서울특별시 마포구 도화동,11440585,07,18776.359561643836
서울특별시,마포구,도화동,서울특별시 마포구 도화동,11440585,08,19332.616931506847
서울특별시,마포구,도화동,서울특별시 마포구 도화동,11440585,09,20724.170438356163
서울특별시,마포구,도화동,서울특별시 마포구 도화동,11440585,10,21508.382520547944
서울특별시,마포구,도화동,서울특별시 마포구 도화동,11440585,11,22168.758164383562
서울특별시,마포구,도화동,서울특별시 마포구 도화동,11440585,12,22781.41378082192
서울특별시,마포구,도화동,서울특별시 마포구 도화동,11440585,13,22699.481616438356
서울특별시,마포구,도화동,서울특별시 마포구 도화동,11440585,14,22640.536547945205
서울특별시,마포구,도화동,서울특별시 마포구 도화동,11440585,15,22556.83309589041
서울특별시,마포구,도화동,서울특별시 마포구 도화동,11440585,16,22588.111479452054
서울특별시,마포구,도화동,서울특별시 마포구 도화동,11440585,17,22986.623780821916
서울특별시,마포구,도화동,서울특별시 마포구 도화동,11440585,18,23831.17104109589
서울특별시,마포구,도화동,서울특별시 마포구 도화동,11440585,19,23462.818794520546
서울특별시,마포구,도화동,서울특별시 마포구 도화동,11440585,20,22654.88169863014
서울특별시,마포구,도화동,서울특별시 마포구 도화동,11440585,21,21788.317698630137
서울특별시,마포구,도화동,서울특별시 마포구 도화동,11440585,22,20845.30082191781
서울특별시,마포구,도화동,서울특별시 마포구 도화동,11440585,23,19966.329643835616
서울특별시,마포구,망원1동,서울특별시 마포구 망원1동,11440690,00,20937.166273972605
서울특별시,마포구,망원1동,서울특별시 마포구 망원1동,11440690,01,20823.922602739727
서울특별시,마포구,망원1동,서울특별시 마포구 망원1동,11440690,02,20726.169424657535
서울특별시,마포구,망원1동,서울특별시 마포구 망원1동,11440690,03,20646.14115068493
서울특별시,마포구,망원1동,서울특별시 마포구 망원1동,11440690,04,20590.913753424655
서울특별시,마포구,망원1동,서울특별시 마포구 망원1동,11440690,05,20535.13197260274
서울특별시,마포구,망원1동,서울특별시 마포구 망원1동,11440690,06,20445.155424657536
서울특별시,마포구,망원1동,서울특별시 마포구 망원1동,11440690,07,20271.774547945206
서울특별시,마포구,망원1동,서울특별시 마포구 망원1동,11440690,08,19956.755315068494
서울특별시,마포구,망원1동,서울특별시 마포구 망원1동,11440690,09,19959.40383561644
서울특별시,마포구,망원1동,서울특별시 마포구 망원1동,11440690,10,20395.236602739726
서울특별시,마포구,망원1동,서울특별시 마포구 망원1동,11440690,11,20962.69991780822
서울특별시,마포구,망원1동,서울특별시 마포구 망원1동,11440690,12,21722.409342465755
서울특별시,마포구,망원1동,서울특별시 마포구 망원1동,11440690,13,22251.974520547945
서울특별시,마포구,망원1동,서울특별시 마포구 망원1동,11440690,14,22840.523506849317
서울특별시,마포구,망원1동,서울특별시 마포구 망원1동,11440690,15,23298.280684931506
서울특별시,마포구,망원1동,서울특별시 마포구 망원1동,11440690,16,23611.251506849316
서울특별시,마포구,망원1동,서울특별시 마포구 망원1동,11440690,17,23734.020356164383
서울특별시,마포구,망원1동,서울특별시 마포구 망원1동,11440690,18,23835.285671232876
서울특별시,마포구,망원1동,서울특별시 마포구 망원1동,11440690,19,23771.812767123287
서울특별시,마포구,망원1동,서울특별시 마포구 망원1동,11440690,20,23214.93964383562
서울특별시,마포구,망원1동,서울특별시 마포구 망원1동,11440690,21,22519.9997260274
서울특별시,마포구,망원1동,서울특별시 마포구 망원1동,11440690,22,21969.946246575342
서울특별시,마포구,망원1동,서울특별시 마포구 망원1동,11440690,23,21489.530712328768
서울특별시,마포구,망원2동,서울특별시 마포구 망원2동,11440700,00,19236.923205479452
서울특별시,마포구,망원2동,서울특별시 마포구 망원2동,11440700,01,19302.02197260274
서울특별시,마포구,망원2동,서울특별시 마포구 망원2동,11440700,02,19357.883561643837
서울특별시,마포구,망원2동,서울특별시 마포구 망원2동,11440700,03,19384.128410958903
서울특별시,마포구,망원2동,서울특별시 마포구 망원2동,11440700,04,19398.361342465752
서울특별시,마포구,망원2동,서울특별시 마포구 망원2동,11440700,05,19350.059342465753
서울특별시,마포구,망원2동,서울특별시 마포구 망원2동,11440700,06,19249.622739726026
서울특별시,마포구,망원2동,서울특별시 마포구 망원2동,11440700,07,18913.120712328768
서울특별시,마포구,망원2동,서울특별시 마포구 망원2동,11440700,08,17971.534301369862
서울특별시,마포구,망원2동,서울특별시 마포구 망원2동,11440700,09,16732.057260273974
서울특별시,마포구,망원2동,서울특별시 마포구 망원2동,11440700,10,16061.70197260274
서울특별시,마포구,망원2동,서울특별시 마포구 망원2동,11440700,11,15866.993999999999
서울특별시,마포구,망원2동,서울특별시 마포구 망원2동,11440700,12,15877.386931506851
서울특별시,마포구,망원2동,서울특별시 마포구 망원2동,11440700,13,15886.986547945206
서울특별시,마포구,망원2동,서울특별시 마포구 망원2동,11440700,14,15931.372520547944
서울특별시,마포구,망원2동,서울특별시 마포구 망원2동,11440700,15,16196.196931506849
서울특별시,마포구,망원2동,서울특별시 마포구 망원2동,11440700,16,16507.008383561642
서울특별시,마포구,망원2동,서울특별시 마포구 망원2동,11440700,17,16840.32008219178
서울특별시,마포구,망원2동,서울특별시 마포구 망원2동,11440700,18,17408.61687671233
서울특별시,마포구,망원2동,서울특별시 마포구 망원2동,11440700,19,18156.559534246575
서울특별시,마포구,망원2동,서울특별시 마포구 망원2동,11440700,20,18614.63109589041
서울특별시,마포구,망원2동,서울특별시 마포구 망원2동,11440700,21,18860.172000000002
서울특별시,마포구,망원2동,서울특별시 마포구 망원2동,11440700,22,19048.873424657533
서울특별시,마포구,망원2동,서울특별시 마포구 망원2동,11440700,23,19115.18282191781
서울특별시,마포구,상암동,서울특별시 마포구 상암동,11440740,00,37824.06347945205
서울특별시,마포구,상암동,서울특별시 마포구 상암동,11440740,01,37721.32556164383
서울특별시,마포구,상암동,서울특별시 마포구 상암동,11440740,02,37574.95249315068
서울특별시,마포구,상암동,서울특별시 마포구 상암동,11440740,03,37474.01153424658
서울특별시,마포구,상암동,서울특별시 마포구 상암동,11440740,04,37593.421643835616
서울특별시,마포구,상암동,서울특별시 마포구 상암동,11440740,05,37985.068191780825
서울특별시,마포구,상암동,서울특별시 마포구 상암동,11440740,06,38950.58194520548
서울특별시,마포구,상암동,서울특별시 마포구 상암동,11440740,07,41575.67673972603
서울특별시,마포구,상암동,서울특별시 마포구 상암동,11440740,08,49983.207315068496
서울특별시,마포구,상암동,서울특별시 마포구 상암동,11440740,09,59923.86764383562
서울특별시,마포구,상암동,서울특별시 마포구 상암동,11440740,10,64869.82512328768
서울특별시,마포구,상암동,서울특별시 마포구 상암동,11440740,11,66733.8089041096
서울특별시,마포구,상암동,서울특별시 마포구 상암동,11440740,12,67581.59926027397
서울특별시,마포구,상암동,서울특별시 마포구 상암동,11440740,13,69064.67345205479
서울특별시,마포구,상암동,서울특별시 마포구 상암동,11440740,14,69953.36852054796
서울특별시,마포구,상암동,서울특별시 마포구 상암동,11440740,15,69650.44484931507
서울특별시,마포구,상암동,서울특별시 마포구 상암동,11440740,16,68177.61175342466
서울특별시,마포구,상암동,서울특별시 마포구 상암동,11440740,17,65801.06490410959
서울특별시,마포구,상암동,서울특별시 마포구 상암동,11440740,18,60193.840547945205
서울특별시,마포구,상암동,서울특별시 마포구 상암동,11440740,19,51864.74778082192
서울특별시,마포구,상암동,서울특별시 마포구 상암동,11440740,20,46523.942356164385
서울특별시,마포구,상암동,서울특별시 마포구 상암동,11440740,21,43334.01931506849
서울특별시,마포구,상암동,서울특별시 마포구 상암동,11440740,22,41076.25545205479
서울특별시,마포구,상암동,서울특별시 마포구 상암동,11440740,23,39467.38671232877
서울특별시,마포구,서강동,서울특별시 마포구 서강동,11440655,00,28582.36326027397
서울특별시,마포구,서강동,서울특별시 마포구 서강동,11440655,01,28567.771342465752
서울특별시,마포구,서강동,서울특별시 마포구 서강동,11440655,02,28503.76216438356
서울특별시,마포구,서강동,서울특별시 마포구 서강동,11440655,03,28402.835068493154
서울특별시,마포구,서강동,서울특별시 마포구 서강동,11440655,04,28348.094438356165
서울특별시,마포구,서강동,서울특별시 마포구 서강동,11440655,05,28379.137260273972
서울특별시,마포구,서강동,서울특별시 마포구 서강동,11440655,06,28470.962520547946
서울특별시,마포구,서강동,서울특별시 마포구 서강동,11440655,07,28356.20032876712
서울특별시,마포구,서강동,서울특별시 마포구 서강동,11440655,08,27968.00084931507
서울특별시,마포구,서강동,서울특별시 마포구 서강동,11440655,09,28635.106986301373
서울특별시,마포구,서강동,서울특별시 마포구 서강동,11440655,10,30583.57134246575
서울특별시,마포구,서강동,서울특별시 마포구 서강동,11440655,11,31759.508383561646
서울특별시,마포구,서강동,서울특별시 마포구 서강동,11440655,12,32588.746054794523
서울특별시,마포구,서강동,서울특별시 마포구 서강동,11440655,13,33492.42945205479
서울특별시,마포구,서강동,서울특별시 마포구 서강동,11440655,14,34486.10553424658
서울특별시,마포구,서강동,서울특별시 마포구 서강동,11440655,15,34876.86890410959
서울특별시,마포구,서강동,서울특별시 마포구 서강동,11440655,16,34785.68638356164
서울특별시,마포구,서강동,서울특별시 마포구 서강동,11440655,17,34443.3481369863
서울특별시,마포구,서강동,서울특별시 마포구 서강동,11440655,18,34063.15019178082
서울특별시,마포구,서강동,서울특별시 마포구 서강동,11440655,19,33713.74520547945
서울특별시,마포구,서강동,서울특별시 마포구 서강동,11440655,20,32830.73616438356
서울특별시,마포구,서강동,서울특별시 마포구 서강동,11440655,21,31873.268821917805
서울특별시,마포구,서강동,서울특별시 마포구 서강동,11440655,22,30838.291589041095
서울특별시,마포구,서강동,서울특별시 마포구 서강동,11440655,23,29743.514712328764
서울특별시,마포구,서교동,서울특별시 마포구 서교동,11440660,00,41481.62098630137
서울특별시,마포구,서교동,서울특별시 마포구 서교동,11440660,01,39392.83706849315
서울특별시,마포구,서교동,서울특별시 마포구 서교동,11440660,02,37154.31347945205
서울특별시,마포구,서교동,서울특별시 마포구 서교동,11440660,03,35231.38468493151
서울특별시,마포구,서교동,서울특별시 마포구 서교동,11440660,04,33671.40052054794
서울특별시,마포구,서교동,서울특별시 마포구 서교동,11440660,05,32655.140575342466
서울특별시,마포구,서교동,서울특별시 마포구 서교동,11440660,06,32189.90791780822
서울특별시,마포구,서교동,서울특별시 마포구 서교동,11440660,07,33173.765999999996
서울특별시,마포구,서교동,서울특별시 마포구 서교동,11440660,08,37921.763369863016
서울특별시,마포구,서교동,서울특별시 마포구 서교동,11440660,09,48951.66821917808
서울특별시,마포구,서교동,서울특별시 마포구 서교동,11440660,10,59179.38452054795
서울특별시,마포구,서교동,서울특별시 마포구 서교동,11440660,11,67614.39197260274
서울특별시,마포구,서교동,서울특별시 마포구 서교동,11440660,12,75657.0011780822
서울특별시,마포구,서교동,서울특별시 마포구 서교동,11440660,13,82828.98232876713
서울특별시,마포구,서교동,서울특별시 마포구 서교동,11440660,14,88217.02019178083
서울특별시,마포구,서교동,서울특별시 마포구 서교동,11440660,15,91959.07032876713
서울특별시,마포구,서교동,서울특별시 마포구 서교동,11440660,16,94095.76657534245
서울특별시,마포구,서교동,서울특별시 마포구 서교동,11440660,17,95176.14101369862
서울특별시,마포구,서교동,서울특별시 마포구 서교동,11440660,18,94954.1481369863
서울특별시,마포구,서교동,서울특별시 마포구 서교동,11440660,19,91334.31709589041
서울특별시,마포구,서교동,서울특별시 마포구 서교동,11440660,20,84513.48580821918
서울특별시,마포구,서교동,서울특별시 마포구 서교동,11440660,21,75930.32673972604
서울특별시,마포구,서교동,서울특별시 마포구 서교동,11440660,22,65232.19019178083
서울특별시,마포구,서교동,서울특별시 마포구 서교동,11440660,23,54610.60347945205
서울특별시,마포구,성산1동,서울특별시 마포구 성산1동,11440720,00,23178.489232876713
서울특별시,마포구,성산1동,서울특별시 마포구 성산1동,11440720,01,23279.233041095893
서울특별시,마포구,성산1동,서울특별시 마포구 성산1동,11440720,02,23421.74578082192
서울특별시,마포구,성산1동,서울특별시 마포구 성산1동,11440720,03,23467.438054794522
서울특별시,마포구,성산1동,서울특별시 마포구 성산1동,11440720,04,23486.249479452057
서울특별시,마포구,성산1동,서울특별시 마포구 성산1동,11440720,05,23421.289506849316
서울특별시,마포구,성산1동,서울특별시 마포구 성산1동,11440720,06,23262.98638356164
서울특별시,마포구,성산1동,서울특별시 마포구 성산1동,11440720,07,23264.74495890411
서울특별시,마포구,성산1동,서울특별시 마포구 성산1동,11440720,08,23219.220767123286
서울특별시,마포구,성산1동,서울특별시 마포구 성산1동,11440720,09,22966.991287671233
서울특별시,마포구,성산1동,서울특별시 마포구 성산1동,11440720,10,22847.29175342466
서울특별시,마포구,성산1동,서울특별시 마포구 성산1동,11440720,11,22764.00791780822
서울특별시,마포구,성산1동,서울특별시 마포구 성산1동,11440720,12,22654.69216438356
서울특별시,마포구,성산1동,서울특별시 마포구 성산1동,11440720,13,22547.07117808219
서울특별시,마포구,성산1동,서울특별시 마포구 성산1동,11440720,14,22462.935260273975
서울특별시,마포구,성산1동,서울특별시 마포구 성산1동,11440720,15,22374.25580821918
서울특별시,마포구,성산1동,서울특별시 마포구 성산1동,11440720,16,22293.87410958904
서울특별시,마포구,성산1동,서울특별시 마포구 성산1동,11440720,17,22276.533671232875
서울특별시,마포구,성산1동,서울특별시 마포구 성산1동,11440720,18,22271.973123287673
서울특별시,마포구,성산1동,서울특별시 마포구 성산1동,11440720,19,22265.148438356162
서울특별시,마포구,성산1동,서울특별시 마포구 성산1동,11440720,20,22348.963452054795
서울특별시,마포구,성산1동,서울특별시 마포구 성산1동,11440720,21,22576.411753424658
서울특별시,마포구,성산1동,서울특별시 마포구 성산1동,11440720,22,22839.508958904113
서울특별시,마포구,성산1동,서울특별시 마포구 성산1동,11440720,23,22969.131890410958
서울특별시,마포구,성산2동,서울특별시 마포구 성산2동,11440730,00,40672.267452054795
서울특별시,마포구,성산2동,서울특별시 마포구 성산2동,11440730,01,40974.91189041096
서울특별시,마포구,성산2동,서울특별시 마포구 성산2동,11440730,02,41153.95778082192
서울특별시,마포구,성산2동,서울특별시 마포구 성산2동,11440730,03,41226.8361369863
서울특별시,마포구,성산2동,서울특별시 마포구 성산2동,11440730,04,41149.615589041096
서울특별시,마포구,성산2동,서울특별시 마포구 성산2동,11440730,05,41093.00389041096
서울특별시,마포구,성산2동,서울특별시 마포구 성산2동,11440730,06,40784.93939726028
서울특별시,마포구,성산2동,서울특별시 마포구 성산2동,11440730,07,40426.855616438355
서울특별시,마포구,성산2동,서울특별시 마포구 성산2동,11440730,08,39445.89698630137
서울특별시,마포구,성산2동,서울특별시 마포구 성산2동,11440730,09,37852.80490410959
서울특별시,마포구,성산2동,서울특별시 마포구 성산2동,11440730,10,37034.31679452055
서울특별시,마포구,성산2동,서울특별시 마포구 성산2동,11440730,11,36468.69649315069
서울특별시,마포구,성산2동,서울특별시 마포구 성산2동,11440730,12,35888.74454794521
서울특별시,마포구,성산2동,서울특별시 마포구 성산2동,11440730,13,35906.83252054794
서울특별시,마포구,성산2동,서울특별시 마포구 성산2동,11440730,14,36071.725369863016
서울특별시,마포구,성산2동,서울특별시 마포구 성산2동,11440730,15,36350.97021917808
서울특별시,마포구,성산2동,서울특별시 마포구 성산2동,11440730,16,36570.47301369863
서울특별시,마포구,성산2동,서울특별시 마포구 성산2동,11440730,17,36514.91498630137
서울특별시,마포구,성산2동,서울특별시 마포구 성산2동,11440730,18,37018.009808219176
서울특별시,마포구,성산2동,서울특별시 마포구 성산2동,11440730,19,38196.71583561644
서울특별시,마포구,성산2동,서울특별시 마포구 성산2동,11440730,20,39159.77082191781
서울특별시,마포구,성산2동,서울특별시 마포구 성산2동,11440730,21,39844.45175342466
서울특별시,마포구,성산2동,서울특별시 마포구 성산2동,11440730,22,40066.3957260274
서울특별시,마포구,성산2동,서울특별시 마포구 성산2동,11440730,23,40240.71271232877
서울특별시,마포구,신수동,서울특별시 마포구 신수동,11440630,00,22726.3001369863
서울특별시,마포구,신수동,서울특별시 마포구 신수동,11440630,01,22859.63205479452
서울특별시,마포구,신수동,서울특별시 마포구 신수동,11440630,02,22960.78597260274
서울특별시,마포구,신수동,서울특별시 마포구 신수동,11440630,03,23021.29095890411
서울특별시,마포구,신수동,서울특별시 마포구 신수동,11440630,04,23055.87339726027
서울특별시,마포구,신수동,서울특별시 마포구 신수동,11440630,05,23064.543178082193
서울특별시,마포구,신수동,서울특별시 마포구 신수동,11440630,06,23076.210410958905
서울특별시,마포구,신수동,서울특별시 마포구 신수동,11440630,07,22798.175643835617
서울특별시,마포구,신수동,서울특별시 마포구 신수동,11440630,08,22293.713342465755
서울특별시,마포구,신수동,서울특별시 마포구 신수동,11440630,09,21647.553972602742
서울특별시,마포구,신수동,서울특별시 마포구 신수동,11440630,10,21232.47079452055
서울특별시,마포구,신수동,서울특별시 마포구 신수동,11440630,11,21032.68531506849
서울특별시,마포구,신수동,서울특별시 마포구 신수동,11440630,12,20916.47115068493
서울특별시,마포구,신수동,서울특별시 마포구 신수동,11440630,13,20871.9738630137
서울특별시,마포구,신수동,서울특별시 마포구 신수동,11440630,14,20981.556794520548
서울특별시,마포구,신수동,서울특별시 마포구 신수동,11440630,15,21169.80594520548
서울특별시,마포구,신수동,서울특별시 마포구 신수동,11440630,16,21356.959150684932
서울특별시,마포구,신수동,서울특별시 마포구 신수동,11440630,17,21537.617808219176
서울특별시,마포구,신수동,서울특별시 마포구 신수동,11440630,18,21721.7277260274
서울특별시,마포구,신수동,서울특별시 마포구 신수동,11440630,19,21895.376082191782
서울특별시,마포구,신수동,서울특별시 마포구 신수동,11440630,20,22023.776
서울특별시,마포구,신수동,서울특별시 마포구 신수동,11440630,21,22164.817753424657
서울특별시,마포구,신수동,서울특별시 마포구 신수동,11440630,22,22163.512547945207
서울특별시,마포구,신수동,서울특별시 마포구 신수동,11440630,23,22305.70010958904
서울특별시,마포구,아현동,서울특별시 마포구 아현동,11440555,00,26951.93495890411
서울특별시,마포구,아현동,서울특별시 마포구 아현동,11440555,01,27034.100273972603
서울특별시,마포구,아현동,서울특별시 마포구 아현동,11440555,02,27077.679123287675
서울특별시,마포구,아현동,서울특별시 마포구 아현동,11440555,03,27126.883534246575
서울특별시,마포구,아현동,서울특별시 마포구 아현동,11440555,04,27181.99561643836
서울특별시,마포구,아현동,서울특별시 마포구 아현동,11440555,05,27328.469369863014
서울특별시,마포구,아현동,서울특별시 마포구 아현동,11440555,06,27555.173178082194
서울특별시,마포구,아현동,서울특별시 마포구 아현동,11440555,07,27829.678000000004
서울특별시,마포구,아현동,서울특별시 마포구 아현동,11440555,08,28660.8978630137
서울특별시,마포구,아현동,서울특별시 마포구 아현동,11440555,09,28679.50698630137
서울특별시,마포구,아현동,서울특별시 마포구 아현동,11440555,10,28767.698712328765
서울특별시,마포구,아현동,서울특별시 마포구 아현동,11440555,11,28486.222301369864
서울특별시,마포구,아현동,서울특별시 마포구 아현동,11440555,12,27973.36605479452
서울특별시,마포구,아현동,서울특별시 마포구 아현동,11440555,13,27856.409369863013
서울특별시,마포구,아현동,서울특별시 마포구 아현동,11440555,14,27766.397726027397
서울특별시,마포구,아현동,서울특별시 마포구 아현동,11440555,15,27578.147342465752
서울특별시,마포구,아현동,서울특별시 마포구 아현동,11440555,16,27253.996493150687
서울특별시,마포구,아현동,서울특별시 마포구 아현동,11440555,17,26922.929150684933
서울특별시,마포구,아현동,서울특별시 마포구 아현동,11440555,18,26814.37183561644
서울특별시,마포구,아현동,서울특별시 마포구 아현동,11440555,19,26687.942136986305
서울특별시,마포구,아현동,서울특별시 마포구 아현동,11440555,20,26705.98021917808
서울특별시,마포구,아현동,서울특별시 마포구 아현동,11440555,21,26800.43101369863
서울특별시,마포구,아현동,서울특별시 마포구 아현동,11440555,22,27032.656602739728
서울특별시,마포구,아현동,서울특별시 마포구 아현동,11440555,23,27158.32893150685
서울특별시,마포구,연남동,서울특별시 마포구 연남동,11440710,00,15506.820164383562
서울특별시,마포구,연남동,서울특별시 마포구 연남동,11440710,01,15352.693479452055
서울특별시,마포구,연남동,서울특별시 마포구 연남동,11440710,02,15186.832712328769
서울특별시,마포구,연남동,서울특별시 마포구 연남동,11440710,03,15089.233068493151
서울특별시,마포구,연남동,서울특별시 마포구 연남동,11440710,04,15008.656
서울특별시,마포구,연남동,서울특별시 마포구 연남동,11440710,05,14959.063835616438
서울특별시,마포구,연남동,서울특별시 마포구 연남동,11440710,06,14886.159534246577
서울특별시,마포구,연남동,서울특별시 마포구 연남동,11440710,07,14980.053397260275
서울특별시,마포구,연남동,서울특별시 마포구 연남동,11440710,08,14865.792356164384
서울특별시,마포구,연남동,서울특별시 마포구 연남동,11440710,09,14700.917315068495
서울특별시,마포구,연남동,서울특별시 마포구 연남동,11440710,10,14917.46090410959
서울특별시,마포구,연남동,서울특별시 마포구 연남동,11440710,11,15444.356000000002
서울특별시,마포구,연남동,서울특별시 마포구 연남동,11440710,12,16416.15797260274
서울특별시,마포구,연남동,서울특별시 마포구 연남동,11440710,13,17266.91898630137
서울특별시,마포구,연남동,서울특별시 마포구 연남동,11440710,14,17833.605397260275
서울특별시,마포구,연남동,서울특별시 마포구 연남동,11440710,15,18136.992000000002
서울특별시,마포구,연남동,서울특별시 마포구 연남동,11440710,16,18410.440328767123
서울특별시,마포구,연남동,서울특별시 마포구 연남동,11440710,17,18844.819780821916
서울특별시,마포구,연남동,서울특별시 마포구 연남동,11440710,18,19329.620438356164
서울특별시,마포구,연남동,서울특별시 마포구 연남동,11440710,19,19503.118547945203
서울특별시,마포구,연남동,서울특별시 마포구 연남동,11440710,20,18920.999616438356
서울특별시,마포구,연남동,서울특별시 마포구 연남동,11440710,21,18065.155342465754
서울특별시,마포구,연남동,서울특별시 마포구 연남동,11440710,22,17170.366219178082
서울특별시,마포구,연남동,서울특별시 마포구 연남동,11440710,23,16447.924986301372
서울특별시,마포구,염리동,서울특별시 마포구 염리동,11440610,00,20548.472383561642
서울특별시,마포구,염리동,서울특별시 마포구 염리동,11440610,01,20586.648575342468
서울특별시,마포구,염리동,서울특별시 마포구 염리동,11440610,02,20639.034301369866
서울특별시,마포구,염리동,서울특별시 마포구 염리동,11440610,03,20666.83810958904
서울특별시,마포구,염리동,서울특별시 마포구 염리동,11440610,04,20718.964246575342
서울특별시,마포구,염리동,서울특별시 마포구 염리동,11440610,05,20837.428493150685
서울특별시,마포구,염리동,서울특별시 마포구 염리동,11440610,06,21221.358493150685
서울특별시,마포구,염리동,서울특별시 마포구 염리동,11440610,07,22049.782657534248
서울특별시,마포구,염리동,서울특별시 마포구 염리동,11440610,08,23628.854410958902
서울특별시,마포구,염리동,서울특별시 마포구 염리동,11440610,09,24953.41915068493
서울특별시,마포구,염리동,서울특별시 마포구 염리동,11440610,10,25663.720219178085
서울특별시,마포구,염리동,서울특별시 마포구 염리동,11440610,11,26356.13038356164
서울특별시,마포구,염리동,서울특별시 마포구 염리동,11440610,12,26715.947150684933
서울특별시,마포구,염리동,서울특별시 마포구 염리동,11440610,13,27143.639315068493
서울특별시,마포구,염리동,서울특별시 마포구 염리동,11440610,14,27288.519534246578
서울특별시,마포구,염리동,서울특별시 마포구 염리동,11440610,15,27233.549753424657
서울특별시,마포구,염리동,서울특별시 마포구 염리동,11440610,16,26952.695369863017
서울특별시,마포구,염리동,서울특별시 마포구 염리동,11440610,17,26497.032356164385
서울특별시,마포구,염리동,서울특별시 마포구 염리동,11440610,18,25650.200904109588
서울특별시,마포구,염리동,서울특별시 마포구 염리동,11440610,19,24226.30915068493
서울특별시,마포구,염리동,서울특별시 마포구 염리동,11440610,20,23269.631479452055
서울특별시,마포구,염리동,서울특별시 마포구 염리동,11440610,21,22526.552602739728
서울특별시,마포구,염리동,서울특별시 마포구 염리동,11440610,22,21687.936246575344
서울특별시,마포구,염리동,서울특별시 마포구 염리동,11440610,23,21193.160438356164
서울특별시,마포구,용강동,서울특별시 마포구 용강동,11440590,00,21268.979397260275
서울특별시,마포구,용강동,서울특별시 마포구 용강동,11440590,01,21258.98465753425
서울특별시,마포구,용강동,서울특별시 마포구 용강동,11440590,02,21254.68101369863
서울특별시,마포구,용강동,서울특별시 마포구 용강동,11440590,03,21229.609260273974
서울특별시,마포구,용강동,서울특별시 마포구 용강동,11440590,04,21207.005424657535
서울특별시,마포구,용강동,서울특별시 마포구 용강동,11440590,05,21207.479424657537
서울특별시,마포구,용강동,서울특별시 마포구 용강동,11440590,06,21206.464465753426
서울특별시,마포구,용강동,서울특별시 마포구 용강동,11440590,07,21210.619506849314
서울특별시,마포구,용강동,서울특별시 마포구 용강동,11440590,08,21486.429452054796
서울특별시,마포구,용강동,서울특별시 마포구 용강동,11440590,09,21948.101287671234
서울특별시,마포구,용강동,서울특별시 마포구 용강동,11440590,10,22058.869671232875
서울특별시,마포구,용강동,서울특별시 마포구 용강동,11440590,11,22158.4918630137
서울특별시,마포구,용강동,서울특별시 마포구 용강동,11440590,12,22455.278493150687
서울특별시,마포구,용강동,서울특별시 마포구 용강동,11440590,13,22351.047452054794
서울특별시,마포구,용강동,서울특별시 마포구 용강동,11440590,14,22044.246438356164
서울특별시,마포구,용강동,서울특별시 마포구 용강동,11440590,15,21905.108082191782
서울특별시,마포구,용강동,서울특별시 마포구 용강동,11440590,16,22018.009589041096
서울특별시,마포구,용강동,서울특별시 마포구 용강동,11440590,17,22424.544547945206
서울특별시,마포구,용강동,서울특별시 마포구 용강동,11440590,18,22933.184547945206
서울특별시,마포구,용강동,서울특별시 마포구 용강동,11440590,19,22531.730849315067
서울특별시,마포구,용강동,서울특별시 마포구 용강동,11440590,20,22092.17205479452
서울특별시,마포구,용강동,서울특별시 마포구 용강동,11440590,21,21700.241232876713
서울특별시,마포구,용강동,서울특별시 마포구 용강동,11440590,22,21352.18421917808
서울특별시,마포구,용강동,서울특별시 마포구 용강동,11440590,23,21022.59698630137
서울특별시,마포구,합정동,서울특별시 마포구 합정동,11440680,00,17666.53408219178
서울특별시,마포구,합정동,서울특별시 마포구 합정동,11440680,01,17414.880575342468
서울특별시,마포구,합정동,서울특별시 마포구 합정동,11440680,02,17237.303808219178
서울특별시,마포구,합정동,서울특별시 마포구 합정동,11440680,03,17115.49594520548
서울특별시,마포구,합정동,서울특별시 마포구 합정동,11440680,04,17051.56594520548
서울특별시,마포구,합정동,서울특별시 마포구 합정동,11440680,05,17061.86405479452
서울특별시,마포구,합정동,서울특별시 마포구 합정동,11440680,06,17154.152794520545
서울특별시,마포구,합정동,서울특별시 마포구 합정동,11440680,07,17426.554301369863
서울특별시,마포구,합정동,서울특별시 마포구 합정동,11440680,08,18096.680849315067
서울특별시,마포구,합정동,서울특별시 마포구 합정동,11440680,09,19311.70630136986
서울특별시,마포구,합정동,서울특별시 마포구 합정동,11440680,10,20477.081753424656
서울특별시,마포구,합정동,서울특별시 마포구 합정동,11440680,11,21881.475068493153
서울특별시,마포구,합정동,서울특별시 마포구 합정동,11440680,12,22927.878739726028
서울특별시,마포구,합정동,서울특별시 마포구 합정동,11440680,13,23505.898684931504
서울특별시,마포구,합정동,서울특별시 마포구 합정동,11440680,14,23824.446630136987
서울특별시,마포구,합정동,서울특별시 마포구 합정동,11440680,15,23829.965232876715
서울특별시,마포구,합정동,서울특별시 마포구 합정동,11440680,16,23825.040904109588
서울특별시,마포구,합정동,서울특별시 마포구 합정동,11440680,17,24099.581616438354
서울특별시,마포구,합정동,서울특별시 마포구 합정동,11440680,18,24667.821589041097
서울특별시,마포구,합정동,서울특별시 마포구 합정동,11440680,19,24481.623753424657
서울특별시,마포구,합정동,서울특별시 마포구 합정동,11440680,20,23418.13879452055
서울특별시,마포구,합정동,서울특별시 마포구 합정동,11440680,21,22125.07926027397
서울특별시,마포구,합정동,서울특별시 마포구 합정동,11440680,22,20600.264520547946
서울특별시,마포구,합정동,서울특별시 마포구 합정동,11440680,23,19270.736465753424
서울특별시,서대문구,남가좌1동,서울특별시 서대문구 남가좌1동,11410690,00,14190.673479452056
서울특별시,서대문구,남가좌1동,서울특별시 서대문구 남가좌1동,11410690,01,14289.493890410959
서울특별시,서대문구,남가좌1동,서울특별시 서대문구 남가좌1동,11410690,02,14399.954246575342
서울특별시,서대문구,남가좌1동,서울특별시 서대문구 남가좌1동,11410690,03,14443.498575342466
서울특별시,서대문구,남가좌1동,서울특별시 서대문구 남가좌1동,11410690,04,14452.486273972603
서울특별시,서대문구,남가좌1동,서울특별시 서대문구 남가좌1동,11410690,05,14397.55410958904
서울특별시,서대문구,남가좌1동,서울특별시 서대문구 남가좌1동,11410690,06,14342.062301369864
서울특별시,서대문구,남가좌1동,서울특별시 서대문구 남가좌1동,11410690,07,14030.854712328766
서울특별시,서대문구,남가좌1동,서울특별시 서대문구 남가좌1동,11410690,08,13192.586383561644
서울특별시,서대문구,남가좌1동,서울특별시 서대문구 남가좌1동,11410690,09,12641.139616438357
서울특별시,서대문구,남가좌1동,서울특별시 서대문구 남가좌1동,11410690,10,12297.795561643836
서울특별시,서대문구,남가좌1동,서울특별시 서대문구 남가좌1동,11410690,11,11961.987780821917
서울특별시,서대문구,남가좌1동,서울특별시 서대문구 남가좌1동,11410690,12,11718.453315068493
서울특별시,서대문구,남가좌1동,서울특별시 서대문구 남가좌1동,11410690,13,11607.032136986303
서울특별시,서대문구,남가좌1동,서울특별시 서대문구 남가좌1동,11410690,14,11708.24808219178
서울특별시,서대문구,남가좌1동,서울특별시 서대문구 남가좌1동,11410690,15,11895.13106849315
서울특별시,서대문구,남가좌1동,서울특별시 서대문구 남가좌1동,11410690,16,12129.022794520548
서울특별시,서대문구,남가좌1동,서울특별시 서대문구 남가좌1동,11410690,17,12295.273397260275
서울특별시,서대문구,남가좌1동,서울특별시 서대문구 남가좌1동,11410690,18,12590.870136986301
서울특별시,서대문구,남가좌1동,서울특별시 서대문구 남가좌1동,11410690,19,12994.897780821919
서울특별시,서대문구,남가좌1동,서울특별시 서대문구 남가좌1동,11410690,20,13269.667424657535
서울특별시,서대문구,남가좌1동,서울특별시 서대문구 남가좌1동,11410690,21,13492.127178082192
서울특별시,서대문구,남가좌1동,서울특별시 서대문구 남가좌1동,11410690,22,13728.269315068492
서울특별시,서대문구,남가좌1동,서울특별시 서대문구 남가좌1동,11410690,23,13955.145726027398
서울특별시,서대문구,남가좌2동,서울특별시 서대문구 남가좌2동,11410700,00,30148.717671232876
서울특별시,서대문구,남가좌2동,서울특별시 서대문구 남가좌2동,11410700,01,30142.27695890411
서울특별시,서대문구,남가좌2동,서울특별시 서대문구 남가좌2동,11410700,02,30135.66517808219
서울특별시,서대문구,남가좌2동,서울특별시 서대문구 남가좌2동,11410700,03,30149.28643835617
서울특별시,서대문구,남가좌2동,서울특별시 서대문구 남가좌2동,11410700,04,30157.50769863014
서울특별시,서대문구,남가좌2동,서울특별시 서대문구 남가좌2동,11410700,05,30088.689890410962
서울특별시,서대문구,남가좌2동,서울특별시 서대문구 남가좌2동,11410700,06,29908.039397260276
서울특별시,서대문구,남가좌2동,서울특별시 서대문구 남가좌2동,11410700,07,29550.239342465753
서울특별시,서대문구,남가좌2동,서울특별시 서대문구 남가좌2동,11410700,08,28868.591643835614
서울특별시,서대문구,남가좌2동,서울특별시 서대문구 남가좌2동,11410700,09,28012.78191780822
서울특별시,서대문구,남가좌2동,서울특별시 서대문구 남가좌2동,11410700,10,27665.25917808219
서울특별시,서대문구,남가좌2동,서울특별시 서대문구 남가좌2동,11410700,11,27497.733260273973
서울특별시,서대문구,남가좌2동,서울특별시 서대문구 남가좌2동,11410700,12,27460.27095890411
서울특별시,서대문구,남가좌2동,서울특별시 서대문구 남가좌2동,11410700,13,27302.000493150685
서울특별시,서대문구,남가좌2동,서울특별시 서대문구 남가좌2동,11410700,14,27100.491479452056
서울특별시,서대문구,남가좌2동,서울특별시 서대문구 남가좌2동,11410700,15,27030.503890410957
서울특별시,서대문구,남가좌2동,서울특별시 서대문구 남가좌2동,11410700,16,26962.74430136986
서울특별시,서대문구,남가좌2동,서울특별시 서대문구 남가좌2동,11410700,17,27111.678493150685
서울특별시,서대문구,남가좌2동,서울특별시 서대문구 남가좌2동,11410700,18,27596.42106849315
서울특별시,서대문구,남가좌2동,서울특별시 서대문구 남가좌2동,11410700,19,28357.906328767123
서울특별시,서대문구,남가좌2동,서울특별시 서대문구 남가좌2동,11410700,20,28971.595095890414
서울특별시,서대문구,남가좌2동,서울특별시 서대문구 남가좌2동,11410700,21,29424.67273972603
서울특별시,서대문구,남가좌2동,서울특별시 서대문구 남가좌2동,11410700,22,29909.86197260274
서울특별시,서대문구,남가좌2동,서울특별시 서대문구 남가좌2동,11410700,23,30219.96068493151
서울특별시,서대문구,북가좌1동,서울특별시 서대문구 북가좌1동,11410710,00,17992.77920547945
서울특별시,서대문구,북가좌1동,서울특별시 서대문구 북가좌1동,11410710,01,18150.919479452055
서울특별시,서대문구,북가좌1동,서울특별시 서대문구 북가좌1동,11410710,02,18264.59112328767
서울특별시,서대문구,북가좌1동,서울특별시 서대문구 북가좌1동,11410710,03,18312.558191780823
서울특별시,서대문구,북가좌1동,서울특별시 서대문구 북가좌1동,11410710,04,18311.242438356167
서울특별시,서대문구,북가좌1동,서울특별시 서대문구 북가좌1동,11410710,05,18180.586547945204
서울특별시,서대문구,북가좌1동,서울특별시 서대문구 북가좌1동,11410710,06,17966.19909589041
서울특별시,서대문구,북가좌1동,서울특별시 서대문구 북가좌1동,11410710,07,17465.78197260274
서울특별시,서대문구,북가좌1동,서울특별시 서대문구 북가좌1동,11410710,08,16452.20602739726
서울특별시,서대문구,북가좌1동,서울특별시 서대문구 북가좌1동,11410710,09,15126.032301369863
서울특별시,서대문구,북가좌1동,서울특별시 서대문구 북가좌1동,11410710,10,14280.812356164382
서울특별시,서대문구,북가좌1동,서울특별시 서대문구 북가좌1동,11410710,11,13753.660876712329
서울특별시,서대문구,북가좌1동,서울특별시 서대문구 북가좌1동,11410710,12,13363.626356164385
서울특별시,서대문구,북가좌1동,서울특별시 서대문구 북가좌1동,11410710,13,13099.372547945206
서울특별시,서대문구,북가좌1동,서울특별시 서대문구 북가좌1동,11410710,14,12953.037232876712
서울특별시,서대문구,북가좌1동,서울특별시 서대문구 북가좌1동,11410710,15,12971.28293150685
서울특별시,서대문구,북가좌1동,서울특별시 서대문구 북가좌1동,11410710,16,13186.09687671233
서울특별시,서대문구,북가좌1동,서울특별시 서대문구 북가좌1동,11410710,17,13514.782410958904
서울특별시,서대문구,북가좌1동,서울특별시 서대문구 북가좌1동,11410710,18,14116.751369863014
서울특별시,서대문구,북가좌1동,서울특별시 서대문구 북가좌1동,11410710,19,14902.17093150685
서울특별시,서대문구,북가좌1동,서울특별시 서대문구 북가좌1동,11410710,20,15579.937205479453
서울특별시,서대문구,북가좌1동,서울특별시 서대문구 북가좌1동,11410710,21,16227.43304109589
서울특별시,서대문구,북가좌1동,서울특별시 서대문구 북가좌1동,11410710,22,16897.86893150685
서울특별시,서대문구,북가좌1동,서울특별시 서대문구 북가좌1동,11410710,23,17322.08695890411
서울특별시,서대문구,북가좌2동,서울특별시 서대문구 북가좌2동,11410720,00,32660.245589041097
서울특별시,서대문구,북가좌2동,서울특별시 서대문구 북가좌2동,11410720,01,32915.69079452055
서울특별시,서대문구,북가좌2동,서울특별시 서대문구 북가좌2동,11410720,02,33008.304109589044
서울특별시,서대문구,북가좌2동,서울특별시 서대문구 북가좌2동,11410720,03,33058.96498630137
서울특별시,서대문구,북가좌2동,서울특별시 서대문구 북가좌2동,11410720,04,33072.63698630137
서울특별시,서대문구,북가좌2동,서울특별시 서대문구 북가좌2동,11410720,05,32790.01520547945
서울특별시,서대문구,북가좌2동,서울특별시 서대문구 북가좌2동,11410720,06,32438.057863013695
서울특별시,서대문구,북가좌2동,서울특별시 서대문구 북가좌2동,11410720,07,31693.906575342466
서울특별시,서대문구,북가좌2동,서울특별시 서대문구 북가좌2동,11410720,08,30224.34679452055
서울특별시,서대문구,북가좌2동,서울특별시 서대문구 북가좌2동,11410720,09,28463.38115068493
서울특별시,서대문구,북가좌2동,서울특별시 서대문구 북가좌2동,11410720,10,27454.501315068494
서울특별시,서대문구,북가좌2동,서울특별시 서대문구 북가좌2동,11410720,11,26859.50775342466
서울특별시,서대문구,북가좌2동,서울특별시 서대문구 북가좌2동,11410720,12,26534.320273972604
서울특별시,서대문구,북가좌2동,서울특별시 서대문구 북가좌2동,11410720,13,26203.083397260274
서울특별시,서대문구,북가좌2동,서울특별시 서대문구 북가좌2동,11410720,14,25957.46602739726
서울특별시,서대문구,북가좌2동,서울특별시 서대문구 북가좌2동,11410720,15,26040.209561643835
서울특별시,서대문구,북가좌2동,서울특별시 서대문구 북가좌2동,11410720,16,26445.845506849313
서울특별시,서대문구,북가좌2동,서울특별시 서대문구 북가좌2동,11410720,17,26982.58383561644
서울특별시,서대문구,북가좌2동,서울특별시 서대문구 북가좌2동,11410720,18,27839.45676712329
서울특별시,서대문구,북가좌2동,서울특별시 서대문구 북가좌2동,11410720,19,29065.598657534247
서울특별시,서대문구,북가좌2동,서울특별시 서대문구 북가좌2동,11410720,20,29987.776465753424
서울특별시,서대문구,북가좌2동,서울특별시 서대문구 북가좌2동,11410720,21,30712.595452054793
서울특별시,서대문구,북가좌2동,서울특별시 서대문구 북가좌2동,11410720,22,31481.72106849315
서울특별시,서대문구,북가좌2동,서울특별시 서대문구 북가좌2동,11410720,23,32055.93487671233
서울특별시,서대문구,북아현동,서울특별시 서대문구 북아현동,11410555,00,9878.009424657534
서울특별시,서대문구,북아현동,서울특별시 서대문구 북아현동,11410555,01,9879.849205479451
서울특별시,서대문구,북아현동,서울특별시 서대문구 북아현동,11410555,02,9878.256246575342
서울특별시,서대문구,북아현동,서울특별시 서대문구 북아현동,11410555,03,9897.974438356165
서울특별시,서대문구,북아현동,서울특별시 서대문구 북아현동,11410555,04,9904.491753424658
서울특별시,서대문구,북아현동,서울특별시 서대문구 북아현동,11410555,05,9878.55194520548
서울특별시,서대문구,북아현동,서울특별시 서대문구 북아현동,11410555,06,9880.338575342466
서울특별시,서대문구,북아현동,서울특별시 서대문구 북아현동,11410555,07,10047.152465753425
서울특별시,서대문구,북아현동,서울특별시 서대문구 북아현동,11410555,08,10021.262493150685
서울특별시,서대문구,북아현동,서울특별시 서대문구 북아현동,11410555,09,9616.066465753423
서울특별시,서대문구,북아현동,서울특별시 서대문구 북아현동,11410555,10,9301.555123287671
서울특별시,서대문구,북아현동,서울특별시 서대문구 북아현동,11410555,11,8961.217479452054
서울특별시,서대문구,북아현동,서울특별시 서대문구 북아현동,11410555,12,8592.451534246575
서울특별시,서대문구,북아현동,서울특별시 서대문구 북아현동,11410555,13,8599.050493150686
서울특별시,서대문구,북아현동,서울특별시 서대문구 북아현동,11410555,14,8557.528630136987
서울특별시,서대문구,북아현동,서울특별시 서대문구 북아현동,11410555,15,8518.759260273971
서울특별시,서대문구,북아현동,서울특별시 서대문구 북아현동,11410555,16,8442.659397260275
서울특별시,서대문구,북아현동,서울특별시 서대문구 북아현동,11410555,17,8427.24501369863
서울특별시,서대문구,북아현동,서울특별시 서대문구 북아현동,11410555,18,8486.361890410959
서울특별시,서대문구,북아현동,서울특별시 서대문구 북아현동,11410555,19,8619.518520547945
서울특별시,서대문구,북아현동,서울특별시 서대문구 북아현동,11410555,20,8880.911232876713
서울특별시,서대문구,북아현동,서울특별시 서대문구 북아현동,11410555,21,9139.989506849315
서울특별시,서대문구,북아현동,서울특별시 서대문구 북아현동,11410555,22,9439.844575342466
서울특별시,서대문구,북아현동,서울특별시 서대문구 북아현동,11410555,23,9639.438109589042
서울특별시,서대문구,신촌동,서울특별시 서대문구 신촌동,11410585,00,31408.68871232877
서울특별시,서대문구,신촌동,서울특별시 서대문구 신촌동,11410585,01,30779.198602739725
서울특별시,서대문구,신촌동,서울특별시 서대문구 신촌동,11410585,02,30065.65101369863
서울특별시,서대문구,신촌동,서울특별시 서대문구 신촌동,11410585,03,29554.638657534244
서울특별시,서대문구,신촌동,서울특별시 서대문구 신촌동,11410585,04,29316.90589041096
서울특별시,서대문구,신촌동,서울특별시 서대문구 신촌동,11410585,05,29799.92221917808
서울특별시,서대문구,신촌동,서울특별시 서대문구 신촌동,11410585,06,30994.698356164383
서울특별시,서대문구,신촌동,서울특별시 서대문구 신촌동,11410585,07,34088.71542465754
서울특별시,서대문구,신촌동,서울특별시 서대문구 신촌동,11410585,08,40626.18704109589
서울특별시,서대문구,신촌동,서울특별시 서대문구 신촌동,11410585,09,49969.32698630138
서울특별시,서대문구,신촌동,서울특별시 서대문구 신촌동,11410585,10,58419.41161643835
서울특별시,서대문구,신촌동,서울특별시 서대문구 신촌동,11410585,11,64173.628109589044
서울특별시,서대문구,신촌동,서울특별시 서대문구 신촌동,11410585,12,67698.56616438356
서울특별시,서대문구,신촌동,서울특별시 서대문구 신촌동,11410585,13,69964.32589041095
서울특별시,서대문구,신촌동,서울특별시 서대문구 신촌동,11410585,14,72116.03246575342
서울특별시,서대문구,신촌동,서울특별시 서대문구 신촌동,11410585,15,71712.52906849315
서울특별시,서대문구,신촌동,서울특별시 서대문구 신촌동,11410585,16,68611.23698630137
서울특별시,서대문구,신촌동,서울특별시 서대문구 신촌동,11410585,17,64447.48975342466
서울특별시,서대문구,신촌동,서울특별시 서대문구 신촌동,11410585,18,59670.74920547946
서울특별시,서대문구,신촌동,서울특별시 서대문구 신촌동,11410585,19,55469.12473972603
서울특별시,서대문구,신촌동,서울특별시 서대문구 신촌동,11410585,20,51385.95117808219
서울특별시,서대문구,신촌동,서울특별시 서대문구 신촌동,11410585,21,46755.931506849316
서울특별시,서대문구,신촌동,서울특별시 서대문구 신촌동,11410585,22,41418.36180821918
서울특별시,서대문구,신촌동,서울특별시 서대문구 신촌동,11410585,23,36460.07865753425
서울특별시,서대문구,연희동,서울특별시 서대문구 연희동,11410615,00,37781.938027397264
서울특별시,서대문구,연희동,서울특별시 서대문구 연희동,11410615,01,38098.621671232875
서울특별시,서대문구,연희동,서울특별시 서대문구 연희동,11410615,02,38308.367671232874
서울특별시,서대문구,연희동,서울특별시 서대문구 연희동,11410615,03,38437.69073972602
서울특별시,서대문구,연희동,서울특별시 서대문구 연희동,11410615,04,38531.54046575342
서울특별시,서대문구,연희동,서울특별시 서대문구 연희동,11410615,05,38580.93928767123
서울특별시,서대문구,연희동,서울특별시 서대문구 연희동,11410615,06,38680.13909589041
서울특별시,서대문구,연희동,서울특별시 서대문구 연희동,11410615,07,38937.17093150685
서울특별시,서대문구,연희동,서울특별시 서대문구 연희동,11410615,08,39323.27802739726
서울특별시,서대문구,연희동,서울특별시 서대문구 연희동,11410615,09,39167.14956164383
서울특별시,서대문구,연희동,서울특별시 서대문구 연희동,11410615,10,39037.59380821918
서울특별시,서대문구,연희동,서울특별시 서대문구 연희동,11410615,11,39409.05093150685
서울특별시,서대문구,연희동,서울특별시 서대문구 연희동,11410615,12,39883.435808219176
서울특별시,서대문구,연희동,서울특별시 서대문구 연희동,11410615,13,39744.606164383564
서울특별시,서대문구,연희동,서울특별시 서대문구 연희동,11410615,14,39362.849534246576
서울특별시,서대문구,연희동,서울특별시 서대문구 연희동,11410615,15,39065.43843835616
서울특별시,서대문구,연희동,서울특별시 서대문구 연희동,11410615,16,38598.942767123284
서울특별시,서대문구,연희동,서울특별시 서대문구 연희동,11410615,17,38011.46452054795
서울특별시,서대문구,연희동,서울특별시 서대문구 연희동,11410615,18,37246.491616438354
서울특별시,서대문구,연희동,서울특별시 서대문구 연희동,11410615,19,36677.18495890411
서울특별시,서대문구,연희동,서울특별시 서대문구 연희동,11410615,20,36369.46424657534
서울특별시,서대문구,연희동,서울특별시 서대문구 연희동,11410615,21,36234.60805479452
서울특별시,서대문구,연희동,서울특별시 서대문구 연희동,11410615,22,36568.686246575344
서울특별시,서대문구,연희동,서울특별시 서대문구 연희동,11410615,23,37105.26723287671
서울특별시,서대문구,천연동,서울특별시 서대문구 천연동,11410520,00,17250.126958904108
서울특별시,서대문구,천연동,서울특별시 서대문구 천연동,11410520,01,17344.223890410958
서울특별시,서대문구,천연동,서울특별시 서대문구 천연동,11410520,02,17427.89583561644
서울특별시,서대문구,천연동,서울특별시 서대문구 천연동,11410520,03,17467.776219178082
서울특별시,서대문구,천연동,서울특별시 서대문구 천연동,11410520,04,17464.94312328767
서울특별시,서대문구,천연동,서울특별시 서대문구 천연동,11410520,05,17408.287643835618
서울특별시,서대문구,천연동,서울특별시 서대문구 천연동,11410520,06,17128.395643835618
서울특별시,서대문구,천연동,서울특별시 서대문구 천연동,11410520,07,16805.02164383562
서울특별시,서대문구,천연동,서울특별시 서대문구 천연동,11410520,08,16051.09202739726
서울특별시,서대문구,천연동,서울특별시 서대문구 천연동,11410520,09,15247.105561643837
서울특별시,서대문구,천연동,서울특별시 서대문구 천연동,11410520,10,14927.764657534246
서울특별시,서대문구,천연동,서울특별시 서대문구 천연동,11410520,11,14711.717835616439
서울특별시,서대문구,천연동,서울특별시 서대문구 천연동,11410520,12,14567.036493150687
서울특별시,서대문구,천연동,서울특별시 서대문구 천연동,11410520,13,14296.246136986301
서울특별시,서대문구,천연동,서울특별시 서대문구 천연동,11410520,14,14266.483753424658
서울특별시,서대문구,천연동,서울특별시 서대문구 천연동,11410520,15,14296.883780821918
서울특별시,서대문구,천연동,서울특별시 서대문구 천연동,11410520,16,14356.898821917808
서울특별시,서대문구,천연동,서울특별시 서대문구 천연동,11410520,17,14360.798438356163
서울특별시,서대문구,천연동,서울특별시 서대문구 천연동,11410520,18,14713.00501369863
서울특별시,서대문구,천연동,서울특별시 서대문구 천연동,11410520,19,15150.506767123286
서울특별시,서대문구,천연동,서울특별시 서대문구 천연동,11410520,20,15518.8838630137
서울특별시,서대문구,천연동,서울특별시 서대문구 천연동,11410520,21,15970.72397260274
서울특별시,서대문구,천연동,서울특별시 서대문구 천연동,11410520,22,16454.891315068493
서울특별시,서대문구,천연동,서울특별시 서대문구 천연동,11410520,23,16795.662712328765
서울특별시,서대문구,충현동,서울특별시 서대문구 충현동,11410565,00,24414.8562739726
서울특별시,서대문구,충현동,서울특별시 서대문구 충현동,11410565,01,24371.02608219178
서울특별시,서대문구,충현동,서울특별시 서대문구 충현동,11410565,02,24361.125808219178
서울특별시,서대문구,충현동,서울특별시 서대문구 충현동,11410565,03,24338.693671232875
서울특별시,서대문구,충현동,서울특별시 서대문구 충현동,11410565,04,24359.40082191781
서울특별시,서대문구,충현동,서울특별시 서대문구 충현동,11410565,05,24613.666109589045
서울특별시,서대문구,충현동,서울특별시 서대문구 충현동,11410565,06,25190.694000000003
서울특별시,서대문구,충현동,서울특별시 서대문구 충현동,11410565,07,27560.29846575342
서울특별시,서대문구,충현동,서울특별시 서대문구 충현동,11410565,08,34201.3901369863
서울특별시,서대문구,충현동,서울특별시 서대문구 충현동,11410565,09,41861.01076712328
서울특별시,서대문구,충현동,서울특별시 서대문구 충현동,11410565,10,43894.58463013699
서울특별시,서대문구,충현동,서울특별시 서대문구 충현동,11410565,11,44775.93545205479
서울특별시,서대문구,충현동,서울특별시 서대문구 충현동,11410565,12,44678.941452054794
서울특별시,서대문구,충현동,서울특별시 서대문구 충현동,11410565,13,44965.77545205479
서울특별시,서대문구,충현동,서울특별시 서대문구 충현동,11410565,14,45042.098520547945
서울특별시,서대문구,충현동,서울특별시 서대문구 충현동,11410565,15,44461.20293150685
서울특별시,서대문구,충현동,서울특별시 서대문구 충현동,11410565,16,43110.34715068493
서울특별시,서대문구,충현동,서울특별시 서대문구 충현동,11410565,17,41324.093205479454
서울특별시,서대문구,충현동,서울특별시 서대문구 충현동,11410565,18,37421.873753424654
서울특별시,서대문구,충현동,서울특별시 서대문구 충현동,11410565,19,31054.146465753427
서울특별시,서대문구,충현동,서울특별시 서대문구 충현동,11410565,20,28171.951178082192
서울특별시,서대문구,충현동,서울특별시 서대문구 충현동,11410565,21,26639.314410958905
서울특별시,서대문구,충현동,서울특별시 서대문구 충현동,11410565,22,25459.237479452055
서울특별시,서대문구,충현동,서울특별시 서대문구 충현동,11410565,23,24809.16575342466
서울특별시,서대문구,홍은1동,서울특별시 서대문구 홍은1동,11410660,00,23307.522958904112
서울특별시,서대문구,홍은1동,서울특별시 서대문구 홍은1동,11410660,01,23517.267863013698
서울특별시,서대문구,홍은1동,서울특별시 서대문구 홍은1동,11410660,02,23631.612438356166
서울특별시,서대문구,홍은1동,서울특별시 서대문구 홍은1동,11410660,03,23687.28098630137
서울특별시,서대문구,홍은1동,서울특별시 서대문구 홍은1동,11410660,04,23698.444465753426
서울특별시,서대문구,홍은1동,서울특별시 서대문구 홍은1동,11410660,05,23640.19676712329
서울특별시,서대문구,홍은1동,서울특별시 서대문구 홍은1동,11410660,06,23464.411808219178
서울특별시,서대문구,홍은1동,서울특별시 서대문구 홍은1동,11410660,07,22833.206986301368
서울특별시,서대문구,홍은1동,서울특별시 서대문구 홍은1동,11410660,08,21280.736273972605
서울특별시,서대문구,홍은1동,서울특별시 서대문구 홍은1동,11410660,09,19738.44975342466
서울특별시,서대문구,홍은1동,서울특별시 서대문구 홍은1동,11410660,10,18671.13408219178
서울특별시,서대문구,홍은1동,서울특별시 서대문구 홍은1동,11410660,11,18052.226465753425
서울특별시,서대문구,홍은1동,서울특별시 서대문구 홍은1동,11410660,12,17612.13098630137
서울특별시,서대문구,홍은1동,서울특별시 서대문구 홍은1동,11410660,13,17226.920767123287
서울특별시,서대문구,홍은1동,서울특별시 서대문구 홍은1동,11410660,14,17006.918328767126
서울특별시,서대문구,홍은1동,서울특별시 서대문구 홍은1동,11410660,15,17054.951506849313
서울특별시,서대문구,홍은1동,서울특별시 서대문구 홍은1동,11410660,16,17306.65479452055
서울특별시,서대문구,홍은1동,서울특별시 서대문구 홍은1동,11410660,17,17675.953534246575
서울특별시,서대문구,홍은1동,서울특별시 서대문구 홍은1동,11410660,18,18339.35898630137
서울특별시,서대문구,홍은1동,서울특별시 서대문구 홍은1동,11410660,19,19350.83887671233
서울특별시,서대문구,홍은1동,서울특별시 서대문구 홍은1동,11410660,20,20308.304602739725
서울특별시,서대문구,홍은1동,서울특별시 서대문구 홍은1동,11410660,21,21175.954767123287
서울특별시,서대문구,홍은1동,서울특별시 서대문구 홍은1동,11410660,22,22002.841643835618
서울특별시,서대문구,홍은1동,서울특별시 서대문구 홍은1동,11410660,23,22510.905260273972
서울특별시,서대문구,홍은2동,서울특별시 서대문구 홍은2동,11410685,00,26819.05295890411
서울특별시,서대문구,홍은2동,서울특별시 서대문구 홍은2동,11410685,01,27146.18873972603
서울특별시,서대문구,홍은2동,서울특별시 서대문구 홍은2동,11410685,02,27305.717424657534
서울특별시,서대문구,홍은2동,서울특별시 서대문구 홍은2동,11410685,03,27401.950958904108
서울특별시,서대문구,홍은2동,서울특별시 서대문구 홍은2동,11410685,04,27457.981616438352
서울특별시,서대문구,홍은2동,서울특별시 서대문구 홍은2동,11410685,05,27409.559369863015
서울특별시,서대문구,홍은2동,서울특별시 서대문구 홍은2동,11410685,06,27161.956027397257
서울특별시,서대문구,홍은2동,서울특별시 서대문구 홍은2동,11410685,07,26901.111150684934
서울특별시,서대문구,홍은2동,서울특별시 서대문구 홍은2동,11410685,08,26649.04375342466
서울특별시,서대문구,홍은2동,서울특별시 서대문구 홍은2동,11410685,09,25454.368219178083
서울특별시,서대문구,홍은2동,서울특별시 서대문구 홍은2동,11410685,10,24714.020630136984
서울특별시,서대문구,홍은2동,서울특별시 서대문구 홍은2동,11410685,11,24220.204657534243
서울특별시,서대문구,홍은2동,서울특별시 서대문구 홍은2동,11410685,12,23828.651315068495
서울특별시,서대문구,홍은2동,서울특별시 서대문구 홍은2동,11410685,13,23599.30709589041
서울특별시,서대문구,홍은2동,서울특별시 서대문구 홍은2동,11410685,14,23521.501534246578
서울특별시,서대문구,홍은2동,서울특별시 서대문구 홍은2동,11410685,15,23318.04309589041
서울특별시,서대문구,홍은2동,서울특별시 서대문구 홍은2동,11410685,16,23139.371780821915
서울특별시,서대문구,홍은2동,서울특별시 서대문구 홍은2동,11410685,17,22924.811890410958
서울특별시,서대문구,홍은2동,서울특별시 서대문구 홍은2동,11410685,18,23034.6121369863
서울특별시,서대문구,홍은2동,서울특별시 서대문구 홍은2동,11410685,19,23526.752547945205
서울특별시,서대문구,홍은2동,서울특별시 서대문구 홍은2동,11410685,20,24237.276246575344
서울특별시,서대문구,홍은2동,서울특별시 서대문구 홍은2동,11410685,21,25023.03961643836
서울특별시,서대문구,홍은2동,서울특별시 서대문구 홍은2동,11410685,22,25739.07312328767
서울특별시,서대문구,홍은2동,서울특별시 서대문구 홍은2동,11410685,23,26184.899479452055
서울특별시,서대문구,홍제1동,서울특별시 서대문구 홍제1동,11410620,00,28075.308191780823
서울특별시,서대문구,홍제1동,서울특별시 서대문구 홍제1동,11410620,01,28063.179479452054
서울특별시,서대문구,홍제1동,서울특별시 서대문구 홍제1동,11410620,02,28020.746904109586
서울특별시,서대문구,홍제1동,서울특별시 서대문구 홍제1동,11410620,03,28007.182
서울특별시,서대문구,홍제1동,서울특별시 서대문구 홍제1동,11410620,04,28024.487397260276
서울특별시,서대문구,홍제1동,서울특별시 서대문구 홍제1동,11410620,05,27989.93216438356
서울특별시,서대문구,홍제1동,서울특별시 서대문구 홍제1동,11410620,06,27849.03843835616
서울특별시,서대문구,홍제1동,서울특별시 서대문구 홍제1동,11410620,07,27479.143643835614
서울특별시,서대문구,홍제1동,서울특별시 서대문구 홍제1동,11410620,08,26412.689835616435
서울특별시,서대문구,홍제1동,서울특별시 서대문구 홍제1동,11410620,09,25111.035479452054
서울특별시,서대문구,홍제1동,서울특별시 서대문구 홍제1동,11410620,10,24509.594849315064
서울특별시,서대문구,홍제1동,서울특별시 서대문구 홍제1동,11410620,11,24141.35789041096
서울특별시,서대문구,홍제1동,서울특별시 서대문구 홍제1동,11410620,12,23765.088602739725
서울특별시,서대문구,홍제1동,서울특별시 서대문구 홍제1동,11410620,13,23516.52695890411
서울특별시,서대문구,홍제1동,서울특별시 서대문구 홍제1동,11410620,14,23524.731589041094
서울특별시,서대문구,홍제1동,서울특별시 서대문구 홍제1동,11410620,15,23693.30583561644
서울특별시,서대문구,홍제1동,서울특별시 서대문구 홍제1동,11410620,16,23974.33994520548
서울특별시,서대문구,홍제1동,서울특별시 서대문구 홍제1동,11410620,17,24299.418821917807
서울특별시,서대문구,홍제1동,서울특별시 서대문구 홍제1동,11410620,18,24888.714054794524
서울특별시,서대문구,홍제1동,서울특별시 서대문구 홍제1동,11410620,19,25778.296109589042
서울특별시,서대문구,홍제1동,서울특별시 서대문구 홍제1동,11410620,20,26459.9677260274
서울특별시,서대문구,홍제1동,서울특별시 서대문구 홍제1동,11410620,21,27028.48276712329
서울특별시,서대문구,홍제1동,서울특별시 서대문구 홍제1동,11410620,22,27601.52331506849
서울특별시,서대문구,홍제1동,서울특별시 서대문구 홍제1동,11410620,23,28000.21920547945
서울특별시,서대문구,홍제2동,서울특별시 서대문구 홍제2동,11410655,00,12429.527999999998
서울특별시,서대문구,홍제2동,서울특별시 서대문구 홍제2동,11410655,01,12568.04616438356
서울특별시,서대문구,홍제2동,서울특별시 서대문구 홍제2동,11410655,02,12658.30608219178
서울특별시,서대문구,홍제2동,서울특별시 서대문구 홍제2동,11410655,03,12680.229452054795
서울특별시,서대문구,홍제2동,서울특별시 서대문구 홍제2동,11410655,04,12674.386520547945
서울특별시,서대문구,홍제2동,서울특별시 서대문구 홍제2동,11410655,05,12625.343260273972
서울특별시,서대문구,홍제2동,서울특별시 서대문구 홍제2동,11410655,06,12425.983671232876
서울특별시,서대문구,홍제2동,서울특별시 서대문구 홍제2동,11410655,07,12099.85002739726
서울특별시,서대문구,홍제2동,서울특별시 서대문구 홍제2동,11410655,08,11336.990054794522
서울특별시,서대문구,홍제2동,서울특별시 서대문구 홍제2동,11410655,09,10410.528191780822
서울특별시,서대문구,홍제2동,서울특별시 서대문구 홍제2동,11410655,10,9823.724438356165
서울특별시,서대문구,홍제2동,서울특별시 서대문구 홍제2동,11410655,11,9496.5741369863
서울특별시,서대문구,홍제2동,서울특별시 서대문구 홍제2동,11410655,12,9222.868849315068
서울특별시,서대문구,홍제2동,서울특별시 서대문구 홍제2동,11410655,13,9042.876301369863
서울특별시,서대문구,홍제2동,서울특별시 서대문구 홍제2동,11410655,14,8980.747698630137
서울특별시,서대문구,홍제2동,서울특별시 서대문구 홍제2동,11410655,15,8980.35594520548
서울특별시,서대문구,홍제2동,서울특별시 서대문구 홍제2동,11410655,16,9119.732684931507
서울특별시,서대문구,홍제2동,서울특별시 서대문구 홍제2동,11410655,17,9392.373397260275
서울특별시,서대문구,홍제2동,서울특별시 서대문구 홍제2동,11410655,18,9829.67090410959
서울특별시,서대문구,홍제2동,서울특별시 서대문구 홍제2동,11410655,19,10419.02016438356
서울특별시,서대문구,홍제2동,서울특별시 서대문구 홍제2동,11410655,20,10919.83498630137
서울특별시,서대문구,홍제2동,서울특별시 서대문구 홍제2동,11410655,21,11374.031561643837
서울특별시,서대문구,홍제2동,서울특별시 서대문구 홍제2동,11410655,22,11811.821780821918
서울특별시,서대문구,홍제2동,서울특별시 서대문구 홍제2동,11410655,23,12083.747561643837
서울특별시,서대문구,홍제3동,서울특별시 서대문구 홍제3동,11410640,00,20125.617780821918
서울특별시,서대문구,홍제3동,서울특별시 서대문구 홍제3동,11410640,01,20157.87887671233
서울특별시,서대문구,홍제3동,서울특별시 서대문구 홍제3동,11410640,02,20203.331534246576
서울특별시,서대문구,홍제3동,서울특별시 서대문구 홍제3동,11410640,03,20192.814767123287
서울특별시,서대문구,홍제3동,서울특별시 서대문구 홍제3동,11410640,04,20174.372602739724
서울특별시,서대문구,홍제3동,서울특별시 서대문구 홍제3동,11410640,05,20140.940493150687
서울특별시,서대문구,홍제3동,서울특별시 서대문구 홍제3동,11410640,06,20032.01808219178
서울특별시,서대문구,홍제3동,서울특별시 서대문구 홍제3동,11410640,07,19709.745205479452
서울특별시,서대문구,홍제3동,서울특별시 서대문구 홍제3동,11410640,08,19354.005232876712
서울특별시,서대문구,홍제3동,서울특별시 서대문구 홍제3동,11410640,09,19130.218630136987
서울특별시,서대문구,홍제3동,서울특별시 서대문구 홍제3동,11410640,10,19177.503178082192
서울특별시,서대문구,홍제3동,서울특별시 서대문구 홍제3동,11410640,11,19212.212520547946
서울특별시,서대문구,홍제3동,서울특별시 서대문구 홍제3동,11410640,12,19146.023369863015
서울특별시,서대문구,홍제3동,서울특별시 서대문구 홍제3동,11410640,13,18952.27424657534
서울특별시,서대문구,홍제3동,서울특별시 서대문구 홍제3동,11410640,14,18856.624547945205
서울특별시,서대문구,홍제3동,서울특별시 서대문구 홍제3동,11410640,15,18855.705534246576
서울특별시,서대문구,홍제3동,서울특별시 서대문구 홍제3동,11410640,16,18956.476986301368
서울특별시,서대문구,홍제3동,서울특별시 서대문구 홍제3동,11410640,17,19084.9957260274
서울특별시,서대문구,홍제3동,서울특별시 서대문구 홍제3동,11410640,18,19445.24473972603
서울특별시,서대문구,홍제3동,서울특별시 서대문구 홍제3동,11410640,19,19936.39197260274
서울특별시,서대문구,홍제3동,서울특별시 서대문구 홍제3동,11410640,20,20069.43301369863
서울특별시,서대문구,홍제3동,서울특별시 서대문구 홍제3동,11410640,21,20084.557479452054
서울특별시,서대문구,홍제3동,서울특별시 서대문구 홍제3동,11410640,22,20107.759287671233
서울특별시,서대문구,홍제3동,서울특별시 서대문구 홍제3동,11410640,23,20246.47016438356
서울특별시,서초구,내곡동,서울특별시 서초구 내곡동,11650660,00,19094.394082191782
서울특별시,서초구,내곡동,서울특별시 서초구 내곡동,11650660,01,19128.76290410959
서울특별시,서초구,내곡동,서울특별시 서초구 내곡동,11650660,02,19149.06468493151
서울특별시,서초구,내곡동,서울특별시 서초구 내곡동,11650660,03,19189.325561643836
서울특별시,서초구,내곡동,서울특별시 서초구 내곡동,11650660,04,19256.490876712327
서울특별시,서초구,내곡동,서울특별시 서초구 내곡동,11650660,05,19601.429972602742
서울특별시,서초구,내곡동,서울특별시 서초구 내곡동,11650660,06,20753.032712328768
서울특별시,서초구,내곡동,서울특별시 서초구 내곡동,11650660,07,23599.692410958905
서울특별시,서초구,내곡동,서울특별시 서초구 내곡동,11650660,08,27372.49561643836
서울특별시,서초구,내곡동,서울특별시 서초구 내곡동,11650660,09,28788.57408219178
서울특별시,서초구,내곡동,서울특별시 서초구 내곡동,11650660,10,28828.92298630137
서울특별시,서초구,내곡동,서울특별시 서초구 내곡동,11650660,11,28668.764821917808
서울특별시,서초구,내곡동,서울특별시 서초구 내곡동,11650660,12,27503.16123287671
서울특별시,서초구,내곡동,서울특별시 서초구 내곡동,11650660,13,28692.79465753425
서울특별시,서초구,내곡동,서울특별시 서초구 내곡동,11650660,14,28715.08816438356
서울특별시,서초구,내곡동,서울특별시 서초구 내곡동,11650660,15,28378.52597260274
서울특별시,서초구,내곡동,서울특별시 서초구 내곡동,11650660,16,27630.4398630137
서울특별시,서초구,내곡동,서울특별시 서초구 내곡동,11650660,17,26126.42745205479
서울특별시,서초구,내곡동,서울특별시 서초구 내곡동,11650660,18,23571.39298630137
서울특별시,서초구,내곡동,서울특별시 서초구 내곡동,11650660,19,20283.397616438357
서울특별시,서초구,내곡동,서울특별시 서초구 내곡동,11650660,20,19077.49635616438
서울특별시,서초구,내곡동,서울특별시 서초구 내곡동,11650660,21,18783.790191780823
서울특별시,서초구,내곡동,서울특별시 서초구 내곡동,11650660,22,18726.224109589042
서울특별시,서초구,내곡동,서울특별시 서초구 내곡동,11650660,23,18850.979726027395
서울특별시,서초구,반포1동,서울특별시 서초구 반포1동,11650560,00,33992.37350684932
서울특별시,서초구,반포1동,서울특별시 서초구 반포1동,11650560,01,34110.81997260274
서울특별시,서초구,반포1동,서울특별시 서초구 반포1동,11650560,02,34202.22542465753
서울특별시,서초구,반포1동,서울특별시 서초구 반포1동,11650560,03,34275.84926027397
서울특별시,서초구,반포1동,서울특별시 서초구 반포1동,11650560,04,34340.78895890411
서울특별시,서초구,반포1동,서울특별시 서초구 반포1동,11650560,05,34440.17857534246
서울특별시,서초구,반포1동,서울특별시 서초구 반포1동,11650560,06,34585.25556164383
서울특별시,서초구,반포1동,서울특별시 서초구 반포1동,11650560,07,34640.66980821918
서울특별시,서초구,반포1동,서울특별시 서초구 반포1동,11650560,08,34471.92301369863
서울특별시,서초구,반포1동,서울특별시 서초구 반포1동,11650560,09,34446.60687671233
서울특별시,서초구,반포1동,서울특별시 서초구 반포1동,11650560,10,34550.091315068494
서울특별시,서초구,반포1동,서울특별시 서초구 반포1동,11650560,11,34437.881424657535
서울특별시,서초구,반포1동,서울특별시 서초구 반포1동,11650560,12,34473.304219178084
서울특별시,서초구,반포1동,서울특별시 서초구 반포1동,11650560,13,34526.96175342466
서울특별시,서초구,반포1동,서울특별시 서초구 반포1동,11650560,14,34674.8422739726
서울특별시,서초구,반포1동,서울특별시 서초구 반포1동,11650560,15,34787.40695890411
서울특별시,서초구,반포1동,서울특별시 서초구 반포1동,11650560,16,34842.00621917808
서울특별시,서초구,반포1동,서울특별시 서초구 반포1동,11650560,17,34701.19936986301
서울특별시,서초구,반포1동,서울특별시 서초구 반포1동,11650560,18,34622.63887671233
서울특별시,서초구,반포1동,서울특별시 서초구 반포1동,11650560,19,34312.233561643836
서울특별시,서초구,반포1동,서울특별시 서초구 반포1동,11650560,20,33948.58306849315
서울특별시,서초구,반포1동,서울특별시 서초구 반포1동,11650560,21,34060.510027397264
서울특별시,서초구,반포1동,서울특별시 서초구 반포1동,11650560,22,34390.40893150685
서울특별시,서초구,반포1동,서울특별시 서초구 반포1동,11650560,23,34261.89621917808
서울특별시,서초구,반포2동,서울특별시 서초구 반포2동,11650570,00,27150.84805479452
서울특별시,서초구,반포2동,서울특별시 서초구 반포2동,11650570,01,27162.604602739724
서울특별시,서초구,반포2동,서울특별시 서초구 반포2동,11650570,02,27140.761726027395
서울특별시,서초구,반포2동,서울특별시 서초구 반포2동,11650570,03,27126.731616438352
서울특별시,서초구,반포2동,서울특별시 서초구 반포2동,11650570,04,27148.176356164382
서울특별시,서초구,반포2동,서울특별시 서초구 반포2동,11650570,05,27359.805397260276
서울특별시,서초구,반포2동,서울특별시 서초구 반포2동,11650570,06,28082.94345205479
서울특별시,서초구,반포2동,서울특별시 서초구 반포2동,11650570,07,28565.13408219178
서울특별시,서초구,반포2동,서울특별시 서초구 반포2동,11650570,08,28562.391424657533
서울특별시,서초구,반포2동,서울특별시 서초구 반포2동,11650570,09,27943.61923287671
서울특별시,서초구,반포2동,서울특별시 서초구 반포2동,11650570,10,27386.766958904107
서울특별시,서초구,반포2동,서울특별시 서초구 반포2동,11650570,11,26911.2958630137
서울특별시,서초구,반포2동,서울특별시 서초구 반포2동,11650570,12,26468.111287671232
서울특별시,서초구,반포2동,서울특별시 서초구 반포2동,11650570,13,26570.700164383565
서울특별시,서초구,반포2동,서울특별시 서초구 반포2동,11650570,14,26775.651643835616
서울특별시,서초구,반포2동,서울특별시 서초구 반포2동,11650570,15,26940.209561643835
서울특별시,서초구,반포2동,서울특별시 서초구 반포2동,11650570,16,26620.623041095892
서울특별시,서초구,반포2동,서울특별시 서초구 반포2동,11650570,17,26227.49882191781
서울특별시,서초구,반포2동,서울특별시 서초구 반포2동,11650570,18,25900.090958904108
서울특별시,서초구,반포2동,서울특별시 서초구 반포2동,11650570,19,26436.93304109589
서울특별시,서초구,반포2동,서울특별시 서초구 반포2동,11650570,20,27160.7337260274
서울특별시,서초구,반포2동,서울특별시 서초구 반포2동,11650570,21,27521.375041095893
서울특별시,서초구,반포2동,서울특별시 서초구 반포2동,11650570,22,27413.998575342466
서울특별시,서초구,반포2동,서울특별시 서초구 반포2동,11650570,23,27234.184
서울특별시,서초구,반포3동,서울특별시 서초구 반포3동,11650580,00,19565.247232876714
서울특별시,서초구,반포3동,서울특별시 서초구 반포3동,11650580,01,19507.595397260277
서울특별시,서초구,반포3동,서울특별시 서초구 반포3동,11650580,02,19500.57504109589
서울특별시,서초구,반포3동,서울특별시 서초구 반포3동,11650580,03,19504.963972602738
서울특별시,서초구,반포3동,서울특별시 서초구 반포3동,11650580,04,19535.545671232878
서울특별시,서초구,반포3동,서울특별시 서초구 반포3동,11650580,05,19647.33273972603
서울특별시,서초구,반포3동,서울특별시 서초구 반포3동,11650580,06,19997.32810958904
서울특별시,서초구,반포3동,서울특별시 서초구 반포3동,11650580,07,20208.96498630137
서울특별시,서초구,반포3동,서울특별시 서초구 반포3동,11650580,08,19857.50994520548
서울특별시,서초구,반포3동,서울특별시 서초구 반포3동,11650580,09,19763.143397260275
서울특별시,서초구,반포3동,서울특별시 서초구 반포3동,11650580,10,20234.91909589041
서울특별시,서초구,반포3동,서울특별시 서초구 반포3동,11650580,11,20849.728164383563
서울특별시,서초구,반포3동,서울특별시 서초구 반포3동,11650580,12,21334.14084931507
서울특별시,서초구,반포3동,서울특별시 서초구 반포3동,11650580,13,21717.161616438356
서울특별시,서초구,반포3동,서울특별시 서초구 반포3동,11650580,14,22169.317479452053
서울특별시,서초구,반포3동,서울특별시 서초구 반포3동,11650580,15,22650.73687671233
서울특별시,서초구,반포3동,서울특별시 서초구 반포3동,11650580,16,22886.423534246576
서울특별시,서초구,반포3동,서울특별시 서초구 반포3동,11650580,17,23035.53410958904
서울특별시,서초구,반포3동,서울특별시 서초구 반포3동,11650580,18,23087.693397260275
서울특별시,서초구,반포3동,서울특별시 서초구 반포3동,11650580,19,22778.336931506852
서울특별시,서초구,반포3동,서울특별시 서초구 반포3동,11650580,20,22328.139589041097
서울특별시,서초구,반포3동,서울특별시 서초구 반포3동,11650580,21,21751.825397260272
서울특별시,서초구,반포3동,서울특별시 서초구 반포3동,11650580,22,21076.721561643837
서울특별시,서초구,반포3동,서울특별시 서초구 반포3동,11650580,23,20425.944410958906
서울특별시,서초구,반포4동,서울특별시 서초구 반포4동,11650581,00,23359.201260273974
서울특별시,서초구,반포4동,서울특별시 서초구 반포4동,11650581,01,23066.32753424658
서울특별시,서초구,반포4동,서울특별시 서초구 반포4동,11650581,02,22818.684630136984
서울특별시,서초구,반포4동,서울특별시 서초구 반포4동,11650581,03,22729.21194520548
서울특별시,서초구,반포4동,서울특별시 서초구 반포4동,11650581,04,22752.003424657534
서울특별시,서초구,반포4동,서울특별시 서초구 반포4동,11650581,05,23174.856575342466
서울특별시,서초구,반포4동,서울특별시 서초구 반포4동,11650581,06,25276.614712328766
서울특별시,서초구,반포4동,서울특별시 서초구 반포4동,11650581,07,28955.550767123284
서울특별시,서초구,반포4동,서울특별시 서초구 반포4동,11650581,08,34202.56736986301
서울특별시,서초구,반포4동,서울특별시 서초구 반포4동,11650581,09,40449.050547945204
서울특별시,서초구,반포4동,서울특별시 서초구 반포4동,11650581,10,47076.724575342465
서울특별시,서초구,반포4동,서울특별시 서초구 반포4동,11650581,11,54696.3422739726
서울특별시,서초구,반포4동,서울특별시 서초구 반포4동,11650581,12,60349.94216438357
서울특별시,서초구,반포4동,서울특별시 서초구 반포4동,11650581,13,63749.919397260266
서울특별시,서초구,반포4동,서울특별시 서초구 반포4동,11650581,14,66157.79460273973
서울특별시,서초구,반포4동,서울특별시 서초구 반포4동,11650581,15,66575.46591780822
서울특별시,서초구,반포4동,서울특별시 서초구 반포4동,11650581,16,64922.35775342465
서울특별시,서초구,반포4동,서울특별시 서초구 반포4동,11650581,17,61494.136739726026
서울특별시,서초구,반포4동,서울특별시 서초구 반포4동,11650581,18,57032.01852054795
서울특별시,서초구,반포4동,서울특별시 서초구 반포4동,11650581,19,51930.86030136987
서울특별시,서초구,반포4동,서울특별시 서초구 반포4동,11650581,20,44887.55342465753
서울특별시,서초구,반포4동,서울특별시 서초구 반포4동,11650581,21,36982.75408219178
서울특별시,서초구,반포4동,서울특별시 서초구 반포4동,11650581,22,30609.127013698628
서울특별시,서초구,반포4동,서울특별시 서초구 반포4동,11650581,23,27324.582356164385
서울특별시,서초구,반포본동,서울특별시 서초구 반포본동,11650550,00,1923.0195068493151
서울특별시,서초구,반포본동,서울특별시 서초구 반포본동,11650550,01,1872.3804109589041
서울특별시,서초구,반포본동,서울특별시 서초구 반포본동,11650550,02,1828.1011506849316
서울특별시,서초구,반포본동,서울특별시 서초구 반포본동,11650550,03,1805.953178082192
서울특별시,서초구,반포본동,서울특별시 서초구 반포본동,11650550,04,1818.181424657534
서울특별시,서초구,반포본동,서울특별시 서초구 반포본동,11650550,05,2091.464191780822
서울특별시,서초구,반포본동,서울특별시 서초구 반포본동,11650550,06,3243.7805753424655
서울특별시,서초구,반포본동,서울특별시 서초구 반포본동,11650550,07,3768.5008219178085
서울특별시,서초구,반포본동,서울특별시 서초구 반포본동,11650550,08,4068.868493150685
서울특별시,서초구,반포본동,서울특별시 서초구 반포본동,11650550,09,4381.358219178082
서울특별시,서초구,반포본동,서울특별시 서초구 반포본동,11650550,10,4649.434739726027
서울특별시,서초구,반포본동,서울특별시 서초구 반포본동,11650550,11,4754.28591780822
서울특별시,서초구,반포본동,서울특별시 서초구 반포본동,11650550,12,4715.82098630137
서울특별시,서초구,반포본동,서울특별시 서초구 반포본동,11650550,13,4824.1155890410955
서울특별시,서초구,반포본동,서울특별시 서초구 반포본동,11650550,14,4857.730739726027
서울특별시,서초구,반포본동,서울특별시 서초구 반포본동,11650550,15,4809.3950410958905
서울특별시,서초구,반포본동,서울특별시 서초구 반포본동,11650550,16,4496.483123287671
서울특별시,서초구,반포본동,서울특별시 서초구 반포본동,11650550,17,3844.12895890411
서울특별시,서초구,반포본동,서울특별시 서초구 반포본동,11650550,18,3031.273397260274
서울특별시,서초구,반포본동,서울특별시 서초구 반포본동,11650550,19,2589.757835616438
서울특별시,서초구,반포본동,서울특별시 서초구 반포본동,11650550,20,2425.515397260274
서울특별시,서초구,반포본동,서울특별시 서초구 반포본동,11650550,21,2329.007424657534
서울특별시,서초구,반포본동,서울특별시 서초구 반포본동,11650550,22,2187.919205479452
서울특별시,서초구,반포본동,서울특별시 서초구 반포본동,11650550,23,2091.9621643835617
서울특별시,서초구,방배1동,서울특별시 서초구 방배1동,11650600,00,17853.429726027396
서울특별시,서초구,방배1동,서울특별시 서초구 방배1동,11650600,01,17823.006547945206
서울특별시,서초구,방배1동,서울특별시 서초구 방배1동,11650600,02,17812.2898630137
서울특별시,서초구,방배1동,서울특별시 서초구 방배1동,11650600,03,17806.49712328767
서울특별시,서초구,방배1동,서울특별시 서초구 방배1동,11650600,04,17808.89810958904
서울특별시,서초구,방배1동,서울특별시 서초구 방배1동,11650600,05,17860.54005479452
서울특별시,서초구,방배1동,서울특별시 서초구 방배1동,11650600,06,18304.215479452057
서울특별시,서초구,방배1동,서울특별시 서초구 방배1동,11650600,07,18607.55515068493
서울특별시,서초구,방배1동,서울특별시 서초구 방배1동,11650600,08,19142.965315068494
서울특별시,서초구,방배1동,서울특별시 서초구 방배1동,11650600,09,20660.15906849315
서울특별시,서초구,방배1동,서울특별시 서초구 방배1동,11650600,10,21456.130410958904
서울특별시,서초구,방배1동,서울특별시 서초구 방배1동,11650600,11,21961.752547945205
서울특별시,서초구,방배1동,서울특별시 서초구 방배1동,11650600,12,22313.296520547945
서울특별시,서초구,방배1동,서울특별시 서초구 방배1동,11650600,13,22200.260000000002
서울특별시,서초구,방배1동,서울특별시 서초구 방배1동,11650600,14,22132.17279452055
서울특별시,서초구,방배1동,서울특별시 서초구 방배1동,11650600,15,22092.570410958906
서울특별시,서초구,방배1동,서울특별시 서초구 방배1동,11650600,16,21923.46893150685
서울특별시,서초구,방배1동,서울특별시 서초구 방배1동,11650600,17,21590.333424657536
서울특별시,서초구,방배1동,서울특별시 서초구 방배1동,11650600,18,21064.18082191781
서울특별시,서초구,방배1동,서울특별시 서초구 방배1동,11650600,19,20153.995671232875
서울특별시,서초구,방배1동,서울특별시 서초구 방배1동,11650600,20,19512.83608219178
서울특별시,서초구,방배1동,서울특별시 서초구 방배1동,11650600,21,19078.429506849316
서울특별시,서초구,방배1동,서울특별시 서초구 방배1동,11650600,22,18652.18983561644
서울특별시,서초구,방배1동,서울특별시 서초구 방배1동,11650600,23,18250.67408219178
서울특별시,서초구,방배2동,서울특별시 서초구 방배2동,11650610,00,17345.687890410958
서울특별시,서초구,방배2동,서울특별시 서초구 방배2동,11650610,01,16963.16819178082
서울특별시,서초구,방배2동,서울특별시 서초구 방배2동,11650610,02,16692.19589041096
서울특별시,서초구,방배2동,서울특별시 서초구 방배2동,11650610,03,16554.554630136987
서울특별시,서초구,방배2동,서울특별시 서초구 방배2동,11650610,04,16498.29473972603
서울특별시,서초구,방배2동,서울특별시 서초구 방배2동,11650610,05,16525.149890410958
서울특별시,서초구,방배2동,서울특별시 서초구 방배2동,11650610,06,16847.31887671233
서울특별시,서초구,방배2동,서울특별시 서초구 방배2동,11650610,07,17359.64161643836
서울특별시,서초구,방배2동,서울특별시 서초구 방배2동,11650610,08,17861.915890410957
서울특별시,서초구,방배2동,서울특별시 서초구 방배2동,11650610,09,18179.55887671233
서울특별시,서초구,방배2동,서울특별시 서초구 방배2동,11650610,10,18485.96882191781
서울특별시,서초구,방배2동,서울특별시 서초구 방배2동,11650610,11,19398.980109589043
서울특별시,서초구,방배2동,서울특별시 서초구 방배2동,11650610,12,20759.670520547945
서울특별시,서초구,방배2동,서울특별시 서초구 방배2동,11650610,13,21620.581561643834
서울특별시,서초구,방배2동,서울특별시 서초구 방배2동,11650610,14,21729.77731506849
서울특별시,서초구,방배2동,서울특별시 서초구 방배2동,11650610,15,21497.514630136986
서울특별시,서초구,방배2동,서울특별시 서초구 방배2동,11650610,16,21457.70515068493
서울특별시,서초구,방배2동,서울특별시 서초구 방배2동,11650610,17,22131.63336986301
서울특별시,서초구,방배2동,서울특별시 서초구 방배2동,11650610,18,23545.028219178083
서울특별시,서초구,방배2동,서울특별시 서초구 방배2동,11650610,19,24192.174739726026
서울특별시,서초구,방배2동,서울특별시 서초구 방배2동,11650610,20,23452.67893150685
서울특별시,서초구,방배2동,서울특별시 서초구 방배2동,11650610,21,22368.226630136985
서울특별시,서초구,방배2동,서울특별시 서초구 방배2동,11650610,22,20893.860383561645
서울특별시,서초구,방배2동,서울특별시 서초구 방배2동,11650610,23,19386.131835616437
서울특별시,서초구,방배3동,서울특별시 서초구 방배3동,11650620,00,16884.291479452055
서울특별시,서초구,방배3동,서울특별시 서초구 방배3동,11650620,01,16957.18504109589
서울특별시,서초구,방배3동,서울특별시 서초구 방배3동,11650620,02,16993.840136986302
서울특별시,서초구,방배3동,서울특별시 서초구 방배3동,11650620,03,17028.637479452053
서울특별시,서초구,방배3동,서울특별시 서초구 방배3동,11650620,04,17046.296109589042
서울특별시,서초구,방배3동,서울특별시 서초구 방배3동,11650620,05,17163.06808219178
서울특별시,서초구,방배3동,서울특별시 서초구 방배3동,11650620,06,17464.149890410958
서울특별시,서초구,방배3동,서울특별시 서초구 방배3동,11650620,07,17938.844767123286
서울특별시,서초구,방배3동,서울특별시 서초구 방배3동,11650620,08,18723.290301369863
서울특별시,서초구,방배3동,서울특별시 서초구 방배3동,11650620,09,19241.5338630137
서울특별시,서초구,방배3동,서울특별시 서초구 방배3동,11650620,10,19236.74602739726
서울특별시,서초구,방배3동,서울특별시 서초구 방배3동,11650620,11,19175.536356164386
서울특별시,서초구,방배3동,서울특별시 서초구 방배3동,11650620,12,18744.153424657536
서울특별시,서초구,방배3동,서울특별시 서초구 방배3동,11650620,13,18620.85583561644
서울특별시,서초구,방배3동,서울특별시 서초구 방배3동,11650620,14,18478.716630136987
서울특별시,서초구,방배3동,서울특별시 서초구 방배3동,11650620,15,18200.411780821916
서울특별시,서초구,방배3동,서울특별시 서초구 방배3동,11650620,16,17790.035315068493
서울특별시,서초구,방배3동,서울특별시 서초구 방배3동,11650620,17,17312.05323287671
서울특별시,서초구,방배3동,서울특별시 서초구 방배3동,11650620,18,16771.50402739726
서울특별시,서초구,방배3동,서울특별시 서초구 방배3동,11650620,19,16293.658054794521
서울특별시,서초구,방배3동,서울특별시 서초구 방배3동,11650620,20,16041.658657534246
서울특별시,서초구,방배3동,서울특별시 서초구 방배3동,11650620,21,16096.57898630137
서울특별시,서초구,방배3동,서울특별시 서초구 방배3동,11650620,22,16340.335917808221
서울특별시,서초구,방배3동,서울특별시 서초구 방배3동,11650620,23,16525.336712328768
서울특별시,서초구,방배4동,서울특별시 서초구 방배4동,11650621,00,25420.931671232876
서울특별시,서초구,방배4동,서울특별시 서초구 방배4동,11650621,01,25462.36065753425
서울특별시,서초구,방배4동,서울특별시 서초구 방배4동,11650621,02,25471.396301369863
서울특별시,서초구,방배4동,서울특별시 서초구 방배4동,11650621,03,25478.706383561643
서울특별시,서초구,방배4동,서울특별시 서초구 방배4동,11650621,04,25509.71810958904
서울특별시,서초구,방배4동,서울특별시 서초구 방배4동,11650621,05,25669.31273972603
서울특별시,서초구,방배4동,서울특별시 서초구 방배4동,11650621,06,26171.7834520548
서울특별시,서초구,방배4동,서울특별시 서초구 방배4동,11650621,07,26676.783698630137
서울특별시,서초구,방배4동,서울특별시 서초구 방배4동,11650621,08,26933.09082191781
서울특별시,서초구,방배4동,서울특별시 서초구 방배4동,11650621,09,27750.714986301373
서울특별시,서초구,방배4동,서울특별시 서초구 방배4동,11650621,10,28107.847616438357
서울특별시,서초구,방배4동,서울특별시 서초구 방배4동,11650621,11,28291.16482191781
서울특별시,서초구,방배4동,서울특별시 서초구 방배4동,11650621,12,28413.361150684934
서울특별시,서초구,방배4동,서울특별시 서초구 방배4동,11650621,13,28246.30216438356
서울특별시,서초구,방배4동,서울특별시 서초구 방배4동,11650621,14,27981.980849315067
서울특별시,서초구,방배4동,서울특별시 서초구 방배4동,11650621,15,27734.406356164385
서울특별시,서초구,방배4동,서울특별시 서초구 방배4동,11650621,16,27423.216164383564
서울특별시,서초구,방배4동,서울특별시 서초구 방배4동,11650621,17,27028.170219178086
서울특별시,서초구,방배4동,서울특별시 서초구 방배4동,11650621,18,26652.039287671232
서울특별시,서초구,방배4동,서울특별시 서초구 방배4동,11650621,19,26060.93964383562
서울특별시,서초구,방배4동,서울특별시 서초구 방배4동,11650621,20,25612.69389041096
서울특별시,서초구,방배4동,서울특별시 서초구 방배4동,11650621,21,25420.51219178082
서울특별시,서초구,방배4동,서울특별시 서초구 방배4동,11650621,22,25379.251643835614
서울특별시,서초구,방배4동,서울특별시 서초구 방배4동,11650621,23,25351.183835616437
서울특별시,서초구,방배본동,서울특별시 서초구 방배본동,11650590,00,20702.170493150687
서울특별시,서초구,방배본동,서울특별시 서초구 방배본동,11650590,01,20722.280602739727
서울특별시,서초구,방배본동,서울특별시 서초구 방배본동,11650590,02,20745.774602739726
서울특별시,서초구,방배본동,서울특별시 서초구 방배본동,11650590,03,20747.43232876712
서울특별시,서초구,방배본동,서울특별시 서초구 방배본동,11650590,04,20735.69676712329
서울특별시,서초구,방배본동,서울특별시 서초구 방배본동,11650590,05,20723.002684931507
서울특별시,서초구,방배본동,서울특별시 서초구 방배본동,11650590,06,20858.879123287672
서울특별시,서초구,방배본동,서울특별시 서초구 방배본동,11650590,07,20817.898383561645
서울특별시,서초구,방배본동,서울특별시 서초구 방배본동,11650590,08,20168.713452054795
서울특별시,서초구,방배본동,서울특별시 서초구 방배본동,11650590,09,19795.618465753425
서울특별시,서초구,방배본동,서울특별시 서초구 방배본동,11650590,10,19376.428383561644
서울특별시,서초구,방배본동,서울특별시 서초구 방배본동,11650590,11,19095.836246575345
서울특별시,서초구,방배본동,서울특별시 서초구 방배본동,11650590,12,19003.086465753422
서울특별시,서초구,방배본동,서울특별시 서초구 방배본동,11650590,13,18856.82915068493
서울특별시,서초구,방배본동,서울특별시 서초구 방배본동,11650590,14,18782.77526027397
서울특별시,서초구,방배본동,서울특별시 서초구 방배본동,11650590,15,18885.552246575342
서울특별시,서초구,방배본동,서울특별시 서초구 방배본동,11650590,16,19108.69367123288
서울특별시,서초구,방배본동,서울특별시 서초구 방배본동,11650590,17,19250.457287671234
서울특별시,서초구,방배본동,서울특별시 서초구 방배본동,11650590,18,19376.9261369863
서울특별시,서초구,방배본동,서울특별시 서초구 방배본동,11650590,19,19536.579643835616
서울특별시,서초구,방배본동,서울특별시 서초구 방배본동,11650590,20,19737.22219178082
서울특별시,서초구,방배본동,서울특별시 서초구 방배본동,11650590,21,20114.54093150685
서울특별시,서초구,방배본동,서울특별시 서초구 방배본동,11650590,22,20498.159753424658
서울특별시,서초구,방배본동,서울특별시 서초구 방배본동,11650590,23,20610.279726027395
서울특별시,서초구,서초1동,서울특별시 서초구 서초1동,11650510,00,22929.249369863013
서울특별시,서초구,서초1동,서울특별시 서초구 서초1동,11650510,01,22896.865013698633
서울특별시,서초구,서초1동,서울특별시 서초구 서초1동,11650510,02,22938.47706849315
서울특별시,서초구,서초1동,서울특별시 서초구 서초1동,11650510,03,22943.213917808218
서울특별시,서초구,서초1동,서울특별시 서초구 서초1동,11650510,04,22999.035095890413
서울특별시,서초구,서초1동,서울특별시 서초구 서초1동,11650510,05,23196.77816438356
서울특별시,서초구,서초1동,서울특별시 서초구 서초1동,11650510,06,24069.651342465753
서울특별시,서초구,서초1동,서울특별시 서초구 서초1동,11650510,07,25731.10506849315
서울특별시,서초구,서초1동,서울특별시 서초구 서초1동,11650510,08,29175.892246575342
서울특별시,서초구,서초1동,서울특별시 서초구 서초1동,11650510,09,33916.92378082192
서울특별시,서초구,서초1동,서울특별시 서초구 서초1동,11650510,10,36484.27819178082
서울특별시,서초구,서초1동,서울특별시 서초구 서초1동,11650510,11,37794.733534246574
서울특별시,서초구,서초1동,서울특별시 서초구 서초1동,11650510,12,38651.35890410959
서울특별시,서초구,서초1동,서울특별시 서초구 서초1동,11650510,13,38938.17180821918
서울특별시,서초구,서초1동,서울특별시 서초구 서초1동,11650510,14,39062.22942465753
서울특별시,서초구,서초1동,서울특별시 서초구 서초1동,11650510,15,38815.54312328767
서울특별시,서초구,서초1동,서울특별시 서초구 서초1동,11650510,16,38057.21917808219
서울특별시,서초구,서초1동,서울특별시 서초구 서초1동,11650510,17,36592.01463013698
서울특별시,서초구,서초1동,서울특별시 서초구 서초1동,11650510,18,34061.22761643836
서울특별시,서초구,서초1동,서울특별시 서초구 서초1동,11650510,19,30091.07016438356
서울특별시,서초구,서초1동,서울특별시 서초구 서초1동,11650510,20,27403.836931506852
서울특별시,서초구,서초1동,서울특별시 서초구 서초1동,11650510,21,25771.82906849315
서울특별시,서초구,서초1동,서울특별시 서초구 서초1동,11650510,22,24589.161397260275
서울특별시,서초구,서초1동,서울특별시 서초구 서초1동,11650510,23,23674.20315068493
서울특별시,서초구,서초2동,서울특별시 서초구 서초2동,11650520,00,28372.418109589038
서울특별시,서초구,서초2동,서울특별시 서초구 서초2동,11650520,01,28189.39887671233
서울특별시,서초구,서초2동,서울특별시 서초구 서초2동,11650520,02,27966.851287671234
서울특별시,서초구,서초2동,서울특별시 서초구 서초2동,11650520,03,27874.620054794523
서울특별시,서초구,서초2동,서울특별시 서초구 서초2동,11650520,04,27866.094493150686
서울특별시,서초구,서초2동,서울특별시 서초구 서초2동,11650520,05,28118.577123287672
서울특별시,서초구,서초2동,서울특별시 서초구 서초2동,11650520,06,29441.964301369866
서울특별시,서초구,서초2동,서울특별시 서초구 서초2동,11650520,07,32651.79805479452
서울특별시,서초구,서초2동,서울특별시 서초구 서초2동,11650520,08,40685.58065753424
서울특별시,서초구,서초2동,서울특별시 서초구 서초2동,11650520,09,49127.46767123287
서울특별시,서초구,서초2동,서울특별시 서초구 서초2동,11650520,10,54563.38876712328
서울특별시,서초구,서초2동,서울특별시 서초구 서초2동,11650520,11,56760.45838356164
서울특별시,서초구,서초2동,서울특별시 서초구 서초2동,11650520,12,58208.50002739726
서울특별시,서초구,서초2동,서울특별시 서초구 서초2동,11650520,13,59251.44706849315
서울특별시,서초구,서초2동,서울특별시 서초구 서초2동,11650520,14,59515.39038356164
서울특별시,서초구,서초2동,서울특별시 서초구 서초2동,11650520,15,58875.17789041096
서울특별시,서초구,서초2동,서울특별시 서초구 서초2동,11650520,16,57493.7544109589
서울특별시,서초구,서초2동,서울특별시 서초구 서초2동,11650520,17,55450.569205479456
서울특별시,서초구,서초2동,서울특별시 서초구 서초2동,11650520,18,51305.38238356164
서울특별시,서초구,서초2동,서울특별시 서초구 서초2동,11650520,19,44730.3454520548
서울특별시,서초구,서초2동,서울특별시 서초구 서초2동,11650520,20,39385.39528767123
서울특별시,서초구,서초2동,서울특별시 서초구 서초2동,11650520,21,35874.797589041096
서울특별시,서초구,서초2동,서울특별시 서초구 서초2동,11650520,22,32956.48539726027
서울특별시,서초구,서초2동,서울특별시 서초구 서초2동,11650520,23,30475.221561643833
서울특별시,서초구,서초3동,서울특별시 서초구 서초3동,11650530,00,39496.71054794521
서울특별시,서초구,서초3동,서울특별시 서초구 서초3동,11650530,01,38982.65597260274
서울특별시,서초구,서초3동,서울특별시 서초구 서초3동,11650530,02,38655.763479452056
서울특별시,서초구,서초3동,서울특별시 서초구 서초3동,11650530,03,38496.78276712329
서울특별시,서초구,서초3동,서울특별시 서초구 서초3동,11650530,04,38635.82816438356
서울특별시,서초구,서초3동,서울특별시 서초구 서초3동,11650530,05,39359.90230136986
서울특별시,서초구,서초3동,서울특별시 서초구 서초3동,11650530,06,42048.24824657534
서울특별시,서초구,서초3동,서울특별시 서초구 서초3동,11650530,07,47646.9122739726
서울특별시,서초구,서초3동,서울특별시 서초구 서초3동,11650530,08,60875.799671232875
서울특별시,서초구,서초3동,서울특별시 서초구 서초3동,11650530,09,80705.33043835616
서울특별시,서초구,서초3동,서울특별시 서초구 서초3동,11650530,10,92841.34904109589
서울특별시,서초구,서초3동,서울특별시 서초구 서초3동,11650530,11,99036.20567123288
서울특별시,서초구,서초3동,서울특별시 서초구 서초3동,11650530,12,101538.69824657534
서울특별시,서초구,서초3동,서울특별시 서초구 서초3동,11650530,13,103868.83257534247
서울특별시,서초구,서초3동,서울특별시 서초구 서초3동,11650530,14,104646.54205479453
서울특별시,서초구,서초3동,서울특별시 서초구 서초3동,11650530,15,102839.36879452055
서울특별시,서초구,서초3동,서울특별시 서초구 서초3동,11650530,16,99033.49758904109
서울특별시,서초구,서초3동,서울특별시 서초구 서초3동,11650530,17,94156.54909589041
서울특별시,서초구,서초3동,서울특별시 서초구 서초3동,11650530,18,85524.50273972603
서울특별시,서초구,서초3동,서울특별시 서초구 서초3동,11650530,19,72368.25353424657
서울특별시,서초구,서초3동,서울특별시 서초구 서초3동,11650530,20,62684.35509589041
서울특별시,서초구,서초3동,서울특별시 서초구 서초3동,11650530,21,55800.7173150685
서울특별시,서초구,서초3동,서울특별시 서초구 서초3동,11650530,22,48945.980219178084
서울특별시,서초구,서초3동,서울특별시 서초구 서초3동,11650530,23,43746.056876712326
서울특별시,서초구,서초4동,서울특별시 서초구 서초4동,11650531,00,33485.40619178082
서울특별시,서초구,서초4동,서울특별시 서초구 서초4동,11650531,01,33147.285589041094
서울특별시,서초구,서초4동,서울특별시 서초구 서초4동,11650531,02,32754.301945205483
서울특별시,서초구,서초4동,서울특별시 서초구 서초4동,11650531,03,32317.946547945205
서울특별시,서초구,서초4동,서울특별시 서초구 서초4동,11650531,04,31968.066
서울특별시,서초구,서초4동,서울특별시 서초구 서초4동,11650531,05,31720.234191780823
서울특별시,서초구,서초4동,서울특별시 서초구 서초4동,11650531,06,31895.321726027396
서울특별시,서초구,서초4동,서울특별시 서초구 서초4동,11650531,07,32728.079780821914
서울특별시,서초구,서초4동,서울특별시 서초구 서초4동,11650531,08,35085.09679452055
서울특별시,서초구,서초4동,서울특별시 서초구 서초4동,11650531,09,41192.81616438356
서울특별시,서초구,서초4동,서울특별시 서초구 서초4동,11650531,10,46292.04030136987
서울특별시,서초구,서초4동,서울특별시 서초구 서초4동,11650531,11,48787.56695890411
서울특별시,서초구,서초4동,서울특별시 서초구 서초4동,11650531,12,50165.98194520548
서울특별시,서초구,서초4동,서울특별시 서초구 서초4동,11650531,13,51076.738547945206
서울특별시,서초구,서초4동,서울특별시 서초구 서초4동,11650531,14,52147.77843835616
서울특별시,서초구,서초4동,서울특별시 서초구 서초4동,11650531,15,52177.44183561644
서울특별시,서초구,서초4동,서울특별시 서초구 서초4동,11650531,16,51440.51435616438
서울특별시,서초구,서초4동,서울특별시 서초구 서초4동,11650531,17,50100.90002739726
서울특별시,서초구,서초4동,서울특별시 서초구 서초4동,11650531,18,48526.92520547945
서울특별시,서초구,서초4동,서울특별시 서초구 서초4동,11650531,19,46075.0335890411
서울특별시,서초구,서초4동,서울특별시 서초구 서초4동,11650531,20,42996.34405479452
서울특별시,서초구,서초4동,서울특별시 서초구 서초4동,11650531,21,40532.84408219178
서울특별시,서초구,서초4동,서울특별시 서초구 서초4동,11650531,22,38072.03158904109
서울특별시,서초구,서초4동,서울특별시 서초구 서초4동,11650531,23,35837.13906849315
서울특별시,서초구,양재1동,서울특별시 서초구 양재1동,11650651,00,46294.529095890415
서울특별시,서초구,양재1동,서울특별시 서초구 양재1동,11650651,01,46149.37301369863
서울특별시,서초구,양재1동,서울특별시 서초구 양재1동,11650651,02,46058.84608219178
서울특별시,서초구,양재1동,서울특별시 서초구 양재1동,11650651,03,45994.04441095891
서울특별시,서초구,양재1동,서울특별시 서초구 양재1동,11650651,04,45993.36312328767
서울특별시,서초구,양재1동,서울특별시 서초구 양재1동,11650651,05,46248.13687671233
서울특별시,서초구,양재1동,서울특별시 서초구 양재1동,11650651,06,47197.54191780822
서울특별시,서초구,양재1동,서울특별시 서초구 양재1동,11650651,07,50206.987123287676
서울특별시,서초구,양재1동,서울특별시 서초구 양재1동,11650651,08,57041.72410958904
서울특별시,서초구,양재1동,서울특별시 서초구 양재1동,11650651,09,64661.84619178082
서울특별시,서초구,양재1동,서울특별시 서초구 양재1동,11650651,10,68491.64879452054
서울특별시,서초구,양재1동,서울특별시 서초구 양재1동,11650651,11,69515.0237260274
서울특별시,서초구,양재1동,서울특별시 서초구 양재1동,11650651,12,70040.2597260274
서울특별시,서초구,양재1동,서울특별시 서초구 양재1동,11650651,13,70687.38276712329
서울특별시,서초구,양재1동,서울특별시 서초구 양재1동,11650651,14,70691.13764383561
서울특별시,서초구,양재1동,서울특별시 서초구 양재1동,11650651,15,70170.9748219178
서울특별시,서초구,양재1동,서울특별시 서초구 양재1동,11650651,16,68928.12232876712
서울특별시,서초구,양재1동,서울특별시 서초구 양재1동,11650651,17,66824.3893150685
서울특별시,서초구,양재1동,서울특별시 서초구 양재1동,11650651,18,62847.73805479452
서울특별시,서초구,양재1동,서울특별시 서초구 양재1동,11650651,19,56691.92115068493
서울특별시,서초구,양재1동,서울특별시 서초구 양재1동,11650651,20,52330.48161643835
서울특별시,서초구,양재1동,서울특별시 서초구 양재1동,11650651,21,49961.993095890415
서울특별시,서초구,양재1동,서울특별시 서초구 양재1동,11650651,22,48292.7541369863
서울특별시,서초구,양재1동,서울특별시 서초구 양재1동,11650651,23,47138.5097260274
서울특별시,서초구,양재2동,서울특별시 서초구 양재2동,11650652,00,26815.84526027397
서울특별시,서초구,양재2동,서울특별시 서초구 양재2동,11650652,01,26674.40002739726
서울특별시,서초구,양재2동,서울특별시 서초구 양재2동,11650652,02,26413.118328767123
서울특별시,서초구,양재2동,서울특별시 서초구 양재2동,11650652,03,26343.608520547943
서울특별시,서초구,양재2동,서울특별시 서초구 양재2동,11650652,04,26423.419945205478
서울특별시,서초구,양재2동,서울특별시 서초구 양재2동,11650652,05,27082.689561643834
서울특별시,서초구,양재2동,서울특별시 서초구 양재2동,11650652,06,29214.6937260274
서울특별시,서초구,양재2동,서울특별시 서초구 양재2동,11650652,07,33841.97901369863
서울특별시,서초구,양재2동,서울특별시 서초구 양재2동,11650652,08,41263.89457534246
서울특별시,서초구,양재2동,서울특별시 서초구 양재2동,11650652,09,49291.48260273972
서울특별시,서초구,양재2동,서울특별시 서초구 양재2동,11650652,10,53834.26452054795
서울특별시,서초구,양재2동,서울특별시 서초구 양재2동,11650652,11,56666.92156164384
서울특별시,서초구,양재2동,서울특별시 서초구 양재2동,11650652,12,57989.833780821915
서울특별시,서초구,양재2동,서울특별시 서초구 양재2동,11650652,13,58264.64435616439
서울특별시,서초구,양재2동,서울특별시 서초구 양재2동,11650652,14,58466.79345205479
서울특별시,서초구,양재2동,서울특별시 서초구 양재2동,11650652,15,57428.867342465746
서울특별시,서초구,양재2동,서울특별시 서초구 양재2동,11650652,16,54982.500931506846
서울특별시,서초구,양재2동,서울특별시 서초구 양재2동,11650652,17,51980.75512328767
서울특별시,서초구,양재2동,서울특별시 서초구 양재2동,11650652,18,46976.34810958904
서울특별시,서초구,양재2동,서울특별시 서초구 양재2동,11650652,19,40441.861506849316
서울특별시,서초구,양재2동,서울특별시 서초구 양재2동,11650652,20,36087.56630136986
서울특별시,서초구,양재2동,서울특별시 서초구 양재2동,11650652,21,32968.698219178084
서울특별시,서초구,양재2동,서울특별시 서초구 양재2동,11650652,22,29761.356356164386
서울특별시,서초구,양재2동,서울특별시 서초구 양재2동,11650652,23,28076.513726027395
서울특별시,서초구,잠원동,서울특별시 서초구 잠원동,11650540,00,35640.54361643836
서울특별시,서초구,잠원동,서울특별시 서초구 잠원동,11650540,01,35827.66402739726
서울특별시,서초구,잠원동,서울특별시 서초구 잠원동,11650540,02,36045.50484931507
서울특별시,서초구,잠원동,서울특별시 서초구 잠원동,11650540,03,36130.73819178082
서울특별시,서초구,잠원동,서울특별시 서초구 잠원동,11650540,04,36115.32983561644
서울특별시,서초구,잠원동,서울특별시 서초구 잠원동,11650540,05,36143.29802739726
서울특별시,서초구,잠원동,서울특별시 서초구 잠원동,11650540,06,36591.43142465754
서울특별시,서초구,잠원동,서울특별시 서초구 잠원동,11650540,07,36884.122876712325
서울특별시,서초구,잠원동,서울특별시 서초구 잠원동,11650540,08,36889.31084931507
서울특별시,서초구,잠원동,서울특별시 서초구 잠원동,11650540,09,37641.944438356164
서울특별시,서초구,잠원동,서울특별시 서초구 잠원동,11650540,10,38222.81038356164
서울특별시,서초구,잠원동,서울특별시 서초구 잠원동,11650540,11,38486.26493150685
서울특별시,서초구,잠원동,서울특별시 서초구 잠원동,11650540,12,38809.889178082194
서울특별시,서초구,잠원동,서울특별시 서초구 잠원동,11650540,13,38877.63454794521
서울특별시,서초구,잠원동,서울특별시 서초구 잠원동,11650540,14,38853.14756164383
서울특별시,서초구,잠원동,서울특별시 서초구 잠원동,11650540,15,38591.9044109589
서울특별시,서초구,잠원동,서울특별시 서초구 잠원동,11650540,16,38150.66008219178
서울특별시,서초구,잠원동,서울특별시 서초구 잠원동,11650540,17,37799.15008219178
서울특별시,서초구,잠원동,서울특별시 서초구 잠원동,11650540,18,37579.06915068493
서울특별시,서초구,잠원동,서울특별시 서초구 잠원동,11650540,19,36888.90353424658
서울특별시,서초구,잠원동,서울특별시 서초구 잠원동,11650540,20,35958.966931506846
서울특별시,서초구,잠원동,서울특별시 서초구 잠원동,11650540,21,35686.23915068493
서울특별시,서초구,잠원동,서울특별시 서초구 잠원동,11650540,22,35817.07723287671
서울특별시,서초구,잠원동,서울특별시 서초구 잠원동,11650540,23,35550.66558904109
서울특별시,성동구,금호1가동,서울특별시 성동구 금호1가동,11200590,00,15385.740547945205
서울특별시,성동구,금호1가동,서울특별시 성동구 금호1가동,11200590,01,15436.625945205478
서울특별시,성동구,금호1가동,서울특별시 성동구 금호1가동,11200590,02,15398.43301369863
서울특별시,성동구,금호1가동,서울특별시 성동구 금호1가동,11200590,03,15395.40208219178
서울특별시,성동구,금호1가동,서울특별시 성동구 금호1가동,11200590,04,15411.646575342465
서울특별시,성동구,금호1가동,서울특별시 성동구 금호1가동,11200590,05,15453.538410958903
서울특별시,성동구,금호1가동,서울특별시 성동구 금호1가동,11200590,06,15393.748328767122
서울특별시,성동구,금호1가동,서울특별시 성동구 금호1가동,11200590,07,15175.516767123288
서울특별시,성동구,금호1가동,서울특별시 성동구 금호1가동,11200590,08,14369.783589041095
서울특별시,성동구,금호1가동,서울특별시 성동구 금호1가동,11200590,09,13466.357780821918
서울특별시,성동구,금호1가동,서울특별시 성동구 금호1가동,11200590,10,12997.193260273973
서울특별시,성동구,금호1가동,서울특별시 성동구 금호1가동,11200590,11,12688.618246575343
서울특별시,성동구,금호1가동,서울특별시 성동구 금호1가동,11200590,12,12463.436520547946
서울특별시,성동구,금호1가동,서울특별시 성동구 금호1가동,11200590,13,12347.286219178082
서울특별시,성동구,금호1가동,서울특별시 성동구 금호1가동,11200590,14,12381.757534246575
서울특별시,성동구,금호1가동,서울특별시 성동구 금호1가동,11200590,15,12654.313589041096
서울특별시,성동구,금호1가동,서울특별시 성동구 금호1가동,11200590,16,12969.106657534247
서울특별시,성동구,금호1가동,서울특별시 성동구 금호1가동,11200590,17,13285.215863013698
서울특별시,성동구,금호1가동,서울특별시 성동구 금호1가동,11200590,18,13709.27605479452
서울특별시,성동구,금호1가동,서울특별시 성동구 금호1가동,11200590,19,14237.371780821919
서울특별시,성동구,금호1가동,서울특별시 성동구 금호1가동,11200590,20,14569.377698630138
서울특별시,성동구,금호1가동,서울특별시 성동구 금호1가동,11200590,21,14847.003315068492
서울특별시,성동구,금호1가동,서울특별시 성동구 금호1가동,11200590,22,15050.257369863015
서울특별시,성동구,금호1가동,서울특별시 성동구 금호1가동,11200590,23,15208.260410958903
서울특별시,성동구,금호2.3가동,서울특별시 성동구 금호2.3가동,11200615,00,24764.691643835613
서울특별시,성동구,금호2.3가동,서울특별시 성동구 금호2.3가동,11200615,01,24900.03517808219
서울특별시,성동구,금호2.3가동,서울특별시 성동구 금호2.3가동,11200615,02,24971.139835616435
서울특별시,성동구,금호2.3가동,서울특별시 성동구 금호2.3가동,11200615,03,25029.38394520548
서울특별시,성동구,금호2.3가동,서울특별시 성동구 금호2.3가동,11200615,04,25028.236356164383
서울특별시,성동구,금호2.3가동,서울특별시 성동구 금호2.3가동,11200615,05,24916.939589041092
서울특별시,성동구,금호2.3가동,서울특별시 성동구 금호2.3가동,11200615,06,24789.976328767123
서울특별시,성동구,금호2.3가동,서울특별시 성동구 금호2.3가동,11200615,07,24389.67394520548
서울특별시,성동구,금호2.3가동,서울특별시 성동구 금호2.3가동,11200615,08,23188.86205479452
서울특별시,성동구,금호2.3가동,서울특별시 성동구 금호2.3가동,11200615,09,21325.09180821918
서울특별시,성동구,금호2.3가동,서울특별시 성동구 금호2.3가동,11200615,10,20001.83005479452
서울특별시,성동구,금호2.3가동,서울특별시 성동구 금호2.3가동,11200615,11,19077.63309589041
서울특별시,성동구,금호2.3가동,서울특별시 성동구 금호2.3가동,11200615,12,18543.272493150685
서울특별시,성동구,금호2.3가동,서울특별시 성동구 금호2.3가동,11200615,13,18197.723260273975
서울특별시,성동구,금호2.3가동,서울특별시 성동구 금호2.3가동,11200615,14,18074.699780821917
서울특별시,성동구,금호2.3가동,서울특별시 성동구 금호2.3가동,11200615,15,18136.679479452054
서울특별시,성동구,금호2.3가동,서울특별시 성동구 금호2.3가동,11200615,16,18471.830657534247
서울특별시,성동구,금호2.3가동,서울특별시 성동구 금호2.3가동,11200615,17,19021.760410958905
서울특별시,성동구,금호2.3가동,서울특별시 성동구 금호2.3가동,11200615,18,19892.162273972604
서울특별시,성동구,금호2.3가동,서울특별시 성동구 금호2.3가동,11200615,19,20992.859698630138
서울특별시,성동구,금호2.3가동,서울특별시 성동구 금호2.3가동,11200615,20,21857.199561643836
서울특별시,성동구,금호2.3가동,서울특별시 성동구 금호2.3가동,11200615,21,22735.7421369863
서울특별시,성동구,금호2.3가동,서울특별시 성동구 금호2.3가동,11200615,22,23620.015863013698
서울특별시,성동구,금호2.3가동,서울특별시 성동구 금호2.3가동,11200615,23,24309.816219178083
서울특별시,성동구,금호4가동,서울특별시 성동구 금호4가동,11200620,00,16368.098602739727
서울특별시,성동구,금호4가동,서울특별시 성동구 금호4가동,11200620,01,16404.077890410957
서울특별시,성동구,금호4가동,서울특별시 성동구 금호4가동,11200620,02,16462.952630136988
서울특별시,성동구,금호4가동,서울특별시 성동구 금호4가동,11200620,03,16499.835369863013
서울특별시,성동구,금호4가동,서울특별시 성동구 금호4가동,11200620,04,16531.398191780823
서울특별시,성동구,금호4가동,서울특별시 성동구 금호4가동,11200620,05,16527.39797260274
서울특별시,성동구,금호4가동,서울특별시 성동구 금호4가동,11200620,06,16278.21408219178
서울특별시,성동구,금호4가동,서울특별시 성동구 금호4가동,11200620,07,15877.812547945206
서울특별시,성동구,금호4가동,서울특별시 성동구 금호4가동,11200620,08,15112.272383561643
서울특별시,성동구,금호4가동,서울특별시 성동구 금호4가동,11200620,09,14145.248712328768
서울특별시,성동구,금호4가동,서울특별시 성동구 금호4가동,11200620,10,13579.887808219177
서울특별시,성동구,금호4가동,서울특별시 성동구 금호4가동,11200620,11,13236.048849315068
서울특별시,성동구,금호4가동,서울특별시 성동구 금호4가동,11200620,12,13060.43
서울특별시,성동구,금호4가동,서울특별시 성동구 금호4가동,11200620,13,12936.961589041097
서울특별시,성동구,금호4가동,서울특별시 성동구 금호4가동,11200620,14,12824.356602739726
서울특별시,성동구,금호4가동,서울특별시 성동구 금호4가동,11200620,15,12959.120547945206
서울특별시,성동구,금호4가동,서울특별시 성동구 금호4가동,11200620,16,13227.148520547946
서울특별시,성동구,금호4가동,서울특별시 성동구 금호4가동,11200620,17,13551.725671232876
서울특별시,성동구,금호4가동,서울특별시 성동구 금호4가동,11200620,18,14099.008191780822
서울특별시,성동구,금호4가동,서울특별시 성동구 금호4가동,11200620,19,14801.409726027397
서울특별시,성동구,금호4가동,서울특별시 성동구 금호4가동,11200620,20,15251.544630136987
서울특별시,성동구,금호4가동,서울특별시 성동구 금호4가동,11200620,21,15650.252301369863
서울특별시,성동구,금호4가동,서울특별시 성동구 금호4가동,11200620,22,15986.882082191782
서울특별시,성동구,금호4가동,서울특별시 성동구 금호4가동,11200620,23,16217.058547945206
서울특별시,성동구,마장동,서울특별시 성동구 마장동,11200540,00,23711.903041095888
서울특별시,성동구,마장동,서울특별시 성동구 마장동,11200540,01,24284.03545205479
서울특별시,성동구,마장동,서울특별시 성동구 마장동,11200540,02,24498.611753424655
서울특별시,성동구,마장동,서울특별시 성동구 마장동,11200540,03,24682.56090410959
서울특별시,성동구,마장동,서울특별시 성동구 마장동,11200540,04,24853.944575342466
서울특별시,성동구,마장동,서울특별시 성동구 마장동,11200540,05,24992.742000000002
서울특별시,성동구,마장동,서울특별시 성동구 마장동,11200540,06,25106.13690410959
서울특별시,성동구,마장동,서울특별시 성동구 마장동,11200540,07,25214.345342465756
서울특별시,성동구,마장동,서울특별시 성동구 마장동,11200540,08,25281.264767123288
서울특별시,성동구,마장동,서울특별시 성동구 마장동,11200540,09,24820.439616438358
서울특별시,성동구,마장동,서울특별시 성동구 마장동,11200540,10,24327.96002739726
서울특별시,성동구,마장동,서울특별시 성동구 마장동,11200540,11,24031.44402739726
서울특별시,성동구,마장동,서울특별시 성동구 마장동,11200540,12,23816.240712328767
서울특별시,성동구,마장동,서울특별시 성동구 마장동,11200540,13,23648.773068493152
서울특별시,성동구,마장동,서울특별시 성동구 마장동,11200540,14,23271.9044109589
서울특별시,성동구,마장동,서울특별시 성동구 마장동,11200540,15,22916.617068493153
서울특별시,성동구,마장동,서울특별시 성동구 마장동,11200540,16,22572.22219178082
서울특별시,성동구,마장동,서울특별시 성동구 마장동,11200540,17,22258.914849315068
서울특별시,성동구,마장동,서울특별시 성동구 마장동,11200540,18,22299.734493150685
서울특별시,성동구,마장동,서울특별시 성동구 마장동,11200540,19,22603.188575342465
서울특별시,성동구,마장동,서울특별시 성동구 마장동,11200540,20,22670.494575342465
서울특별시,성동구,마장동,서울특별시 성동구 마장동,11200540,21,22737.875753424658
서울특별시,성동구,마장동,서울특별시 성동구 마장동,11200540,22,22990.463123287667
서울특별시,성동구,마장동,서울특별시 성동구 마장동,11200540,23,23157.774657534246
서울특별시,성동구,사근동,서울특별시 성동구 사근동,11200550,00,15170.470602739724
서울특별시,성동구,사근동,서울특별시 성동구 사근동,11200550,01,14961.703424657535
서울특별시,성동구,사근동,서울특별시 성동구 사근동,11200550,02,14756.736136986303
서울특별시,성동구,사근동,서울특별시 성동구 사근동,11200550,03,14616.055123287671
서울특별시,성동구,사근동,서울특별시 성동구 사근동,11200550,04,14567.96284931507
서울특별시,성동구,사근동,서울특별시 성동구 사근동,11200550,05,14672.77780821918
서울특별시,성동구,사근동,서울특별시 성동구 사근동,11200550,06,15158.87208219178
서울특별시,성동구,사근동,서울특별시 성동구 사근동,11200550,07,16365.768465753425
서울특별시,성동구,사근동,서울특별시 성동구 사근동,11200550,08,18507.784739726027
서울특별시,성동구,사근동,서울특별시 성동구 사근동,11200550,09,21407.59076712329
서울특별시,성동구,사근동,서울특별시 성동구 사근동,11200550,10,24268.026328767122
서울특별시,성동구,사근동,서울특별시 성동구 사근동,11200550,11,25829.803753424654
서울특별시,성동구,사근동,서울특별시 성동구 사근동,11200550,12,26309.942136986305
서울특별시,성동구,사근동,서울특별시 성동구 사근동,11200550,13,27380.528054794522
서울특별시,성동구,사근동,서울특별시 성동구 사근동,11200550,14,27942.543068493153
서울특별시,성동구,사근동,서울특별시 성동구 사근동,11200550,15,27544.05476712329
서울특별시,성동구,사근동,서울특별시 성동구 사근동,11200550,16,26154.25882191781
서울특별시,성동구,사근동,서울특별시 성동구 사근동,11200550,17,24218.72
서울특별시,성동구,사근동,서울특별시 성동구 사근동,11200550,18,22338.815452054794
서울특별시,성동구,사근동,서울특별시 성동구 사근동,11200550,19,21332.825178082192
서울특별시,성동구,사근동,서울특별시 성동구 사근동,11200550,20,20317.613232876713
서울특별시,성동구,사근동,서울특별시 성동구 사근동,11200550,21,19231.534383561644
서울특별시,성동구,사근동,서울특별시 성동구 사근동,11200550,22,17914.78512328767
서울특별시,성동구,사근동,서울특별시 성동구 사근동,11200550,23,16627.397726027397
서울특별시,성동구,성수1가1동,서울특별시 성동구 성수1가1동,11200650,00,16165.054657534247
서울특별시,성동구,성수1가1동,서울특별시 성동구 성수1가1동,11200650,01,16160.155671232878
서울특별시,성동구,성수1가1동,서울특별시 성동구 성수1가1동,11200650,02,16172.26290410959
서울특별시,성동구,성수1가1동,서울특별시 성동구 성수1가1동,11200650,03,16186.555315068494
서울특별시,성동구,성수1가1동,서울특별시 성동구 성수1가1동,11200650,04,16208.520821917808
서울특별시,성동구,성수1가1동,서울특별시 성동구 성수1가1동,11200650,05,16270.35597260274
서울특별시,성동구,성수1가1동,서울특별시 성동구 성수1가1동,11200650,06,16479.325342465752
서울특별시,성동구,성수1가1동,서울특별시 성동구 성수1가1동,11200650,07,17155.426684931506
서울특별시,성동구,성수1가1동,서울특별시 성동구 성수1가1동,11200650,08,18471.31284931507
서울특별시,성동구,성수1가1동,서울특별시 성동구 성수1가1동,11200650,09,20171.98183561644
서울특별시,성동구,성수1가1동,서울특별시 성동구 성수1가1동,11200650,10,21651.77515068493
서울특별시,성동구,성수1가1동,서울특별시 성동구 성수1가1동,11200650,11,22412.277726027398
서울특별시,성동구,성수1가1동,서울특별시 성동구 성수1가1동,11200650,12,22865.63016438356
서울특별시,성동구,성수1가1동,서울특별시 성동구 성수1가1동,11200650,13,23390.02989041096
서울특별시,성동구,성수1가1동,서울특별시 성동구 성수1가1동,11200650,14,23898.01180821918
서울특별시,성동구,성수1가1동,서울특별시 성동구 성수1가1동,11200650,15,24179.151342465753
서울특별시,성동구,성수1가1동,서울특별시 성동구 성수1가1동,11200650,16,23931.322410958903
서울특별시,성동구,성수1가1동,서울특별시 성동구 성수1가1동,11200650,17,23290.719315068494
서울특별시,성동구,성수1가1동,서울특별시 성동구 성수1가1동,11200650,18,21891.46712328767
서울특별시,성동구,성수1가1동,서울특별시 성동구 성수1가1동,11200650,19,20031.730602739724
서울특별시,성동구,성수1가1동,서울특별시 성동구 성수1가1동,11200650,20,18481.789123287672
서울특별시,성동구,성수1가1동,서울특별시 성동구 성수1가1동,11200650,21,17490.417123287672
서울특별시,성동구,성수1가1동,서울특별시 성동구 성수1가1동,11200650,22,16759.46490410959
서울특별시,성동구,성수1가1동,서울특별시 성동구 성수1가1동,11200650,23,16288.4121369863
서울특별시,성동구,성수1가2동,서울특별시 성동구 성수1가2동,11200660,00,15473.603643835617
서울특별시,성동구,성수1가2동,서울특별시 성동구 성수1가2동,11200660,01,15318.133369863013
서울특별시,성동구,성수1가2동,서울특별시 성동구 성수1가2동,11200660,02,15202.937315068493
서울특별시,성동구,성수1가2동,서울특별시 성동구 성수1가2동,11200660,03,15157.37495890411
서울특별시,성동구,성수1가2동,서울특별시 성동구 성수1가2동,11200660,04,15138.748438356164
서울특별시,성동구,성수1가2동,서울특별시 성동구 성수1가2동,11200660,05,15188.385205479452
서울특별시,성동구,성수1가2동,서울특별시 성동구 성수1가2동,11200660,06,15610.294191780822
서울특별시,성동구,성수1가2동,서울특별시 성동구 성수1가2동,11200660,07,16512.521506849313
서울특별시,성동구,성수1가2동,서울특별시 성동구 성수1가2동,11200660,08,19371.89383561644
서울특별시,성동구,성수1가2동,서울특별시 성동구 성수1가2동,11200660,09,24196.331479452056
서울특별시,성동구,성수1가2동,서울특별시 성동구 성수1가2동,11200660,10,27630.284739726027
서울특별시,성동구,성수1가2동,서울특별시 성동구 성수1가2동,11200660,11,29717.65115068493
서울특별시,성동구,성수1가2동,서울특별시 성동구 성수1가2동,11200660,12,31599.741726027398
서울특별시,성동구,성수1가2동,서울특별시 성동구 성수1가2동,11200660,13,32642.57002739726
서울특별시,성동구,성수1가2동,서울특별시 성동구 성수1가2동,11200660,14,32976.80580821918
서울특별시,성동구,성수1가2동,서울특별시 성동구 성수1가2동,11200660,15,32835.23153424657
서울특별시,성동구,성수1가2동,서울특별시 성동구 성수1가2동,11200660,16,32403.15421917808
서울특별시,성동구,성수1가2동,서울특별시 성동구 성수1가2동,11200660,17,31726.979479452053
서울특별시,성동구,성수1가2동,서울특별시 성동구 성수1가2동,11200660,18,29974.312438356163
서울특별시,성동구,성수1가2동,서울특별시 성동구 성수1가2동,11200660,19,26205.86887671233
서울특별시,성동구,성수1가2동,서울특별시 성동구 성수1가2동,11200660,20,22667.279397260274
서울특별시,성동구,성수1가2동,서울특별시 성동구 성수1가2동,11200660,21,19945.517917808218
서울특별시,성동구,성수1가2동,서울특별시 성동구 성수1가2동,11200660,22,17884.005780821917
서울특별시,성동구,성수1가2동,서울특별시 성동구 성수1가2동,11200660,23,16599.33906849315
서울특별시,성동구,성수2가1동,서울특별시 성동구 성수2가1동,11200670,00,16027.148575342468
서울특별시,성동구,성수2가1동,서울특별시 성동구 성수2가1동,11200670,01,15947.52898630137
서울특별시,성동구,성수2가1동,서울특별시 성동구 성수2가1동,11200670,02,15885.509726027396
서울특별시,성동구,성수2가1동,서울특별시 성동구 성수2가1동,11200670,03,15866.88687671233
서울특별시,성동구,성수2가1동,서울특별시 성동구 성수2가1동,11200670,04,15858.73224657534
서울특별시,성동구,성수2가1동,서울특별시 성동구 성수2가1동,11200670,05,15874.39197260274
서울특별시,성동구,성수2가1동,서울특별시 성동구 성수2가1동,11200670,06,16100.357232876711
서울특별시,성동구,성수2가1동,서울특별시 성동구 성수2가1동,11200670,07,16461.28789041096
서울특별시,성동구,성수2가1동,서울특별시 성동구 성수2가1동,11200670,08,17401.963616438356
서울특별시,성동구,성수2가1동,서울특별시 성동구 성수2가1동,11200670,09,18617.679315068493
서울특별시,성동구,성수2가1동,서울특별시 성동구 성수2가1동,11200670,10,19245.771780821917
서울특별시,성동구,성수2가1동,서울특별시 성동구 성수2가1동,11200670,11,19881.10616438356
서울특별시,성동구,성수2가1동,서울특별시 성동구 성수2가1동,11200670,12,20557.871452054795
서울특별시,성동구,성수2가1동,서울특별시 성동구 성수2가1동,11200670,13,20953.88295890411
서울특별시,성동구,성수2가1동,서울특별시 성동구 성수2가1동,11200670,14,21388.844136986303
서울특별시,성동구,성수2가1동,서울특별시 성동구 성수2가1동,11200670,15,21703.850657534247
서울특별시,성동구,성수2가1동,서울특별시 성동구 성수2가1동,11200670,16,21794.58084931507
서울특별시,성동구,성수2가1동,서울특별시 성동구 성수2가1동,11200670,17,21545.797863013697
서울특별시,성동구,성수2가1동,서울특별시 성동구 성수2가1동,11200670,18,20885.73309589041
서울특별시,성동구,성수2가1동,서울특별시 성동구 성수2가1동,11200670,19,19512.17317808219
서울특별시,성동구,성수2가1동,서울특별시 성동구 성수2가1동,11200670,20,18368.94405479452
서울특별시,성동구,성수2가1동,서울특별시 성동구 성수2가1동,11200670,21,17502.340630136987
서울특별시,성동구,성수2가1동,서울특별시 성동구 성수2가1동,11200670,22,16856.30334246575
서울특별시,성동구,성수2가1동,서울특별시 성동구 성수2가1동,11200670,23,16364.985643835616
서울특별시,성동구,성수2가3동,서울특별시 성동구 성수2가3동,11200690,00,14451.597479452055
서울특별시,성동구,성수2가3동,서울특별시 성동구 성수2가3동,11200690,01,14077.044630136987
서울특별시,성동구,성수2가3동,서울특별시 성동구 성수2가3동,11200690,02,13746.431424657534
서울특별시,성동구,성수2가3동,서울특별시 성동구 성수2가3동,11200690,03,13614.117780821918
서울특별시,성동구,성수2가3동,서울특별시 성동구 성수2가3동,11200690,04,13601.043342465755
서울특별시,성동구,성수2가3동,서울특별시 성동구 성수2가3동,11200690,05,13867.387369863012
서울특별시,성동구,성수2가3동,서울특별시 성동구 성수2가3동,11200690,06,15384.06904109589
서울특별시,성동구,성수2가3동,서울특별시 성동구 성수2가3동,11200690,07,18328.606849315067
서울특별시,성동구,성수2가3동,서울특별시 성동구 성수2가3동,11200690,08,26227.455178082193
서울특별시,성동구,성수2가3동,서울특별시 성동구 성수2가3동,11200690,09,37163.27728767123
서울특별시,성동구,성수2가3동,서울특별시 성동구 성수2가3동,11200690,10,42604.679178082195
서울특별시,성동구,성수2가3동,서울특별시 성동구 성수2가3동,11200690,11,46316.278520547945
서울특별시,성동구,성수2가3동,서울특별시 성동구 성수2가3동,11200690,12,49272.85695890411
서울특별시,성동구,성수2가3동,서울특별시 성동구 성수2가3동,11200690,13,51649.42093150685
서울특별시,성동구,성수2가3동,서울특별시 성동구 성수2가3동,11200690,14,53461.667753424656
서울특별시,성동구,성수2가3동,서울특별시 성동구 성수2가3동,11200690,15,54188.80901369863
서울특별시,성동구,성수2가3동,서울특별시 성동구 성수2가3동,11200690,16,53555.12063013699
서울특별시,성동구,성수2가3동,서울특별시 성동구 성수2가3동,11200690,17,51311.859260273966
서울특별시,성동구,성수2가3동,서울특별시 성동구 성수2가3동,11200690,18,45849.89046575342
서울특별시,성동구,성수2가3동,서울특별시 성동구 성수2가3동,11200690,19,36789.73526027397
서울특별시,성동구,성수2가3동,서울특별시 성동구 성수2가3동,11200690,20,29901.25112328767
서울특별시,성동구,성수2가3동,서울특별시 성동구 성수2가3동,11200690,21,24759.726767123288
서울특별시,성동구,성수2가3동,서울특별시 성동구 성수2가3동,11200690,22,20291.88326027397
서울특별시,성동구,성수2가3동,서울특별시 성동구 성수2가3동,11200690,23,17191.968630136987
서울특별시,성동구,송정동,서울특별시 성동구 송정동,11200720,00,11694.915863013699
서울특별시,성동구,송정동,서울특별시 성동구 송정동,11200720,01,11801.221808219178
서울특별시,성동구,송정동,서울특별시 성동구 송정동,11200720,02,11881.902136986302
서울특별시,성동구,송정동,서울특별시 성동구 송정동,11200720,03,11924.69789041096
서울특별시,성동구,송정동,서울특별시 성동구 송정동,11200720,04,11975.527863013698
서울특별시,성동구,송정동,서울특별시 성동구 송정동,11200720,05,12004.876246575343
서울특별시,성동구,송정동,서울특별시 성동구 송정동,11200720,06,11965.349780821918
서울특별시,성동구,송정동,서울특별시 성동구 송정동,11200720,07,11935.21624657534
서울특별시,성동구,송정동,서울특별시 성동구 송정동,11200720,08,11858.361479452056
서울특별시,성동구,송정동,서울특별시 성동구 송정동,11200720,09,11526.382328767122
서울특별시,성동구,송정동,서울특별시 성동구 송정동,11200720,10,11241.083397260274
서울특별시,성동구,송정동,서울특별시 성동구 송정동,11200720,11,11034.61295890411
서울특별시,성동구,송정동,서울특별시 성동구 송정동,11200720,12,10864.150904109589
서울특별시,성동구,송정동,서울특별시 성동구 송정동,11200720,13,10760.125397260274
서울특별시,성동구,송정동,서울특별시 성동구 송정동,11200720,14,10651.572410958905
서울특별시,성동구,송정동,서울특별시 성동구 송정동,11200720,15,10642.877589041096
서울특별시,성동구,송정동,서울특별시 성동구 송정동,11200720,16,10690.472273972602
서울특별시,성동구,송정동,서울특별시 성동구 송정동,11200720,17,10665.488164383562
서울특별시,성동구,송정동,서울특별시 성동구 송정동,11200720,18,10577.775780821918
서울특별시,성동구,송정동,서울특별시 성동구 송정동,11200720,19,10474.720493150684
서울특별시,성동구,송정동,서울특별시 성동구 송정동,11200720,20,10553.580136986302
서울특별시,성동구,송정동,서울특별시 성동구 송정동,11200720,21,10833.57402739726
서울특별시,성동구,송정동,서울특별시 성동구 송정동,11200720,22,11160.399369863013
서울특별시,성동구,송정동,서울특별시 성동구 송정동,11200720,23,11383.193863013697
서울특별시,성동구,옥수동,서울특별시 성동구 옥수동,11200645,00,22758.567589041097
서울특별시,성동구,옥수동,서울특별시 성동구 옥수동,11200645,01,22849.348301369864
서울특별시,성동구,옥수동,서울특별시 성동구 옥수동,11200645,02,22960.124493150684
서울특별시,성동구,옥수동,서울특별시 성동구 옥수동,11200645,03,22986.23260273973
서울특별시,성동구,옥수동,서울특별시 성동구 옥수동,11200645,04,22995.282657534248
서울특별시,성동구,옥수동,서울특별시 성동구 옥수동,11200645,05,22965.392520547946
서울특별시,성동구,옥수동,서울특별시 성동구 옥수동,11200645,06,22857.591561643836
서울특별시,성동구,옥수동,서울특별시 성동구 옥수동,11200645,07,22587.098684931505
서울특별시,성동구,옥수동,서울특별시 성동구 옥수동,11200645,08,21889.309369863015
서울특별시,성동구,옥수동,서울특별시 성동구 옥수동,11200645,09,20778.558356164383
서울특별시,성동구,옥수동,서울특별시 성동구 옥수동,11200645,10,19990.550602739724
서울특별시,성동구,옥수동,서울특별시 성동구 옥수동,11200645,11,19444.302273972604
서울특별시,성동구,옥수동,서울특별시 성동구 옥수동,11200645,12,19120.818767123288
서울특별시,성동구,옥수동,서울특별시 성동구 옥수동,11200645,13,18880.58131506849
서울특별시,성동구,옥수동,서울특별시 성동구 옥수동,11200645,14,18860.00509589041
서울특별시,성동구,옥수동,서울특별시 성동구 옥수동,11200645,15,19006.939698630136
서울특별시,성동구,옥수동,서울특별시 성동구 옥수동,11200645,16,19268.840493150685
서울특별시,성동구,옥수동,서울특별시 성동구 옥수동,11200645,17,19622.894849315067
서울특별시,성동구,옥수동,서울특별시 성동구 옥수동,11200645,18,20281.504849315068
서울특별시,성동구,옥수동,서울특별시 성동구 옥수동,11200645,19,21060.960273972603
서울특별시,성동구,옥수동,서울특별시 성동구 옥수동,11200645,20,21495.547753424657
서울특별시,성동구,옥수동,서울특별시 성동구 옥수동,11200645,21,21861.675561643835
서울특별시,성동구,옥수동,서울특별시 성동구 옥수동,11200645,22,22283.68983561644
서울특별시,성동구,옥수동,서울특별시 성동구 옥수동,11200645,23,22564.5382739726
서울특별시,성동구,왕십리2동,서울특별시 성동구 왕십리2동,11200520,00,12028.010684931507
서울특별시,성동구,왕십리2동,서울특별시 성동구 왕십리2동,11200520,01,12148.726246575343
서울특별시,성동구,왕십리2동,서울특별시 성동구 왕십리2동,11200520,02,12274.943095890412
서울특별시,성동구,왕십리2동,서울특별시 성동구 왕십리2동,11200520,03,12350.564684931507
서울특별시,성동구,왕십리2동,서울특별시 성동구 왕십리2동,11200520,04,12395.29405479452
서울특별시,성동구,왕십리2동,서울특별시 성동구 왕십리2동,11200520,05,12398.376246575343
서울특별시,성동구,왕십리2동,서울특별시 성동구 왕십리2동,11200520,06,12350.073698630138
서울특별시,성동구,왕십리2동,서울특별시 성동구 왕십리2동,11200520,07,12218.3
서울특별시,성동구,왕십리2동,서울특별시 성동구 왕십리2동,11200520,08,11764.586191780822
서울특별시,성동구,왕십리2동,서울특별시 성동구 왕십리2동,11200520,09,11138.788657534245
서울특별시,성동구,왕십리2동,서울특별시 성동구 왕십리2동,11200520,10,10671.025589041095
서울특별시,성동구,왕십리2동,서울특별시 성동구 왕십리2동,11200520,11,10408.584712328768
서울특별시,성동구,왕십리2동,서울특별시 성동구 왕십리2동,11200520,12,10171.98890410959
서울특별시,성동구,왕십리2동,서울특별시 성동구 왕십리2동,11200520,13,10077.496794520548
서울특별시,성동구,왕십리2동,서울특별시 성동구 왕십리2동,11200520,14,9952.49991780822
서울특별시,성동구,왕십리2동,서울특별시 성동구 왕십리2동,11200520,15,9940.10104109589
서울특별시,성동구,왕십리2동,서울특별시 성동구 왕십리2동,11200520,16,10083.921835616438
서울특별시,성동구,왕십리2동,서울특별시 성동구 왕십리2동,11200520,17,10175.132712328767
서울특별시,성동구,왕십리2동,서울특별시 성동구 왕십리2동,11200520,18,10372.628383561643
서울특별시,성동구,왕십리2동,서울특별시 성동구 왕십리2동,11200520,19,10712.847561643835
서울특별시,성동구,왕십리2동,서울특별시 성동구 왕십리2동,11200520,20,11000.097452054793
서울특별시,성동구,왕십리2동,서울특별시 성동구 왕십리2동,11200520,21,11282.886520547945
서울특별시,성동구,왕십리2동,서울특별시 성동구 왕십리2동,11200520,22,11564.658958904109
서울특별시,성동구,왕십리2동,서울특별시 성동구 왕십리2동,11200520,23,11786.631397260275
서울특별시,성동구,왕십리도선동,서울특별시 성동구 왕십리도선동,11200535,00,29949.209479452056
서울특별시,성동구,왕십리도선동,서울특별시 성동구 왕십리도선동,11200535,01,29817.341506849316
서울특별시,성동구,왕십리도선동,서울특별시 성동구 왕십리도선동,11200535,02,29698.630657534246
서울특별시,성동구,왕십리도선동,서울특별시 성동구 왕십리도선동,11200535,03,29617.428410958903
서울특별시,성동구,왕십리도선동,서울특별시 성동구 왕십리도선동,11200535,04,29589.42419178082
서울특별시,성동구,왕십리도선동,서울특별시 성동구 왕십리도선동,11200535,05,29642.09884931507
서울특별시,성동구,왕십리도선동,서울특별시 성동구 왕십리도선동,11200535,06,29845.623479452057
서울특별시,성동구,왕십리도선동,서울특별시 성동구 왕십리도선동,11200535,07,30202.466136986302
서울특별시,성동구,왕십리도선동,서울특별시 성동구 왕십리도선동,11200535,08,30591.232739726027
서울특별시,성동구,왕십리도선동,서울특별시 성동구 왕십리도선동,11200535,09,31436.273589041095
서울특별시,성동구,왕십리도선동,서울특별시 성동구 왕십리도선동,11200535,10,32064.09912328767
서울특별시,성동구,왕십리도선동,서울특별시 성동구 왕십리도선동,11200535,11,32576.719342465756
서울특별시,성동구,왕십리도선동,서울특별시 성동구 왕십리도선동,11200535,12,32719.85506849315
서울특별시,성동구,왕십리도선동,서울특별시 성동구 왕십리도선동,11200535,13,32502.94438356164
서울특별시,성동구,왕십리도선동,서울특별시 성동구 왕십리도선동,11200535,14,32490.047589041093
서울특별시,성동구,왕십리도선동,서울특별시 성동구 왕십리도선동,11200535,15,32540.136191780824
서울특별시,성동구,왕십리도선동,서울특별시 성동구 왕십리도선동,11200535,16,32670.45408219178
서울특별시,성동구,왕십리도선동,서울특별시 성동구 왕십리도선동,11200535,17,32909.98380821918
서울특별시,성동구,왕십리도선동,서울특별시 성동구 왕십리도선동,11200535,18,33186.03794520548
서울특별시,성동구,왕십리도선동,서울특별시 성동구 왕십리도선동,11200535,19,32978.10323287671
서울특별시,성동구,왕십리도선동,서울특별시 성동구 왕십리도선동,11200535,20,32177.56126027397
서울특별시,성동구,왕십리도선동,서울특별시 성동구 왕십리도선동,11200535,21,31473.24589041096
서울특별시,성동구,왕십리도선동,서울특별시 성동구 왕십리도선동,11200535,22,30823.653452054794
서울특별시,성동구,왕십리도선동,서울특별시 성동구 왕십리도선동,11200535,23,30473.41594520548
서울특별시,성동구,용답동,서울특별시 성동구 용답동,11200790,00,15784.417424657535
서울특별시,성동구,용답동,서울특별시 성동구 용답동,11200790,01,16011.86
서울특별시,성동구,용답동,서울특별시 성동구 용답동,11200790,02,16072.887315068494
서울특별시,성동구,용답동,서울특별시 성동구 용답동,11200790,03,16064.89690410959
서울특별시,성동구,용답동,서울특별시 성동구 용답동,11200790,04,16097.752438356163
서울특별시,성동구,용답동,서울특별시 성동구 용답동,11200790,05,16208.740547945205
서울특별시,성동구,용답동,서울특별시 성동구 용답동,11200790,06,16489.76202739726
서울특별시,성동구,용답동,서울특별시 성동구 용답동,11200790,07,16882.007452054793
서울특별시,성동구,용답동,서울특별시 성동구 용답동,11200790,08,17674.77391780822
서울특별시,성동구,용답동,서울특별시 성동구 용답동,11200790,09,18408.742821917807
서울특별시,성동구,용답동,서울특별시 성동구 용답동,11200790,10,18579.323917808222
서울특별시,성동구,용답동,서울특별시 성동구 용답동,11200790,11,18627.85410958904
서울특별시,성동구,용답동,서울특별시 성동구 용답동,11200790,12,18557.21591780822
서울특별시,성동구,용답동,서울특별시 성동구 용답동,11200790,13,18638.957479452056
서울특별시,성동구,용답동,서울특별시 성동구 용답동,11200790,14,18534.163753424655
서울특별시,성동구,용답동,서울특별시 성동구 용답동,11200790,15,18382.07194520548
서울특별시,성동구,용답동,서울특별시 성동구 용답동,11200790,16,18107.865589041096
서울특별시,성동구,용답동,서울특별시 성동구 용답동,11200790,17,17503.909972602738
서울특별시,성동구,용답동,서울특별시 성동구 용답동,11200790,18,16515.828684931505
서울특별시,성동구,용답동,서울특별시 성동구 용답동,11200790,19,15773.997479452055
서울특별시,성동구,용답동,서울특별시 성동구 용답동,11200790,20,15512.379287671234
서울특별시,성동구,용답동,서울특별시 성동구 용답동,11200790,21,15504.08887671233
서울특별시,성동구,용답동,서울특별시 성동구 용답동,11200790,22,15561.396986301372
서울특별시,성동구,용답동,서울특별시 성동구 용답동,11200790,23,15704.95504109589
서울특별시,성동구,응봉동,서울특별시 성동구 응봉동,11200580,00,14364.441068493152
서울특별시,성동구,응봉동,서울특별시 성동구 응봉동,11200580,01,14476.925205479452
서울특별시,성동구,응봉동,서울특별시 성동구 응봉동,11200580,02,14571.00090410959
서울특별시,성동구,응봉동,서울특별시 성동구 응봉동,11200580,03,14608.50221917808
서울특별시,성동구,응봉동,서울특별시 성동구 응봉동,11200580,04,14623.811479452055
서울특별시,성동구,응봉동,서울특별시 성동구 응봉동,11200580,05,14582.72410958904
서울특별시,성동구,응봉동,서울특별시 성동구 응봉동,11200580,06,14373.41101369863
서울특별시,성동구,응봉동,서울특별시 성동구 응봉동,11200580,07,13961.794191780822
서울특별시,성동구,응봉동,서울특별시 성동구 응봉동,11200580,08,13089.62602739726
서울특별시,성동구,응봉동,서울특별시 성동구 응봉동,11200580,09,11828.527479452056
서울특별시,성동구,응봉동,서울특별시 성동구 응봉동,11200580,10,10882.66712328767
서울특별시,성동구,응봉동,서울특별시 성동구 응봉동,11200580,11,10310.619999999999
서울특별시,성동구,응봉동,서울특별시 성동구 응봉동,11200580,12,9970.211753424657
서울특별시,성동구,응봉동,서울특별시 성동구 응봉동,11200580,13,9813.32298630137
서울특별시,성동구,응봉동,서울특별시 성동구 응봉동,11200580,14,9747.775452054795
서울특별시,성동구,응봉동,서울특별시 성동구 응봉동,11200580,15,9802.229369863015
서울특별시,성동구,응봉동,서울특별시 성동구 응봉동,11200580,16,9948.312082191782
서울특별시,성동구,응봉동,서울특별시 성동구 응봉동,11200580,17,10279.447205479451
서울특별시,성동구,응봉동,서울특별시 성동구 응봉동,11200580,18,10909.451260273972
서울특별시,성동구,응봉동,서울특별시 성동구 응봉동,11200580,19,11743.715342465752
서울특별시,성동구,응봉동,서울특별시 성동구 응봉동,11200580,20,12430.09789041096
서울특별시,성동구,응봉동,서울특별시 성동구 응봉동,11200580,21,13045.17780821918
서울특별시,성동구,응봉동,서울특별시 성동구 응봉동,11200580,22,13625.946849315067
서울특별시,성동구,응봉동,서울특별시 성동구 응봉동,11200580,23,13931.176931506849
서울특별시,성동구,행당1동,서울특별시 성동구 행당1동,11200560,00,16494.215671232876
서울특별시,성동구,행당1동,서울특별시 성동구 행당1동,11200560,01,16027.406767123288
서울특별시,성동구,행당1동,서울특별시 성동구 행당1동,11200560,02,15753.135424657534
서울특별시,성동구,행당1동,서울특별시 성동구 행당1동,11200560,03,15593.851205479454
서울특별시,성동구,행당1동,서울특별시 성동구 행당1동,11200560,04,15553.824767123288
서울특별시,성동구,행당1동,서울특별시 성동구 행당1동,11200560,05,15835.691232876712
서울특별시,성동구,행당1동,서울특별시 성동구 행당1동,11200560,06,16429.994821917808
서울특별시,성동구,행당1동,서울특별시 성동구 행당1동,11200560,07,17268.6741369863
서울특별시,성동구,행당1동,서울특별시 성동구 행당1동,11200560,08,18748.386301369865
서울특별시,성동구,행당1동,서울특별시 성동구 행당1동,11200560,09,20991.940410958905
서울특별시,성동구,행당1동,서울특별시 성동구 행당1동,11200560,10,23174.383013698633
서울특별시,성동구,행당1동,서울특별시 성동구 행당1동,11200560,11,24889.116520547945
서울특별시,성동구,행당1동,서울특별시 성동구 행당1동,11200560,12,25971.360191780823
서울특별시,성동구,행당1동,서울특별시 성동구 행당1동,11200560,13,26779.365753424656
서울특별시,성동구,행당1동,서울특별시 성동구 행당1동,11200560,14,27220.383232876713
서울특별시,성동구,행당1동,서울특별시 성동구 행당1동,11200560,15,27257.815753424657
서울특별시,성동구,행당1동,서울특별시 성동구 행당1동,11200560,16,27017.191287671234
서울특별시,성동구,행당1동,서울특별시 성동구 행당1동,11200560,17,26526.078301369864
서울특별시,성동구,행당1동,서울특별시 성동구 행당1동,11200560,18,25633.136328767123
서울특별시,성동구,행당1동,서울특별시 성동구 행당1동,11200560,19,24702.107506849316
서울특별시,성동구,행당1동,서울특별시 성동구 행당1동,11200560,20,23429.87221917808
서울특별시,성동구,행당1동,서울특별시 성동구 행당1동,11200560,21,21832.265424657533
서울특별시,성동구,행당1동,서울특별시 성동구 행당1동,11200560,22,19855.730301369862
서울특별시,성동구,행당1동,서울특별시 성동구 행당1동,11200560,23,18487.322493150685
서울특별시,성동구,행당2동,서울특별시 성동구 행당2동,11200570,00,24097.64671232877
서울특별시,성동구,행당2동,서울특별시 성동구 행당2동,11200570,01,24213.365726027398
서울특별시,성동구,행당2동,서울특별시 성동구 행당2동,11200570,02,24335.862958904112
서울특별시,성동구,행당2동,서울특별시 성동구 행당2동,11200570,03,24390.537698630138
서울특별시,성동구,행당2동,서울특별시 성동구 행당2동,11200570,04,24386.298931506848
서울특별시,성동구,행당2동,서울특별시 성동구 행당2동,11200570,05,24288.42221917808
서울특별시,성동구,행당2동,서울특별시 성동구 행당2동,11200570,06,23923.116219178082
서울특별시,성동구,행당2동,서울특별시 성동구 행당2동,11200570,07,23253.78301369863
서울특별시,성동구,행당2동,서울특별시 성동구 행당2동,11200570,08,21784.399260273975
서울특별시,성동구,행당2동,서울특별시 성동구 행당2동,11200570,09,19687.118273972603
서울특별시,성동구,행당2동,서울특별시 성동구 행당2동,11200570,10,18394.686657534246
서울특별시,성동구,행당2동,서울특별시 성동구 행당2동,11200570,11,17537.01808219178
서울특별시,성동구,행당2동,서울특별시 성동구 행당2동,11200570,12,16964.307123287672
서울특별시,성동구,행당2동,서울특별시 성동구 행당2동,11200570,13,16724.683178082192
서울특별시,성동구,행당2동,서울특별시 성동구 행당2동,11200570,14,16579.641917808218
서울특별시,성동구,행당2동,서울특별시 성동구 행당2동,11200570,15,16708.30282191781
서울특별시,성동구,행당2동,서울특별시 성동구 행당2동,11200570,16,17031.80898630137
서울특별시,성동구,행당2동,서울특별시 성동구 행당2동,11200570,17,17722.953287671233
서울특별시,성동구,행당2동,서울특별시 성동구 행당2동,11200570,18,18784.78109589041
서울특별시,성동구,행당2동,서울특별시 성동구 행당2동,11200570,19,20089.307178082192
서울특별시,성동구,행당2동,서울특별시 성동구 행당2동,11200570,20,21006.370767123288
서울특별시,성동구,행당2동,서울특별시 성동구 행당2동,11200570,21,21929.306849315068
서울특별시,성동구,행당2동,서울특별시 성동구 행당2동,11200570,22,22811.136876712328
서울특별시,성동구,행당2동,서울특별시 성동구 행당2동,11200570,23,23387.90734246575
서울특별시,성북구,길음1동,서울특별시 성북구 길음1동,11290660,00,37562.28046575342
서울특별시,성북구,길음1동,서울특별시 성북구 길음1동,11290660,01,37752.25342465754
서울특별시,성북구,길음1동,서울특별시 성북구 길음1동,11290660,02,37915.69890410959
서울특별시,성북구,길음1동,서울특별시 성북구 길음1동,11290660,03,38013.63671232877
서울특별시,성북구,길음1동,서울특별시 성북구 길음1동,11290660,04,38020.319616438355
서울특별시,성북구,길음1동,서울특별시 성북구 길음1동,11290660,05,37989.89156164384
서울특별시,성북구,길음1동,서울특별시 성북구 길음1동,11290660,06,37611.82221917808
서울특별시,성북구,길음1동,서울특별시 성북구 길음1동,11290660,07,36918.0175890411
서울특별시,성북구,길음1동,서울특별시 성북구 길음1동,11290660,08,34569.53123287671
서울특별시,성북구,길음1동,서울특별시 성북구 길음1동,11290660,09,32266.790931506846
서울특별시,성북구,길음1동,서울특별시 성북구 길음1동,11290660,10,30864.71038356164
서울특별시,성북구,길음1동,서울특별시 성북구 길음1동,11290660,11,29869.014356164385
서울특별시,성북구,길음1동,서울특별시 성북구 길음1동,11290660,12,29261.011452054794
서울특별시,성북구,길음1동,서울특별시 성북구 길음1동,11290660,13,29076.596219178078
서울특별시,성북구,길음1동,서울특별시 성북구 길음1동,11290660,14,29096.66293150685
서울특별시,성북구,길음1동,서울특별시 성북구 길음1동,11290660,15,29471.00112328767
서울특별시,성북구,길음1동,서울특별시 성북구 길음1동,11290660,16,30051.007260273975
서울특별시,성북구,길음1동,서울특별시 성북구 길음1동,11290660,17,30597.094849315064
서울특별시,성북구,길음1동,서울특별시 성북구 길음1동,11290660,18,31547.784383561644
서울특별시,성북구,길음1동,서울특별시 성북구 길음1동,11290660,19,33009.74479452055
서울특별시,성북구,길음1동,서울특별시 성북구 길음1동,11290660,20,34238.365561643834
서울특별시,성북구,길음1동,서울특별시 성북구 길음1동,11290660,21,35331.98547945205
서울특별시,성북구,길음1동,서울특별시 성북구 길음1동,11290660,22,36367.76747945206
서울특별시,성북구,길음1동,서울특별시 성북구 길음1동,11290660,23,36956.106712328765
서울특별시,성북구,길음2동,서울특별시 성북구 길음2동,11290685,00,21834.021589041095
서울특별시,성북구,길음2동,서울특별시 성북구 길음2동,11290685,01,21936.111561643836
서울특별시,성북구,길음2동,서울특별시 성북구 길음2동,11290685,02,22017.871178082194
서울특별시,성북구,길음2동,서울특별시 성북구 길음2동,11290685,03,22066.58991780822
서울특별시,성북구,길음2동,서울특별시 성북구 길음2동,11290685,04,22096.056904109588
서울특별시,성북구,길음2동,서울특별시 성북구 길음2동,11290685,05,22110.000547945205
서울특별시,성북구,길음2동,서울특별시 성북구 길음2동,11290685,06,21979.189643835616
서울특별시,성북구,길음2동,서울특별시 성북구 길음2동,11290685,07,21661.72402739726
서울특별시,성북구,길음2동,서울특별시 성북구 길음2동,11290685,08,20399.207534246576
서울특별시,성북구,길음2동,서울특별시 성북구 길음2동,11290685,09,19610.406602739728
서울특별시,성북구,길음2동,서울특별시 성북구 길음2동,11290685,10,20109.209589041096
서울특별시,성북구,길음2동,서울특별시 성북구 길음2동,11290685,11,20736.42115068493
서울특별시,성북구,길음2동,서울특별시 성북구 길음2동,11290685,12,21318.670821917807
서울특별시,성북구,길음2동,서울특별시 성북구 길음2동,11290685,13,21565.567315068492
서울특별시,성북구,길음2동,서울특별시 성북구 길음2동,11290685,14,21689.991479452056
서울특별시,성북구,길음2동,서울특별시 성북구 길음2동,11290685,15,21772.46378082192
서울특별시,성북구,길음2동,서울특별시 성북구 길음2동,11290685,16,21880.820602739725
서울특별시,성북구,길음2동,서울특별시 성북구 길음2동,11290685,17,21923.904493150683
서울특별시,성북구,길음2동,서울특별시 성북구 길음2동,11290685,18,21863.12605479452
서울특별시,성북구,길음2동,서울특별시 성북구 길음2동,11290685,19,21844.29021917808
서울특별시,성북구,길음2동,서울특별시 성북구 길음2동,11290685,20,21455.26408219178
서울특별시,성북구,길음2동,서울특별시 성북구 길음2동,11290685,21,21119.187671232878
서울특별시,성북구,길음2동,서울특별시 성북구 길음2동,11290685,22,21197.076602739726
서울특별시,성북구,길음2동,서울특별시 성북구 길음2동,11290685,23,21510.295589041096
서울특별시,성북구,돈암1동,서울특별시 성북구 돈암1동,11290580,00,14132.331561643834
서울특별시,성북구,돈암1동,서울특별시 성북구 돈암1동,11290580,01,14257.793178082191
서울특별시,성북구,돈암1동,서울특별시 성북구 돈암1동,11290580,02,14356.76317808219
서울특별시,성북구,돈암1동,서울특별시 성북구 돈암1동,11290580,03,14403.900438356164
서울특별시,성북구,돈암1동,서울특별시 성북구 돈암1동,11290580,04,14411.312191780822
서울특별시,성북구,돈암1동,서울특별시 성북구 돈암1동,11290580,05,14348.171424657536
서울특별시,성북구,돈암1동,서울특별시 성북구 돈암1동,11290580,06,14176.132383561644
서울특별시,성북구,돈암1동,서울특별시 성북구 돈암1동,11290580,07,13781.462630136988
서울특별시,성북구,돈암1동,서울특별시 성북구 돈암1동,11290580,08,13146.224328767123
서울특별시,성북구,돈암1동,서울특별시 성북구 돈암1동,11290580,09,12432.257890410958
서울특별시,성북구,돈암1동,서울특별시 성북구 돈암1동,11290580,10,11906.705315068495
서울특별시,성북구,돈암1동,서울특별시 성북구 돈암1동,11290580,11,11603.625589041096
서울특별시,성북구,돈암1동,서울특별시 성북구 돈암1동,11290580,12,11513.197369863014
서울특별시,성북구,돈암1동,서울특별시 성북구 돈암1동,11290580,13,11308.676465753426
서울특별시,성북구,돈암1동,서울특별시 성북구 돈암1동,11290580,14,11185.936712328767
서울특별시,성북구,돈암1동,서울특별시 성북구 돈암1동,11290580,15,11194.584246575343
서울특별시,성북구,돈암1동,서울특별시 성북구 돈암1동,11290580,16,11461.827205479452
서울특별시,성북구,돈암1동,서울특별시 성북구 돈암1동,11290580,17,11944.48495890411
서울특별시,성북구,돈암1동,서울특별시 성북구 돈암1동,11290580,18,12595.600958904108
서울특별시,성북구,돈암1동,서울특별시 성북구 돈암1동,11290580,19,13084.077452054793
서울특별시,성북구,돈암1동,서울특별시 성북구 돈암1동,11290580,20,13331.417452054795
서울특별시,성북구,돈암1동,서울특별시 성북구 돈암1동,11290580,21,13567.740794520547
서울특별시,성북구,돈암1동,서울특별시 성북구 돈암1동,11290580,22,13637.151753424656
서울특별시,성북구,돈암1동,서울특별시 성북구 돈암1동,11290580,23,13800.28909589041
서울특별시,성북구,돈암2동,서울특별시 성북구 돈암2동,11290590,00,11024.017123287671
서울특별시,성북구,돈암2동,서울특별시 성북구 돈암2동,11290590,01,11046.747780821917
서울특별시,성북구,돈암2동,서울특별시 성북구 돈암2동,11290590,02,11087.102082191781
서울특별시,성북구,돈암2동,서울특별시 성북구 돈암2동,11290590,03,11104.796657534245
서울특별시,성북구,돈암2동,서울특별시 성북구 돈암2동,11290590,04,11113.655506849314
서울특별시,성북구,돈암2동,서울특별시 성북구 돈암2동,11290590,05,11081.182109589041
서울특별시,성북구,돈암2동,서울특별시 성북구 돈암2동,11290590,06,10969.99509589041
서울특별시,성북구,돈암2동,서울특별시 성북구 돈암2동,11290590,07,10764.491095890411
서울특별시,성북구,돈암2동,서울특별시 성북구 돈암2동,11290590,08,10093.385561643836
서울특별시,성북구,돈암2동,서울특별시 성북구 돈암2동,11290590,09,9326.161671232876
서울특별시,성북구,돈암2동,서울특별시 성북구 돈암2동,11290590,10,8699.77810958904
서울특별시,성북구,돈암2동,서울특별시 성북구 돈암2동,11290590,11,8298.999726027398
서울특별시,성북구,돈암2동,서울특별시 성북구 돈암2동,11290590,12,8048.917260273972
서울특별시,성북구,돈암2동,서울특별시 성북구 돈암2동,11290590,13,7963.260712328767
서울특별시,성북구,돈암2동,서울특별시 성북구 돈암2동,11290590,14,7900.09197260274
서울특별시,성북구,돈암2동,서울특별시 성북구 돈암2동,11290590,15,8032.971780821918
서울특별시,성북구,돈암2동,서울특별시 성북구 돈암2동,11290590,16,8194.839123287671
서울특별시,성북구,돈암2동,서울특별시 성북구 돈암2동,11290590,17,8403.784410958904
서울특별시,성북구,돈암2동,서울특별시 성북구 돈암2동,11290590,18,8695.483150684931
서울특별시,성북구,돈암2동,서울특별시 성북구 돈암2동,11290590,19,9214.369808219179
서울특별시,성북구,돈암2동,서울특별시 성북구 돈암2동,11290590,20,9692.32991780822
서울특별시,성북구,돈암2동,서울특별시 성북구 돈암2동,11290590,21,10177.83295890411
서울특별시,성북구,돈암2동,서울특별시 성북구 돈암2동,11290590,22,10655.236575342466
서울특별시,성북구,돈암2동,서울특별시 성북구 돈암2동,11290590,23,10962.01901369863
서울특별시,성북구,동선동,서울특별시 성북구 동선동,11290575,00,20846.0218630137
서울특별시,성북구,동선동,서울특별시 성북구 동선동,11290575,01,20500.694383561644
서울특별시,성북구,동선동,서울특별시 성북구 동선동,11290575,02,20170.00616438356
서울특별시,성북구,동선동,서울특별시 성북구 동선동,11290575,03,19920.64912328767
서울특별시,성북구,동선동,서울특별시 성북구 동선동,11290575,04,19760.109698630138
서울특별시,성북구,동선동,서울특별시 성북구 동선동,11290575,05,19690.484712328765
서울특별시,성북구,동선동,서울특별시 성북구 동선동,11290575,06,19774.274356164384
서울특별시,성북구,동선동,서울특별시 성북구 동선동,11290575,07,20059.40594520548
서울특별시,성북구,동선동,서울특별시 성북구 동선동,11290575,08,20866.26295890411
서울특별시,성북구,동선동,서울특별시 성북구 동선동,11290575,09,21479.327068493152
서울특별시,성북구,동선동,서울특별시 성북구 동선동,11290575,10,22224.14282191781
서울특별시,성북구,동선동,서울특별시 성북구 동선동,11290575,11,23101.12339726027
서울특별시,성북구,동선동,서울특별시 성북구 동선동,11290575,12,23934.17583561644
서울특별시,성북구,동선동,서울특별시 성북구 동선동,11290575,13,24235.11978082192
서울특별시,성북구,동선동,서울특별시 성북구 동선동,11290575,14,24456.064410958905
서울특별시,성북구,동선동,서울특별시 성북구 동선동,11290575,15,24431.44232876712
서울특별시,성북구,동선동,서울특별시 성북구 동선동,11290575,16,24225.56884931507
서울특별시,성북구,동선동,서울특별시 성북구 동선동,11290575,17,24409.055999999997
서울특별시,성북구,동선동,서울특별시 성북구 동선동,11290575,18,25122.934767123286
서울특별시,성북구,동선동,서울특별시 성북구 동선동,11290575,19,25610.054410958903
서울특별시,성북구,동선동,서울특별시 성북구 동선동,11290575,20,25242.65717808219
서울특별시,성북구,동선동,서울특별시 성북구 동선동,11290575,21,24522.3177260274
서울특별시,성북구,동선동,서울특별시 성북구 동선동,11290575,22,23267.78471232877
서울특별시,성북구,동선동,서울특별시 성북구 동선동,11290575,23,22242.953315068495
서울특별시,성북구,보문동,서울특별시 성북구 보문동,11290610,00,19036.271287671236
서울특별시,성북구,보문동,서울특별시 성북구 보문동,11290610,01,19109.69682191781
서울특별시,성북구,보문동,서울특별시 성북구 보문동,11290610,02,19184.245643835617
서울특별시,성북구,보문동,서울특별시 성북구 보문동,11290610,03,19250.52575342466
서울특별시,성북구,보문동,서울특별시 성북구 보문동,11290610,04,19294.867534246576
서울특별시,성북구,보문동,서울특별시 성북구 보문동,11290610,05,19311.984712328765
서울특별시,성북구,보문동,서울특별시 성북구 보문동,11290610,06,19220.85504109589
서울특별시,성북구,보문동,서울특별시 성북구 보문동,11290610,07,18999.527342465753
서울특별시,성북구,보문동,서울특별시 성북구 보문동,11290610,08,18279.253780821917
서울특별시,성북구,보문동,서울특별시 성북구 보문동,11290610,09,17511.671972602737
서울특별시,성북구,보문동,서울특별시 성북구 보문동,11290610,10,17142.316547945207
서울특별시,성북구,보문동,서울특별시 성북구 보문동,11290610,11,17067.120986301372
서울특별시,성북구,보문동,서울특별시 성북구 보문동,11290610,12,17061.31512328767
서울특별시,성북구,보문동,서울특별시 성북구 보문동,11290610,13,16889.096465753424
서울특별시,성북구,보문동,서울특별시 성북구 보문동,11290610,14,16759.448383561645
서울특별시,성북구,보문동,서울특별시 성북구 보문동,11290610,15,16744.032794520546
서울특별시,성북구,보문동,서울특별시 성북구 보문동,11290610,16,16889.58487671233
서울특별시,성북구,보문동,서울특별시 성북구 보문동,11290610,17,17241.933698630135
서울특별시,성북구,보문동,서울특별시 성북구 보문동,11290610,18,17730.618493150683
서울특별시,성북구,보문동,서울특별시 성북구 보문동,11290610,19,18034.011397260274
서울특별시,성북구,보문동,서울특별시 성북구 보문동,11290610,20,18186.528767123287
서울특별시,성북구,보문동,서울특별시 성북구 보문동,11290610,21,18415.217616438356
서울특별시,성북구,보문동,서울특별시 성북구 보문동,11290610,22,18670.714273972604
서울특별시,성북구,보문동,서울특별시 성북구 보문동,11290610,23,18864.565808219177
서울특별시,성북구,삼선동,서울특별시 성북구 삼선동,11290555,00,25415.511397260274
서울특별시,성북구,삼선동,서울특별시 성북구 삼선동,11290555,01,25400.581232876713
서울특별시,성북구,삼선동,서울특별시 성북구 삼선동,11290555,02,25432.377589041098
서울특별시,성북구,삼선동,서울특별시 성북구 삼선동,11290555,03,25448.59109589041
서울특별시,성북구,삼선동,서울특별시 성북구 삼선동,11290555,04,25471.711260273973
서울특별시,성북구,삼선동,서울특별시 성북구 삼선동,11290555,05,25491.49378082192
서울특별시,성북구,삼선동,서울특별시 성북구 삼선동,11290555,06,25553.459342465754
서울특별시,성북구,삼선동,서울특별시 성북구 삼선동,11290555,07,25758.267041095893
서울특별시,성북구,삼선동,서울특별시 성북구 삼선동,11290555,08,25980.53975342466
서울특별시,성북구,삼선동,서울특별시 성북구 삼선동,11290555,09,26253.40706849315
서울특별시,성북구,삼선동,서울특별시 성북구 삼선동,11290555,10,26500.080684931505
서울특별시,성북구,삼선동,서울특별시 성북구 삼선동,11290555,11,26641.686465753424
서울특별시,성북구,삼선동,서울특별시 성북구 삼선동,11290555,12,26650.74197260274
서울특별시,성북구,삼선동,서울특별시 성북구 삼선동,11290555,13,26695.700739726028
서울특별시,성북구,삼선동,서울특별시 성북구 삼선동,11290555,14,26721.883232876713
서울특별시,성북구,삼선동,서울특별시 성북구 삼선동,11290555,15,26714.481369863013
서울특별시,성북구,삼선동,서울특별시 성북구 삼선동,11290555,16,26735.590082191782
서울특별시,성북구,삼선동,서울특별시 성북구 삼선동,11290555,17,26753.927095890413
서울특별시,성북구,삼선동,서울특별시 성북구 삼선동,11290555,18,26761.619424657532
서울특별시,성북구,삼선동,서울특별시 성북구 삼선동,11290555,19,26700.956082191784
서울특별시,성북구,삼선동,서울특별시 성북구 삼선동,11290555,20,26462.898602739726
서울특별시,성북구,삼선동,서울특별시 성북구 삼선동,11290555,21,26186.18276712329
서울특별시,성북구,삼선동,서울특별시 성북구 삼선동,11290555,22,25804.58608219178
서울특별시,성북구,삼선동,서울특별시 성북구 삼선동,11290555,23,25662.124547945208
서울특별시,성북구,석관동,서울특별시 성북구 석관동,11290810,00,32203.707479452056
서울특별시,성북구,석관동,서울특별시 성북구 석관동,11290810,01,32354.299835616435
서울특별시,성북구,석관동,서울특별시 성북구 석관동,11290810,02,32351.877013698628
서울특별시,성북구,석관동,서울특별시 성북구 석관동,11290810,03,32343.19969863014
서울특별시,성북구,석관동,서울특별시 성북구 석관동,11290810,04,32359.263534246573
서울특별시,성북구,석관동,서울특별시 성북구 석관동,11290810,05,32346.149287671233
서울특별시,성북구,석관동,서울특별시 성북구 석관동,11290810,06,32059.337972602738
서울특별시,성북구,석관동,서울특별시 성북구 석관동,11290810,07,31338.48024657534
서울특별시,성북구,석관동,서울특별시 성북구 석관동,11290810,08,30019.79221917808
서울특별시,성북구,석관동,서울특별시 성북구 석관동,11290810,09,28588.75808219178
서울특별시,성북구,석관동,서울특별시 성북구 석관동,11290810,10,27699.64991780822
서울특별시,성북구,석관동,서울특별시 성북구 석관동,11290810,11,27255.50712328767
서울특별시,성북구,석관동,서울특별시 성북구 석관동,11290810,12,27131.019369863014
서울특별시,성북구,석관동,서울특별시 성북구 석관동,11290810,13,26988.169726027394
서울특별시,성북구,석관동,서울특별시 성북구 석관동,11290810,14,26730.240739726025
서울특별시,성북구,석관동,서울특별시 성북구 석관동,11290810,15,26782.45473972603
서울특별시,성북구,석관동,서울특별시 성북구 석관동,11290810,16,27129.655232876714
서울특별시,성북구,석관동,서울특별시 성북구 석관동,11290810,17,27768.35208219178
서울특별시,성북구,석관동,서울특별시 성북구 석관동,11290810,18,28857.307616438353
서울특별시,성북구,석관동,서울특별시 성북구 석관동,11290810,19,30040.102602739724
서울특별시,성북구,석관동,서울특별시 성북구 석관동,11290810,20,30609.32594520548
서울특별시,성북구,석관동,서울특별시 성북구 석관동,11290810,21,31056.235534246578
서울특별시,성북구,석관동,서울특별시 성북구 석관동,11290810,22,31469.866547945203
서울특별시,성북구,석관동,서울특별시 성북구 석관동,11290810,23,31745.66893150685
서울특별시,성북구,성북동,서울특별시 성북구 성북동,11290525,00,21554.38906849315
서울특별시,성북구,성북동,서울특별시 성북구 성북동,11290525,01,21676.1361369863
서울특별시,성북구,성북동,서울특별시 성북구 성북동,11290525,02,21703.200575342467
서울특별시,성북구,성북동,서울특별시 성북구 성북동,11290525,03,21734.258301369864
서울특별시,성북구,성북동,서울특별시 성북구 성북동,11290525,04,21770.210739726026
서울특별시,성북구,성북동,서울특별시 성북구 성북동,11290525,05,21792.249369863013
서울특별시,성북구,성북동,서울특별시 성북구 성북동,11290525,06,21818.616438356163
서울특별시,성북구,성북동,서울특별시 성북구 성북동,11290525,07,22017.26698630137
서울특별시,성북구,성북동,서울특별시 성북구 성북동,11290525,08,22272.053753424658
서울특별시,성북구,성북동,서울특별시 성북구 성북동,11290525,09,22086.410849315067
서울특별시,성북구,성북동,서울특별시 성북구 성북동,11290525,10,22070.155589041096
서울특별시,성북구,성북동,서울특별시 성북구 성북동,11290525,11,22369.40797260274
서울특별시,성북구,성북동,서울특별시 성북구 성북동,11290525,12,22966.13205479452
서울특별시,성북구,성북동,서울특별시 성북구 성북동,11290525,13,23047.27098630137
서울특별시,성북구,성북동,서울특별시 성북구 성북동,11290525,14,22928.619643835616
서울특별시,성북구,성북동,서울특별시 성북구 성북동,11290525,15,22633.25679452055
서울특별시,성북구,성북동,서울특별시 성북구 성북동,11290525,16,22151.170356164384
서울특별시,성북구,성북동,서울특별시 성북구 성북동,11290525,17,21640.14495890411
서울특별시,성북구,성북동,서울특별시 성북구 성북동,11290525,18,21427.022383561645
서울특별시,성북구,성북동,서울특별시 성북구 성북동,11290525,19,21419.972520547944
서울특별시,성북구,성북동,서울특별시 성북구 성북동,11290525,20,21398.116684931505
서울특별시,성북구,성북동,서울특별시 성북구 성북동,11290525,21,21352.23309589041
서울특별시,성북구,성북동,서울특별시 성북구 성북동,11290525,22,21418.841945205477
서울특별시,성북구,성북동,서울특별시 성북구 성북동,11290525,23,21584.045287671233
서울특별시,성북구,안암동,서울특별시 성북구 안암동,11290600,00,20626.512684931506
서울특별시,성북구,안암동,서울특별시 성북구 안암동,11290600,01,20499.97479452055
서울특별시,성북구,안암동,서울특별시 성북구 안암동,11290600,02,20321.297506849314
서울특별시,성북구,안암동,서울특별시 성북구 안암동,11290600,03,20223.447561643836
서울특별시,성북구,안암동,서울특별시 성북구 안암동,11290600,04,20182.20695890411
서울특별시,성북구,안암동,서울특별시 성북구 안암동,11290600,05,20306.43484931507
서울특별시,성북구,안암동,서울특별시 성북구 안암동,11290600,06,20807.576794520548
서울특별시,성북구,안암동,서울특별시 성북구 안암동,11290600,07,21879.529534246576
서울특별시,성북구,안암동,서울특별시 성북구 안암동,11290600,08,24543.191890410955
서울특별시,성북구,안암동,서울특별시 성북구 안암동,11290600,09,27870.636301369865
서울특별시,성북구,안암동,서울특별시 성북구 안암동,11290600,10,31012.363205479454
서울특별시,성북구,안암동,서울특별시 성북구 안암동,11290600,11,32183.699205479454
서울특별시,성북구,안암동,서울특별시 성북구 안암동,11290600,12,32723.11301369863
서울특별시,성북구,안암동,서울특별시 성북구 안암동,11290600,13,33757.13046575342
서울특별시,성북구,안암동,서울특별시 성북구 안암동,11290600,14,34295.16865753425
서울특별시,성북구,안암동,서울특별시 성북구 안암동,11290600,15,34002.62452054794
서울특별시,성북구,안암동,서울특별시 성북구 안암동,11290600,16,32515.496054794523
서울특별시,성북구,안암동,서울특별시 성북구 안암동,11290600,17,30670.368219178083
서울특별시,성북구,안암동,서울특별시 성북구 안암동,11290600,18,28408.631397260277
서울특별시,성북구,안암동,서울특별시 성북구 안암동,11290600,19,26352.745041095888
서울특별시,성북구,안암동,서울특별시 성북구 안암동,11290600,20,25141.236273972605
서울특별시,성북구,안암동,서울특별시 성북구 안암동,11290600,21,24075.308356164387
서울특별시,성북구,안암동,서울특별시 성북구 안암동,11290600,22,22961.55704109589
서울특별시,성북구,안암동,서울특별시 성북구 안암동,11290600,23,21918.213863013698
서울특별시,성북구,월곡1동,서울특별시 성북구 월곡1동,11290715,00,26575.001287671235
서울특별시,성북구,월곡1동,서울특별시 성북구 월곡1동,11290715,01,26677.44202739726
서울특별시,성북구,월곡1동,서울특별시 성북구 월곡1동,11290715,02,26742.134465753425
서울특별시,성북구,월곡1동,서울특별시 성북구 월곡1동,11290715,03,26778.492986301368
서울특별시,성북구,월곡1동,서울특별시 성북구 월곡1동,11290715,04,26813.88493150685
서울특별시,성북구,월곡1동,서울특별시 성북구 월곡1동,11290715,05,26780.321479452054
서울특별시,성북구,월곡1동,서울특별시 성북구 월곡1동,11290715,06,26728.304630136983
서울특별시,성북구,월곡1동,서울특별시 성북구 월곡1동,11290715,07,26588.182191780823
서울특별시,성북구,월곡1동,서울특별시 성북구 월곡1동,11290715,08,26595.41210958904
서울특별시,성북구,월곡1동,서울특별시 성북구 월곡1동,11290715,09,26179.157698630137
서울특별시,성북구,월곡1동,서울특별시 성북구 월곡1동,11290715,10,25876.977917808217
서울특별시,성북구,월곡1동,서울특별시 성북구 월곡1동,11290715,11,25714.517506849315
서울특별시,성북구,월곡1동,서울특별시 성북구 월곡1동,11290715,12,25468.006493150682
서울특별시,성북구,월곡1동,서울특별시 성북구 월곡1동,11290715,13,25218.905561643835
서울특별시,성북구,월곡1동,서울특별시 성북구 월곡1동,11290715,14,25052.275835616438
서울특별시,성북구,월곡1동,서울특별시 성북구 월곡1동,11290715,15,25047.719835616437
서울특별시,성북구,월곡1동,서울특별시 성북구 월곡1동,11290715,16,25011.480054794523
서울특별시,성북구,월곡1동,서울특별시 성북구 월곡1동,11290715,17,24928.388520547946
서울특별시,성북구,월곡1동,서울특별시 성북구 월곡1동,11290715,18,25091.864136986303
서울특별시,성북구,월곡1동,서울특별시 성북구 월곡1동,11290715,19,25309.11419178082
서울특별시,성북구,월곡1동,서울특별시 성북구 월곡1동,11290715,20,25592.147479452055
서울특별시,성북구,월곡1동,서울특별시 성북구 월곡1동,11290715,21,25806.999315068493
서울특별시,성북구,월곡1동,서울특별시 성북구 월곡1동,11290715,22,26081.683863013695
서울특별시,성북구,월곡1동,서울특별시 성북구 월곡1동,11290715,23,26233.186273972602
서울특별시,성북구,월곡2동,서울특별시 성북구 월곡2동,11290725,00,23427.202904109592
서울특별시,성북구,월곡2동,서울특별시 성북구 월곡2동,11290725,01,23419.3295890411
서울특별시,성북구,월곡2동,서울특별시 성북구 월곡2동,11290725,02,23431.817287671234
서울특별시,성북구,월곡2동,서울특별시 성북구 월곡2동,11290725,03,23441.02490410959
서울특별시,성북구,월곡2동,서울특별시 성북구 월곡2동,11290725,04,23472.142136986302
서울특별시,성북구,월곡2동,서울특별시 성북구 월곡2동,11290725,05,23495.661205479453
서울특별시,성북구,월곡2동,서울특별시 성북구 월곡2동,11290725,06,23513.392794520547
서울특별시,성북구,월곡2동,서울특별시 성북구 월곡2동,11290725,07,23639.824904109588
서울특별시,성북구,월곡2동,서울특별시 성북구 월곡2동,11290725,08,23968.595753424655
서울특별시,성북구,월곡2동,서울특별시 성북구 월곡2동,11290725,09,23992.638575342466
서울특별시,성북구,월곡2동,서울특별시 성북구 월곡2동,11290725,10,24256.072520547947
서울특별시,성북구,월곡2동,서울특별시 성북구 월곡2동,11290725,11,24332.70153424658
서울특별시,성북구,월곡2동,서울특별시 성북구 월곡2동,11290725,12,24414.962383561644
서울특별시,성북구,월곡2동,서울특별시 성북구 월곡2동,11290725,13,24308.702821917806
서울특별시,성북구,월곡2동,서울특별시 성북구 월곡2동,11290725,14,24082.264767123288
서울특별시,성북구,월곡2동,서울특별시 성북구 월곡2동,11290725,15,23944.101917808217
서울특별시,성북구,월곡2동,서울특별시 성북구 월곡2동,11290725,16,23762.708602739727
서울특별시,성북구,월곡2동,서울특별시 성북구 월곡2동,11290725,17,23754.21005479452
서울특별시,성북구,월곡2동,서울특별시 성북구 월곡2동,11290725,18,23768.44109589041
서울특별시,성북구,월곡2동,서울특별시 성북구 월곡2동,11290725,19,23791.62183561644
서울특별시,성북구,월곡2동,서울특별시 성북구 월곡2동,11290725,20,23632.972958904113
서울특별시,성북구,월곡2동,서울특별시 성북구 월곡2동,11290725,21,23504.301917808218
서울특별시,성북구,월곡2동,서울특별시 성북구 월곡2동,11290725,22,23512.555150684933
서울특별시,성북구,월곡2동,서울특별시 성북구 월곡2동,11290725,23,23706.189726027398
서울특별시,성북구,장위1동,서울특별시 성북구 장위1동,11290760,00,26282.10621917808
서울특별시,성북구,장위1동,서울특별시 성북구 장위1동,11290760,01,26406.44290410959
서울특별시,성북구,장위1동,서울특별시 성북구 장위1동,11290760,02,26525.53287671233
서울특별시,성북구,장위1동,서울특별시 성북구 장위1동,11290760,03,26594.969479452055
서울특별시,성북구,장위1동,서울특별시 성북구 장위1동,11290760,04,26613.746328767123
서울특별시,성북구,장위1동,서울특별시 성북구 장위1동,11290760,05,26504.776657534247
서울특별시,성북구,장위1동,서울특별시 성북구 장위1동,11290760,06,26220.94495890411
서울특별시,성북구,장위1동,서울특별시 성북구 장위1동,11290760,07,25689.78301369863
서울특별시,성북구,장위1동,서울특별시 성북구 장위1동,11290760,08,24369.900219178082
서울특별시,성북구,장위1동,서울특별시 성북구 장위1동,11290760,09,22789.44909589041
서울특별시,성북구,장위1동,서울특별시 성북구 장위1동,11290760,10,21847.425643835617
서울특별시,성북구,장위1동,서울특별시 성북구 장위1동,11290760,11,21359.94293150685
서울특별시,성북구,장위1동,서울특별시 성북구 장위1동,11290760,12,21095.115835616438
서울특별시,성북구,장위1동,서울특별시 성북구 장위1동,11290760,13,20864.640356164386
서울특별시,성북구,장위1동,서울특별시 성북구 장위1동,11290760,14,20754.765561643835
서울특별시,성북구,장위1동,서울특별시 성북구 장위1동,11290760,15,20847.63208219178
서울특별시,성북구,장위1동,서울특별시 성북구 장위1동,11290760,16,21193.578767123287
서울특별시,성북구,장위1동,서울특별시 성북구 장위1동,11290760,17,21558.513369863012
서울특별시,성북구,장위1동,서울특별시 성북구 장위1동,11290760,18,22138.41295890411
서울특별시,성북구,장위1동,서울특별시 성북구 장위1동,11290760,19,23050.027698630136
서울특별시,성북구,장위1동,서울특별시 성북구 장위1동,11290760,20,23840.998356164386
서울특별시,성북구,장위1동,서울특별시 성북구 장위1동,11290760,21,24582.562821917807
서울특별시,성북구,장위1동,서울특별시 성북구 장위1동,11290760,22,25323.323863013702
서울특별시,성북구,장위1동,서울특별시 성북구 장위1동,11290760,23,25852.767863013698
서울특별시,성북구,장위2동,서울특별시 성북구 장위2동,11290770,00,13373.024904109589
서울특별시,성북구,장위2동,서울특별시 성북구 장위2동,11290770,01,13781.299561643835
서울특별시,성북구,장위2동,서울특별시 성북구 장위2동,11290770,02,13857.33695890411
서울특별시,성북구,장위2동,서울특별시 성북구 장위2동,11290770,03,13892.670794520547
서울특별시,성북구,장위2동,서울특별시 성북구 장위2동,11290770,04,13868.934794520548
서울특별시,성북구,장위2동,서울특별시 성북구 장위2동,11290770,05,13867.80115068493
서울특별시,성북구,장위2동,서울특별시 성북구 장위2동,11290770,06,13694.692630136986
서울특별시,성북구,장위2동,서울특별시 성북구 장위2동,11290770,07,13383.49290410959
서울특별시,성북구,장위2동,서울특별시 성북구 장위2동,11290770,08,13206.922493150685
서울특별시,성북구,장위2동,서울특별시 성북구 장위2동,11290770,09,13071.97175342466
서울특별시,성북구,장위2동,서울특별시 성북구 장위2동,11290770,10,12957.551753424657
서울특별시,성북구,장위2동,서울특별시 성북구 장위2동,11290770,11,12930.003999999999
서울특별시,성북구,장위2동,서울특별시 성북구 장위2동,11290770,12,12915.072602739727
서울특별시,성북구,장위2동,서울특별시 성북구 장위2동,11290770,13,12800.28076712329
서울특별시,성북구,장위2동,서울특별시 성북구 장위2동,11290770,14,12706.675424657535
서울특별시,성북구,장위2동,서울특별시 성북구 장위2동,11290770,15,12682.015315068493
서울특별시,성북구,장위2동,서울특별시 성북구 장위2동,11290770,16,12744.517835616438
서울특별시,성북구,장위2동,서울특별시 성북구 장위2동,11290770,17,12820.694575342464
서울특별시,성북구,장위2동,서울특별시 성북구 장위2동,11290770,18,12899.727424657534
서울특별시,성북구,장위2동,서울특별시 성북구 장위2동,11290770,19,13082.262301369863
서울특별시,성북구,장위2동,서울특별시 성북구 장위2동,11290770,20,13126.657041095892
서울특별시,성북구,장위2동,서울특별시 성북구 장위2동,11290770,21,13156.320739726028
서울특별시,성북구,장위2동,서울특별시 성북구 장위2동,11290770,22,13184.508
서울특별시,성북구,장위2동,서울특별시 성북구 장위2동,11290770,23,13154.87901369863
서울특별시,성북구,장위3동,서울특별시 성북구 장위3동,11290780,00,14630.580602739727
서울특별시,성북구,장위3동,서울특별시 성북구 장위3동,11290780,01,14738.068109589041
서울특별시,성북구,장위3동,서울특별시 성북구 장위3동,11290780,02,14800.24202739726
서울특별시,성북구,장위3동,서울특별시 성북구 장위3동,11290780,03,14819.436410958904
서울특별시,성북구,장위3동,서울특별시 성북구 장위3동,11290780,04,14812.878328767123
서울특별시,성북구,장위3동,서울특별시 성북구 장위3동,11290780,05,14798.383287671233
서울특별시,성북구,장위3동,서울특별시 성북구 장위3동,11290780,06,14757.300904109588
서울특별시,성북구,장위3동,서울특별시 성북구 장위3동,11290780,07,14497.519315068492
서울특별시,성북구,장위3동,서울특별시 성북구 장위3동,11290780,08,13761.966219178083
서울특별시,성북구,장위3동,서울특별시 성북구 장위3동,11290780,09,12912.187123287671
서울특별시,성북구,장위3동,서울특별시 성북구 장위3동,11290780,10,12384.452246575343
서울특별시,성북구,장위3동,서울특별시 성북구 장위3동,11290780,11,12009.535232876713
서울특별시,성북구,장위3동,서울특별시 성북구 장위3동,11290780,12,11767.235369863014
서울특별시,성북구,장위3동,서울특별시 성북구 장위3동,11290780,13,11672.008794520549
서울특별시,성북구,장위3동,서울특별시 성북구 장위3동,11290780,14,11614.468739726028
서울특별시,성북구,장위3동,서울특별시 성북구 장위3동,11290780,15,11656.752438356163
서울특별시,성북구,장위3동,서울특별시 성북구 장위3동,11290780,16,11735.665315068492
서울특별시,성북구,장위3동,서울특별시 성북구 장위3동,11290780,17,11841.05506849315
서울특별시,성북구,장위3동,서울특별시 성북구 장위3동,11290780,18,12114.479534246577
서울특별시,성북구,장위3동,서울특별시 성북구 장위3동,11290780,19,12614.360438356163
서울특별시,성북구,장위3동,서울특별시 성북구 장위3동,11290780,20,13159.938493150685
서울특별시,성북구,장위3동,서울특별시 성북구 장위3동,11290780,21,13528.596520547946
서울특별시,성북구,장위3동,서울특별시 성북구 장위3동,11290780,22,13928.36397260274
서울특별시,성북구,장위3동,서울특별시 성북구 장위3동,11290780,23,14236.298301369863
서울특별시,성북구,정릉1동,서울특별시 성북구 정릉1동,11290620,00,16747.320438356164
서울특별시,성북구,정릉1동,서울특별시 성북구 정릉1동,11290620,01,16947.632767123287
서울특별시,성북구,정릉1동,서울특별시 성북구 정릉1동,11290620,02,17071.820465753422
서울특별시,성북구,정릉1동,서울특별시 성북구 정릉1동,11290620,03,17124.007506849317
서울특별시,성북구,정릉1동,서울특별시 성북구 정릉1동,11290620,04,17139.74871232877
서울특별시,성북구,정릉1동,서울특별시 성북구 정릉1동,11290620,05,17067.821589041094
서울특별시,성북구,정릉1동,서울특별시 성북구 정릉1동,11290620,06,16837.360794520548
서울특별시,성북구,정릉1동,서울특별시 성북구 정릉1동,11290620,07,16329.153863013698
서울특별시,성북구,정릉1동,서울특별시 성북구 정릉1동,11290620,08,15398.31923287671
서울특별시,성북구,정릉1동,서울특별시 성북구 정릉1동,11290620,09,14213.879452054794
서울특별시,성북구,정릉1동,서울특별시 성북구 정릉1동,11290620,10,13464.016465753424
서울특별시,성북구,정릉1동,서울특별시 성북구 정릉1동,11290620,11,12966.957917808219
서울특별시,성북구,정릉1동,서울특별시 성북구 정릉1동,11290620,12,12615.100493150685
서울특별시,성북구,정릉1동,서울특별시 성북구 정릉1동,11290620,13,12330.020493150687
서울특별시,성북구,정릉1동,서울특별시 성북구 정릉1동,11290620,14,12219.932246575341
서울특별시,성북구,정릉1동,서울특별시 성북구 정릉1동,11290620,15,12274.242767123289
서울특별시,성북구,정릉1동,서울특별시 성북구 정릉1동,11290620,16,12545.902739726027
서울특별시,성북구,정릉1동,서울특별시 성북구 정릉1동,11290620,17,12839.268410958903
서울특별시,성북구,정릉1동,서울특별시 성북구 정릉1동,11290620,18,13176.136356164383
서울특별시,성북구,정릉1동,서울특별시 성북구 정릉1동,11290620,19,13806.588630136985
서울특별시,성북구,정릉1동,서울특별시 성북구 정릉1동,11290620,20,14400.400219178082
서울특별시,성북구,정릉1동,서울특별시 성북구 정릉1동,11290620,21,14907.602219178081
서울특별시,성북구,정릉1동,서울특별시 성북구 정릉1동,11290620,22,15479.456739726027
서울특별시,성북구,정릉1동,서울특별시 성북구 정릉1동,11290620,23,15839.732273972604
서울특별시,성북구,정릉2동,서울특별시 성북구 정릉2동,11290630,00,22314.932301369863
서울특별시,성북구,정릉2동,서울특별시 성북구 정릉2동,11290630,01,22469.91501369863
서울특별시,성북구,정릉2동,서울특별시 성북구 정릉2동,11290630,02,22451.750410958906
서울특별시,성북구,정릉2동,서울특별시 성북구 정릉2동,11290630,03,22510.738
서울특별시,성북구,정릉2동,서울특별시 성북구 정릉2동,11290630,04,22537.741835616438
서울특별시,성북구,정릉2동,서울특별시 성북구 정릉2동,11290630,05,22484.03605479452
서울특별시,성북구,정릉2동,서울특별시 성북구 정릉2동,11290630,06,22387.325780821917
서울특별시,성북구,정릉2동,서울특별시 성북구 정릉2동,11290630,07,21973.441260273972
서울특별시,성북구,정릉2동,서울특별시 성북구 정릉2동,11290630,08,20867.450630136987
서울특별시,성북구,정릉2동,서울특별시 성북구 정릉2동,11290630,09,19591.510465753425
서울특별시,성북구,정릉2동,서울특별시 성북구 정릉2동,11290630,10,18685.254630136988
서울특별시,성북구,정릉2동,서울특별시 성북구 정릉2동,11290630,11,18081.239178082193
서울특별시,성북구,정릉2동,서울특별시 성북구 정릉2동,11290630,12,17728.245643835617
서울특별시,성북구,정릉2동,서울특별시 성북구 정릉2동,11290630,13,17458.381753424655
서울특별시,성북구,정릉2동,서울특별시 성북구 정릉2동,11290630,14,17306.70819178082
서울특별시,성북구,정릉2동,서울특별시 성북구 정릉2동,11290630,15,17428.216164383564
서울특별시,성북구,정릉2동,서울특별시 성북구 정릉2동,11290630,16,17790.501561643836
서울특별시,성북구,정릉2동,서울특별시 성북구 정릉2동,11290630,17,18204.228410958905
서울특별시,성북구,정릉2동,서울특별시 성북구 정릉2동,11290630,18,18873.538410958907
서울특별시,성북구,정릉2동,서울특별시 성북구 정릉2동,11290630,19,19706.697397260272
서울특별시,성북구,정릉2동,서울특별시 성북구 정릉2동,11290630,20,20418.48906849315
서울특별시,성북구,정릉2동,서울특별시 성북구 정릉2동,11290630,21,21044.004465753424
서울특별시,성북구,정릉2동,서울특별시 성북구 정릉2동,11290630,22,21684.819534246573
서울특별시,성북구,정릉2동,서울특별시 성북구 정릉2동,11290630,23,22133.909095890413
서울특별시,성북구,정릉3동,서울특별시 성북구 정릉3동,11290640,00,14216.849753424658
서울특별시,성북구,정릉3동,서울특별시 성북구 정릉3동,11290640,01,14401.948438356163
서울특별시,성북구,정릉3동,서울특별시 성북구 정릉3동,11290640,02,14415.914136986301
서울특별시,성북구,정릉3동,서울특별시 성북구 정릉3동,11290640,03,14401.66002739726
서울특별시,성북구,정릉3동,서울특별시 성북구 정릉3동,11290640,04,14453.076602739726
서울특별시,성북구,정릉3동,서울특별시 성북구 정릉3동,11290640,05,14504.109671232878
서울특별시,성북구,정릉3동,서울특별시 성북구 정릉3동,11290640,06,14527.148273972603
서울특별시,성북구,정릉3동,서울특별시 성북구 정릉3동,11290640,07,14653.181698630138
서울특별시,성북구,정릉3동,서울특별시 성북구 정릉3동,11290640,08,15547.78104109589
서울특별시,성북구,정릉3동,서울특별시 성북구 정릉3동,11290640,09,17253.578438356166
서울특별시,성북구,정릉3동,서울특별시 성북구 정릉3동,11290640,10,18623.478712328768
서울특별시,성북구,정릉3동,서울특별시 성북구 정릉3동,11290640,11,19139.319561643835
서울특별시,성북구,정릉3동,서울특별시 성북구 정릉3동,11290640,12,19495.15131506849
서울특별시,성북구,정릉3동,서울특별시 성북구 정릉3동,11290640,13,19817.628027397262
서울특별시,성북구,정릉3동,서울특별시 성북구 정릉3동,11290640,14,19814.406410958905
서울특별시,성북구,정릉3동,서울특별시 성북구 정릉3동,11290640,15,19448.262
서울특별시,성북구,정릉3동,서울특별시 성북구 정릉3동,11290640,16,18648.51484931507
서울특별시,성북구,정릉3동,서울특별시 성북구 정릉3동,11290640,17,17573.634246575344
서울특별시,성북구,정릉3동,서울특별시 성북구 정릉3동,11290640,18,16539.39580821918
서울특별시,성북구,정릉3동,서울특별시 성북구 정릉3동,11290640,19,15811.886301369863
서울특별시,성북구,정릉3동,서울특별시 성북구 정릉3동,11290640,20,15391.29791780822
서울특별시,성북구,정릉3동,서울특별시 성북구 정릉3동,11290640,21,15048.852356164385
서울특별시,성북구,정릉3동,서울특별시 성북구 정릉3동,11290640,22,14751.28191780822
서울특별시,성북구,정릉3동,서울특별시 성북구 정릉3동,11290640,23,14387.387452054794
서울특별시,성북구,정릉4동,서울특별시 성북구 정릉4동,11290650,00,25429.973232876713
서울특별시,성북구,정릉4동,서울특별시 성북구 정릉4동,11290650,01,25581.562657534243
서울특별시,성북구,정릉4동,서울특별시 성북구 정릉4동,11290650,02,25629.730657534245
서울특별시,성북구,정릉4동,서울특별시 성북구 정릉4동,11290650,03,25669.935945205478
서울특별시,성북구,정릉4동,서울특별시 성북구 정릉4동,11290650,04,25729.310712328766
서울특별시,성북구,정릉4동,서울특별시 성북구 정릉4동,11290650,05,25631.998356164386
서울특별시,성북구,정릉4동,서울특별시 성북구 정릉4동,11290650,06,25414.380438356162
서울특별시,성북구,정릉4동,서울특별시 성북구 정릉4동,11290650,07,24949.328465753428
서울특별시,성북구,정릉4동,서울특별시 성북구 정릉4동,11290650,08,23765.854273972604
서울특별시,성북구,정릉4동,서울특별시 성북구 정릉4동,11290650,09,22396.54419178082
서울특별시,성북구,정릉4동,서울특별시 성북구 정릉4동,11290650,10,21480.642684931507
서울특별시,성북구,정릉4동,서울특별시 성북구 정릉4동,11290650,11,20989.6098630137
서울특별시,성북구,정릉4동,서울특별시 성북구 정릉4동,11290650,12,20766.66378082192
서울특별시,성북구,정릉4동,서울특별시 성북구 정릉4동,11290650,13,20509.982383561644
서울특별시,성북구,정릉4동,서울특별시 성북구 정릉4동,11290650,14,20298.326328767125
서울특별시,성북구,정릉4동,서울특별시 성북구 정릉4동,11290650,15,20316.142849315067
서울특별시,성북구,정릉4동,서울특별시 성북구 정릉4동,11290650,16,20534.18304109589
서울특별시,성북구,정릉4동,서울특별시 성북구 정릉4동,11290650,17,20830.055643835614
서울특별시,성북구,정릉4동,서울특별시 성북구 정릉4동,11290650,18,21254.90115068493
서울특별시,성북구,정릉4동,서울특별시 성북구 정릉4동,11290650,19,22009.67506849315
서울특별시,성북구,정릉4동,서울특별시 성북구 정릉4동,11290650,20,22861.136273972603
서울특별시,성북구,정릉4동,서울특별시 성북구 정릉4동,11290650,21,23679.412219178084
서울특별시,성북구,정릉4동,서울특별시 성북구 정릉4동,11290650,22,24537.812602739727
서울특별시,성북구,정릉4동,서울특별시 성북구 정릉4동,11290650,23,25101.842383561645
서울특별시,성북구,종암동,서울특별시 성북구 종암동,11290705,00,41025.62835616438
서울특별시,성북구,종암동,서울특별시 성북구 종암동,11290705,01,41233.98471232877
서울특별시,성북구,종암동,서울특별시 성북구 종암동,11290705,02,41289.227123287674
서울특별시,성북구,종암동,서울특별시 성북구 종암동,11290705,03,41364.81594520548
서울특별시,성북구,종암동,서울특별시 성북구 종암동,11290705,04,41439.74553424658
서울특별시,성북구,종암동,서울특별시 성북구 종암동,11290705,05,41406.837452054795
서울특별시,성북구,종암동,서울특별시 성북구 종암동,11290705,06,41189.92698630137
서울특별시,성북구,종암동,서울특별시 성북구 종암동,11290705,07,40821.10008219178
서울특별시,성북구,종암동,서울특별시 성북구 종암동,11290705,08,40118.016575342466
서울특별시,성북구,종암동,서울특별시 성북구 종암동,11290705,09,39506.74249315068
서울특별시,성북구,종암동,서울특별시 성북구 종암동,11290705,10,39136.844000000005
서울특별시,성북구,종암동,서울특별시 성북구 종암동,11290705,11,38586.73597260274
서울특별시,성북구,종암동,서울특별시 성북구 종암동,11290705,12,38083.45323287671
서울특별시,성북구,종암동,서울특별시 성북구 종암동,11290705,13,37852.538383561645
서울특별시,성북구,종암동,서울특별시 성북구 종암동,11290705,14,37656.203863013696
서울특별시,성북구,종암동,서울특별시 성북구 종암동,11290705,15,37713.89534246575
서울특별시,성북구,종암동,서울특별시 성북구 종암동,11290705,16,37844.59339726027
서울특별시,성북구,종암동,서울특별시 성북구 종암동,11290705,17,37886.78652054795
서울특별시,성북구,종암동,서울특별시 성북구 종암동,11290705,18,37895.53457534246
서울특별시,성북구,종암동,서울특별시 성북구 종암동,11290705,19,38277.40123287671
서울특별시,성북구,종암동,서울특별시 성북구 종암동,11290705,20,38884.91326027397
서울특별시,성북구,종암동,서울특별시 성북구 종암동,11290705,21,39494.10857534247
서울특별시,성북구,종암동,서울특별시 성북구 종암동,11290705,22,40094.15117808219
서울특별시,성북구,종암동,서울특별시 성북구 종암동,11290705,23,40514.629123287676
서울특별시,송파구,가락1동,서울특별시 송파구 가락1동,11710631,00,30210.68493150685
서울특별시,송파구,가락1동,서울특별시 송파구 가락1동,11710631,01,30413.278520547945
서울특별시,송파구,가락1동,서울특별시 송파구 가락1동,11710631,02,30595.27205479452
서울특별시,송파구,가락1동,서울특별시 송파구 가락1동,11710631,03,30782.214410958903
서울특별시,송파구,가락1동,서울특별시 송파구 가락1동,11710631,04,31087.870328767123
서울특별시,송파구,가락1동,서울특별시 송파구 가락1동,11710631,05,31247.674082191777
서울특별시,송파구,가락1동,서울특별시 송파구 가락1동,11710631,06,31021.018
서울특별시,송파구,가락1동,서울특별시 송파구 가락1동,11710631,07,30796.38493150685
서울특별시,송파구,가락1동,서울특별시 송파구 가락1동,11710631,08,30352.448438356165
서울특별시,송파구,가락1동,서울특별시 송파구 가락1동,11710631,09,29994.80002739726
서울특별시,송파구,가락1동,서울특별시 송파구 가락1동,11710631,10,29481.996767123288
서울특별시,송파구,가락1동,서울특별시 송파구 가락1동,11710631,11,29039.82005479452
서울특별시,송파구,가락1동,서울특별시 송파구 가락1동,11710631,12,28626.415726027397
서울특별시,송파구,가락1동,서울특별시 송파구 가락1동,11710631,13,28433.713479452053
서울특별시,송파구,가락1동,서울특별시 송파구 가락1동,11710631,14,28367.287753424655
서울특별시,송파구,가락1동,서울특별시 송파구 가락1동,11710631,15,28286.242986301368
서울특별시,송파구,가락1동,서울특별시 송파구 가락1동,11710631,16,28082.365561643834
서울특별시,송파구,가락1동,서울특별시 송파구 가락1동,11710631,17,28120.634465753425
서울특별시,송파구,가락1동,서울특별시 송파구 가락1동,11710631,18,28318.8761369863
서울특별시,송파구,가락1동,서울특별시 송파구 가락1동,11710631,19,28420.242575342465
서울특별시,송파구,가락1동,서울특별시 송파구 가락1동,11710631,20,28415.939534246576
서울특별시,송파구,가락1동,서울특별시 송파구 가락1동,11710631,21,28667.534602739728
서울특별시,송파구,가락1동,서울특별시 송파구 가락1동,11710631,22,29159.648630136988
서울특별시,송파구,가락1동,서울특별시 송파구 가락1동,11710631,23,29531.521452054796
서울특별시,송파구,가락2동,서울특별시 송파구 가락2동,11710632,00,29583.518
서울특별시,송파구,가락2동,서울특별시 송파구 가락2동,11710632,01,29687.270575342463
서울특별시,송파구,가락2동,서울특별시 송파구 가락2동,11710632,02,29737.227287671234
서울특별시,송파구,가락2동,서울특별시 송파구 가락2동,11710632,03,29741.64580821918
서울특별시,송파구,가락2동,서울특별시 송파구 가락2동,11710632,04,29750.42898630137
서울특별시,송파구,가락2동,서울특별시 송파구 가락2동,11710632,05,29816.556438356165
서울특별시,송파구,가락2동,서울특별시 송파구 가락2동,11710632,06,29663.54295890411
서울특별시,송파구,가락2동,서울특별시 송파구 가락2동,11710632,07,29214.513232876714
서울특별시,송파구,가락2동,서울특별시 송파구 가락2동,11710632,08,27968.910684931507
서울특별시,송파구,가락2동,서울특별시 송파구 가락2동,11710632,09,26765.38191780822
서울특별시,송파구,가락2동,서울특별시 송파구 가락2동,11710632,10,26143.757342465753
서울특별시,송파구,가락2동,서울특별시 송파구 가락2동,11710632,11,25806.078493150686
서울특별시,송파구,가락2동,서울특별시 송파구 가락2동,11710632,12,25568.26090410959
서울특별시,송파구,가락2동,서울특별시 송파구 가락2동,11710632,13,25215.205753424656
서울특별시,송파구,가락2동,서울특별시 송파구 가락2동,11710632,14,24941.863780821917
서울특별시,송파구,가락2동,서울특별시 송파구 가락2동,11710632,15,25037.357863013698
서울특별시,송파구,가락2동,서울특별시 송파구 가락2동,11710632,16,25350.43994520548
서울특별시,송파구,가락2동,서울특별시 송파구 가락2동,11710632,17,25667.018684931507
서울특별시,송파구,가락2동,서울특별시 송파구 가락2동,11710632,18,26264.581479452056
서울특별시,송파구,가락2동,서울특별시 송파구 가락2동,11710632,19,27050.407890410963
서울특별시,송파구,가락2동,서울특별시 송파구 가락2동,11710632,20,27690.917561643837
서울특별시,송파구,가락2동,서울특별시 송파구 가락2동,11710632,21,28403.402547945203
서울특별시,송파구,가락2동,서울특별시 송파구 가락2동,11710632,22,28931.30591780822
서울특별시,송파구,가락2동,서울특별시 송파구 가락2동,11710632,23,29166.86010958904
서울특별시,송파구,가락본동,서울특별시 송파구 가락본동,11710620,00,32634.068547945204
서울특별시,송파구,가락본동,서울특별시 송파구 가락본동,11710620,01,32316.100328767123
서울특별시,송파구,가락본동,서울특별시 송파구 가락본동,11710620,02,32089.569315068497
서울특별시,송파구,가락본동,서울특별시 송파구 가락본동,11710620,03,31837.68315068493
서울특별시,송파구,가락본동,서울특별시 송파구 가락본동,11710620,04,31656.07295890411
서울특별시,송파구,가락본동,서울특별시 송파구 가락본동,11710620,05,31599.878465753427
서울특별시,송파구,가락본동,서울특별시 송파구 가락본동,11710620,06,31731.64912328767
서울특별시,송파구,가락본동,서울특별시 송파구 가락본동,11710620,07,32552.8121369863
서울특별시,송파구,가락본동,서울특별시 송파구 가락본동,11710620,08,35060.42136986302
서울특별시,송파구,가락본동,서울특별시 송파구 가락본동,11710620,09,38411.80238356164
서울특별시,송파구,가락본동,서울특별시 송파구 가락본동,11710620,10,39777.84706849315
서울특별시,송파구,가락본동,서울특별시 송파구 가락본동,11710620,11,40493.60383561644
서울특별시,송파구,가락본동,서울특별시 송파구 가락본동,11710620,12,40702.36430136987
서울특별시,송파구,가락본동,서울특별시 송파구 가락본동,11710620,13,40485.71923287671
서울특별시,송파구,가락본동,서울특별시 송파구 가락본동,11710620,14,40266.58032876712
서울특별시,송파구,가락본동,서울특별시 송파구 가락본동,11710620,15,39845.59556164384
서울특별시,송파구,가락본동,서울특별시 송파구 가락본동,11710620,16,39474.375534246574
서울특별시,송파구,가락본동,서울특별시 송파구 가락본동,11710620,17,39072.27610958904
서울특별시,송파구,가락본동,서울특별시 송파구 가락본동,11710620,18,38087.47104109589
서울특별시,송파구,가락본동,서울특별시 송파구 가락본동,11710620,19,36439.845534246575
서울특별시,송파구,가락본동,서울특별시 송파구 가락본동,11710620,20,35478.08810958904
서울특별시,송파구,가락본동,서울특별시 송파구 가락본동,11710620,21,34782.46797260274
서울특별시,송파구,가락본동,서울특별시 송파구 가락본동,11710620,22,34129.60202739726
서울특별시,송파구,가락본동,서울특별시 송파구 가락본동,11710620,23,33471.93397260274
서울특별시,송파구,거여1동,서울특별시 송파구 거여1동,11710531,00,11278.137835616439
서울특별시,송파구,거여1동,서울특별시 송파구 거여1동,11710531,01,11273.045232876711
서울특별시,송파구,거여1동,서울특별시 송파구 거여1동,11710531,02,11271.004054794521
서울특별시,송파구,거여1동,서울특별시 송파구 거여1동,11710531,03,11271.603561643835
서울특별시,송파구,거여1동,서울특별시 송파구 거여1동,11710531,04,11242.155068493152
서울특별시,송파구,거여1동,서울특별시 송파구 거여1동,11710531,05,11223.117369863014
서울특별시,송파구,거여1동,서울특별시 송파구 거여1동,11710531,06,11111.877479452054
서울특별시,송파구,거여1동,서울특별시 송파구 거여1동,11710531,07,10976.01997260274
서울특별시,송파구,거여1동,서울특별시 송파구 거여1동,11710531,08,10877.286219178082
서울특별시,송파구,거여1동,서울특별시 송파구 거여1동,11710531,09,10957.442712328766
서울특별시,송파구,거여1동,서울특별시 송파구 거여1동,11710531,10,11003.99695890411
서울특별시,송파구,거여1동,서울특별시 송파구 거여1동,11710531,11,10975.123753424657
서울특별시,송파구,거여1동,서울특별시 송파구 거여1동,11710531,12,10894.215726027396
서울특별시,송파구,거여1동,서울특별시 송파구 거여1동,11710531,13,10804.2218630137
서울특별시,송파구,거여1동,서울특별시 송파구 거여1동,11710531,14,10756.149397260273
서울특별시,송파구,거여1동,서울특별시 송파구 거여1동,11710531,15,10798.481561643835
서울특별시,송파구,거여1동,서울특별시 송파구 거여1동,11710531,16,10880.587205479453
서울특별시,송파구,거여1동,서울특별시 송파구 거여1동,11710531,17,10958.132739726028
서울특별시,송파구,거여1동,서울특별시 송파구 거여1동,11710531,18,11005.32298630137
서울특별시,송파구,거여1동,서울특별시 송파구 거여1동,11710531,19,11137.907260273972
서울특별시,송파구,거여1동,서울특별시 송파구 거여1동,11710531,20,11208.404273972603
서울특별시,송파구,거여1동,서울특별시 송파구 거여1동,11710531,21,11229.26578082192
서울특별시,송파구,거여1동,서울특별시 송파구 거여1동,11710531,22,11229.808054794521
서울특별시,송파구,거여1동,서울특별시 송파구 거여1동,11710531,23,11283.919863013698
서울특별시,송파구,거여2동,서울특별시 송파구 거여2동,11710532,00,23895.535315068493
서울특별시,송파구,거여2동,서울특별시 송파구 거여2동,11710532,01,23953.732657534245
서울특별시,송파구,거여2동,서울특별시 송파구 거여2동,11710532,02,24051.771452054796
서울특별시,송파구,거여2동,서울특별시 송파구 거여2동,11710532,03,24086.18493150685
서울특별시,송파구,거여2동,서울특별시 송파구 거여2동,11710532,04,24084.92698630137
서울특별시,송파구,거여2동,서울특별시 송파구 거여2동,11710532,05,23974.455726027398
서울특별시,송파구,거여2동,서울특별시 송파구 거여2동,11710532,06,23664.57893150685
서울특별시,송파구,거여2동,서울특별시 송파구 거여2동,11710532,07,23110.87216438356
서울특별시,송파구,거여2동,서울특별시 송파구 거여2동,11710532,08,21888.44493150685
서울특별시,송파구,거여2동,서울특별시 송파구 거여2동,11710532,09,20778.58498630137
서울특별시,송파구,거여2동,서울특별시 송파구 거여2동,11710532,10,19938.751589041098
서울특별시,송파구,거여2동,서울특별시 송파구 거여2동,11710532,11,19423.07794520548
서울특별시,송파구,거여2동,서울특별시 송파구 거여2동,11710532,12,19190.688575342465
서울특별시,송파구,거여2동,서울특별시 송파구 거여2동,11710532,13,18896.636575342465
서울특별시,송파구,거여2동,서울특별시 송파구 거여2동,11710532,14,18772.994273972603
서울특별시,송파구,거여2동,서울특별시 송파구 거여2동,11710532,15,18976.2621369863
서울특별시,송파구,거여2동,서울특별시 송파구 거여2동,11710532,16,19305.62421917808
서울특별시,송파구,거여2동,서울특별시 송파구 거여2동,11710532,17,19765.51608219178
서울특별시,송파구,거여2동,서울특별시 송파구 거여2동,11710532,18,20387.328410958904
서울특별시,송파구,거여2동,서울특별시 송파구 거여2동,11710532,19,21218.612849315068
서울특별시,송파구,거여2동,서울특별시 송파구 거여2동,11710532,20,21884.762301369865
서울특별시,송파구,거여2동,서울특별시 송파구 거여2동,11710532,21,22528.10594520548
서울특별시,송파구,거여2동,서울특별시 송파구 거여2동,11710532,22,23135.076575342464
서울특별시,송파구,거여2동,서울특별시 송파구 거여2동,11710532,23,23558.858164383564
서울특별시,송파구,마천1동,서울특별시 송파구 마천1동,11710540,00,14296.200958904108
서울특별시,송파구,마천1동,서울특별시 송파구 마천1동,11710540,01,14363.586520547946
서울특별시,송파구,마천1동,서울특별시 송파구 마천1동,11710540,02,14392.21298630137
서울특별시,송파구,마천1동,서울특별시 송파구 마천1동,11710540,03,14411.411260273973
서울특별시,송파구,마천1동,서울특별시 송파구 마천1동,11710540,04,14402.659808219178
서울특별시,송파구,마천1동,서울특별시 송파구 마천1동,11710540,05,14357.754054794521
서울특별시,송파구,마천1동,서울특별시 송파구 마천1동,11710540,06,14149.847232876713
서울특별시,송파구,마천1동,서울특별시 송파구 마천1동,11710540,07,13693.281232876714
서울특별시,송파구,마천1동,서울특별시 송파구 마천1동,11710540,08,12745.54408219178
서울특별시,송파구,마천1동,서울특별시 송파구 마천1동,11710540,09,11767.388575342466
서울특별시,송파구,마천1동,서울특별시 송파구 마천1동,11710540,10,11220.173123287672
서울특별시,송파구,마천1동,서울특별시 송파구 마천1동,11710540,11,10847.467342465754
서울특별시,송파구,마천1동,서울특별시 송파구 마천1동,11710540,12,10676.346684931506
서울특별시,송파구,마천1동,서울특별시 송파구 마천1동,11710540,13,10604.981589041096
서울특별시,송파구,마천1동,서울특별시 송파구 마천1동,11710540,14,10531.894301369863
서울특별시,송파구,마천1동,서울특별시 송파구 마천1동,11710540,15,10675.652657534247
서울특별시,송파구,마천1동,서울특별시 송파구 마천1동,11710540,16,10901.846630136986
서울특별시,송파구,마천1동,서울특별시 송파구 마천1동,11710540,17,11152.523643835617
서울특별시,송파구,마천1동,서울특별시 송파구 마천1동,11710540,18,11574.919068493151
서울특별시,송파구,마천1동,서울특별시 송파구 마천1동,11710540,19,12137.713753424656
서울특별시,송파구,마천1동,서울특별시 송파구 마천1동,11710540,20,12681.032
서울특별시,송파구,마천1동,서울특별시 송파구 마천1동,11710540,21,13185.836136986303
서울특별시,송파구,마천1동,서울특별시 송파구 마천1동,11710540,22,13638.452191780822
서울특별시,송파구,마천1동,서울특별시 송파구 마천1동,11710540,23,13928.213808219178
서울특별시,송파구,마천2동,서울특별시 송파구 마천2동,11710550,00,19024.33104109589
서울특별시,송파구,마천2동,서울특별시 송파구 마천2동,11710550,01,19067.299452054795
서울특별시,송파구,마천2동,서울특별시 송파구 마천2동,11710550,02,19181.297561643838
서울특별시,송파구,마천2동,서울특별시 송파구 마천2동,11710550,03,19215.865287671233
서울특별시,송파구,마천2동,서울특별시 송파구 마천2동,11710550,04,19199.084767123288
서울특별시,송파구,마천2동,서울특별시 송파구 마천2동,11710550,05,19043.67923287671
서울특별시,송파구,마천2동,서울특별시 송파구 마천2동,11710550,06,18623.377287671232
서울특별시,송파구,마천2동,서울특별시 송파구 마천2동,11710550,07,18060.220493150686
서울특별시,송파구,마천2동,서울특별시 송파구 마천2동,11710550,08,17245.300383561644
서울특별시,송파구,마천2동,서울특별시 송파구 마천2동,11710550,09,16600.360027397262
서울특별시,송파구,마천2동,서울특별시 송파구 마천2동,11710550,10,16233.507671232876
서울특별시,송파구,마천2동,서울특별시 송파구 마천2동,11710550,11,16210.925342465753
서울특별시,송파구,마천2동,서울특별시 송파구 마천2동,11710550,12,16156.326849315068
서울특별시,송파구,마천2동,서울특별시 송파구 마천2동,11710550,13,16082.422712328767
서울특별시,송파구,마천2동,서울특별시 송파구 마천2동,11710550,14,16014.904191780823
서울특별시,송파구,마천2동,서울특별시 송파구 마천2동,11710550,15,16162.503780821917
서울특별시,송파구,마천2동,서울특별시 송파구 마천2동,11710550,16,16527.80887671233
서울특별시,송파구,마천2동,서울특별시 송파구 마천2동,11710550,17,16904.167068493152
서울특별시,송파구,마천2동,서울특별시 송파구 마천2동,11710550,18,17294.967424657534
서울특별시,송파구,마천2동,서울특별시 송파구 마천2동,11710550,19,17707.284438356164
서울특별시,송파구,마천2동,서울특별시 송파구 마천2동,11710550,20,17924.32873972603
서울특별시,송파구,마천2동,서울특별시 송파구 마천2동,11710550,21,18115.92934246575
서울특별시,송파구,마천2동,서울특별시 송파구 마천2동,11710550,22,18462.720958904112
서울특별시,송파구,마천2동,서울특별시 송파구 마천2동,11710550,23,18676.94178082192
서울특별시,송파구,문정1동,서울특별시 송파구 문정1동,11710641,00,21449.85810958904
서울특별시,송파구,문정1동,서울특별시 송파구 문정1동,11710641,01,21438.75690410959
서울특별시,송파구,문정1동,서울특별시 송파구 문정1동,11710641,02,21398.48695890411
서울특별시,송파구,문정1동,서울특별시 송파구 문정1동,11710641,03,21384.4658630137
서울특별시,송파구,문정1동,서울특별시 송파구 문정1동,11710641,04,21403.048821917808
서울특별시,송파구,문정1동,서울특별시 송파구 문정1동,11710641,05,21334.05405479452
서울특별시,송파구,문정1동,서울특별시 송파구 문정1동,11710641,06,21200.424273972603
서울특별시,송파구,문정1동,서울특별시 송파구 문정1동,11710641,07,21334.97090410959
서울특별시,송파구,문정1동,서울특별시 송파구 문정1동,11710641,08,21483.7201369863
서울특별시,송파구,문정1동,서울특별시 송파구 문정1동,11710641,09,21248.847397260273
서울특별시,송파구,문정1동,서울특별시 송파구 문정1동,11710641,10,21145.73969863014
서울특별시,송파구,문정1동,서울특별시 송파구 문정1동,11710641,11,21112.781123287674
서울특별시,송파구,문정1동,서울특별시 송파구 문정1동,11710641,12,21157.535671232876
서울특별시,송파구,문정1동,서울특별시 송파구 문정1동,11710641,13,21143.120712328768
서울특별시,송파구,문정1동,서울특별시 송파구 문정1동,11710641,14,21110.008410958904
서울특별시,송파구,문정1동,서울특별시 송파구 문정1동,11710641,15,20959.2741369863
서울특별시,송파구,문정1동,서울특별시 송파구 문정1동,11710641,16,20952.72895890411
서울특별시,송파구,문정1동,서울특별시 송파구 문정1동,11710641,17,21071.739506849313
서울특별시,송파구,문정1동,서울특별시 송파구 문정1동,11710641,18,21479.914794520548
서울특별시,송파구,문정1동,서울특별시 송파구 문정1동,11710641,19,21615.166602739726
서울특별시,송파구,문정1동,서울특별시 송파구 문정1동,11710641,20,21607.17019178082
서울특별시,송파구,문정1동,서울특별시 송파구 문정1동,11710641,21,21618.259506849314
서울특별시,송파구,문정1동,서울특별시 송파구 문정1동,11710641,22,21482.322356164383
서울특별시,송파구,문정1동,서울특별시 송파구 문정1동,11710641,23,21360.9581369863
서울특별시,송파구,문정2동,서울특별시 송파구 문정2동,11710642,00,32505.77131506849
서울특별시,송파구,문정2동,서울특별시 송파구 문정2동,11710642,01,32250.596219178078
서울특별시,송파구,문정2동,서울특별시 송파구 문정2동,11710642,02,31819.466465753423
서울특별시,송파구,문정2동,서울특별시 송파구 문정2동,11710642,03,31686.68668493151
서울특별시,송파구,문정2동,서울특별시 송파구 문정2동,11710642,04,31522.18493150685
서울특별시,송파구,문정2동,서울특별시 송파구 문정2동,11710642,05,31546.106465753423
서울특별시,송파구,문정2동,서울특별시 송파구 문정2동,11710642,06,33077.189589041096
서울특별시,송파구,문정2동,서울특별시 송파구 문정2동,11710642,07,36164.57147945205
서울특별시,송파구,문정2동,서울특별시 송파구 문정2동,11710642,08,44191.16657534247
서울특별시,송파구,문정2동,서울특별시 송파구 문정2동,11710642,09,54491.147917808215
서울특별시,송파구,문정2동,서울특별시 송파구 문정2동,11710642,10,59489.5641369863
서울특별시,송파구,문정2동,서울특별시 송파구 문정2동,11710642,11,62438.30652054794
서울특별시,송파구,문정2동,서울특별시 송파구 문정2동,11710642,12,64106.34942465753
서울특별시,송파구,문정2동,서울특별시 송파구 문정2동,11710642,13,65544.91002739726
서울특별시,송파구,문정2동,서울특별시 송파구 문정2동,11710642,14,66039.33432876713
서울특별시,송파구,문정2동,서울특별시 송파구 문정2동,11710642,15,65359.80169863014
서울특별시,송파구,문정2동,서울특별시 송파구 문정2동,11710642,16,63427.7244109589
서울특별시,송파구,문정2동,서울특별시 송파구 문정2동,11710642,17,60567.132904109596
서울특별시,송파구,문정2동,서울특별시 송파구 문정2동,11710642,18,54332.21287671233
서울특별시,송파구,문정2동,서울특별시 송파구 문정2동,11710642,19,46136.95104109589
서울특별시,송파구,문정2동,서울특별시 송파구 문정2동,11710642,20,40705.52657534246
서울특별시,송파구,문정2동,서울특별시 송파구 문정2동,11710642,21,37063.31405479452
서울특별시,송파구,문정2동,서울특별시 송파구 문정2동,11710642,22,34670.91838356165
서울특별시,송파구,문정2동,서울특별시 송파구 문정2동,11710642,23,33472.11068493151
서울특별시,송파구,방이1동,서울특별시 송파구 방이1동,11710561,00,16529.147753424655
서울특별시,송파구,방이1동,서울특별시 송파구 방이1동,11710561,01,16466.098520547945
서울특별시,송파구,방이1동,서울특별시 송파구 방이1동,11710561,02,16408.172219178083
서울특별시,송파구,방이1동,서울특별시 송파구 방이1동,11710561,03,16387.125479452054
서울특별시,송파구,방이1동,서울특별시 송파구 방이1동,11710561,04,16424.647260273974
서울특별시,송파구,방이1동,서울특별시 송파구 방이1동,11710561,05,16424.887397260274
서울특별시,송파구,방이1동,서울특별시 송파구 방이1동,11710561,06,16562.95397260274
서울특별시,송파구,방이1동,서울특별시 송파구 방이1동,11710561,07,16699.10915068493
서울특별시,송파구,방이1동,서울특별시 송파구 방이1동,11710561,08,16904.892986301373
서울특별시,송파구,방이1동,서울특별시 송파구 방이1동,11710561,09,17399.24882191781
서울특별시,송파구,방이1동,서울특별시 송파구 방이1동,11710561,10,17925.056630136987
서울특별시,송파구,방이1동,서울특별시 송파구 방이1동,11710561,11,18362.998465753426
서울특별시,송파구,방이1동,서울특별시 송파구 방이1동,11710561,12,18913.979479452053
서울특별시,송파구,방이1동,서울특별시 송파구 방이1동,11710561,13,19037.519643835618
서울특별시,송파구,방이1동,서울특별시 송파구 방이1동,11710561,14,19134.740273972602
서울특별시,송파구,방이1동,서울특별시 송파구 방이1동,11710561,15,19307.94778082192
서울특별시,송파구,방이1동,서울특별시 송파구 방이1동,11710561,16,20098.013753424657
서울특별시,송파구,방이1동,서울특별시 송파구 방이1동,11710561,17,20855.723945205482
서울특별시,송파구,방이1동,서울특별시 송파구 방이1동,11710561,18,21495.5075890411
서울특별시,송파구,방이1동,서울특별시 송파구 방이1동,11710561,19,21505.936767123287
서울특별시,송파구,방이1동,서울특별시 송파구 방이1동,11710561,20,20719.64498630137
서울특별시,송파구,방이1동,서울특별시 송파구 방이1동,11710561,21,19848.45712328767
서울특별시,송파구,방이1동,서울특별시 송파구 방이1동,11710561,22,18078.886821917808
서울특별시,송파구,방이1동,서울특별시 송파구 방이1동,11710561,23,17282.033534246577
서울특별시,송파구,방이2동,서울특별시 송파구 방이2동,11710562,00,33898.11473972603
서울특별시,송파구,방이2동,서울특별시 송파구 방이2동,11710562,01,33097.78742465754
서울특별시,송파구,방이2동,서울특별시 송파구 방이2동,11710562,02,32271.975616438354
서울특별시,송파구,방이2동,서울특별시 송파구 방이2동,11710562,03,31648.923753424657
서울특별시,송파구,방이2동,서울특별시 송파구 방이2동,11710562,04,31233.34578082192
서울특별시,송파구,방이2동,서울특별시 송파구 방이2동,11710562,05,30969.67309589041
서울특별시,송파구,방이2동,서울특별시 송파구 방이2동,11710562,06,30964.343397260272
서울특별시,송파구,방이2동,서울특별시 송파구 방이2동,11710562,07,31197.122849315067
서울특별시,송파구,방이2동,서울특별시 송파구 방이2동,11710562,08,31643.787150684933
서울특별시,송파구,방이2동,서울특별시 송파구 방이2동,11710562,09,32402.987232876712
서울특별시,송파구,방이2동,서울특별시 송파구 방이2동,11710562,10,32843.72408219178
서울특별시,송파구,방이2동,서울특별시 송파구 방이2동,11710562,11,33782.24112328767
서울특별시,송파구,방이2동,서울특별시 송파구 방이2동,11710562,12,34619.449753424655
서울특별시,송파구,방이2동,서울특별시 송파구 방이2동,11710562,13,34719.31580821918
서울특별시,송파구,방이2동,서울특별시 송파구 방이2동,11710562,14,34754.68698630137
서울특별시,송파구,방이2동,서울특별시 송파구 방이2동,11710562,15,34938.996849315066
서울특별시,송파구,방이2동,서울특별시 송파구 방이2동,11710562,16,35487.550767123284
서울특별시,송파구,방이2동,서울특별시 송파구 방이2동,11710562,17,36907.816520547945
서울특별시,송파구,방이2동,서울특별시 송파구 방이2동,11710562,18,39283.47389041096
서울특별시,송파구,방이2동,서울특별시 송파구 방이2동,11710562,19,40893.54208219178
서울특별시,송파구,방이2동,서울특별시 송파구 방이2동,11710562,20,41027.411424657534
서울특별시,송파구,방이2동,서울특별시 송파구 방이2동,11710562,21,40389.89819178082
서울특별시,송파구,방이2동,서울특별시 송파구 방이2동,11710562,22,38810.41369863014
서울특별시,송파구,방이2동,서울특별시 송파구 방이2동,11710562,23,36768.45747945206
서울특별시,송파구,삼전동,서울특별시 송파구 삼전동,11710610,00,30303.608739726027
서울특별시,송파구,삼전동,서울특별시 송파구 삼전동,11710610,01,30481.276191780824
서울특별시,송파구,삼전동,서울특별시 송파구 삼전동,11710610,02,30638.093178082192
서울특별시,송파구,삼전동,서울특별시 송파구 삼전동,11710610,03,30754.817013698634
서울특별시,송파구,삼전동,서울특별시 송파구 삼전동,11710610,04,30830.647780821917
서울특별시,송파구,삼전동,서울특별시 송파구 삼전동,11710610,05,30770.55591780822
서울특별시,송파구,삼전동,서울특별시 송파구 삼전동,11710610,06,30522.76712328767
서울특별시,송파구,삼전동,서울특별시 송파구 삼전동,11710610,07,30129.576465753424
서울특별시,송파구,삼전동,서울특별시 송파구 삼전동,11710610,08,29265.11901369863
서울특별시,송파구,삼전동,서울특별시 송파구 삼전동,11710610,09,27649.663671232876
서울특별시,송파구,삼전동,서울특별시 송파구 삼전동,11710610,10,26589.07336986301
서울특별시,송파구,삼전동,서울특별시 송파구 삼전동,11710610,11,25899.645150684933
서울특별시,송파구,삼전동,서울특별시 송파구 삼전동,11710610,12,25395.53726027397
서울특별시,송파구,삼전동,서울특별시 송파구 삼전동,11710610,13,25086.27901369863
서울특별시,송파구,삼전동,서울특별시 송파구 삼전동,11710610,14,24845.888383561643
서울특별시,송파구,삼전동,서울특별시 송파구 삼전동,11710610,15,24815.570520547946
서울특별시,송파구,삼전동,서울특별시 송파구 삼전동,11710610,16,24873.204876712327
서울특별시,송파구,삼전동,서울특별시 송파구 삼전동,11710610,17,25134.656958904106
서울특별시,송파구,삼전동,서울특별시 송파구 삼전동,11710610,18,25770.734219178084
서울특별시,송파구,삼전동,서울특별시 송파구 삼전동,11710610,19,26581.194246575342
서울특별시,송파구,삼전동,서울특별시 송파구 삼전동,11710610,20,27337.261397260274
서울특별시,송파구,삼전동,서울특별시 송파구 삼전동,11710610,21,28280.198136986302
서울특별시,송파구,삼전동,서울특별시 송파구 삼전동,11710610,22,29170.047260273972
서울특별시,송파구,삼전동,서울특별시 송파구 삼전동,11710610,23,29718.654821917808
서울특별시,송파구,석촌동,서울특별시 송파구 석촌동,11710600,00,33311.69186301369
서울특별시,송파구,석촌동,서울특별시 송파구 석촌동,11710600,01,33243.22791780822
서울특별시,송파구,석촌동,서울특별시 송파구 석촌동,11710600,02,33235.58846575342
서울특별시,송파구,석촌동,서울특별시 송파구 석촌동,11710600,03,33230.61142465753
서울특별시,송파구,석촌동,서울특별시 송파구 석촌동,11710600,04,33246.028520547945
서울특별시,송파구,석촌동,서울특별시 송파구 석촌동,11710600,05,33207.13019178082
서울특별시,송파구,석촌동,서울특별시 송파구 석촌동,11710600,06,33110.98526027397
서울특별시,송파구,석촌동,서울특별시 송파구 석촌동,11710600,07,32976.831698630136
서울특별시,송파구,석촌동,서울특별시 송파구 석촌동,11710600,08,32365.229917808218
서울특별시,송파구,석촌동,서울특별시 송파구 석촌동,11710600,09,31730.04010958904
서울특별시,송파구,석촌동,서울특별시 송파구 석촌동,11710600,10,31689.11602739726
서울특별시,송파구,석촌동,서울특별시 송파구 석촌동,11710600,11,31946.919178082193
서울특별시,송파구,석촌동,서울특별시 송파구 석촌동,11710600,12,32271.81783561644
서울특별시,송파구,석촌동,서울특별시 송파구 석촌동,11710600,13,32135.693671232875
서울특별시,송파구,석촌동,서울특별시 송파구 석촌동,11710600,14,31905.715232876715
서울특별시,송파구,석촌동,서울특별시 송파구 석촌동,11710600,15,31812.002
서울특별시,송파구,석촌동,서울특별시 송파구 석촌동,11710600,16,31985.508684931505
서울특별시,송파구,석촌동,서울특별시 송파구 석촌동,11710600,17,32265.015808219177
서울특별시,송파구,석촌동,서울특별시 송파구 석촌동,11710600,18,32962.80956164384
서울특별시,송파구,석촌동,서울특별시 송파구 석촌동,11710600,19,33605.7978630137
서울특별시,송파구,석촌동,서울특별시 송파구 석촌동,11710600,20,33785.284
서울특별시,송파구,석촌동,서울특별시 송파구 석촌동,11710600,21,33797.42567123287
서울특별시,송파구,석촌동,서울특별시 송파구 석촌동,11710600,22,33736.49101369863
서울특별시,송파구,석촌동,서울특별시 송파구 석촌동,11710600,23,33664.616575342465
서울특별시,송파구,송파1동,서울특별시 송파구 송파1동,11710580,00,27262.5618630137
서울특별시,송파구,송파1동,서울특별시 송파구 송파1동,11710580,01,27191.56473972603
서울특별시,송파구,송파1동,서울특별시 송파구 송파1동,11710580,02,27154.424356164385
서울특별시,송파구,송파1동,서울특별시 송파구 송파1동,11710580,03,27124.733972602742
서울특별시,송파구,송파1동,서울특별시 송파구 송파1동,11710580,04,27116.074465753423
서울특별시,송파구,송파1동,서울특별시 송파구 송파1동,11710580,05,27104.05005479452
서울특별시,송파구,송파1동,서울특별시 송파구 송파1동,11710580,06,27116.605315068493
서울특별시,송파구,송파1동,서울특별시 송파구 송파1동,11710580,07,27109.325561643836
서울특별시,송파구,송파1동,서울특별시 송파구 송파1동,11710580,08,26846.007808219176
서울특별시,송파구,송파1동,서울특별시 송파구 송파1동,11710580,09,26508.590575342467
서울특별시,송파구,송파1동,서울특별시 송파구 송파1동,11710580,10,26701.874493150684
서울특별시,송파구,송파1동,서울특별시 송파구 송파1동,11710580,11,27442.000219178084
서울특별시,송파구,송파1동,서울특별시 송파구 송파1동,11710580,12,28422.32328767123
서울특별시,송파구,송파1동,서울특별시 송파구 송파1동,11710580,13,28825.901835616438
서울특별시,송파구,송파1동,서울특별시 송파구 송파1동,11710580,14,29005.880438356162
서울특별시,송파구,송파1동,서울특별시 송파구 송파1동,11710580,15,28975.642356164386
서울특별시,송파구,송파1동,서울특별시 송파구 송파1동,11710580,16,28983.017671232876
서울특별시,송파구,송파1동,서울특별시 송파구 송파1동,11710580,17,29358.472602739726
서울특별시,송파구,송파1동,서울특별시 송파구 송파1동,11710580,18,30232.848739726025
서울특별시,송파구,송파1동,서울특별시 송파구 송파1동,11710580,19,30953.40320547945
서울특별시,송파구,송파1동,서울특별시 송파구 송파1동,11710580,20,30692.365863013696
서울특별시,송파구,송파1동,서울특별시 송파구 송파1동,11710580,21,29958.088328767124
서울특별시,송파구,송파1동,서울특별시 송파구 송파1동,11710580,22,28966.498520547946
서울특별시,송파구,송파1동,서울특별시 송파구 송파1동,11710580,23,28168.83498630137
서울특별시,송파구,송파2동,서울특별시 송파구 송파2동,11710590,00,19918.65701369863
서울특별시,송파구,송파2동,서울특별시 송파구 송파2동,11710590,01,20014.848520547945
서울특별시,송파구,송파2동,서울특별시 송파구 송파2동,11710590,02,20101.88076712329
서울특별시,송파구,송파2동,서울특별시 송파구 송파2동,11710590,03,20137.323260273974
서울특별시,송파구,송파2동,서울특별시 송파구 송파2동,11710590,04,20146.222164383562
서울특별시,송파구,송파2동,서울특별시 송파구 송파2동,11710590,05,20171.45967123288
서울특별시,송파구,송파2동,서울특별시 송파구 송파2동,11710590,06,19967.437561643834
서울특별시,송파구,송파2동,서울특별시 송파구 송파2동,11710590,07,19637.91701369863
서울특별시,송파구,송파2동,서울특별시 송파구 송파2동,11710590,08,19455.881369863015
서울특별시,송파구,송파2동,서울특별시 송파구 송파2동,11710590,09,18591.261589041096
서울특별시,송파구,송파2동,서울특별시 송파구 송파2동,11710590,10,18053.03493150685
서울특별시,송파구,송파2동,서울특별시 송파구 송파2동,11710590,11,17573.510273972603
서울특별시,송파구,송파2동,서울특별시 송파구 송파2동,11710590,12,17151.018438356165
서울특별시,송파구,송파2동,서울특별시 송파구 송파2동,11710590,13,16883.87816438356
서울특별시,송파구,송파2동,서울특별시 송파구 송파2동,11710590,14,16813.371753424657
서울특별시,송파구,송파2동,서울특별시 송파구 송파2동,11710590,15,16714.729534246577
서울특별시,송파구,송파2동,서울특별시 송파구 송파2동,11710590,16,16709.68490410959
서울특별시,송파구,송파2동,서울특별시 송파구 송파2동,11710590,17,16756.473561643834
서울특별시,송파구,송파2동,서울특별시 송파구 송파2동,11710590,18,17085.58416438356
서울특별시,송파구,송파2동,서울특별시 송파구 송파2동,11710590,19,17561.04397260274
서울특별시,송파구,송파2동,서울특별시 송파구 송파2동,11710590,20,17993.63098630137
서울특별시,송파구,송파2동,서울특별시 송파구 송파2동,11710590,21,18501.80709589041
서울특별시,송파구,송파2동,서울특별시 송파구 송파2동,11710590,22,19105.778876712327
서울특별시,송파구,송파2동,서울특별시 송파구 송파2동,11710590,23,19454.629342465752
서울특별시,송파구,오금동,서울특별시 송파구 오금동,11710570,00,39658.694684931506
서울특별시,송파구,오금동,서울특별시 송파구 오금동,11710570,01,39795.909863013694
서울특별시,송파구,오금동,서울특별시 송파구 오금동,11710570,02,39949.94657534247
서울특별시,송파구,오금동,서울특별시 송파구 오금동,11710570,03,40033.42991780822
서울특별시,송파구,오금동,서울특별시 송파구 오금동,11710570,04,40069.305452054796
서울특별시,송파구,오금동,서울특별시 송파구 오금동,11710570,05,39979.14389041096
서울특별시,송파구,오금동,서울특별시 송파구 오금동,11710570,06,39770.4404109589
서울특별시,송파구,오금동,서울특별시 송파구 오금동,11710570,07,39745.181260273974
서울특별시,송파구,오금동,서울특별시 송파구 오금동,11710570,08,39906.31024657534
서울특별시,송파구,오금동,서울특별시 송파구 오금동,11710570,09,38632.815205479455
서울특별시,송파구,오금동,서울특별시 송파구 오금동,11710570,10,37574.82945205479
서울특별시,송파구,오금동,서울특별시 송파구 오금동,11710570,11,36858.605178082194
서울특별시,송파구,오금동,서울특별시 송파구 오금동,11710570,12,36402.94690410959
서울특별시,송파구,오금동,서울특별시 송파구 오금동,11710570,13,36096.292
서울특별시,송파구,오금동,서울특별시 송파구 오금동,11710570,14,35760.097726027394
서울특별시,송파구,오금동,서울특별시 송파구 오금동,11710570,15,35562.0966849315
서울특별시,송파구,오금동,서울특별시 송파구 오금동,11710570,16,35510.397260273974
서울특별시,송파구,오금동,서울특별시 송파구 오금동,11710570,17,35651.405342465754
서울특별시,송파구,오금동,서울특별시 송파구 오금동,11710570,18,36063.1853150685
서울특별시,송파구,오금동,서울특별시 송파구 오금동,11710570,19,36825.60471232877
서울특별시,송파구,오금동,서울특별시 송파구 오금동,11710570,20,37391.41071232877
서울특별시,송파구,오금동,서울특별시 송파구 오금동,11710570,21,37953.61838356165
서울특별시,송파구,오금동,서울특별시 송파구 오금동,11710570,22,38443.511369863016
서울특별시,송파구,오금동,서울특별시 송파구 오금동,11710570,23,38907.36794520548
서울특별시,송파구,오륜동,서울특별시 송파구 오륜동,11710566,00,16599.80821917808
서울특별시,송파구,오륜동,서울특별시 송파구 오륜동,11710566,01,16603.116191780824
서울특별시,송파구,오륜동,서울특별시 송파구 오륜동,11710566,02,16661.68602739726
서울특별시,송파구,오륜동,서울특별시 송파구 오륜동,11710566,03,16705.31523287671
서울특별시,송파구,오륜동,서울특별시 송파구 오륜동,11710566,04,16751.655863013697
서울특별시,송파구,오륜동,서울특별시 송파구 오륜동,11710566,05,16799.901342465753
서울특별시,송파구,오륜동,서울특별시 송파구 오륜동,11710566,06,17235.875863013698
서울특별시,송파구,오륜동,서울특별시 송파구 오륜동,11710566,07,17654.520082191782
서울특별시,송파구,오륜동,서울특별시 송파구 오륜동,11710566,08,18076.463808219178
서울특별시,송파구,오륜동,서울특별시 송파구 오륜동,11710566,09,19221.871397260275
서울특별시,송파구,오륜동,서울특별시 송파구 오륜동,11710566,10,19932.42301369863
서울특별시,송파구,오륜동,서울특별시 송파구 오륜동,11710566,11,20507.510246575344
서울특별시,송파구,오륜동,서울특별시 송파구 오륜동,11710566,12,20838.43169863014
서울특별시,송파구,오륜동,서울특별시 송파구 오륜동,11710566,13,21704.182575342464
서울특별시,송파구,오륜동,서울특별시 송파구 오륜동,11710566,14,22785.179808219178
서울특별시,송파구,오륜동,서울특별시 송파구 오륜동,11710566,15,23806.187369863015
서울특별시,송파구,오륜동,서울특별시 송파구 오륜동,11710566,16,24492.878410958903
서울특별시,송파구,오륜동,서울특별시 송파구 오륜동,11710566,17,24559.39904109589
서울특별시,송파구,오륜동,서울특별시 송파구 오륜동,11710566,18,23941.06690410959
서울특별시,송파구,오륜동,서울특별시 송파구 오륜동,11710566,19,23386.34353424658
서울특별시,송파구,오륜동,서울특별시 송파구 오륜동,11710566,20,22578.61895890411
서울특별시,송파구,오륜동,서울특별시 송파구 오륜동,11710566,21,21003.147287671232
서울특별시,송파구,오륜동,서울특별시 송파구 오륜동,11710566,22,18961.180602739725
서울특별시,송파구,오륜동,서울특별시 송파구 오륜동,11710566,23,17543.963342465755
서울특별시,송파구,위례동,서울특별시 송파구 위례동,11710647,00,45962.552328767124
서울특별시,송파구,위례동,서울특별시 송파구 위례동,11710647,01,46039.63704109589
서울특별시,송파구,위례동,서울특별시 송파구 위례동,11710647,02,45979.76887671233
서울특별시,송파구,위례동,서울특별시 송파구 위례동,11710647,03,46016.47794520548
서울특별시,송파구,위례동,서울특별시 송파구 위례동,11710647,04,46087.32087671233
서울특별시,송파구,위례동,서울특별시 송파구 위례동,11710647,05,46154.22805479452
서울특별시,송파구,위례동,서울특별시 송파구 위례동,11710647,06,46102.83736986302
서울특별시,송파구,위례동,서울특별시 송파구 위례동,11710647,07,45639.348328767126
서울특별시,송파구,위례동,서울특별시 송파구 위례동,11710647,08,43942.07063013699
서울특별시,송파구,위례동,서울특별시 송파구 위례동,11710647,09,41393.0718630137
서울특별시,송파구,위례동,서울특별시 송파구 위례동,11710647,10,39821.7914520548
서울특별시,송파구,위례동,서울특별시 송파구 위례동,11710647,11,38730.639178082194
서울특별시,송파구,위례동,서울특별시 송파구 위례동,11710647,12,38067.460712328764
서울특별시,송파구,위례동,서울특별시 송파구 위례동,11710647,13,37807.04353424658
서울특별시,송파구,위례동,서울특별시 송파구 위례동,11710647,14,37667.78378082192
서울특별시,송파구,위례동,서울특별시 송파구 위례동,11710647,15,37685.852630136986
서울특별시,송파구,위례동,서울특별시 송파구 위례동,11710647,16,37794.66638356164
서울특별시,송파구,위례동,서울특별시 송파구 위례동,11710647,17,38259.09531506849
서울특별시,송파구,위례동,서울특별시 송파구 위례동,11710647,18,39387.52715068493
서울특별시,송파구,위례동,서울특별시 송파구 위례동,11710647,19,40850.43542465753
서울특별시,송파구,위례동,서울특별시 송파구 위례동,11710647,20,42198.614356164384
서울특별시,송파구,위례동,서울특별시 송파구 위례동,11710647,21,43408.1093150685
서울특별시,송파구,위례동,서울특별시 송파구 위례동,11710647,22,44753.699013698635
서울특별시,송파구,위례동,서울특별시 송파구 위례동,11710647,23,45452.87783561644
서울특별시,송파구,잠실2동,서울특별시 송파구 잠실2동,11710670,00,33566.79528767123
서울특별시,송파구,잠실2동,서울특별시 송파구 잠실2동,11710670,01,33671.88569863013
서울특별시,송파구,잠실2동,서울특별시 송파구 잠실2동,11710670,02,33727.146493150685
서울특별시,송파구,잠실2동,서울특별시 송파구 잠실2동,11710670,03,33720.95953424658
서울특별시,송파구,잠실2동,서울특별시 송파구 잠실2동,11710670,04,33719.35978082192
서울특별시,송파구,잠실2동,서울특별시 송파구 잠실2동,11710670,05,33718.08030136987
서울특별시,송파구,잠실2동,서울특별시 송파구 잠실2동,11710670,06,33973.09008219178
서울특별시,송파구,잠실2동,서울특별시 송파구 잠실2동,11710670,07,34174.20389041096
서울특별시,송파구,잠실2동,서울특별시 송파구 잠실2동,11710670,08,33776.212630136986
서울특별시,송파구,잠실2동,서울특별시 송파구 잠실2동,11710670,09,33045.89728767123
서울특별시,송파구,잠실2동,서울특별시 송파구 잠실2동,11710670,10,32565.971452054793
서울특별시,송파구,잠실2동,서울특별시 송파구 잠실2동,11710670,11,32322.330630136985
서울특별시,송파구,잠실2동,서울특별시 송파구 잠실2동,11710670,12,32341.20060273973
서울특별시,송파구,잠실2동,서울특별시 송파구 잠실2동,11710670,13,32958.717945205484
서울특별시,송파구,잠실2동,서울특별시 송파구 잠실2동,11710670,14,33859.17438356164
서울특별시,송파구,잠실2동,서울특별시 송파구 잠실2동,11710670,15,34348.08153424657
서울특별시,송파구,잠실2동,서울특별시 송파구 잠실2동,11710670,16,35107.22328767123
서울특별시,송파구,잠실2동,서울특별시 송파구 잠실2동,11710670,17,36197.654465753425
서울특별시,송파구,잠실2동,서울특별시 송파구 잠실2동,11710670,18,38290.655479452056
서울특별시,송파구,잠실2동,서울특별시 송파구 잠실2동,11710670,19,39300.53512328767
서울특별시,송파구,잠실2동,서울특별시 송파구 잠실2동,11710670,20,39030.53326027397
서울특별시,송파구,잠실2동,서울특별시 송파구 잠실2동,11710670,21,37987.52726027397
서울특별시,송파구,잠실2동,서울특별시 송파구 잠실2동,11710670,22,35804.84246575343
서울특별시,송파구,잠실2동,서울특별시 송파구 잠실2동,11710670,23,34052.147397260276
서울특별시,송파구,잠실3동,서울특별시 송파구 잠실3동,11710680,00,40826.718383561645
서울특별시,송파구,잠실3동,서울특별시 송파구 잠실3동,11710680,01,40836.271424657534
서울특별시,송파구,잠실3동,서울특별시 송파구 잠실3동,11710680,02,40877.76882191781
서울특별시,송파구,잠실3동,서울특별시 송파구 잠실3동,11710680,03,40898.04610958904
서울특별시,송파구,잠실3동,서울특별시 송파구 잠실3동,11710680,04,40927.70279452055
서울특별시,송파구,잠실3동,서울특별시 송파구 잠실3동,11710680,05,40955.33095890411
서울특별시,송파구,잠실3동,서울특별시 송파구 잠실3동,11710680,06,41208.19153424657
서울특별시,송파구,잠실3동,서울특별시 송파구 잠실3동,11710680,07,41611.0033150685
서울특별시,송파구,잠실3동,서울특별시 송파구 잠실3동,11710680,08,41033.601945205475
서울특별시,송파구,잠실3동,서울특별시 송파구 잠실3동,11710680,09,42163.41238356164
서울특별시,송파구,잠실3동,서울특별시 송파구 잠실3동,11710680,10,45774.66712328767
서울특별시,송파구,잠실3동,서울특별시 송파구 잠실3동,11710680,11,49309.82978082192
서울특별시,송파구,잠실3동,서울특별시 송파구 잠실3동,11710680,12,52727.9277260274
서울특별시,송파구,잠실3동,서울특별시 송파구 잠실3동,11710680,13,54628.882630136985
서울특별시,송파구,잠실3동,서울특별시 송파구 잠실3동,11710680,14,56342.376657534245
서울특별시,송파구,잠실3동,서울특별시 송파구 잠실3동,11710680,15,57489.57432876712
서울특별시,송파구,잠실3동,서울특별시 송파구 잠실3동,11710680,16,58041.11739726028
서울특별시,송파구,잠실3동,서울특별시 송파구 잠실3동,11710680,17,57428.534082191785
서울특별시,송파구,잠실3동,서울특별시 송파구 잠실3동,11710680,18,56619.37158904109
서울특별시,송파구,잠실3동,서울특별시 송파구 잠실3동,11710680,19,55084.70550684932
서울특별시,송파구,잠실3동,서울특별시 송파구 잠실3동,11710680,20,51419.61063013698
서울특별시,송파구,잠실3동,서울특별시 송파구 잠실3동,11710680,21,47464.13249315068
서울특별시,송파구,잠실3동,서울특별시 송파구 잠실3동,11710680,22,44345.11030136986
서울특별시,송파구,잠실3동,서울특별시 송파구 잠실3동,11710680,23,42243.48523287671
서울특별시,송파구,잠실4동,서울특별시 송파구 잠실4동,11710690,00,22439.19583561644
서울특별시,송파구,잠실4동,서울특별시 송파구 잠실4동,11710690,01,22533.410109589044
서울특별시,송파구,잠실4동,서울특별시 송파구 잠실4동,11710690,02,22595.99397260274
서울특별시,송파구,잠실4동,서울특별시 송파구 잠실4동,11710690,03,22632.93287671233
서울특별시,송파구,잠실4동,서울특별시 송파구 잠실4동,11710690,04,22663.525452054793
서울특별시,송파구,잠실4동,서울특별시 송파구 잠실4동,11710690,05,22709.784547945208
서울특별시,송파구,잠실4동,서울특별시 송파구 잠실4동,11710690,06,23171.568602739724
서울특별시,송파구,잠실4동,서울특별시 송파구 잠실4동,11710690,07,23401.78079452055
서울특별시,송파구,잠실4동,서울특별시 송파구 잠실4동,11710690,08,22515.4001369863
서울특별시,송파구,잠실4동,서울특별시 송파구 잠실4동,11710690,09,21662.485232876712
서울특별시,송파구,잠실4동,서울특별시 송파구 잠실4동,11710690,10,20845.420547945207
서울특별시,송파구,잠실4동,서울특별시 송파구 잠실4동,11710690,11,20091.87539726027
서울특별시,송파구,잠실4동,서울특별시 송파구 잠실4동,11710690,12,19495.048602739727
서울특별시,송파구,잠실4동,서울특별시 송파구 잠실4동,11710690,13,19463.347178082193
서울특별시,송파구,잠실4동,서울특별시 송파구 잠실4동,11710690,14,19640.705369863015
서울특별시,송파구,잠실4동,서울특별시 송파구 잠실4동,11710690,15,19899.58871232877
서울특별시,송파구,잠실4동,서울특별시 송파구 잠실4동,11710690,16,19930.48506849315
서울특별시,송파구,잠실4동,서울특별시 송파구 잠실4동,11710690,17,19713.676082191778
서울특별시,송파구,잠실4동,서울특별시 송파구 잠실4동,11710690,18,19569.05821917808
서울특별시,송파구,잠실4동,서울특별시 송파구 잠실4동,11710690,19,19940.467452054796
서울특별시,송파구,잠실4동,서울특별시 송파구 잠실4동,11710690,20,20544.004904109588
서울특별시,송파구,잠실4동,서울특별시 송파구 잠실4동,11710690,21,21182.391671232876
서울특별시,송파구,잠실4동,서울특별시 송파구 잠실4동,11710690,22,21754.563698630136
서울특별시,송파구,잠실4동,서울특별시 송파구 잠실4동,11710690,23,22066.360767123286
서울특별시,송파구,잠실6동,서울특별시 송파구 잠실6동,11710710,00,18366.896958904108
서울특별시,송파구,잠실6동,서울특별시 송파구 잠실6동,11710710,01,17925.43890410959
서울특별시,송파구,잠실6동,서울특별시 송파구 잠실6동,11710710,02,17615.077890410957
서울특별시,송파구,잠실6동,서울특별시 송파구 잠실6동,11710710,03,17502.625671232876
서울특별시,송파구,잠실6동,서울특별시 송파구 잠실6동,11710710,04,17497.745808219177
서울특별시,송파구,잠실6동,서울특별시 송파구 잠실6동,11710710,05,17863.228054794523
서울특별시,송파구,잠실6동,서울특별시 송파구 잠실6동,11710710,06,19221.18520547945
서울특별시,송파구,잠실6동,서울특별시 송파구 잠실6동,11710710,07,22206.257397260273
서울특별시,송파구,잠실6동,서울특별시 송파구 잠실6동,11710710,08,30190.79791780822
서울특별시,송파구,잠실6동,서울특별시 송파구 잠실6동,11710710,09,41257.921424657536
서울특별시,송파구,잠실6동,서울특별시 송파구 잠실6동,11710710,10,48238.44375342465
서울특별시,송파구,잠실6동,서울특별시 송파구 잠실6동,11710710,11,54694.68410958904
서울특별시,송파구,잠실6동,서울특별시 송파구 잠실6동,11710710,12,59099.028821917804
서울특별시,송파구,잠실6동,서울특별시 송파구 잠실6동,11710710,13,64016.7058630137
서울특별시,송파구,잠실6동,서울특별시 송파구 잠실6동,11710710,14,66866.55030136986
서울특별시,송파구,잠실6동,서울특별시 송파구 잠실6동,11710710,15,67836.91819178082
서울특별시,송파구,잠실6동,서울특별시 송파구 잠실6동,11710710,16,66599.32175342467
서울특별시,송파구,잠실6동,서울특별시 송파구 잠실6동,11710710,17,63423.778109589046
서울특별시,송파구,잠실6동,서울특별시 송파구 잠실6동,11710710,18,57721.85046575343
서울특별시,송파구,잠실6동,서울특별시 송파구 잠실6동,11710710,19,49649.29024657534
서울특별시,송파구,잠실6동,서울특별시 송파구 잠실6동,11710710,20,42127.248410958906
서울특별시,송파구,잠실6동,서울특별시 송파구 잠실6동,11710710,21,34682.11408219178
서울특별시,송파구,잠실6동,서울특별시 송파구 잠실6동,11710710,22,26609.416191780823
서울특별시,송파구,잠실6동,서울특별시 송파구 잠실6동,11710710,23,21662.633808219176
서울특별시,송파구,잠실7동,서울특별시 송파구 잠실7동,11710720,00,10457.463424657533
서울특별시,송파구,잠실7동,서울특별시 송파구 잠실7동,11710720,01,10462.936630136986
서울특별시,송파구,잠실7동,서울특별시 송파구 잠실7동,11710720,02,10478.98997260274
서울특별시,송파구,잠실7동,서울특별시 송파구 잠실7동,11710720,03,10499.636301369863
서울특별시,송파구,잠실7동,서울특별시 송파구 잠실7동,11710720,04,10521.546575342465
서울특별시,송파구,잠실7동,서울특별시 송파구 잠실7동,11710720,05,10591.527643835616
서울특별시,송파구,잠실7동,서울특별시 송파구 잠실7동,11710720,06,10910.681232876712
서울특별시,송파구,잠실7동,서울특별시 송파구 잠실7동,11710720,07,11527.135753424656
서울특별시,송파구,잠실7동,서울특별시 송파구 잠실7동,11710720,08,12701.453205479453
서울특별시,송파구,잠실7동,서울특별시 송파구 잠실7동,11710720,09,13364.358383561643
서울특별시,송파구,잠실7동,서울특별시 송파구 잠실7동,11710720,10,13835.624931506849
서울특별시,송파구,잠실7동,서울특별시 송파구 잠실7동,11710720,11,13761.580410958903
서울특별시,송파구,잠실7동,서울특별시 송파구 잠실7동,11710720,12,13581.073342465752
서울특별시,송파구,잠실7동,서울특별시 송파구 잠실7동,11710720,13,13703.589589041096
서울특별시,송파구,잠실7동,서울특별시 송파구 잠실7동,11710720,14,13714.584958904108
서울특별시,송파구,잠실7동,서울특별시 송파구 잠실7동,11710720,15,13642.10597260274
서울특별시,송파구,잠실7동,서울특별시 송파구 잠실7동,11710720,16,13470.199506849316
서울특별시,송파구,잠실7동,서울특별시 송파구 잠실7동,11710720,17,13192.857479452055
서울특별시,송파구,잠실7동,서울특별시 송파구 잠실7동,11710720,18,12726.155369863014
서울특별시,송파구,잠실7동,서울특별시 송파구 잠실7동,11710720,19,12150.882876712329
서울특별시,송파구,잠실7동,서울특별시 송파구 잠실7동,11710720,20,11863.985726027397
서울특별시,송파구,잠실7동,서울특별시 송파구 잠실7동,11710720,21,11750.373589041097
서울특별시,송파구,잠실7동,서울특별시 송파구 잠실7동,11710720,22,11380.375369863013
서울특별시,송파구,잠실7동,서울특별시 송파구 잠실7동,11710720,23,10784.88695890411
서울특별시,송파구,잠실본동,서울특별시 송파구 잠실본동,11710650,00,31020.51884931507
서울특별시,송파구,잠실본동,서울특별시 송파구 잠실본동,11710650,01,30628.062301369864
서울특별시,송파구,잠실본동,서울특별시 송파구 잠실본동,11710650,02,30322.54180821918
서울특별시,송파구,잠실본동,서울특별시 송파구 잠실본동,11710650,03,30083.830575342465
서울특별시,송파구,잠실본동,서울특별시 송파구 잠실본동,11710650,04,29945.624301369862
서울특별시,송파구,잠실본동,서울특별시 송파구 잠실본동,11710650,05,29923.641479452057
서울특별시,송파구,잠실본동,서울특별시 송파구 잠실본동,11710650,06,29942.272958904112
서울특별시,송파구,잠실본동,서울특별시 송파구 잠실본동,11710650,07,29787.560273972602
서울특별시,송파구,잠실본동,서울특별시 송파구 잠실본동,11710650,08,29369.314602739727
서울특별시,송파구,잠실본동,서울특별시 송파구 잠실본동,11710650,09,29336.5242739726
서울특별시,송파구,잠실본동,서울특별시 송파구 잠실본동,11710650,10,29933.035808219178
서울특별시,송파구,잠실본동,서울특별시 송파구 잠실본동,11710650,11,30738.233452054796
서울특별시,송파구,잠실본동,서울특별시 송파구 잠실본동,11710650,12,31241.21920547945
서울특별시,송파구,잠실본동,서울특별시 송파구 잠실본동,11710650,13,31093.332219178083
서울특별시,송파구,잠실본동,서울특별시 송파구 잠실본동,11710650,14,31109.01997260274
서울특별시,송파구,잠실본동,서울특별시 송파구 잠실본동,11710650,15,31348.845479452055
서울특별시,송파구,잠실본동,서울특별시 송파구 잠실본동,11710650,16,31843.552410958906
서울특별시,송파구,잠실본동,서울특별시 송파구 잠실본동,11710650,17,32783.42424657534
서울특별시,송파구,잠실본동,서울특별시 송파구 잠실본동,11710650,18,34243.78216438356
서울특별시,송파구,잠실본동,서울특별시 송파구 잠실본동,11710650,19,35520.017890410956
서울특별시,송파구,잠실본동,서울특별시 송파구 잠실본동,11710650,20,35447.270547945205
서울특별시,송파구,잠실본동,서울특별시 송파구 잠실본동,11710650,21,34882.70736986301
서울특별시,송파구,잠실본동,서울특별시 송파구 잠실본동,11710650,22,34088.27547945206
서울특별시,송파구,잠실본동,서울특별시 송파구 잠실본동,11710650,23,32912.81668493151
서울특별시,송파구,장지동,서울특별시 송파구 장지동,11710646,00,32995.548575342465
서울특별시,송파구,장지동,서울특별시 송파구 장지동,11710646,01,33109.91868493151
서울특별시,송파구,장지동,서울특별시 송파구 장지동,11710646,02,33247.706191780824
서울특별시,송파구,장지동,서울특별시 송파구 장지동,11710646,03,33305.623753424654
서울특별시,송파구,장지동,서울특별시 송파구 장지동,11710646,04,33324.00561643836
서울특별시,송파구,장지동,서울특별시 송파구 장지동,11710646,05,33168.80767123288
서울특별시,송파구,장지동,서울특별시 송파구 장지동,11710646,06,32882.102410958905
서울특별시,송파구,장지동,서울특별시 송파구 장지동,11710646,07,32360.13821917808
서울특별시,송파구,장지동,서울특별시 송파구 장지동,11710646,08,31589.082082191784
서울특별시,송파구,장지동,서울특별시 송파구 장지동,11710646,09,30228.605917808218
서울특별시,송파구,장지동,서울특별시 송파구 장지동,11710646,10,29062.349671232878
서울특별시,송파구,장지동,서울특별시 송파구 장지동,11710646,11,28123.11994520548
서울특별시,송파구,장지동,서울특별시 송파구 장지동,11710646,12,27500.60739726027
서울특별시,송파구,장지동,서울특별시 송파구 장지동,11710646,13,27188.60994520548
서울특별시,송파구,장지동,서울특별시 송파구 장지동,11710646,14,27122.04167123288
서울특별시,송파구,장지동,서울특별시 송파구 장지동,11710646,15,27194.025397260273
서울특별시,송파구,장지동,서울특별시 송파구 장지동,11710646,16,27304.05106849315
서울특별시,송파구,장지동,서울특별시 송파구 장지동,11710646,17,27519.710465753426
서울특별시,송파구,장지동,서울특별시 송파구 장지동,11710646,18,28352.78287671233
서울특별시,송파구,장지동,서울특별시 송파구 장지동,11710646,19,29477.604602739724
서울특별시,송파구,장지동,서울특별시 송파구 장지동,11710646,20,30359.502739726027
서울특별시,송파구,장지동,서울특별시 송파구 장지동,11710646,21,31063.269095890413
서울특별시,송파구,장지동,서울특별시 송파구 장지동,11710646,22,31774.932520547944
서울특별시,송파구,장지동,서울특별시 송파구 장지동,11710646,23,32360.951780821917
서울특별시,송파구,풍납1동,서울특별시 송파구 풍납1동,11710510,00,11871.658109589041
서울특별시,송파구,풍납1동,서울특별시 송파구 풍납1동,11710510,01,11898.611698630135
서울특별시,송파구,풍납1동,서울특별시 송파구 풍납1동,11710510,02,11940.590712328769
서울특별시,송파구,풍납1동,서울특별시 송파구 풍납1동,11710510,03,11960.572328767124
서울특별시,송파구,풍납1동,서울특별시 송파구 풍납1동,11710510,04,11950.84391780822
서울특별시,송파구,풍납1동,서울특별시 송파구 풍납1동,11710510,05,11861.579479452053
서울특별시,송파구,풍납1동,서울특별시 송파구 풍납1동,11710510,06,11647.195424657535
서울특별시,송파구,풍납1동,서울특별시 송파구 풍납1동,11710510,07,11352.507671232876
서울특별시,송파구,풍납1동,서울특별시 송파구 풍납1동,11710510,08,10758.553315068493
서울특별시,송파구,풍납1동,서울특별시 송파구 풍납1동,11710510,09,10008.269863013698
서울특별시,송파구,풍납1동,서울특별시 송파구 풍납1동,11710510,10,9589.762602739725
서울특별시,송파구,풍납1동,서울특별시 송파구 풍납1동,11710510,11,9373.368575342465
서울특별시,송파구,풍납1동,서울특별시 송파구 풍납1동,11710510,12,9337.305397260274
서울특별시,송파구,풍납1동,서울특별시 송파구 풍납1동,11710510,13,9236.69394520548
서울특별시,송파구,풍납1동,서울특별시 송파구 풍납1동,11710510,14,9132.907808219179
서울특별시,송파구,풍납1동,서울특별시 송파구 풍납1동,11710510,15,9271.22101369863
서울특별시,송파구,풍납1동,서울특별시 송파구 풍납1동,11710510,16,9528.438657534247
서울특별시,송파구,풍납1동,서울특별시 송파구 풍납1동,11710510,17,9768.96101369863
서울특별시,송파구,풍납1동,서울특별시 송파구 풍납1동,11710510,18,10124.01495890411
서울특별시,송파구,풍납1동,서울특별시 송파구 풍납1동,11710510,19,10507.162520547945
서울특별시,송파구,풍납1동,서울특별시 송파구 풍납1동,11710510,20,10820.034630136986
서울특별시,송파구,풍납1동,서울특별시 송파구 풍납1동,11710510,21,11128.450027397259
서울특별시,송파구,풍납1동,서울특별시 송파구 풍납1동,11710510,22,11452.298684931508
서울특별시,송파구,풍납1동,서울특별시 송파구 풍납1동,11710510,23,11653.661726027398
서울특별시,송파구,풍납2동,서울특별시 송파구 풍납2동,11710520,00,28134.702164383558
서울특별시,송파구,풍납2동,서울특별시 송파구 풍납2동,11710520,01,28203.239671232877
서울특별시,송파구,풍납2동,서울특별시 송파구 풍납2동,11710520,02,28307.05915068493
서울특별시,송파구,풍납2동,서울특별시 송파구 풍납2동,11710520,03,28362.84438356164
서울특별시,송파구,풍납2동,서울특별시 송파구 풍납2동,11710520,04,28426.04142465753
서울특별시,송파구,풍납2동,서울특별시 송파구 풍납2동,11710520,05,28666.108520547943
서울특별시,송파구,풍납2동,서울특별시 송파구 풍납2동,11710520,06,29966.797835616442
서울특별시,송파구,풍납2동,서울특별시 송파구 풍납2동,11710520,07,32348.485041095893
서울특별시,송파구,풍납2동,서울특별시 송파구 풍납2동,11710520,08,36149.36093150685
서울특별시,송파구,풍납2동,서울특별시 송파구 풍납2동,11710520,09,38650.56410958904
서울특별시,송파구,풍납2동,서울특별시 송파구 풍납2동,11710520,10,40062.54980821918
서울특별시,송파구,풍납2동,서울특별시 송파구 풍납2동,11710520,11,39838.97893150685
서울특별시,송파구,풍납2동,서울특별시 송파구 풍납2동,11710520,12,38825.52684931507
서울특별시,송파구,풍납2동,서울특별시 송파구 풍납2동,11710520,13,39040.17835616438
서울특별시,송파구,풍납2동,서울특별시 송파구 풍납2동,11710520,14,39557.00063013699
서울특별시,송파구,풍납2동,서울특별시 송파구 풍납2동,11710520,15,38581.840356164386
서울특별시,송파구,풍납2동,서울특별시 송파구 풍납2동,11710520,16,36318.62750684931
서울특별시,송파구,풍납2동,서울특별시 송파구 풍납2동,11710520,17,33597.58263013699
서울특별시,송파구,풍납2동,서울특별시 송파구 풍납2동,11710520,18,30202.71953424658
서울특별시,송파구,풍납2동,서울특별시 송파구 풍납2동,11710520,19,28465.222301369864
서울특별시,송파구,풍납2동,서울특별시 송파구 풍납2동,11710520,20,28042.529780821915
서울특별시,송파구,풍납2동,서울특별시 송파구 풍납2동,11710520,21,28036.398547945206
서울특별시,송파구,풍납2동,서울특별시 송파구 풍납2동,11710520,22,28355.23315068493
서울특별시,송파구,풍납2동,서울특별시 송파구 풍납2동,11710520,23,28234.52424657534
서울특별시,양천구,목1동,서울특별시 양천구 목1동,11470510,00,32094.417890410958
서울특별시,양천구,목1동,서울특별시 양천구 목1동,11470510,01,31850.3455890411
서울특별시,양천구,목1동,서울특별시 양천구 목1동,11470510,02,31665.11397260274
서울특별시,양천구,목1동,서울특별시 양천구 목1동,11470510,03,31523.04506849315
서울특별시,양천구,목1동,서울특별시 양천구 목1동,11470510,04,31490.473205479455
서울특별시,양천구,목1동,서울특별시 양천구 목1동,11470510,05,31727.5458630137
서울특별시,양천구,목1동,서울특별시 양천구 목1동,11470510,06,31974.62704109589
서울특별시,양천구,목1동,서울특별시 양천구 목1동,11470510,07,32358.09805479452
서울특별시,양천구,목1동,서울특별시 양천구 목1동,11470510,08,33385.864383561646
서울특별시,양천구,목1동,서울특별시 양천구 목1동,11470510,09,35189.813753424656
서울특별시,양천구,목1동,서울특별시 양천구 목1동,11470510,10,37000.07391780822
서울특별시,양천구,목1동,서울특별시 양천구 목1동,11470510,11,38290.918301369864
서울특별시,양천구,목1동,서울특별시 양천구 목1동,11470510,12,39426.586027397265
서울특별시,양천구,목1동,서울특별시 양천구 목1동,11470510,13,40243.26123287671
서울특별시,양천구,목1동,서울특별시 양천구 목1동,11470510,14,41103.24923287671
서울특별시,양천구,목1동,서울특별시 양천구 목1동,11470510,15,41422.5441369863
서울특별시,양천구,목1동,서울특별시 양천구 목1동,11470510,16,41544.18545205479
서울특별시,양천구,목1동,서울특별시 양천구 목1동,11470510,17,41661.28509589041
서울특별시,양천구,목1동,서울특별시 양천구 목1동,11470510,18,41480.286602739725
서울특별시,양천구,목1동,서울특별시 양천구 목1동,11470510,19,40392.967287671236
서울특별시,양천구,목1동,서울특별시 양천구 목1동,11470510,20,38796.76531506849
서울특별시,양천구,목1동,서울특별시 양천구 목1동,11470510,21,37106.86764383561
서울특별시,양천구,목1동,서울특별시 양천구 목1동,11470510,22,34929.15298630137
서울특별시,양천구,목1동,서울특별시 양천구 목1동,11470510,23,33336.69649315069
서울특별시,양천구,목2동,서울특별시 양천구 목2동,11470520,00,34007.37846575343
서울특별시,양천구,목2동,서울특별시 양천구 목2동,11470520,01,34177.01561643835
서울특별시,양천구,목2동,서울특별시 양천구 목2동,11470520,02,34364.92095890411
서울특별시,양천구,목2동,서울특별시 양천구 목2동,11470520,03,34477.86926027397
서울특별시,양천구,목2동,서울특별시 양천구 목2동,11470520,04,34506.8141369863
서울특별시,양천구,목2동,서울특별시 양천구 목2동,11470520,05,34409.10698630137
서울특별시,양천구,목2동,서울특별시 양천구 목2동,11470520,06,34042.04961643835
서울특별시,양천구,목2동,서울특별시 양천구 목2동,11470520,07,33277.06536986301
서울특별시,양천구,목2동,서울특별시 양천구 목2동,11470520,08,31323.757780821918
서울특별시,양천구,목2동,서울특별시 양천구 목2동,11470520,09,28826.998684931506
서울특별시,양천구,목2동,서울특별시 양천구 목2동,11470520,10,27176.82183561644
서울특별시,양천구,목2동,서울특별시 양천구 목2동,11470520,11,26185.39287671233
서울특별시,양천구,목2동,서울특별시 양천구 목2동,11470520,12,25549.18189041096
서울특별시,양천구,목2동,서울특별시 양천구 목2동,11470520,13,25039.81605479452
서울특별시,양천구,목2동,서울특별시 양천구 목2동,11470520,14,24611.362520547947
서울특별시,양천구,목2동,서울특별시 양천구 목2동,11470520,15,24530.279479452056
서울특별시,양천구,목2동,서울특별시 양천구 목2동,11470520,16,24849.32520547945
서울특별시,양천구,목2동,서울특별시 양천구 목2동,11470520,17,25372.003589041098
서울특별시,양천구,목2동,서울특별시 양천구 목2동,11470520,18,26483.918219178082
서울특별시,양천구,목2동,서울특별시 양천구 목2동,11470520,19,28125.669890410958
서울특별시,양천구,목2동,서울특별시 양천구 목2동,11470520,20,29502.787452054796
서울특별시,양천구,목2동,서울특별시 양천구 목2동,11470520,21,30814.216191780823
서울특별시,양천구,목2동,서울특별시 양천구 목2동,11470520,22,32185.905780821915
서울특별시,양천구,목2동,서울특별시 양천구 목2동,11470520,23,33101.705643835616
서울특별시,양천구,목3동,서울특별시 양천구 목3동,11470530,00,16420.207753424656
서울특별시,양천구,목3동,서울특별시 양천구 목3동,11470530,01,16493.959589041096
서울특별시,양천구,목3동,서울특별시 양천구 목3동,11470530,02,16539.265041095892
서울특별시,양천구,목3동,서울특별시 양천구 목3동,11470530,03,16561.175534246577
서울특별시,양천구,목3동,서울특별시 양천구 목3동,11470530,04,16587.40504109589
서울특별시,양천구,목3동,서울특별시 양천구 목3동,11470530,05,16583.080493150686
서울특별시,양천구,목3동,서울특별시 양천구 목3동,11470530,06,16450.50895890411
서울특별시,양천구,목3동,서울특별시 양천구 목3동,11470530,07,16062.770164383563
서울특별시,양천구,목3동,서울특별시 양천구 목3동,11470530,08,15288.931835616439
서울특별시,양천구,목3동,서울특별시 양천구 목3동,11470530,09,14699.292328767124
서울특별시,양천구,목3동,서울특별시 양천구 목3동,11470530,10,14347.944547945204
서울특별시,양천구,목3동,서울특별시 양천구 목3동,11470530,11,14025.431561643834
서울특별시,양천구,목3동,서울특별시 양천구 목3동,11470530,12,13738.033616438355
서울특별시,양천구,목3동,서울특별시 양천구 목3동,11470530,13,13587.363068493149
서울특별시,양천구,목3동,서울특별시 양천구 목3동,11470530,14,13537.689397260274
서울특별시,양천구,목3동,서울특별시 양천구 목3동,11470530,15,13622.008876712329
서울특별시,양천구,목3동,서울특별시 양천구 목3동,11470530,16,13748.616465753425
서울특별시,양천구,목3동,서울특별시 양천구 목3동,11470530,17,13892.861424657534
서울특별시,양천구,목3동,서울특별시 양천구 목3동,11470530,18,14143.06210958904
서울특별시,양천구,목3동,서울특별시 양천구 목3동,11470530,19,14620.130821917808
서울특별시,양천구,목3동,서울특별시 양천구 목3동,11470530,20,14968.925260273973
서울특별시,양천구,목3동,서울특별시 양천구 목3동,11470530,21,15337.339863013698
서울특별시,양천구,목3동,서울특별시 양천구 목3동,11470530,22,15736.150328767124
서울특별시,양천구,목3동,서울특별시 양천구 목3동,11470530,23,16067.964164383562
서울특별시,양천구,목4동,서울특별시 양천구 목4동,11470540,00,23019.872273972604
서울특별시,양천구,목4동,서울특별시 양천구 목4동,11470540,01,23019.189671232878
서울특별시,양천구,목4동,서울특별시 양천구 목4동,11470540,02,23012.14106849315
서울특별시,양천구,목4동,서울특별시 양천구 목4동,11470540,03,22989.060602739723
서울특별시,양천구,목4동,서울특별시 양천구 목4동,11470540,04,22973.89084931507
서울특별시,양천구,목4동,서울특별시 양천구 목4동,11470540,05,22889.456767123287
서울특별시,양천구,목4동,서울특별시 양천구 목4동,11470540,06,22646.666356164384
서울특별시,양천구,목4동,서울특별시 양천구 목4동,11470540,07,22430.403369863016
서울특별시,양천구,목4동,서울특별시 양천구 목4동,11470540,08,21432.26501369863
서울특별시,양천구,목4동,서울특별시 양천구 목4동,11470540,09,20491.546931506848
서울특별시,양천구,목4동,서울특별시 양천구 목4동,11470540,10,19975.164301369863
서울특별시,양천구,목4동,서울특별시 양천구 목4동,11470540,11,19680.38690410959
서울특별시,양천구,목4동,서울특별시 양천구 목4동,11470540,12,19400.921643835616
서울특별시,양천구,목4동,서울특별시 양천구 목4동,11470540,13,19144.451589041095
서울특별시,양천구,목4동,서울특별시 양천구 목4동,11470540,14,19076.30271232877
서울특별시,양천구,목4동,서울특별시 양천구 목4동,11470540,15,19236.252273972605
서울특별시,양천구,목4동,서울특별시 양천구 목4동,11470540,16,19403.908684931506
서울특별시,양천구,목4동,서울특별시 양천구 목4동,11470540,17,19778.59901369863
서울특별시,양천구,목4동,서울특별시 양천구 목4동,11470540,18,20300.845397260277
서울특별시,양천구,목4동,서울특별시 양천구 목4동,11470540,19,21119.588356164382
서울특별시,양천구,목4동,서울특별시 양천구 목4동,11470540,20,21703.613287671233
서울특별시,양천구,목4동,서울특별시 양천구 목4동,11470540,21,22118.4981369863
서울특별시,양천구,목4동,서울특별시 양천구 목4동,11470540,22,22663.126739726027
서울특별시,양천구,목4동,서울특별시 양천구 목4동,11470540,23,22887.3078630137
서울특별시,양천구,목5동,서울특별시 양천구 목5동,11470550,00,44216.977561643835
서울특별시,양천구,목5동,서울특별시 양천구 목5동,11470550,01,44252.335232876714
서울특별시,양천구,목5동,서울특별시 양천구 목5동,11470550,02,44300.87312328767
서울특별시,양천구,목5동,서울특별시 양천구 목5동,11470550,03,44345.57663013699
서울특별시,양천구,목5동,서울특별시 양천구 목5동,11470550,04,44420.60726027397
서울특별시,양천구,목5동,서울특별시 양천구 목5동,11470550,05,44645.908986301365
서울특별시,양천구,목5동,서울특별시 양천구 목5동,11470550,06,44694.93164383562
서울특별시,양천구,목5동,서울특별시 양천구 목5동,11470550,07,44589.42071232877
서울특별시,양천구,목5동,서울특별시 양천구 목5동,11470550,08,43889.3997260274
서울특별시,양천구,목5동,서울특별시 양천구 목5동,11470550,09,43506.414328767125
서울특별시,양천구,목5동,서울특별시 양천구 목5동,11470550,10,43408.03701369863
서울특별시,양천구,목5동,서울특별시 양천구 목5동,11470550,11,43022.05309589041
서울특별시,양천구,목5동,서울특별시 양천구 목5동,11470550,12,42894.41473972603
서울특별시,양천구,목5동,서울특별시 양천구 목5동,11470550,13,43091.764356164385
서울특별시,양천구,목5동,서울특별시 양천구 목5동,11470550,14,43741.60832876712
서울특별시,양천구,목5동,서울특별시 양천구 목5동,11470550,15,44211.39473972603
서울특별시,양천구,목5동,서울특별시 양천구 목5동,11470550,16,44607.590356164386
서울특별시,양천구,목5동,서울특별시 양천구 목5동,11470550,17,44969.83769863014
서울특별시,양천구,목5동,서울특별시 양천구 목5동,11470550,18,44938.9317260274
서울특별시,양천구,목5동,서울특별시 양천구 목5동,11470550,19,45515.79471232877
서울특별시,양천구,목5동,서울특별시 양천구 목5동,11470550,20,45560.300547945204
서울특별시,양천구,목5동,서울특별시 양천구 목5동,11470550,21,45628.72410958904
서울특별시,양천구,목5동,서울특별시 양천구 목5동,11470550,22,44935.076684931504
서울특별시,양천구,목5동,서울특별시 양천구 목5동,11470550,23,44342.04008219179
서울특별시,양천구,신월1동,서울특별시 양천구 신월1동,11470560,00,20695.410383561644
서울특별시,양천구,신월1동,서울특별시 양천구 신월1동,11470560,01,20733.240876712327
서울특별시,양천구,신월1동,서울특별시 양천구 신월1동,11470560,02,20785.180438356165
서울특별시,양천구,신월1동,서울특별시 양천구 신월1동,11470560,03,20787.670602739723
서울특별시,양천구,신월1동,서울특별시 양천구 신월1동,11470560,04,20773.687780821918
서울특별시,양천구,신월1동,서울특별시 양천구 신월1동,11470560,05,20618.08030136986
서울특별시,양천구,신월1동,서울특별시 양천구 신월1동,11470560,06,20359.283616438355
서울특별시,양천구,신월1동,서울특별시 양천구 신월1동,11470560,07,19915.785260273973
서울특별시,양천구,신월1동,서울특별시 양천구 신월1동,11470560,08,19175.193041095892
서울특별시,양천구,신월1동,서울특별시 양천구 신월1동,11470560,09,18388.375506849316
서울특별시,양천구,신월1동,서울특별시 양천구 신월1동,11470560,10,18008.49901369863
서울특별시,양천구,신월1동,서울특별시 양천구 신월1동,11470560,11,17888.81290410959
서울특별시,양천구,신월1동,서울특별시 양천구 신월1동,11470560,12,17887.65090410959
서울특별시,양천구,신월1동,서울특별시 양천구 신월1동,11470560,13,17776.79605479452
서울특별시,양천구,신월1동,서울특별시 양천구 신월1동,11470560,14,17711.97126027397
서울특별시,양천구,신월1동,서울특별시 양천구 신월1동,11470560,15,17815.623972602738
서울특별시,양천구,신월1동,서울특별시 양천구 신월1동,11470560,16,18060.73095890411
서울특별시,양천구,신월1동,서울특별시 양천구 신월1동,11470560,17,18266.01235616438
서울특별시,양천구,신월1동,서울특별시 양천구 신월1동,11470560,18,18616.023068493152
서울특별시,양천구,신월1동,서울특별시 양천구 신월1동,11470560,19,19170.419260273975
서울특별시,양천구,신월1동,서울특별시 양천구 신월1동,11470560,20,19599.603561643835
서울특별시,양천구,신월1동,서울특별시 양천구 신월1동,11470560,21,19966.04624657534
서울특별시,양천구,신월1동,서울특별시 양천구 신월1동,11470560,22,20280.348493150686
서울특별시,양천구,신월1동,서울특별시 양천구 신월1동,11470560,23,20464.52208219178
서울특별시,양천구,신월2동,서울특별시 양천구 신월2동,11470570,00,14267.309589041095
서울특별시,양천구,신월2동,서울특별시 양천구 신월2동,11470570,01,14354.608684931507
서울특별시,양천구,신월2동,서울특별시 양천구 신월2동,11470570,02,14452.791835616437
서울특별시,양천구,신월2동,서울특별시 양천구 신월2동,11470570,03,14492.279123287672
서울특별시,양천구,신월2동,서울특별시 양천구 신월2동,11470570,04,14498.681671232876
서울특별시,양천구,신월2동,서울특별시 양천구 신월2동,11470570,05,14444.110739726028
서울특별시,양천구,신월2동,서울특별시 양천구 신월2동,11470570,06,14298.789315068492
서울특별시,양천구,신월2동,서울특별시 양천구 신월2동,11470570,07,13972.919561643836
서울특별시,양천구,신월2동,서울특별시 양천구 신월2동,11470570,08,13376.598767123287
서울특별시,양천구,신월2동,서울특별시 양천구 신월2동,11470570,09,12696.911890410958
서울특별시,양천구,신월2동,서울특별시 양천구 신월2동,11470570,10,12317.072630136985
서울특별시,양천구,신월2동,서울특별시 양천구 신월2동,11470570,11,12121.052876712329
서울특별시,양천구,신월2동,서울특별시 양천구 신월2동,11470570,12,11921.601178082192
서울특별시,양천구,신월2동,서울특별시 양천구 신월2동,11470570,13,11779.036821917809
서울특별시,양천구,신월2동,서울특별시 양천구 신월2동,11470570,14,11724.696328767124
서울특별시,양천구,신월2동,서울특별시 양천구 신월2동,11470570,15,11798.010767123287
서울특별시,양천구,신월2동,서울특별시 양천구 신월2동,11470570,16,11989.405123287672
서울특별시,양천구,신월2동,서울특별시 양천구 신월2동,11470570,17,12127.985945205479
서울특별시,양천구,신월2동,서울특별시 양천구 신월2동,11470570,18,12310.367835616438
서울특별시,양천구,신월2동,서울특별시 양천구 신월2동,11470570,19,12690.883945205478
서울특별시,양천구,신월2동,서울특별시 양천구 신월2동,11470570,20,12989.354849315067
서울특별시,양천구,신월2동,서울특별시 양천구 신월2동,11470570,21,13334.983315068494
서울특별시,양천구,신월2동,서울특별시 양천구 신월2동,11470570,22,13718.287095890411
서울특별시,양천구,신월2동,서울특별시 양천구 신월2동,11470570,23,14006.016520547946
서울특별시,양천구,신월3동,서울특별시 양천구 신월3동,11470580,00,14469.480136986302
서울특별시,양천구,신월3동,서울특별시 양천구 신월3동,11470580,01,14480.855835616438
서울특별시,양천구,신월3동,서울특별시 양천구 신월3동,11470580,02,14505.918657534245
서울특별시,양천구,신월3동,서울특별시 양천구 신월3동,11470580,03,14513.966575342465
서울특별시,양천구,신월3동,서울특별시 양천구 신월3동,11470580,04,14572.572
서울특별시,양천구,신월3동,서울특별시 양천구 신월3동,11470580,05,14547.576356164383
서울특별시,양천구,신월3동,서울특별시 양천구 신월3동,11470580,06,14521.434493150684
서울특별시,양천구,신월3동,서울특별시 양천구 신월3동,11470580,07,14961.269205479452
서울특별시,양천구,신월3동,서울특별시 양천구 신월3동,11470580,08,15388.371342465754
서울특별시,양천구,신월3동,서울특별시 양천구 신월3동,11470580,09,15452.529726027396
서울특별시,양천구,신월3동,서울특별시 양천구 신월3동,11470580,10,15430.603232876712
서울특별시,양천구,신월3동,서울특별시 양천구 신월3동,11470580,11,15370.553123287671
서울특별시,양천구,신월3동,서울특별시 양천구 신월3동,11470580,12,15326.383452054795
서울특별시,양천구,신월3동,서울특별시 양천구 신월3동,11470580,13,15563.749780821918
서울특별시,양천구,신월3동,서울특별시 양천구 신월3동,11470580,14,15486.82706849315
서울특별시,양천구,신월3동,서울특별시 양천구 신월3동,11470580,15,15278.519123287673
서울특별시,양천구,신월3동,서울특별시 양천구 신월3동,11470580,16,14880.234410958903
서울특별시,양천구,신월3동,서울특별시 양천구 신월3동,11470580,17,14437.140438356164
서울특별시,양천구,신월3동,서울특별시 양천구 신월3동,11470580,18,14050.570054794522
서울특별시,양천구,신월3동,서울특별시 양천구 신월3동,11470580,19,14034.877506849316
서울특별시,양천구,신월3동,서울특별시 양천구 신월3동,11470580,20,14090.866904109589
서울특별시,양천구,신월3동,서울특별시 양천구 신월3동,11470580,21,14136.27512328767
서울특별시,양천구,신월3동,서울특별시 양천구 신월3동,11470580,22,14261.312876712329
서울특별시,양천구,신월3동,서울특별시 양천구 신월3동,11470580,23,14370.604849315067
서울특별시,양천구,신월4동,서울특별시 양천구 신월4동,11470590,00,12528.35309589041
서울특별시,양천구,신월4동,서울특별시 양천구 신월4동,11470590,01,12563.646410958905
서울특별시,양천구,신월4동,서울특별시 양천구 신월4동,11470590,02,12614.691890410959
서울특별시,양천구,신월4동,서울특별시 양천구 신월4동,11470590,03,12634.76805479452
서울특별시,양천구,신월4동,서울특별시 양천구 신월4동,11470590,04,12615.577643835615
서울특별시,양천구,신월4동,서울특별시 양천구 신월4동,11470590,05,12488.479589041095
서울특별시,양천구,신월4동,서울특별시 양천구 신월4동,11470590,06,12292.26101369863
서울특별시,양천구,신월4동,서울특별시 양천구 신월4동,11470590,07,11876.757205479451
서울특별시,양천구,신월4동,서울특별시 양천구 신월4동,11470590,08,11232.490356164384
서울특별시,양천구,신월4동,서울특별시 양천구 신월4동,11470590,09,10612.957123287671
서울특별시,양천구,신월4동,서울특별시 양천구 신월4동,11470590,10,10235.829397260273
서울특별시,양천구,신월4동,서울특별시 양천구 신월4동,11470590,11,9999.456301369863
서울특별시,양천구,신월4동,서울특별시 양천구 신월4동,11470590,12,9922.355369863013
서울특별시,양천구,신월4동,서울특별시 양천구 신월4동,11470590,13,9807.215479452054
서울특별시,양천구,신월4동,서울특별시 양천구 신월4동,11470590,14,9706.006657534246
서울특별시,양천구,신월4동,서울특별시 양천구 신월4동,11470590,15,9817.843726027397
서울특별시,양천구,신월4동,서울특별시 양천구 신월4동,11470590,16,10099.759287671233
서울특별시,양천구,신월4동,서울특별시 양천구 신월4동,11470590,17,10399.693479452055
서울특별시,양천구,신월4동,서울특별시 양천구 신월4동,11470590,18,10843.518986301371
서울특별시,양천구,신월4동,서울특별시 양천구 신월4동,11470590,19,11316.411698630138
서울특별시,양천구,신월4동,서울특별시 양천구 신월4동,11470590,20,11657.759780821918
서울특별시,양천구,신월4동,서울특별시 양천구 신월4동,11470590,21,11934.441671232877
서울특별시,양천구,신월4동,서울특별시 양천구 신월4동,11470590,22,12202.821315068493
서울특별시,양천구,신월4동,서울특별시 양천구 신월4동,11470590,23,12340.684493150684
서울특별시,양천구,신월5동,서울특별시 양천구 신월5동,11470600,00,15944.927424657533
서울특별시,양천구,신월5동,서울특별시 양천구 신월5동,11470600,01,16053.540739726028
서울특별시,양천구,신월5동,서울특별시 양천구 신월5동,11470600,02,16171.943232876713
서울특별시,양천구,신월5동,서울특별시 양천구 신월5동,11470600,03,16234.657342465753
서울특별시,양천구,신월5동,서울특별시 양천구 신월5동,11470600,04,16247.345369863013
서울특별시,양천구,신월5동,서울특별시 양천구 신월5동,11470600,05,16156.851123287672
서울특별시,양천구,신월5동,서울특별시 양천구 신월5동,11470600,06,15976.959095890412
서울특별시,양천구,신월5동,서울특별시 양천구 신월5동,11470600,07,15798.063780821918
서울특별시,양천구,신월5동,서울특별시 양천구 신월5동,11470600,08,15415.166
서울특별시,양천구,신월5동,서울특별시 양천구 신월5동,11470600,09,14497.31893150685
서울특별시,양천구,신월5동,서울특별시 양천구 신월5동,11470600,10,13852.579780821918
서울특별시,양천구,신월5동,서울특별시 양천구 신월5동,11470600,11,13398.013095890412
서울특별시,양천구,신월5동,서울특별시 양천구 신월5동,11470600,12,13122.386164383563
서울특별시,양천구,신월5동,서울특별시 양천구 신월5동,11470600,13,12941.751808219178
서울특별시,양천구,신월5동,서울특별시 양천구 신월5동,11470600,14,12752.153479452054
서울특별시,양천구,신월5동,서울특별시 양천구 신월5동,11470600,15,12667.64410958904
서울특별시,양천구,신월5동,서울특별시 양천구 신월5동,11470600,16,12657.999260273973
서울특별시,양천구,신월5동,서울특별시 양천구 신월5동,11470600,17,12759.602
서울특별시,양천구,신월5동,서울특별시 양천구 신월5동,11470600,18,13156.789150684932
서울특별시,양천구,신월5동,서울특별시 양천구 신월5동,11470600,19,13662.321013698629
서울특별시,양천구,신월5동,서울특별시 양천구 신월5동,11470600,20,14111.772273972603
서울특별시,양천구,신월5동,서울특별시 양천구 신월5동,11470600,21,14533.001589041096
서울특별시,양천구,신월5동,서울특별시 양천구 신월5동,11470600,22,14960.202630136986
서울특별시,양천구,신월5동,서울특별시 양천구 신월5동,11470600,23,15284.452547945204
서울특별시,양천구,신월6동,서울특별시 양천구 신월6동,11470610,00,9468.51591780822
서울특별시,양천구,신월6동,서울특별시 양천구 신월6동,11470610,01,9465.89487671233
서울특별시,양천구,신월6동,서울특별시 양천구 신월6동,11470610,02,9426.03002739726
서울특별시,양천구,신월6동,서울특별시 양천구 신월6동,11470610,03,9410.213589041095
서울특별시,양천구,신월6동,서울특별시 양천구 신월6동,11470610,04,9397.977726027397
서울특별시,양천구,신월6동,서울특별시 양천구 신월6동,11470610,05,9366.48912328767
서울특별시,양천구,신월6동,서울특별시 양천구 신월6동,11470610,06,9324.802602739726
서울특별시,양천구,신월6동,서울특별시 양천구 신월6동,11470610,07,9195.060575342466
서울특별시,양천구,신월6동,서울특별시 양천구 신월6동,11470610,08,9052.920684931507
서울특별시,양천구,신월6동,서울특별시 양천구 신월6동,11470610,09,9063.054465753425
서울특별시,양천구,신월6동,서울특별시 양천구 신월6동,11470610,10,8978.985315068494
서울특별시,양천구,신월6동,서울특별시 양천구 신월6동,11470610,11,8899.268602739727
서울특별시,양천구,신월6동,서울특별시 양천구 신월6동,11470610,12,8811.252465753425
서울특별시,양천구,신월6동,서울특별시 양천구 신월6동,11470610,13,8754.215671232878
서울특별시,양천구,신월6동,서울특별시 양천구 신월6동,11470610,14,8693.550301369864
서울특별시,양천구,신월6동,서울특별시 양천구 신월6동,11470610,15,8678.189780821918
서울특별시,양천구,신월6동,서울특별시 양천구 신월6동,11470610,16,8705.397479452055
서울특별시,양천구,신월6동,서울특별시 양천구 신월6동,11470610,17,8736.15405479452
서울특별시,양천구,신월6동,서울특별시 양천구 신월6동,11470610,18,8745.24602739726
서울특별시,양천구,신월6동,서울특별시 양천구 신월6동,11470610,19,8899.562684931507
서울특별시,양천구,신월6동,서울특별시 양천구 신월6동,11470610,20,8993.49202739726
서울특별시,양천구,신월6동,서울특별시 양천구 신월6동,11470610,21,9113.549835616439
서울특별시,양천구,신월6동,서울특별시 양천구 신월6동,11470610,22,9259.04991780822
서울특별시,양천구,신월6동,서울특별시 양천구 신월6동,11470610,23,9368.325424657534
서울특별시,양천구,신월7동,서울특별시 양천구 신월7동,11470611,00,18915.15884931507
서울특별시,양천구,신월7동,서울특별시 양천구 신월7동,11470611,01,19007.093726027397
서울특별시,양천구,신월7동,서울특별시 양천구 신월7동,11470611,02,19104.439452054794
서울특별시,양천구,신월7동,서울특별시 양천구 신월7동,11470611,03,19148.629205479454
서울특별시,양천구,신월7동,서울특별시 양천구 신월7동,11470611,04,19156.834219178083
서울특별시,양천구,신월7동,서울특별시 양천구 신월7동,11470611,05,19016.623479452057
서울특별시,양천구,신월7동,서울특별시 양천구 신월7동,11470611,06,18540.95802739726
서울특별시,양천구,신월7동,서울특별시 양천구 신월7동,11470611,07,18141.186219178082
서울특별시,양천구,신월7동,서울특별시 양천구 신월7동,11470611,08,17757.73416438356
서울특별시,양천구,신월7동,서울특별시 양천구 신월7동,11470611,09,17072.06983561644
서울특별시,양천구,신월7동,서울특별시 양천구 신월7동,11470611,10,16667.979315068493
서울특별시,양천구,신월7동,서울특별시 양천구 신월7동,11470611,11,16435.258575342465
서울특별시,양천구,신월7동,서울특별시 양천구 신월7동,11470611,12,16253.519561643834
서울특별시,양천구,신월7동,서울특별시 양천구 신월7동,11470611,13,16121.787452054794
서울특별시,양천구,신월7동,서울특별시 양천구 신월7동,11470611,14,16010.612712328766
서울특별시,양천구,신월7동,서울특별시 양천구 신월7동,11470611,15,15993.273178082192
서울특별시,양천구,신월7동,서울특별시 양천구 신월7동,11470611,16,16123.394493150685
서울특별시,양천구,신월7동,서울특별시 양천구 신월7동,11470611,17,16350.462602739724
서울특별시,양천구,신월7동,서울특별시 양천구 신월7동,11470611,18,16698.86909589041
서울특별시,양천구,신월7동,서울특별시 양천구 신월7동,11470611,19,17247.90008219178
서울특별시,양천구,신월7동,서울특별시 양천구 신월7동,11470611,20,17622.068547945208
서울특별시,양천구,신월7동,서울특별시 양천구 신월7동,11470611,21,17866.302465753426
서울특별시,양천구,신월7동,서울특별시 양천구 신월7동,11470611,22,18075.819424657533
서울특별시,양천구,신월7동,서울특별시 양천구 신월7동,11470611,23,18255.067643835617
서울특별시,양천구,신정1동,서울특별시 양천구 신정1동,11470620,00,15390.64112328767
서울특별시,양천구,신정1동,서울특별시 양천구 신정1동,11470620,01,15286.568520547944
서울특별시,양천구,신정1동,서울특별시 양천구 신정1동,11470620,02,15100.97098630137
서울특별시,양천구,신정1동,서울특별시 양천구 신정1동,11470620,03,15013.02087671233
서울특별시,양천구,신정1동,서울특별시 양천구 신정1동,11470620,04,14996.189561643836
서울특별시,양천구,신정1동,서울특별시 양천구 신정1동,11470620,05,15156.797999999999
서울특별시,양천구,신정1동,서울특별시 양천구 신정1동,11470620,06,15377.458438356165
서울특별시,양천구,신정1동,서울특별시 양천구 신정1동,11470620,07,15458.500657534247
서울특별시,양천구,신정1동,서울특별시 양천구 신정1동,11470620,08,15478.526438356166
서울특별시,양천구,신정1동,서울특별시 양천구 신정1동,11470620,09,15776.257917808218
서울특별시,양천구,신정1동,서울특별시 양천구 신정1동,11470620,10,16273.473780821918
서울특별시,양천구,신정1동,서울특별시 양천구 신정1동,11470620,11,16435.595123287672
서울특별시,양천구,신정1동,서울특별시 양천구 신정1동,11470620,12,16503.19293150685
서울특별시,양천구,신정1동,서울특별시 양천구 신정1동,11470620,13,16469.80002739726
서울특별시,양천구,신정1동,서울특별시 양천구 신정1동,11470620,14,16767.233260273973
서울특별시,양천구,신정1동,서울특별시 양천구 신정1동,11470620,15,16957.63098630137
서울특별시,양천구,신정1동,서울특별시 양천구 신정1동,11470620,16,17064.863589041095
서울특별시,양천구,신정1동,서울특별시 양천구 신정1동,11470620,17,17236.945671232876
서울특별시,양천구,신정1동,서울특별시 양천구 신정1동,11470620,18,17104.104657534248
서울특별시,양천구,신정1동,서울특별시 양천구 신정1동,11470620,19,16979.104657534248
서울특별시,양천구,신정1동,서울특별시 양천구 신정1동,11470620,20,16735.529561643834
서울특별시,양천구,신정1동,서울특별시 양천구 신정1동,11470620,21,16432.62090410959
서울특별시,양천구,신정1동,서울특별시 양천구 신정1동,11470620,22,16020.253753424658
서울특별시,양천구,신정1동,서울특별시 양천구 신정1동,11470620,23,15806.011041095891
서울특별시,양천구,신정2동,서울특별시 양천구 신정2동,11470630,00,18160.023013698632
서울특별시,양천구,신정2동,서울특별시 양천구 신정2동,11470630,01,18190.195260273973
서울특별시,양천구,신정2동,서울특별시 양천구 신정2동,11470630,02,18188.455369863015
서울특별시,양천구,신정2동,서울특별시 양천구 신정2동,11470630,03,18216.433506849316
서울특별시,양천구,신정2동,서울특별시 양천구 신정2동,11470630,04,18242.164356164383
서울특별시,양천구,신정2동,서울특별시 양천구 신정2동,11470630,05,18260.113342465753
서울특별시,양천구,신정2동,서울특별시 양천구 신정2동,11470630,06,18196.287698630138
서울특별시,양천구,신정2동,서울특별시 양천구 신정2동,11470630,07,17811.08084931507
서울특별시,양천구,신정2동,서울특별시 양천구 신정2동,11470630,08,16979.170575342465
서울특별시,양천구,신정2동,서울특별시 양천구 신정2동,11470630,09,16349.71301369863
서울특별시,양천구,신정2동,서울특별시 양천구 신정2동,11470630,10,16166.894630136987
서울특별시,양천구,신정2동,서울특별시 양천구 신정2동,11470630,11,16124.369534246574
서울특별시,양천구,신정2동,서울특별시 양천구 신정2동,11470630,12,16244.726575342465
서울특별시,양천구,신정2동,서울특별시 양천구 신정2동,11470630,13,16272.62087671233
서울특별시,양천구,신정2동,서울특별시 양천구 신정2동,11470630,14,16197.404849315068
서울특별시,양천구,신정2동,서울특별시 양천구 신정2동,11470630,15,16290.394739726027
서울특별시,양천구,신정2동,서울특별시 양천구 신정2동,11470630,16,16613.761287671234
서울특별시,양천구,신정2동,서울특별시 양천구 신정2동,11470630,17,16922.230328767124
서울특별시,양천구,신정2동,서울특별시 양천구 신정2동,11470630,18,17207.74002739726
서울특별시,양천구,신정2동,서울특별시 양천구 신정2동,11470630,19,17657.48402739726
서울특별시,양천구,신정2동,서울특별시 양천구 신정2동,11470630,20,17904.13794520548
서울특별시,양천구,신정2동,서울특별시 양천구 신정2동,11470630,21,17976.42884931507
서울특별시,양천구,신정2동,서울특별시 양천구 신정2동,11470630,22,18017.74295890411
서울특별시,양천구,신정2동,서울특별시 양천구 신정2동,11470630,23,18037.563835616438
서울특별시,양천구,신정3동,서울특별시 양천구 신정3동,11470640,00,58631.65517808219
서울특별시,양천구,신정3동,서울특별시 양천구 신정3동,11470640,01,58749.05980821917
서울특별시,양천구,신정3동,서울특별시 양천구 신정3동,11470640,02,58958.4037260274
서울특별시,양천구,신정3동,서울특별시 양천구 신정3동,11470640,03,59077.81843835617
서울특별시,양천구,신정3동,서울특별시 양천구 신정3동,11470640,04,59267.90775342465
서울특별시,양천구,신정3동,서울특별시 양천구 신정3동,11470640,05,59306.91750684931
서울특별시,양천구,신정3동,서울특별시 양천구 신정3동,11470640,06,58699.22901369863
서울특별시,양천구,신정3동,서울특별시 양천구 신정3동,11470640,07,58239.69671232877
서울특별시,양천구,신정3동,서울특별시 양천구 신정3동,11470640,08,56602.80558904109
서울특별시,양천구,신정3동,서울특별시 양천구 신정3동,11470640,09,53831.53287671233
서울특별시,양천구,신정3동,서울특별시 양천구 신정3동,11470640,10,51902.94649315068
서울특별시,양천구,신정3동,서울특별시 양천구 신정3동,11470640,11,50707.78421917808
서울특별시,양천구,신정3동,서울특별시 양천구 신정3동,11470640,12,49705.614
서울특별시,양천구,신정3동,서울특별시 양천구 신정3동,11470640,13,48861.33452054795
서울특별시,양천구,신정3동,서울특별시 양천구 신정3동,11470640,14,48384.514986301365
서울특별시,양천구,신정3동,서울특별시 양천구 신정3동,11470640,15,48074.03580821918
서울특별시,양천구,신정3동,서울특별시 양천구 신정3동,11470640,16,47907.052328767124
서울특별시,양천구,신정3동,서울특별시 양천구 신정3동,11470640,17,47894.81189041096
서울특별시,양천구,신정3동,서울특별시 양천구 신정3동,11470640,18,49019.534191780825
서울특별시,양천구,신정3동,서울특별시 양천구 신정3동,11470640,19,51184.13953424658
서울특별시,양천구,신정3동,서울특별시 양천구 신정3동,11470640,20,53148.97391780822
서울특별시,양천구,신정3동,서울특별시 양천구 신정3동,11470640,21,54774.841123287675
서울특별시,양천구,신정3동,서울특별시 양천구 신정3동,11470640,22,56427.42599999999
서울특별시,양천구,신정3동,서울특별시 양천구 신정3동,11470640,23,57376.9597260274
서울특별시,양천구,신정4동,서울특별시 양천구 신정4동,11470650,00,36614.78210958904
서울특별시,양천구,신정4동,서울특별시 양천구 신정4동,11470650,01,36502.40375342465
서울특별시,양천구,신정4동,서울특별시 양천구 신정4동,11470650,02,36440.483534246574
서울특별시,양천구,신정4동,서울특별시 양천구 신정4동,11470650,03,36395.15087671233
서울특별시,양천구,신정4동,서울특별시 양천구 신정4동,11470650,04,36354.20161643835
서울특별시,양천구,신정4동,서울특별시 양천구 신정4동,11470650,05,36234.67923287671
서울특별시,양천구,신정4동,서울특별시 양천구 신정4동,11470650,06,36054.70416438356
서울특별시,양천구,신정4동,서울특별시 양천구 신정4동,11470650,07,36195.838328767124
서울특별시,양천구,신정4동,서울특별시 양천구 신정4동,11470650,08,36498.03808219178
서울특별시,양천구,신정4동,서울특별시 양천구 신정4동,11470650,09,36422.70884931507
서울특별시,양천구,신정4동,서울특별시 양천구 신정4동,11470650,10,36885.53578082192
서울특별시,양천구,신정4동,서울특별시 양천구 신정4동,11470650,11,37173.36123287671
서울특별시,양천구,신정4동,서울특별시 양천구 신정4동,11470650,12,37158.373452054795
서울특별시,양천구,신정4동,서울특별시 양천구 신정4동,11470650,13,37027.09602739726
서울특별시,양천구,신정4동,서울특별시 양천구 신정4동,11470650,14,36930.19717808219
서울특별시,양천구,신정4동,서울특별시 양천구 신정4동,11470650,15,36749.1281369863
서울특별시,양천구,신정4동,서울특별시 양천구 신정4동,11470650,16,36555.91068493151
서울특별시,양천구,신정4동,서울특별시 양천구 신정4동,11470650,17,36641.18578082192
서울특별시,양천구,신정4동,서울특별시 양천구 신정4동,11470650,18,37134.72476712328
서울특별시,양천구,신정4동,서울특별시 양천구 신정4동,11470650,19,37669.19273972603
서울특별시,양천구,신정4동,서울특별시 양천구 신정4동,11470650,20,37735.38934246575
서울특별시,양천구,신정4동,서울특별시 양천구 신정4동,11470650,21,37662.13290410959
서울특별시,양천구,신정4동,서울특별시 양천구 신정4동,11470650,22,37196.194575342466
서울특별시,양천구,신정4동,서울특별시 양천구 신정4동,11470650,23,36881.159452054795
서울특별시,양천구,신정6동,서울특별시 양천구 신정6동,11470670,00,21403.494383561643
서울특별시,양천구,신정6동,서울특별시 양천구 신정6동,11470670,01,21449.87687671233
서울특별시,양천구,신정6동,서울특별시 양천구 신정6동,11470670,02,21539.967561643836
서울특별시,양천구,신정6동,서울특별시 양천구 신정6동,11470670,03,21539.964520547946
서울특별시,양천구,신정6동,서울특별시 양천구 신정6동,11470670,04,21512.859424657534
서울특별시,양천구,신정6동,서울특별시 양천구 신정6동,11470670,05,21549.16301369863
서울특별시,양천구,신정6동,서울특별시 양천구 신정6동,11470670,06,21482.36520547945
서울특별시,양천구,신정6동,서울특별시 양천구 신정6동,11470670,07,21359.991232876713
서울특별시,양천구,신정6동,서울특별시 양천구 신정6동,11470670,08,21161.26202739726
서울특별시,양천구,신정6동,서울특별시 양천구 신정6동,11470670,09,20698.480246575342
서울특별시,양천구,신정6동,서울특별시 양천구 신정6동,11470670,10,20237.24290410959
서울특별시,양천구,신정6동,서울특별시 양천구 신정6동,11470670,11,19839.97219178082
서울특별시,양천구,신정6동,서울특별시 양천구 신정6동,11470670,12,19514.47893150685
서울특별시,양천구,신정6동,서울특별시 양천구 신정6동,11470670,13,19555.130876712326
서울특별시,양천구,신정6동,서울특별시 양천구 신정6동,11470670,14,19671.278493150687
서울특별시,양천구,신정6동,서울특별시 양천구 신정6동,11470670,15,19557.744767123288
서울특별시,양천구,신정6동,서울특별시 양천구 신정6동,11470670,16,19638.64898630137
서울특별시,양천구,신정6동,서울특별시 양천구 신정6동,11470670,17,19735.799150684932
서울특별시,양천구,신정6동,서울특별시 양천구 신정6동,11470670,18,19808.92178082192
서울특별시,양천구,신정6동,서울특별시 양천구 신정6동,11470670,19,20152.53698630137
서울특별시,양천구,신정6동,서울특별시 양천구 신정6동,11470670,20,20595.822
서울특별시,양천구,신정6동,서울특별시 양천구 신정6동,11470670,21,20915.966410958903
서울특별시,양천구,신정6동,서울특별시 양천구 신정6동,11470670,22,21030.752356164383
서울특별시,양천구,신정6동,서울특별시 양천구 신정6동,11470670,23,21125.091342465752
서울특별시,양천구,신정7동,서울특별시 양천구 신정7동,11470680,00,29922.282328767124
서울특별시,양천구,신정7동,서울특별시 양천구 신정7동,11470680,01,30011.398657534246
서울특별시,양천구,신정7동,서울특별시 양천구 신정7동,11470680,02,30076.641260273973
서울특별시,양천구,신정7동,서울특별시 양천구 신정7동,11470680,03,30112.37339726027
서울특별시,양천구,신정7동,서울특별시 양천구 신정7동,11470680,04,30110.338547945204
서울특별시,양천구,신정7동,서울특별시 양천구 신정7동,11470680,05,30090.55356164384
서울특별시,양천구,신정7동,서울특별시 양천구 신정7동,11470680,06,29815.026767123287
서울특별시,양천구,신정7동,서울특별시 양천구 신정7동,11470680,07,29475.672958904113
서울특별시,양천구,신정7동,서울특별시 양천구 신정7동,11470680,08,28320.95997260274
서울특별시,양천구,신정7동,서울특별시 양천구 신정7동,11470680,09,27266.333863013697
서울특별시,양천구,신정7동,서울특별시 양천구 신정7동,11470680,10,26576.909890410956
서울특별시,양천구,신정7동,서울특별시 양천구 신정7동,11470680,11,26148.30150684932
서울특별시,양천구,신정7동,서울특별시 양천구 신정7동,11470680,12,25694.76506849315
서울특별시,양천구,신정7동,서울특별시 양천구 신정7동,11470680,13,25488.231397260275
서울특별시,양천구,신정7동,서울특별시 양천구 신정7동,11470680,14,25494.723479452055
서울특별시,양천구,신정7동,서울특별시 양천구 신정7동,11470680,15,25647.316082191777
서울특별시,양천구,신정7동,서울특별시 양천구 신정7동,11470680,16,25984.53975342466
서울특별시,양천구,신정7동,서울특별시 양천구 신정7동,11470680,17,26557.364136986303
서울특별시,양천구,신정7동,서울특별시 양천구 신정7동,11470680,18,27110.014986301372
서울특별시,양천구,신정7동,서울특별시 양천구 신정7동,11470680,19,27960.960219178083
서울특별시,양천구,신정7동,서울특별시 양천구 신정7동,11470680,20,28492.818164383563
서울특별시,양천구,신정7동,서울특별시 양천구 신정7동,11470680,21,28969.062657534243
서울특별시,양천구,신정7동,서울특별시 양천구 신정7동,11470680,22,29286.871424657536
서울특별시,양천구,신정7동,서울특별시 양천구 신정7동,11470680,23,29572.223945205482
서울특별시,영등포구,당산1동,서울특별시 영등포구 당산1동,11560550,00,23922.18136986301
서울특별시,영등포구,당산1동,서울특별시 영등포구 당산1동,11560550,01,23774.319863013698
서울특별시,영등포구,당산1동,서울특별시 영등포구 당산1동,11560550,02,23713.12309589041
서울특별시,영등포구,당산1동,서울특별시 영등포구 당산1동,11560550,03,23645.953123287672
서울특별시,영등포구,당산1동,서울특별시 영등포구 당산1동,11560550,04,23642.702
서울특별시,영등포구,당산1동,서울특별시 영등포구 당산1동,11560550,05,23753.700630136987
서울특별시,영등포구,당산1동,서울특별시 영등포구 당산1동,11560550,06,24076.057616438353
서울특별시,영등포구,당산1동,서울특별시 영등포구 당산1동,11560550,07,24637.846821917807
서울특별시,영등포구,당산1동,서울특별시 영등포구 당산1동,11560550,08,27258.071561643832
서울특별시,영등포구,당산1동,서울특별시 영등포구 당산1동,11560550,09,30618.932684931508
서울특별시,영등포구,당산1동,서울특별시 영등포구 당산1동,11560550,10,32150.727205479452
서울특별시,영등포구,당산1동,서울특별시 영등포구 당산1동,11560550,11,33235.70649315068
서울특별시,영등포구,당산1동,서울특별시 영등포구 당산1동,11560550,12,33644.909123287674
서울특별시,영등포구,당산1동,서울특별시 영등포구 당산1동,11560550,13,33771.86178082192
서울특별시,영등포구,당산1동,서울특별시 영등포구 당산1동,11560550,14,33704.52208219178
서울특별시,영등포구,당산1동,서울특별시 영등포구 당산1동,11560550,15,33470.74304109589
서울특별시,영등포구,당산1동,서울특별시 영등포구 당산1동,11560550,16,32939.401013698625
서울특별시,영등포구,당산1동,서울특별시 영등포구 당산1동,11560550,17,32244.236
서울특별시,영등포구,당산1동,서울특별시 영등포구 당산1동,11560550,18,31050.453452054793
서울특별시,영등포구,당산1동,서울특별시 영등포구 당산1동,11560550,19,28509.577315068494
서울특별시,영등포구,당산1동,서울특별시 영등포구 당산1동,11560550,20,26989.216657534245
서울특별시,영등포구,당산1동,서울특별시 영등포구 당산1동,11560550,21,25943.374520547943
서울특별시,영등포구,당산1동,서울특별시 영등포구 당산1동,11560550,22,25129.533698630137
서울특별시,영등포구,당산1동,서울특별시 영등포구 당산1동,11560550,23,24560.86863013699
서울특별시,영등포구,당산2동,서울특별시 영등포구 당산2동,11560560,00,40634.70328767123
서울특별시,영등포구,당산2동,서울특별시 영등포구 당산2동,11560560,01,40503.02528767123
서울특별시,영등포구,당산2동,서울특별시 영등포구 당산2동,11560560,02,40432.561616438354
서울특별시,영등포구,당산2동,서울특별시 영등포구 당산2동,11560560,03,40398.039397260276
서울특별시,영등포구,당산2동,서울특별시 영등포구 당산2동,11560560,04,40386.45767123288
서울특별시,영등포구,당산2동,서울특별시 영등포구 당산2동,11560560,05,40558.27616438356
서울특별시,영등포구,당산2동,서울특별시 영등포구 당산2동,11560560,06,40897.967616438356
서울특별시,영등포구,당산2동,서울특별시 영등포구 당산2동,11560560,07,41226.330356164384
서울특별시,영등포구,당산2동,서울특별시 영등포구 당산2동,11560560,08,41713.86164383562
서울특별시,영등포구,당산2동,서울특별시 영등포구 당산2동,11560560,09,42581.61432876712
서울특별시,영등포구,당산2동,서울특별시 영등포구 당산2동,11560560,10,42621.79512328767
서울특별시,영등포구,당산2동,서울특별시 영등포구 당산2동,11560560,11,42717.93520547945
서울특별시,영등포구,당산2동,서울특별시 영등포구 당산2동,11560560,12,42702.26717808219
서울특별시,영등포구,당산2동,서울특별시 영등포구 당산2동,11560560,13,42752.37293150685
서울특별시,영등포구,당산2동,서울특별시 영등포구 당산2동,11560560,14,42875.79791780822
서울특별시,영등포구,당산2동,서울특별시 영등포구 당산2동,11560560,15,42958.69797260274
서울특별시,영등포구,당산2동,서울특별시 영등포구 당산2동,11560560,16,42926.86120547945
서울특별시,영등포구,당산2동,서울특별시 영등포구 당산2동,11560560,17,42838.18671232877
서울특별시,영등포구,당산2동,서울특별시 영등포구 당산2동,11560560,18,43188.63698630137
서울특별시,영등포구,당산2동,서울특별시 영등포구 당산2동,11560560,19,42631.06923287671
서울특별시,영등포구,당산2동,서울특별시 영등포구 당산2동,11560560,20,42010.02909589041
서울특별시,영등포구,당산2동,서울특별시 영등포구 당산2동,11560560,21,41803.767643835614
서울특별시,영등포구,당산2동,서울특별시 영등포구 당산2동,11560560,22,41677.36219178082
서울특별시,영등포구,당산2동,서울특별시 영등포구 당산2동,11560560,23,41299.52520547945
서울특별시,영등포구,대림1동,서울특별시 영등포구 대림1동,11560700,00,14210.813424657536
서울특별시,영등포구,대림1동,서울특별시 영등포구 대림1동,11560700,01,14209.379780821919
서울특별시,영등포구,대림1동,서울특별시 영등포구 대림1동,11560700,02,14166.132438356164
서울특별시,영등포구,대림1동,서울특별시 영등포구 대림1동,11560700,03,14167.497589041097
서울특별시,영등포구,대림1동,서울특별시 영등포구 대림1동,11560700,04,14148.745315068492
서울특별시,영등포구,대림1동,서울특별시 영등포구 대림1동,11560700,05,14104.238465753424
서울특별시,영등포구,대림1동,서울특별시 영등포구 대림1동,11560700,06,14075.747671232877
서울특별시,영등포구,대림1동,서울특별시 영등포구 대림1동,11560700,07,14051.025616438355
서울특별시,영등포구,대림1동,서울특별시 영등포구 대림1동,11560700,08,14264.604575342466
서울특별시,영등포구,대림1동,서울특별시 영등포구 대림1동,11560700,09,14166.772794520548
서울특별시,영등포구,대림1동,서울특별시 영등포구 대림1동,11560700,10,14218.17279452055
서울특별시,영등포구,대림1동,서울특별시 영등포구 대림1동,11560700,11,14260.414849315068
서울특별시,영등포구,대림1동,서울특별시 영등포구 대림1동,11560700,12,14050.547452054796
서울특별시,영등포구,대림1동,서울특별시 영등포구 대림1동,11560700,13,13827.43093150685
서울특별시,영등포구,대림1동,서울특별시 영등포구 대림1동,11560700,14,13732.977205479452
서울특별시,영등포구,대림1동,서울특별시 영등포구 대림1동,11560700,15,13579.61506849315
서울특별시,영등포구,대림1동,서울특별시 영등포구 대림1동,11560700,16,13433.968465753425
서울특별시,영등포구,대림1동,서울특별시 영등포구 대림1동,11560700,17,13400.232547945205
서울특별시,영등포구,대림1동,서울특별시 영등포구 대림1동,11560700,18,13555.922109589043
서울특별시,영등포구,대림1동,서울특별시 영등포구 대림1동,11560700,19,13836.652000000002
서울특별시,영등포구,대림1동,서울특별시 영등포구 대림1동,11560700,20,13962.358082191782
서울특별시,영등포구,대림1동,서울특별시 영등포구 대림1동,11560700,21,14045.680438356165
서울특별시,영등포구,대림1동,서울특별시 영등포구 대림1동,11560700,22,14060.240356164384
서울특별시,영등포구,대림1동,서울특별시 영등포구 대림1동,11560700,23,14183.128328767123
서울특별시,영등포구,대림2동,서울특별시 영등포구 대림2동,11560710,00,12326.71989041096
서울특별시,영등포구,대림2동,서울특별시 영등포구 대림2동,11560710,01,12367.25906849315
서울특별시,영등포구,대림2동,서울특별시 영등포구 대림2동,11560710,02,12419.805753424656
서울특별시,영등포구,대림2동,서울특별시 영등포구 대림2동,11560710,03,12453.695753424658
서울특별시,영등포구,대림2동,서울특별시 영등포구 대림2동,11560710,04,12467.727863013699
서울특별시,영등포구,대림2동,서울특별시 영등포구 대림2동,11560710,05,12517.315452054794
서울특별시,영등포구,대림2동,서울특별시 영등포구 대림2동,11560710,06,12327.941287671234
서울특별시,영등포구,대림2동,서울특별시 영등포구 대림2동,11560710,07,12238.90005479452
서울특별시,영등포구,대림2동,서울특별시 영등포구 대림2동,11560710,08,12108.375589041096
서울특별시,영등포구,대림2동,서울특별시 영등포구 대림2동,11560710,09,11814.621726027397
서울특별시,영등포구,대림2동,서울특별시 영등포구 대림2동,11560710,10,11638.843726027397
서울특별시,영등포구,대림2동,서울특별시 영등포구 대림2동,11560710,11,11608.257397260275
서울특별시,영등포구,대림2동,서울특별시 영등포구 대림2동,11560710,12,11570.046273972603
서울특별시,영등포구,대림2동,서울특별시 영등포구 대림2동,11560710,13,11554.58224657534
서울특별시,영등포구,대림2동,서울특별시 영등포구 대림2동,11560710,14,11519.69808219178
서울특별시,영등포구,대림2동,서울특별시 영등포구 대림2동,11560710,15,11510.071726027396
서울특별시,영등포구,대림2동,서울특별시 영등포구 대림2동,11560710,16,11458.230794520548
서울특별시,영등포구,대림2동,서울특별시 영등포구 대림2동,11560710,17,11330.976246575343
서울특별시,영등포구,대림2동,서울특별시 영등포구 대림2동,11560710,18,11220.908712328768
서울특별시,영등포구,대림2동,서울특별시 영등포구 대림2동,11560710,19,11217.606136986302
서울특별시,영등포구,대림2동,서울특별시 영등포구 대림2동,11560710,20,11313.950246575341
서울특별시,영등포구,대림2동,서울특별시 영등포구 대림2동,11560710,21,11603.500794520549
서울특별시,영등포구,대림2동,서울특별시 영등포구 대림2동,11560710,22,11941.160821917809
서울특별시,영등포구,대림2동,서울특별시 영등포구 대림2동,11560710,23,12165.935452054795
서울특별시,영등포구,대림3동,서울특별시 영등포구 대림3동,11560720,00,21499.618219178083
서울특별시,영등포구,대림3동,서울특별시 영등포구 대림3동,11560720,01,21492.03361643836
서울특별시,영등포구,대림3동,서울특별시 영등포구 대림3동,11560720,02,21521.425917808217
서울특별시,영등포구,대림3동,서울특별시 영등포구 대림3동,11560720,03,21517.87610958904
서울특별시,영등포구,대림3동,서울특별시 영등포구 대림3동,11560720,04,21506.327835616437
서울특별시,영등포구,대림3동,서울특별시 영등포구 대림3동,11560720,05,21458.97701369863
서울특별시,영등포구,대림3동,서울특별시 영등포구 대림3동,11560720,06,21283.31115068493
서울특별시,영등포구,대림3동,서울특별시 영등포구 대림3동,11560720,07,21176.852712328768
서울특별시,영등포구,대림3동,서울특별시 영등포구 대림3동,11560720,08,20986.441808219177
서울특별시,영등포구,대림3동,서울특별시 영등포구 대림3동,11560720,09,20586.277369863015
서울특별시,영등포구,대림3동,서울특별시 영등포구 대림3동,11560720,10,20479.859534246578
서울특별시,영등포구,대림3동,서울특별시 영등포구 대림3동,11560720,11,20547.854054794523
서울특별시,영등포구,대림3동,서울특별시 영등포구 대림3동,11560720,12,20692.840082191782
서울특별시,영등포구,대림3동,서울특별시 영등포구 대림3동,11560720,13,20650.546191780824
서울특별시,영등포구,대림3동,서울특별시 영등포구 대림3동,11560720,14,20630.022630136984
서울특별시,영등포구,대림3동,서울특별시 영등포구 대림3동,11560720,15,20700.259753424656
서울특별시,영등포구,대림3동,서울특별시 영등포구 대림3동,11560720,16,20756.931780821917
서울특별시,영등포구,대림3동,서울특별시 영등포구 대림3동,11560720,17,20693.967397260272
서울특별시,영등포구,대림3동,서울특별시 영등포구 대림3동,11560720,18,20787.695041095893
서울특별시,영등포구,대림3동,서울특별시 영등포구 대림3동,11560720,19,21011.779178082194
서울특별시,영등포구,대림3동,서울특별시 영등포구 대림3동,11560720,20,21069.024767123286
서울특별시,영등포구,대림3동,서울특별시 영등포구 대림3동,11560720,21,21207.239999999998
서울특별시,영등포구,대림3동,서울특별시 영등포구 대림3동,11560720,22,21390.766164383564
서울특별시,영등포구,대림3동,서울특별시 영등포구 대림3동,11560720,23,21439.399150684934
서울특별시,영등포구,도림동,서울특별시 영등포구 도림동,11560585,00,21524.40323287671
서울특별시,영등포구,도림동,서울특별시 영등포구 도림동,11560585,01,21603.01019178082
서울특별시,영등포구,도림동,서울특별시 영등포구 도림동,11560585,02,21664.926849315067
서울특별시,영등포구,도림동,서울특별시 영등포구 도림동,11560585,03,21670.14098630137
서울특별시,영등포구,도림동,서울특별시 영등포구 도림동,11560585,04,21641.641534246577
서울특별시,영등포구,도림동,서울특별시 영등포구 도림동,11560585,05,21531.22205479452
서울특별시,영등포구,도림동,서울특별시 영등포구 도림동,11560585,06,21232.991726027398
서울특별시,영등포구,도림동,서울특별시 영등포구 도림동,11560585,07,20721.702520547944
서울특별시,영등포구,도림동,서울특별시 영등포구 도림동,11560585,08,19376.69665753425
서울특별시,영등포구,도림동,서울특별시 영등포구 도림동,11560585,09,18060.174273972603
서울특별시,영등포구,도림동,서울특별시 영등포구 도림동,11560585,10,17345.60208219178
서울특별시,영등포구,도림동,서울특별시 영등포구 도림동,11560585,11,16936.55112328767
서울특별시,영등포구,도림동,서울특별시 영등포구 도림동,11560585,12,16707.01484931507
서울특별시,영등포구,도림동,서울특별시 영등포구 도림동,11560585,13,16473.650520547948
서울특별시,영등포구,도림동,서울특별시 영등포구 도림동,11560585,14,16294.636931506851
서울특별시,영등포구,도림동,서울특별시 영등포구 도림동,11560585,15,16340.473643835616
서울특별시,영등포구,도림동,서울특별시 영등포구 도림동,11560585,16,16549.98780821918
서울특별시,영등포구,도림동,서울특별시 영등포구 도림동,11560585,17,16898.360136986303
서울특별시,영등포구,도림동,서울특별시 영등포구 도림동,11560585,18,17651.949506849316
서울특별시,영등포구,도림동,서울특별시 영등포구 도림동,11560585,19,18709.311287671233
서울특별시,영등포구,도림동,서울특별시 영등포구 도림동,11560585,20,19467.32498630137
서울특별시,영등포구,도림동,서울특별시 영등포구 도림동,11560585,21,20095.11495890411
서울특별시,영등포구,도림동,서울특별시 영등포구 도림동,11560585,22,20688.747726027395
서울특별시,영등포구,도림동,서울특별시 영등포구 도림동,11560585,23,21090.524383561646
서울특별시,영등포구,문래동,서울특별시 영등포구 문래동,11560605,00,35644.36720547945
서울특별시,영등포구,문래동,서울특별시 영등포구 문래동,11560605,01,35309.557205479454
서울특별시,영등포구,문래동,서울특별시 영등포구 문래동,11560605,02,35113.53895890411
서울특별시,영등포구,문래동,서울특별시 영등포구 문래동,11560605,03,35062.522630136984
서울특별시,영등포구,문래동,서울특별시 영등포구 문래동,11560605,04,35068.432821917806
서울특별시,영등포구,문래동,서울특별시 영등포구 문래동,11560605,05,35188.98939726027
서울특별시,영등포구,문래동,서울특별시 영등포구 문래동,11560605,06,35725.086027397265
서울특별시,영등포구,문래동,서울특별시 영등포구 문래동,11560605,07,36796.95808219178
서울특별시,영등포구,문래동,서울특별시 영등포구 문래동,11560605,08,40131.46895890411
서울특별시,영등포구,문래동,서울특별시 영등포구 문래동,11560605,09,45188.73049315069
서울특별시,영등포구,문래동,서울특별시 영등포구 문래동,11560605,10,47039.4558630137
서울특별시,영등포구,문래동,서울특별시 영등포구 문래동,11560605,11,47895.351643835624
서울특별시,영등포구,문래동,서울특별시 영등포구 문래동,11560605,12,48422.549342465754
서울특별시,영등포구,문래동,서울특별시 영등포구 문래동,11560605,13,49039.24879452054
서울특별시,영등포구,문래동,서울특별시 영등포구 문래동,11560605,14,49322.67054794521
서울특별시,영등포구,문래동,서울특별시 영등포구 문래동,11560605,15,49142.73490410959
서울특별시,영등포구,문래동,서울특별시 영등포구 문래동,11560605,16,48625.616712328774
서울특별시,영등포구,문래동,서울특별시 영등포구 문래동,11560605,17,47939.17432876712
서울특별시,영등포구,문래동,서울특별시 영등포구 문래동,11560605,18,46377.45756164384
서울특별시,영등포구,문래동,서울특별시 영등포구 문래동,11560605,19,43606.92553424658
서울특별시,영등포구,문래동,서울특별시 영등포구 문래동,11560605,20,41724.57553424658
서울특별시,영등포구,문래동,서울특별시 영등포구 문래동,11560605,21,40220.96202739726
서울특별시,영등포구,문래동,서울특별시 영등포구 문래동,11560605,22,38711.95802739726
서울특별시,영등포구,문래동,서울특별시 영등포구 문래동,11560605,23,37279.57265753425
서울특별시,영등포구,신길1동,서울특별시 영등포구 신길1동,11560630,00,21611.31389041096
서울특별시,영등포구,신길1동,서울특별시 영등포구 신길1동,11560630,01,21681.888739726026
서울특별시,영등포구,신길1동,서울특별시 영등포구 신길1동,11560630,02,21740.205561643837
서울특별시,영등포구,신길1동,서울특별시 영등포구 신길1동,11560630,03,21769.558712328766
서울특별시,영등포구,신길1동,서울특별시 영등포구 신길1동,11560630,04,21779.275397260273
서울특별시,영등포구,신길1동,서울특별시 영등포구 신길1동,11560630,05,21732.53780821918
서울특별시,영등포구,신길1동,서울특별시 영등포구 신길1동,11560630,06,21596.753287671232
서울특별시,영등포구,신길1동,서울특별시 영등포구 신길1동,11560630,07,21304.11690410959
서울특별시,영등포구,신길1동,서울특별시 영등포구 신길1동,11560630,08,20434.790465753424
서울특별시,영등포구,신길1동,서울특별시 영등포구 신길1동,11560630,09,19393.4417260274
서울특별시,영등포구,신길1동,서울특별시 영등포구 신길1동,11560630,10,18844.04802739726
서울특별시,영등포구,신길1동,서울특별시 영등포구 신길1동,11560630,11,18510.27884931507
서울특별시,영등포구,신길1동,서울특별시 영등포구 신길1동,11560630,12,18191.594684931504
서울특별시,영등포구,신길1동,서울특별시 영등포구 신길1동,11560630,13,17939.432602739726
서울특별시,영등포구,신길1동,서울특별시 영등포구 신길1동,11560630,14,17895.205479452055
서울특별시,영등포구,신길1동,서울특별시 영등포구 신길1동,11560630,15,17904.836602739728
서울특별시,영등포구,신길1동,서울특별시 영등포구 신길1동,11560630,16,18044.176657534248
서울특별시,영등포구,신길1동,서울특별시 영등포구 신길1동,11560630,17,18214.4961369863
서울특별시,영등포구,신길1동,서울특별시 영등포구 신길1동,11560630,18,18751.28495890411
서울특별시,영등포구,신길1동,서울특별시 영등포구 신길1동,11560630,19,19477.104657534248
서울특별시,영등포구,신길1동,서울특별시 영등포구 신길1동,11560630,20,20006.87301369863
서울특별시,영등포구,신길1동,서울특별시 영등포구 신길1동,11560630,21,20596.22495890411
서울특별시,영등포구,신길1동,서울특별시 영등포구 신길1동,11560630,22,21111.7458630137
서울특별시,영등포구,신길1동,서울특별시 영등포구 신길1동,11560630,23,21391.661534246574
서울특별시,영등포구,신길3동,서울특별시 영등포구 신길3동,11560650,00,13299.331205479451
서울특별시,영등포구,신길3동,서울특별시 영등포구 신길3동,11560650,01,13348.24701369863
서울특별시,영등포구,신길3동,서울특별시 영등포구 신길3동,11560650,02,13383.210876712328
서울특별시,영등포구,신길3동,서울특별시 영등포구 신길3동,11560650,03,13394.146493150683
서울특별시,영등포구,신길3동,서울특별시 영등포구 신길3동,11560650,04,13414.981232876713
서울특별시,영등포구,신길3동,서울특별시 영등포구 신길3동,11560650,05,13323.95884931507
서울특별시,영등포구,신길3동,서울특별시 영등포구 신길3동,11560650,06,13152.528739726027
서울특별시,영등포구,신길3동,서울특별시 영등포구 신길3동,11560650,07,12987.32693150685
서울특별시,영등포구,신길3동,서울특별시 영등포구 신길3동,11560650,08,12365.555123287671
서울특별시,영등포구,신길3동,서울특별시 영등포구 신길3동,11560650,09,11675.77290410959
서울특별시,영등포구,신길3동,서울특별시 영등포구 신길3동,11560650,10,11436.591315068494
서울특별시,영등포구,신길3동,서울특별시 영등포구 신길3동,11560650,11,11323.751534246576
서울특별시,영등포구,신길3동,서울특별시 영등포구 신길3동,11560650,12,11163.99194520548
서울특별시,영등포구,신길3동,서울특별시 영등포구 신길3동,11560650,13,11002.08
서울특별시,영등포구,신길3동,서울특별시 영등포구 신길3동,11560650,14,10989.335534246577
서울특별시,영등포구,신길3동,서울특별시 영등포구 신길3동,11560650,15,11016.905917808219
서울특별시,영등포구,신길3동,서울특별시 영등포구 신길3동,11560650,16,11106.578219178082
서울특별시,영등포구,신길3동,서울특별시 영등포구 신길3동,11560650,17,11242.825890410959
서울특별시,영등포구,신길3동,서울특별시 영등포구 신길3동,11560650,18,11555.866739726029
서울특별시,영등포구,신길3동,서울특별시 영등포구 신길3동,11560650,19,12015.532712328768
서울특별시,영등포구,신길3동,서울특별시 영등포구 신길3동,11560650,20,12357.403726027398
서울특별시,영등포구,신길3동,서울특별시 영등포구 신길3동,11560650,21,12639.467726027397
서울특별시,영등포구,신길3동,서울특별시 영등포구 신길3동,11560650,22,12901.04895890411
서울특별시,영등포구,신길3동,서울특별시 영등포구 신길3동,11560650,23,13081.520684931505
서울특별시,영등포구,신길4동,서울특별시 영등포구 신길4동,11560660,00,12636.171671232878
서울특별시,영등포구,신길4동,서울특별시 영등포구 신길4동,11560660,01,12709.423534246574
서울특별시,영등포구,신길4동,서울특별시 영등포구 신길4동,11560660,02,12730.498904109589
서울특별시,영등포구,신길4동,서울특별시 영등포구 신길4동,11560660,03,12736.738465753424
서울특별시,영등포구,신길4동,서울특별시 영등포구 신길4동,11560660,04,12733.29408219178
서울특별시,영등포구,신길4동,서울특별시 영등포구 신길4동,11560660,05,12655.963863013698
서울특별시,영등포구,신길4동,서울특별시 영등포구 신길4동,11560660,06,12497.73602739726
서울특별시,영등포구,신길4동,서울특별시 영등포구 신길4동,11560660,07,12199.7498630137
서울특별시,영등포구,신길4동,서울특별시 영등포구 신길4동,11560660,08,11468.685369863015
서울특별시,영등포구,신길4동,서울특별시 영등포구 신길4동,11560660,09,10564.344602739726
서울특별시,영등포구,신길4동,서울특별시 영등포구 신길4동,11560660,10,10052.520520547945
서울특별시,영등포구,신길4동,서울특별시 영등포구 신길4동,11560660,11,9800.884684931507
서울특별시,영등포구,신길4동,서울특별시 영등포구 신길4동,11560660,12,9689.61509589041
서울특별시,영등포구,신길4동,서울특별시 영등포구 신길4동,11560660,13,9565.453232876713
서울특별시,영등포구,신길4동,서울특별시 영등포구 신길4동,11560660,14,9520.432
서울특별시,영등포구,신길4동,서울특별시 영등포구 신길4동,11560660,15,9602.596876712329
서울특별시,영등포구,신길4동,서울특별시 영등포구 신길4동,11560660,16,9759.841315068494
서울특별시,영등포구,신길4동,서울특별시 영등포구 신길4동,11560660,17,10046.459342465754
서울특별시,영등포구,신길4동,서울특별시 영등포구 신길4동,11560660,18,10505.96194520548
서울특별시,영등포구,신길4동,서울특별시 영등포구 신길4동,11560660,19,11048.044328767124
서울특별시,영등포구,신길4동,서울특별시 영등포구 신길4동,11560660,20,11431.72994520548
서울특별시,영등포구,신길4동,서울특별시 영등포구 신길4동,11560660,21,11795.480383561644
서울특별시,영등포구,신길4동,서울특별시 영등포구 신길4동,11560660,22,12193.514328767125
서울특별시,영등포구,신길4동,서울특별시 영등포구 신길4동,11560660,23,12446.237534246577
서울특별시,영등포구,신길5동,서울특별시 영등포구 신길5동,11560670,00,8197.666465753426
서울특별시,영등포구,신길5동,서울특별시 영등포구 신길5동,11560670,01,8222.390410958904
서울특별시,영등포구,신길5동,서울특별시 영등포구 신길5동,11560670,02,8273.425589041095
서울특별시,영등포구,신길5동,서울특별시 영등포구 신길5동,11560670,03,8293.790520547946
서울특별시,영등포구,신길5동,서울특별시 영등포구 신길5동,11560670,04,8260.521945205479
서울특별시,영등포구,신길5동,서울특별시 영등포구 신길5동,11560670,05,8204.729753424657
서울특별시,영등포구,신길5동,서울특별시 영등포구 신길5동,11560670,06,8044.948219178083
서울특별시,영등포구,신길5동,서울특별시 영등포구 신길5동,11560670,07,8125.164547945205
서울특별시,영등포구,신길5동,서울특별시 영등포구 신길5동,11560670,08,8153.235561643835
서울특별시,영등포구,신길5동,서울특별시 영등포구 신길5동,11560670,09,7805.078876712329
서울특별시,영등포구,신길5동,서울특별시 영등포구 신길5동,11560670,10,7752.729095890411
서울특별시,영등포구,신길5동,서울특별시 영등포구 신길5동,11560670,11,7627.937917808219
서울특별시,영등포구,신길5동,서울특별시 영등포구 신길5동,11560670,12,7575.1351232876705
서울특별시,영등포구,신길5동,서울특별시 영등포구 신길5동,11560670,13,7468.156301369862
서울특별시,영등포구,신길5동,서울특별시 영등포구 신길5동,11560670,14,7270.021342465753
서울특별시,영등포구,신길5동,서울특별시 영등포구 신길5동,11560670,15,7006.1842191780825
서울특별시,영등포구,신길5동,서울특별시 영등포구 신길5동,11560670,16,6801.945589041096
서울특별시,영등포구,신길5동,서울특별시 영등포구 신길5동,11560670,17,6729.058383561644
서울특별시,영등포구,신길5동,서울특별시 영등포구 신길5동,11560670,18,6894.516986301371
서울특별시,영등포구,신길5동,서울특별시 영등포구 신길5동,11560670,19,7156.4031506849315
서울특별시,영등포구,신길5동,서울특별시 영등포구 신길5동,11560670,20,7322.613506849316
서울특별시,영등포구,신길5동,서울특별시 영등포구 신길5동,11560670,21,7461.130246575342
서울특별시,영등포구,신길5동,서울특별시 영등포구 신길5동,11560670,22,7624.022547945206
서울특별시,영등포구,신길5동,서울특별시 영등포구 신길5동,11560670,23,7817.173999999999
서울특별시,영등포구,신길6동,서울특별시 영등포구 신길6동,11560680,00,19203.40810958904
서울특별시,영등포구,신길6동,서울특별시 영등포구 신길6동,11560680,01,19193.000383561644
서울특별시,영등포구,신길6동,서울특별시 영등포구 신길6동,11560680,02,19182.522301369863
서울특별시,영등포구,신길6동,서울특별시 영등포구 신길6동,11560680,03,19190.077999999998
서울특별시,영등포구,신길6동,서울특별시 영등포구 신길6동,11560680,04,19180.980273972604
서울특별시,영등포구,신길6동,서울특별시 영등포구 신길6동,11560680,05,19230.277178082193
서울특별시,영등포구,신길6동,서울특별시 영등포구 신길6동,11560680,06,19007.519890410957
서울특별시,영등포구,신길6동,서울특별시 영등포구 신길6동,11560680,07,18829.399671232877
서울특별시,영등포구,신길6동,서울특별시 영등포구 신길6동,11560680,08,18459.13180821918
서울특별시,영등포구,신길6동,서울특별시 영등포구 신길6동,11560680,09,17739.805534246574
서울특별시,영등포구,신길6동,서울특별시 영등포구 신길6동,11560680,10,17511.350684931505
서울특별시,영등포구,신길6동,서울특별시 영등포구 신길6동,11560680,11,17558.539616438356
서울특별시,영등포구,신길6동,서울특별시 영등포구 신길6동,11560680,12,17539.623863013698
서울특별시,영등포구,신길6동,서울특별시 영등포구 신길6동,11560680,13,17370.53821917808
서울특별시,영등포구,신길6동,서울특별시 영등포구 신길6동,11560680,14,17234.356109589044
서울특별시,영등포구,신길6동,서울특별시 영등포구 신길6동,11560680,15,17263.95602739726
서울특별시,영등포구,신길6동,서울특별시 영등포구 신길6동,11560680,16,17400.145671232876
서울특별시,영등포구,신길6동,서울특별시 영등포구 신길6동,11560680,17,17574.387452054794
서울특별시,영등포구,신길6동,서울특별시 영등포구 신길6동,11560680,18,18127.283808219177
서울특별시,영등포구,신길6동,서울특별시 영등포구 신길6동,11560680,19,18580.019452054792
서울특별시,영등포구,신길6동,서울특별시 영등포구 신길6동,11560680,20,18755.906547945204
서울특별시,영등포구,신길6동,서울특별시 영등포구 신길6동,11560680,21,18912.070520547946
서울특별시,영등포구,신길6동,서울특별시 영등포구 신길6동,11560680,22,19053.35898630137
서울특별시,영등포구,신길6동,서울특별시 영등포구 신길6동,11560680,23,19171.522520547944
서울특별시,영등포구,신길7동,서울특별시 영등포구 신길7동,11560690,00,18455.436136986304
서울특별시,영등포구,신길7동,서울특별시 영등포구 신길7동,11560690,01,18500.98791780822
서울특별시,영등포구,신길7동,서울특별시 영등포구 신길7동,11560690,02,18480.019534246574
서울특별시,영등포구,신길7동,서울특별시 영등포구 신길7동,11560690,03,18499.184602739726
서울특별시,영등포구,신길7동,서울특별시 영등포구 신길7동,11560690,04,18513.35106849315
서울특별시,영등포구,신길7동,서울특별시 영등포구 신길7동,11560690,05,18504.876301369863
서울특별시,영등포구,신길7동,서울특별시 영등포구 신길7동,11560690,06,18470.494328767123
서울특별시,영등포구,신길7동,서울특별시 영등포구 신길7동,11560690,07,18218.69419178082
서울특별시,영등포구,신길7동,서울특별시 영등포구 신길7동,11560690,08,17595.37791780822
서울특별시,영등포구,신길7동,서울특별시 영등포구 신길7동,11560690,09,16598.922575342465
서울특별시,영등포구,신길7동,서울특별시 영등포구 신길7동,11560690,10,16112.925643835617
서울특별시,영등포구,신길7동,서울특별시 영등포구 신길7동,11560690,11,15831.207260273974
서울특별시,영등포구,신길7동,서울특별시 영등포구 신길7동,11560690,12,15679.264136986301
서울특별시,영등포구,신길7동,서울특별시 영등포구 신길7동,11560690,13,15671.537068493151
서울특별시,영등포구,신길7동,서울특별시 영등포구 신길7동,11560690,14,15654.408328767124
서울특별시,영등포구,신길7동,서울특별시 영등포구 신길7동,11560690,15,15680.858794520547
서울특별시,영등포구,신길7동,서울특별시 영등포구 신길7동,11560690,16,15736.287753424658
서울특별시,영등포구,신길7동,서울특별시 영등포구 신길7동,11560690,17,15884.518
서울특별시,영등포구,신길7동,서울특별시 영등포구 신길7동,11560690,18,16481.014657534244
서울특별시,영등포구,신길7동,서울특별시 영등포구 신길7동,11560690,19,16919.152794520545
서울특별시,영등포구,신길7동,서울특별시 영등포구 신길7동,11560690,20,17294.53312328767
서울특별시,영등포구,신길7동,서울특별시 영등포구 신길7동,11560690,21,17697.297342465754
서울특별시,영등포구,신길7동,서울특별시 영등포구 신길7동,11560690,22,18050.337917808218
서울특별시,영등포구,신길7동,서울특별시 영등포구 신길7동,11560690,23,18296.04767123288
서울특별시,영등포구,양평1동,서울특별시 영등포구 양평1동,11560610,00,19399.132219178082
서울특별시,영등포구,양평1동,서울특별시 영등포구 양평1동,11560610,01,19451.93531506849
서울특별시,영등포구,양평1동,서울특별시 영등포구 양평1동,11560610,02,19492.164493150685
서울특별시,영등포구,양평1동,서울특별시 영등포구 양평1동,11560610,03,19515.338301369866
서울특별시,영등포구,양평1동,서울특별시 영등포구 양평1동,11560610,04,19554.91810958904
서울특별시,영등포구,양평1동,서울특별시 영등포구 양평1동,11560610,05,19680.49082191781
서울특별시,영등포구,양평1동,서울특별시 영등포구 양평1동,11560610,06,19965.960356164385
서울특별시,영등포구,양평1동,서울특별시 영등포구 양평1동,11560610,07,20438.857041095893
서울특별시,영등포구,양평1동,서울특별시 영등포구 양평1동,11560610,08,21664.186328767122
서울특별시,영등포구,양평1동,서울특별시 영등포구 양평1동,11560610,09,23048.66449315068
서울특별시,영등포구,양평1동,서울특별시 영등포구 양평1동,11560610,10,23730.095452054793
서울특별시,영등포구,양평1동,서울특별시 영등포구 양평1동,11560610,11,24007.88276712329
서울특별시,영등포구,양평1동,서울특별시 영등포구 양평1동,11560610,12,23976.141698630137
서울특별시,영등포구,양평1동,서울특별시 영등포구 양평1동,11560610,13,23791.32306849315
서울특별시,영등포구,양평1동,서울특별시 영등포구 양평1동,11560610,14,23620.294630136985
서울특별시,영등포구,양평1동,서울특별시 영등포구 양평1동,11560610,15,23419.042410958904
서울특별시,영등포구,양평1동,서울특별시 영등포구 양평1동,11560610,16,23040.244849315066
서울특별시,영등포구,양평1동,서울특별시 영등포구 양평1동,11560610,17,22453.24197260274
서울특별시,영등포구,양평1동,서울특별시 영등포구 양평1동,11560610,18,21599.36495890411
서울특별시,영등포구,양평1동,서울특별시 영등포구 양평1동,11560610,19,20325.797643835616
서울특별시,영등포구,양평1동,서울특별시 영등포구 양평1동,11560610,20,19781.3841369863
서울특별시,영등포구,양평1동,서울특별시 영등포구 양평1동,11560610,21,19584.47268493151
서울특별시,영등포구,양평1동,서울특별시 영등포구 양평1동,11560610,22,19357.035671232876
서울특별시,영등포구,양평1동,서울특별시 영등포구 양평1동,11560610,23,19272.04490410959
서울특별시,영등포구,양평2동,서울특별시 영등포구 양평2동,11560620,00,24671.610219178085
서울특별시,영등포구,양평2동,서울특별시 영등포구 양평2동,11560620,01,24678.928246575342
서울특별시,영등포구,양평2동,서울특별시 영등포구 양평2동,11560620,02,24645.68665753425
서울특별시,영등포구,양평2동,서울특별시 영등포구 양평2동,11560620,03,24646.127342465756
서울특별시,영등포구,양평2동,서울특별시 영등포구 양평2동,11560620,04,24641.94698630137
서울특별시,영등포구,양평2동,서울특별시 영등포구 양평2동,11560620,05,24725.780301369865
서울특별시,영등포구,양평2동,서울특별시 영등포구 양평2동,11560620,06,24909.40706849315
서울특별시,영등포구,양평2동,서울특별시 영등포구 양평2동,11560620,07,25383.64391780822
서울특별시,영등포구,양평2동,서울특별시 영등포구 양평2동,11560620,08,26782.537698630138
서울특별시,영등포구,양평2동,서울특별시 영등포구 양평2동,11560620,09,28431.02663013699
서울특별시,영등포구,양평2동,서울특별시 영등포구 양평2동,11560620,10,28732.53904109589
서울특별시,영등포구,양평2동,서울특별시 영등포구 양평2동,11560620,11,29048.4682739726
서울특별시,영등포구,양평2동,서울특별시 영등포구 양평2동,11560620,12,29401.14589041096
서울특별시,영등포구,양평2동,서울특별시 영등포구 양평2동,11560620,13,29169.399260273975
서울특별시,영등포구,양평2동,서울특별시 영등포구 양평2동,11560620,14,28911.992410958905
서울특별시,영등포구,양평2동,서울특별시 영등포구 양평2동,11560620,15,28683.704438356162
서울특별시,영등포구,양평2동,서울특별시 영등포구 양평2동,11560620,16,28323.047808219177
서울특별시,영등포구,양평2동,서울특별시 영등포구 양평2동,11560620,17,28223.538794520548
서울특별시,영등포구,양평2동,서울특별시 영등포구 양평2동,11560620,18,27660.68808219178
서울특별시,영등포구,양평2동,서울특별시 영등포구 양평2동,11560620,19,25843.30536986301
서울특별시,영등포구,양평2동,서울특별시 영등포구 양평2동,11560620,20,25011.023999999998
서울특별시,영등포구,양평2동,서울특별시 영등포구 양평2동,11560620,21,24821.27224657534
서울특별시,영등포구,양평2동,서울특별시 영등포구 양평2동,11560620,22,24835.43909589041
서울특별시,영등포구,양평2동,서울특별시 영등포구 양평2동,11560620,23,24799.14084931507
서울특별시,영등포구,여의동,서울특별시 영등포구 여의동,11560540,00,44894.86021917808
서울특별시,영등포구,여의동,서울특별시 영등포구 여의동,11560540,01,43901.22583561644
서울특별시,영등포구,여의동,서울특별시 영등포구 여의동,11560540,02,43171.21024657534
서울특별시,영등포구,여의동,서울특별시 영등포구 여의동,11560540,03,42802.33846575342
서울특별시,영등포구,여의동,서울특별시 영등포구 여의동,11560540,04,43269.16273972603
서울특별시,영등포구,여의동,서울특별시 영등포구 여의동,11560540,05,45655.792602739726
서울특별시,영등포구,여의동,서울특별시 영등포구 여의동,11560540,06,50260.79482191781
서울특별시,영등포구,여의동,서울특별시 영등포구 여의동,11560540,07,65831.51805479452
서울특별시,영등포구,여의동,서울특별시 영등포구 여의동,11560540,08,106838.90312328767
서울특별시,영등포구,여의동,서울특별시 영등포구 여의동,11560540,09,143500.64580821918
서울특별시,영등포구,여의동,서울특별시 영등포구 여의동,11560540,10,160086.85780821918
서울특별시,영등포구,여의동,서울특별시 영등포구 여의동,11560540,11,169840.8169863014
서울특별시,영등포구,여의동,서울특별시 영등포구 여의동,11560540,12,175617.23298630136
서울특별시,영등포구,여의동,서울특별시 영등포구 여의동,11560540,13,180692.66249315068
서울특별시,영등포구,여의동,서울특별시 영등포구 여의동,11560540,14,182445.50167123287
서울특별시,영등포구,여의동,서울특별시 영등포구 여의동,11560540,15,179754.31169863013
서울특별시,영등포구,여의동,서울특별시 영등포구 여의동,11560540,16,173598.2342191781
서울특별시,영등포구,여의동,서울특별시 영등포구 여의동,11560540,17,162887.66052054794
서울특별시,영등포구,여의동,서울특별시 영등포구 여의동,11560540,18,138830.38520547946
서울특별시,영등포구,여의동,서울특별시 영등포구 여의동,11560540,19,107747.53572602739
서울특별시,영등포구,여의동,서울특별시 영등포구 여의동,11560540,20,88174.13416438356
서울특별시,영등포구,여의동,서울특별시 영등포구 여의동,11560540,21,72444.02304109589
서울특별시,영등포구,여의동,서울특별시 영등포구 여의동,11560540,22,59535.42654794521
서울특별시,영등포구,여의동,서울특별시 영등포구 여의동,11560540,23,51532.93189041096
서울특별시,영등포구,영등포동,서울특별시 영등포구 영등포동,11560535,00,36813.85383561644
서울특별시,영등포구,영등포동,서울특별시 영등포구 영등포동,11560535,01,36304.18498630137
서울특별시,영등포구,영등포동,서울특별시 영등포구 영등포동,11560535,02,35750.79331506849
서울특별시,영등포구,영등포동,서울특별시 영등포구 영등포동,11560535,03,35350.88747945205
서울특별시,영등포구,영등포동,서울특별시 영등포구 영등포동,11560535,04,35178.92983561644
서울특별시,영등포구,영등포동,서울특별시 영등포구 영등포동,11560535,05,35383.84049315068
서울특별시,영등포구,영등포동,서울특별시 영등포구 영등포동,11560535,06,36101.48246575343
서울특별시,영등포구,영등포동,서울특별시 영등포구 영등포동,11560535,07,38010.36841095891
서울특별시,영등포구,영등포동,서울특별시 영등포구 영등포동,11560535,08,43996.64775342466
서울특별시,영등포구,영등포동,서울특별시 영등포구 영등포동,11560535,09,52250.798465753425
서울특별시,영등포구,영등포동,서울특별시 영등포구 영등포동,11560535,10,58369.68408219179
서울특별시,영등포구,영등포동,서울특별시 영등포구 영등포동,11560535,11,63542.14279452055
서울특별시,영등포구,영등포동,서울특별시 영등포구 영등포동,11560535,12,67763.14739726027
서울특별시,영등포구,영등포동,서울특별시 영등포구 영등포동,11560535,13,71365.67805479451
서울특별시,영등포구,영등포동,서울특별시 영등포구 영등포동,11560535,14,73904.35501369863
서울특별시,영등포구,영등포동,서울특별시 영등포구 영등포동,11560535,15,74383.38210958903
서울특별시,영등포구,영등포동,서울특별시 영등포구 영등포동,11560535,16,73222.61591780822
서울특별시,영등포구,영등포동,서울특별시 영등포구 영등포동,11560535,17,70612.98139726027
서울특별시,영등포구,영등포동,서울특별시 영등포구 영등포동,11560535,18,66092.86095890412
서울특별시,영등포구,영등포동,서울특별시 영등포구 영등포동,11560535,19,58526.85290410958
서울특별시,영등포구,영등포동,서울특별시 영등포구 영등포동,11560535,20,52487.70117808219
서울특별시,영등포구,영등포동,서울특별시 영등포구 영등포동,11560535,21,47362.610821917806
서울특별시,영등포구,영등포동,서울특별시 영등포구 영등포동,11560535,22,42499.45208219178
서울특별시,영등포구,영등포동,서울특별시 영등포구 영등포동,11560535,23,39482.540575342464
서울특별시,영등포구,영등포본동,서울특별시 영등포구 영등포본동,11560515,00,19395.735726027397
서울특별시,영등포구,영등포본동,서울특별시 영등포구 영등포본동,11560515,01,19303.148410958904
서울특별시,영등포구,영등포본동,서울특별시 영등포구 영등포본동,11560515,02,19216.782684931506
서울특별시,영등포구,영등포본동,서울특별시 영등포구 영등포본동,11560515,03,19149.10679452055
서울특별시,영등포구,영등포본동,서울특별시 영등포구 영등포본동,11560515,04,19076.251260273973
서울특별시,영등포구,영등포본동,서울특별시 영등포구 영등포본동,11560515,05,19031.489643835615
서울특별시,영등포구,영등포본동,서울특별시 영등포구 영등포본동,11560515,06,19074.152520547945
서울특별시,영등포구,영등포본동,서울특별시 영등포구 영등포본동,11560515,07,19115.453232876713
서울특별시,영등포구,영등포본동,서울특별시 영등포구 영등포본동,11560515,08,18783.81175342466
서울특별시,영등포구,영등포본동,서울특별시 영등포구 영등포본동,11560515,09,18416.405616438355
서울특별시,영등포구,영등포본동,서울특별시 영등포구 영등포본동,11560515,10,18870.957698630136
서울특별시,영등포구,영등포본동,서울특별시 영등포구 영등포본동,11560515,11,19414.218739726028
서울특별시,영등포구,영등포본동,서울특별시 영등포구 영등포본동,11560515,12,20165.442767123288
서울특별시,영등포구,영등포본동,서울특별시 영등포구 영등포본동,11560515,13,20549.196684931507
서울특별시,영등포구,영등포본동,서울특별시 영등포구 영등포본동,11560515,14,20686.669479452055
서울특별시,영등포구,영등포본동,서울특별시 영등포구 영등포본동,11560515,15,20979.40219178082
서울특별시,영등포구,영등포본동,서울특별시 영등포구 영등포본동,11560515,16,21005.786082191782
서울특별시,영등포구,영등포본동,서울특별시 영등포구 영등포본동,11560515,17,20824.8762739726
서울특별시,영등포구,영등포본동,서울특별시 영등포구 영등포본동,11560515,18,21381.72978082192
서울특별시,영등포구,영등포본동,서울특별시 영등포구 영등포본동,11560515,19,21680.73810958904
서울특별시,영등포구,영등포본동,서울특별시 영등포구 영등포본동,11560515,20,21309.451753424655
서울특별시,영등포구,영등포본동,서울특별시 영등포구 영등포본동,11560515,21,20768.101808219177
서울특별시,영등포구,영등포본동,서울특별시 영등포구 영등포본동,11560515,22,20493.53290410959
서울특별시,영등포구,영등포본동,서울특별시 영등포구 영등포본동,11560515,23,20085.266712328765
서울특별시,용산구,남영동,서울특별시 용산구 남영동,11170530,00,10318.076520547946
서울특별시,용산구,남영동,서울특별시 용산구 남영동,11170530,01,9949.916328767124
서울특별시,용산구,남영동,서울특별시 용산구 남영동,11170530,02,9712.016219178082
서울특별시,용산구,남영동,서울특별시 용산구 남영동,11170530,03,9622.20101369863
서울특별시,용산구,남영동,서울특별시 용산구 남영동,11170530,04,9644.01495890411
서울특별시,용산구,남영동,서울특별시 용산구 남영동,11170530,05,10188.776739726027
서울특별시,용산구,남영동,서울특별시 용산구 남영동,11170530,06,11589.636493150685
서울특별시,용산구,남영동,서울특별시 용산구 남영동,11170530,07,13734.534931506849
서울특별시,용산구,남영동,서울특별시 용산구 남영동,11170530,08,17638.321205479453
서울특별시,용산구,남영동,서울특별시 용산구 남영동,11170530,09,22321.435232876713
서울특별시,용산구,남영동,서울특별시 용산구 남영동,11170530,10,25230.673561643835
서울특별시,용산구,남영동,서울특별시 용산구 남영동,11170530,11,26260.53084931507
서울특별시,용산구,남영동,서울특별시 용산구 남영동,11170530,12,27897.14709589041
서울특별시,용산구,남영동,서울특별시 용산구 남영동,11170530,13,28759.275835616438
서울특별시,용산구,남영동,서울특별시 용산구 남영동,11170530,14,28836.156575342466
서울특별시,용산구,남영동,서울특별시 용산구 남영동,11170530,15,28927.8621369863
서울특별시,용산구,남영동,서울특별시 용산구 남영동,11170530,16,28914.215589041094
서울특별시,용산구,남영동,서울특별시 용산구 남영동,11170530,17,28815.211643835617
서울특별시,용산구,남영동,서울특별시 용산구 남영동,11170530,18,28353.749863013698
서울특별시,용산구,남영동,서울특별시 용산구 남영동,11170530,19,25916.657095890412
서울특별시,용산구,남영동,서울특별시 용산구 남영동,11170530,20,23492.591890410957
서울특별시,용산구,남영동,서울특별시 용산구 남영동,11170530,21,20790.52375342466
서울특별시,용산구,남영동,서울특별시 용산구 남영동,11170530,22,17822.129671232877
서울특별시,용산구,남영동,서울특별시 용산구 남영동,11170530,23,14759.41602739726
서울특별시,용산구,보광동,서울특별시 용산구 보광동,11170700,00,6808.5306575342465
서울특별시,용산구,보광동,서울특별시 용산구 보광동,11170700,01,6847.462712328767
서울특별시,용산구,보광동,서울특별시 용산구 보광동,11170700,02,6886.435835616438
서울특별시,용산구,보광동,서울특별시 용산구 보광동,11170700,03,6907.237890410959
서울특별시,용산구,보광동,서울특별시 용산구 보광동,11170700,04,6903.172328767123
서울특별시,용산구,보광동,서울특별시 용산구 보광동,11170700,05,6848.528246575343
서울특별시,용산구,보광동,서울특별시 용산구 보광동,11170700,06,6782.347424657534
서울특별시,용산구,보광동,서울특별시 용산구 보광동,11170700,07,6792.1319178082185
서울특별시,용산구,보광동,서울특별시 용산구 보광동,11170700,08,6876.199041095891
서울특별시,용산구,보광동,서울특별시 용산구 보광동,11170700,09,6945.623561643836
서울특별시,용산구,보광동,서울특별시 용산구 보광동,11170700,10,6817.005479452055
서울특별시,용산구,보광동,서울특별시 용산구 보광동,11170700,11,6704.455835616438
서울특별시,용산구,보광동,서울특별시 용산구 보광동,11170700,12,6657.981671232877
서울특별시,용산구,보광동,서울특별시 용산구 보광동,11170700,13,6565.930328767123
서울특별시,용산구,보광동,서울특별시 용산구 보광동,11170700,14,6536.285616438357
서울특별시,용산구,보광동,서울특별시 용산구 보광동,11170700,15,6525.5478630136995
서울특별시,용산구,보광동,서울특별시 용산구 보광동,11170700,16,6425.878054794521
서울특별시,용산구,보광동,서울특별시 용산구 보광동,11170700,17,6323.908410958904
서울특별시,용산구,보광동,서울특별시 용산구 보광동,11170700,18,6303.379041095891
서울특별시,용산구,보광동,서울특별시 용산구 보광동,11170700,19,6317.2429863013695
서울특별시,용산구,보광동,서울특별시 용산구 보광동,11170700,20,6391.283561643836
서울특별시,용산구,보광동,서울특별시 용산구 보광동,11170700,21,6456.406630136986
서울특별시,용산구,보광동,서울특별시 용산구 보광동,11170700,22,6515.818410958905
서울특별시,용산구,보광동,서울특별시 용산구 보광동,11170700,23,6531.418821917809
서울특별시,용산구,서빙고동,서울특별시 용산구 서빙고동,11170690,00,14974.321753424658
서울특별시,용산구,서빙고동,서울특별시 용산구 서빙고동,11170690,01,15006.909452054795
서울특별시,용산구,서빙고동,서울특별시 용산구 서빙고동,11170690,02,15059.826876712328
서울특별시,용산구,서빙고동,서울특별시 용산구 서빙고동,11170690,03,15103.80397260274
서울특별시,용산구,서빙고동,서울특별시 용산구 서빙고동,11170690,04,15202.479369863013
서울특별시,용산구,서빙고동,서울특별시 용산구 서빙고동,11170690,05,15589.89608219178
서울특별시,용산구,서빙고동,서울특별시 용산구 서빙고동,11170690,06,16289.85810958904
서울특별시,용산구,서빙고동,서울특별시 용산구 서빙고동,11170690,07,16706.448
서울특별시,용산구,서빙고동,서울특별시 용산구 서빙고동,11170690,08,17270.397205479454
서울특별시,용산구,서빙고동,서울특별시 용산구 서빙고동,11170690,09,17912.605479452053
서울특별시,용산구,서빙고동,서울특별시 용산구 서빙고동,11170690,10,18663.12035616438
서울특별시,용산구,서빙고동,서울특별시 용산구 서빙고동,11170690,11,19085.618356164385
서울특별시,용산구,서빙고동,서울특별시 용산구 서빙고동,11170690,12,19258.68309589041
서울특별시,용산구,서빙고동,서울특별시 용산구 서빙고동,11170690,13,19387.467260273974
서울특별시,용산구,서빙고동,서울특별시 용산구 서빙고동,11170690,14,19618.578684931505
서울특별시,용산구,서빙고동,서울특별시 용산구 서빙고동,11170690,15,19605.104054794523
서울특별시,용산구,서빙고동,서울특별시 용산구 서빙고동,11170690,16,18956.940821917808
서울특별시,용산구,서빙고동,서울특별시 용산구 서빙고동,11170690,17,17648.433561643837
서울특별시,용산구,서빙고동,서울특별시 용산구 서빙고동,11170690,18,16133.764684931508
서울특별시,용산구,서빙고동,서울특별시 용산구 서빙고동,11170690,19,15425.314657534245
서울특별시,용산구,서빙고동,서울특별시 용산구 서빙고동,11170690,20,15238.167369863013
서울특별시,용산구,서빙고동,서울특별시 용산구 서빙고동,11170690,21,15133.904986301372
서울특별시,용산구,서빙고동,서울특별시 용산구 서빙고동,11170690,22,15022.181835616439
서울특별시,용산구,서빙고동,서울특별시 용산구 서빙고동,11170690,23,15003.468986301368
서울특별시,용산구,용문동,서울특별시 용산구 용문동,11170590,00,11356.833698630136
서울특별시,용산구,용문동,서울특별시 용산구 용문동,11170590,01,11418.76010958904
서울특별시,용산구,용문동,서울특별시 용산구 용문동,11170590,02,11490.83202739726
서울특별시,용산구,용문동,서울특별시 용산구 용문동,11170590,03,11520.228767123288
서울특별시,용산구,용문동,서울특별시 용산구 용문동,11170590,04,11521.666465753424
서울특별시,용산구,용문동,서울특별시 용산구 용문동,11170590,05,11496.195698630136
서울특별시,용산구,용문동,서울특별시 용산구 용문동,11170590,06,11372.875095890411
서울특별시,용산구,용문동,서울특별시 용산구 용문동,11170590,07,11093.196246575342
서울특별시,용산구,용문동,서울특별시 용산구 용문동,11170590,08,10403.612219178081
서울특별시,용산구,용문동,서울특별시 용산구 용문동,11170590,09,9681.194493150686
서울특별시,용산구,용문동,서울특별시 용산구 용문동,11170590,10,9260.206
서울특별시,용산구,용문동,서울특별시 용산구 용문동,11170590,11,9069.471397260275
서울특별시,용산구,용문동,서울특별시 용산구 용문동,11170590,12,9009.607397260275
서울특별시,용산구,용문동,서울특별시 용산구 용문동,11170590,13,8892.840630136987
서울특별시,용산구,용문동,서울특별시 용산구 용문동,11170590,14,8808.50295890411
서울특별시,용산구,용문동,서울특별시 용산구 용문동,11170590,15,8897.730630136986
서울특별시,용산구,용문동,서울특별시 용산구 용문동,11170590,16,9068.920602739727
서울특별시,용산구,용문동,서울특별시 용산구 용문동,11170590,17,9348.48698630137
서울특별시,용산구,용문동,서울특별시 용산구 용문동,11170590,18,9769.561726027398
서울특별시,용산구,용문동,서울특별시 용산구 용문동,11170590,19,10170.550246575342
서울특별시,용산구,용문동,서울특별시 용산구 용문동,11170590,20,10423.866438356165
서울특별시,용산구,용문동,서울특별시 용산구 용문동,11170590,21,10671.429561643836
서울특별시,용산구,용문동,서울특별시 용산구 용문동,11170590,22,10961.987232876712
서울특별시,용산구,용문동,서울특별시 용산구 용문동,11170590,23,11135.242273972603
서울특별시,용산구,용산2가동,서울특별시 용산구 용산2가동,11170520,00,10518.124821917809
서울특별시,용산구,용산2가동,서울특별시 용산구 용산2가동,11170520,01,10556.020465753425
서울특별시,용산구,용산2가동,서울특별시 용산구 용산2가동,11170520,02,10567.77906849315
서울특별시,용산구,용산2가동,서울특별시 용산구 용산2가동,11170520,03,10560.23989041096
서울특별시,용산구,용산2가동,서울특별시 용산구 용산2가동,11170520,04,10539.369589041096
서울특별시,용산구,용산2가동,서울특별시 용산구 용산2가동,11170520,05,10491.14610958904
서울특별시,용산구,용산2가동,서울특별시 용산구 용산2가동,11170520,06,10489.850630136987
서울특별시,용산구,용산2가동,서울특별시 용산구 용산2가동,11170520,07,10820.697835616438
서울특별시,용산구,용산2가동,서울특별시 용산구 용산2가동,11170520,08,11411.381726027397
서울특별시,용산구,용산2가동,서울특별시 용산구 용산2가동,11170520,09,11341.53687671233
서울특별시,용산구,용산2가동,서울특별시 용산구 용산2가동,11170520,10,11339.268410958904
서울특별시,용산구,용산2가동,서울특별시 용산구 용산2가동,11170520,11,11439.261890410959
서울특별시,용산구,용산2가동,서울특별시 용산구 용산2가동,11170520,12,11733.59687671233
서울특별시,용산구,용산2가동,서울특별시 용산구 용산2가동,11170520,13,11979.724520547945
서울특별시,용산구,용산2가동,서울특별시 용산구 용산2가동,11170520,14,12033.375342465753
서울특별시,용산구,용산2가동,서울특별시 용산구 용산2가동,11170520,15,11994.365315068493
서울특별시,용산구,용산2가동,서울특별시 용산구 용산2가동,11170520,16,11898.184082191781
서울특별시,용산구,용산2가동,서울특별시 용산구 용산2가동,11170520,17,11824.21405479452
서울특별시,용산구,용산2가동,서울특별시 용산구 용산2가동,11170520,18,11975.879479452055
서울특별시,용산구,용산2가동,서울특별시 용산구 용산2가동,11170520,19,12090.89197260274
서울특별시,용산구,용산2가동,서울특별시 용산구 용산2가동,11170520,20,11970.389342465754
서울특별시,용산구,용산2가동,서울특별시 용산구 용산2가동,11170520,21,11668.011671232876
서울특별시,용산구,용산2가동,서울특별시 용산구 용산2가동,11170520,22,11293.07605479452
서울특별시,용산구,용산2가동,서울특별시 용산구 용산2가동,11170520,23,10902.380712328768
서울특별시,용산구,원효로1동,서울특별시 용산구 원효로1동,11170560,00,17578.38109589041
서울특별시,용산구,원효로1동,서울특별시 용산구 원효로1동,11170560,01,17621.01306849315
서울특별시,용산구,원효로1동,서울특별시 용산구 원효로1동,11170560,02,17626.944739726026
서울특별시,용산구,원효로1동,서울특별시 용산구 원효로1동,11170560,03,17625.017342465755
서울특별시,용산구,원효로1동,서울특별시 용산구 원효로1동,11170560,04,17643.709561643835
서울특별시,용산구,원효로1동,서울특별시 용산구 원효로1동,11170560,05,17655.911479452057
서울특별시,용산구,원효로1동,서울특별시 용산구 원효로1동,11170560,06,17743.361397260276
서울특별시,용산구,원효로1동,서울특별시 용산구 원효로1동,11170560,07,17880.89901369863
서울특별시,용산구,원효로1동,서울특별시 용산구 원효로1동,11170560,08,18016.542273972602
서울특별시,용산구,원효로1동,서울특별시 용산구 원효로1동,11170560,09,18752.599945205482
서울특별시,용산구,원효로1동,서울특별시 용산구 원효로1동,11170560,10,18848.702246575343
서울특별시,용산구,원효로1동,서울특별시 용산구 원효로1동,11170560,11,18865.101287671234
서울특별시,용산구,원효로1동,서울특별시 용산구 원효로1동,11170560,12,18828.601506849314
서울특별시,용산구,원효로1동,서울특별시 용산구 원효로1동,11170560,13,18678.67901369863
서울특별시,용산구,원효로1동,서울특별시 용산구 원효로1동,11170560,14,18584.151506849314
서울특별시,용산구,원효로1동,서울특별시 용산구 원효로1동,11170560,15,18569.631534246575
서울특별시,용산구,원효로1동,서울특별시 용산구 원효로1동,11170560,16,18595.5418630137
서울특별시,용산구,원효로1동,서울특별시 용산구 원효로1동,11170560,17,18605.948849315067
서울특별시,용산구,원효로1동,서울특별시 용산구 원효로1동,11170560,18,18521.559643835615
서울특별시,용산구,원효로1동,서울특별시 용산구 원효로1동,11170560,19,17768.542273972602
서울특별시,용산구,원효로1동,서울특별시 용산구 원효로1동,11170560,20,17305.672273972603
서울특별시,용산구,원효로1동,서울특별시 용산구 원효로1동,11170560,21,17263.97021917808
서울특별시,용산구,원효로1동,서울특별시 용산구 원효로1동,11170560,22,17400.659589041097
서울특별시,용산구,원효로1동,서울특별시 용산구 원효로1동,11170560,23,17463.49805479452
서울특별시,용산구,원효로2동,서울특별시 용산구 원효로2동,11170570,00,15018.17306849315
서울특별시,용산구,원효로2동,서울특별시 용산구 원효로2동,11170570,01,15095.393589041096
서울특별시,용산구,원효로2동,서울특별시 용산구 원효로2동,11170570,02,15190.658876712328
서울특별시,용산구,원효로2동,서울특별시 용산구 원효로2동,11170570,03,15234.021095890412
서울특별시,용산구,원효로2동,서울특별시 용산구 원효로2동,11170570,04,15245.83095890411
서울특별시,용산구,원효로2동,서울특별시 용산구 원효로2동,11170570,05,15221.712602739724
서울특별시,용산구,원효로2동,서울특별시 용산구 원효로2동,11170570,06,15228.920657534247
서울특별시,용산구,원효로2동,서울특별시 용산구 원효로2동,11170570,07,15166.576794520548
서울특별시,용산구,원효로2동,서울특별시 용산구 원효로2동,11170570,08,15236.712657534246
서울특별시,용산구,원효로2동,서울특별시 용산구 원효로2동,11170570,09,15361.868438356165
서울특별시,용산구,원효로2동,서울특별시 용산구 원효로2동,11170570,10,14917.020958904111
서울특별시,용산구,원효로2동,서울특별시 용산구 원효로2동,11170570,11,14465.300136986301
서울특별시,용산구,원효로2동,서울특별시 용산구 원효로2동,11170570,12,14166.410465753426
서울특별시,용산구,원효로2동,서울특별시 용산구 원효로2동,11170570,13,14043.637534246576
서울특별시,용산구,원효로2동,서울특별시 용산구 원효로2동,11170570,14,13956.493972602739
서울특별시,용산구,원효로2동,서울특별시 용산구 원효로2동,11170570,15,13928.09789041096
서울특별시,용산구,원효로2동,서울특별시 용산구 원효로2동,11170570,16,13936.810849315068
서울특별시,용산구,원효로2동,서울특별시 용산구 원효로2동,11170570,17,13889.803643835618
서울특별시,용산구,원효로2동,서울특별시 용산구 원효로2동,11170570,18,13722.291506849317
서울특별시,용산구,원효로2동,서울특별시 용산구 원효로2동,11170570,19,13414.751972602739
서울특별시,용산구,원효로2동,서울특별시 용산구 원효로2동,11170570,20,13530.27901369863
서울특별시,용산구,원효로2동,서울특별시 용산구 원효로2동,11170570,21,13906.27383561644
서울특별시,용산구,원효로2동,서울특별시 용산구 원효로2동,11170570,22,14349.508520547946
서울특별시,용산구,원효로2동,서울특별시 용산구 원효로2동,11170570,23,14649.606136986302
서울특별시,용산구,이촌1동,서울특별시 용산구 이촌1동,11170630,00,25822.748438356164
서울특별시,용산구,이촌1동,서울특별시 용산구 이촌1동,11170630,01,25842.862301369863
서울특별시,용산구,이촌1동,서울특별시 용산구 이촌1동,11170630,02,25869.33257534247
서울특별시,용산구,이촌1동,서울특별시 용산구 이촌1동,11170630,03,25893.576575342464
서울특별시,용산구,이촌1동,서울특별시 용산구 이촌1동,11170630,04,25903.659671232876
서울특별시,용산구,이촌1동,서울특별시 용산구 이촌1동,11170630,05,25930.757863013696
서울특별시,용산구,이촌1동,서울특별시 용산구 이촌1동,11170630,06,26127.649808219176
서울특별시,용산구,이촌1동,서울특별시 용산구 이촌1동,11170630,07,25956.92194520548
서울특별시,용산구,이촌1동,서울특별시 용산구 이촌1동,11170630,08,25349.71928767123
서울특별시,용산구,이촌1동,서울특별시 용산구 이촌1동,11170630,09,24234.05767123288
서울특별시,용산구,이촌1동,서울특별시 용산구 이촌1동,11170630,10,23408.30002739726
서울특별시,용산구,이촌1동,서울특별시 용산구 이촌1동,11170630,11,22866.85024657534
서울특별시,용산구,이촌1동,서울특별시 용산구 이촌1동,11170630,12,22607.762602739724
서울특별시,용산구,이촌1동,서울특별시 용산구 이촌1동,11170630,13,22444.67402739726
서울특별시,용산구,이촌1동,서울특별시 용산구 이촌1동,11170630,14,22319.07117808219
서울특별시,용산구,이촌1동,서울특별시 용산구 이촌1동,11170630,15,22394.26728767123
서울특별시,용산구,이촌1동,서울특별시 용산구 이촌1동,11170630,16,22644.488739726028
서울특별시,용산구,이촌1동,서울특별시 용산구 이촌1동,11170630,17,22932.011589041096
서울특별시,용산구,이촌1동,서울특별시 용산구 이촌1동,11170630,18,23512.784493150684
서울특별시,용산구,이촌1동,서울특별시 용산구 이촌1동,11170630,19,24176.127452054792
서울특별시,용산구,이촌1동,서울특별시 용산구 이촌1동,11170630,20,24606.680520547947
서울특별시,용산구,이촌1동,서울특별시 용산구 이촌1동,11170630,21,25006.598410958904
서울특별시,용산구,이촌1동,서울특별시 용산구 이촌1동,11170630,22,25408.59109589041
서울특별시,용산구,이촌1동,서울특별시 용산구 이촌1동,11170630,23,25629.489479452055
서울특별시,용산구,이촌2동,서울특별시 용산구 이촌2동,11170640,00,5392.833068493151
서울특별시,용산구,이촌2동,서울특별시 용산구 이촌2동,11170640,01,5413.838547945205
서울특별시,용산구,이촌2동,서울특별시 용산구 이촌2동,11170640,02,5400.612602739726
서울특별시,용산구,이촌2동,서울특별시 용산구 이촌2동,11170640,03,5393.829232876712
서울특별시,용산구,이촌2동,서울특별시 용산구 이촌2동,11170640,04,5372.492904109588
서울특별시,용산구,이촌2동,서울특별시 용산구 이촌2동,11170640,05,5313.289753424658
서울특별시,용산구,이촌2동,서울특별시 용산구 이촌2동,11170640,06,5233.276630136987
서울특별시,용산구,이촌2동,서울특별시 용산구 이촌2동,11170640,07,5147.292
서울특별시,용산구,이촌2동,서울특별시 용산구 이촌2동,11170640,08,4838.306356164384
서울특별시,용산구,이촌2동,서울특별시 용산구 이촌2동,11170640,09,4483.830356164383
서울특별시,용산구,이촌2동,서울특별시 용산구 이촌2동,11170640,10,4278.094438356165
서울특별시,용산구,이촌2동,서울특별시 용산구 이촌2동,11170640,11,4172.894739726027
서울특별시,용산구,이촌2동,서울특별시 용산구 이촌2동,11170640,12,4167.010958904109
서울특별시,용산구,이촌2동,서울특별시 용산구 이촌2동,11170640,13,4234.106136986301
서울특별시,용산구,이촌2동,서울특별시 용산구 이촌2동,11170640,14,4396.862876712328
서울특별시,용산구,이촌2동,서울특별시 용산구 이촌2동,11170640,15,4621.860410958904
서울특별시,용산구,이촌2동,서울특별시 용산구 이촌2동,11170640,16,4869.126876712329
서울특별시,용산구,이촌2동,서울특별시 용산구 이촌2동,11170640,17,5150.809671232877
서울특별시,용산구,이촌2동,서울특별시 용산구 이촌2동,11170640,18,5485.263726027397
서울특별시,용산구,이촌2동,서울특별시 용산구 이촌2동,11170640,19,5766.7103013698625
서울특별시,용산구,이촌2동,서울특별시 용산구 이촌2동,11170640,20,5779.337342465753
서울특별시,용산구,이촌2동,서울특별시 용산구 이촌2동,11170640,21,5626.766273972603
서울특별시,용산구,이촌2동,서울특별시 용산구 이촌2동,11170640,22,5488.78202739726
서울특별시,용산구,이촌2동,서울특별시 용산구 이촌2동,11170640,23,5422.811342465753
서울특별시,용산구,이태원1동,서울특별시 용산구 이태원1동,11170650,00,12048.875260273971
서울특별시,용산구,이태원1동,서울특별시 용산구 이태원1동,11170650,01,11949.57515068493
서울특별시,용산구,이태원1동,서울특별시 용산구 이태원1동,11170650,02,11574.86893150685
서울특별시,용산구,이태원1동,서울특별시 용산구 이태원1동,11170650,03,10909.975369863014
서울특별시,용산구,이태원1동,서울특별시 용산구 이태원1동,11170650,04,10101.371698630137
서울특별시,용산구,이태원1동,서울특별시 용산구 이태원1동,11170650,05,9331.171369863014
서울특별시,용산구,이태원1동,서울특별시 용산구 이태원1동,11170650,06,8654.018438356165
서울특별시,용산구,이태원1동,서울특별시 용산구 이태원1동,11170650,07,8355.910575342465
서울특별시,용산구,이태원1동,서울특별시 용산구 이태원1동,11170650,08,8484.040876712328
서울특별시,용산구,이태원1동,서울특별시 용산구 이태원1동,11170650,09,9044.531095890412
서울특별시,용산구,이태원1동,서울특별시 용산구 이태원1동,11170650,10,9650.629835616439
서울특별시,용산구,이태원1동,서울특별시 용산구 이태원1동,11170650,11,10258.460547945206
서울특별시,용산구,이태원1동,서울특별시 용산구 이태원1동,11170650,12,10951.206493150685
서울특별시,용산구,이태원1동,서울특별시 용산구 이태원1동,11170650,13,11224.759863013698
서울특별시,용산구,이태원1동,서울특별시 용산구 이태원1동,11170650,14,11458.702136986301
서울특별시,용산구,이태원1동,서울특별시 용산구 이태원1동,11170650,15,11546.947178082191
서울특별시,용산구,이태원1동,서울특별시 용산구 이태원1동,11170650,16,11588.322
서울특별시,용산구,이태원1동,서울특별시 용산구 이태원1동,11170650,17,11658.682630136987
서울특별시,용산구,이태원1동,서울특별시 용산구 이태원1동,11170650,18,11870.64306849315
서울특별시,용산구,이태원1동,서울특별시 용산구 이태원1동,11170650,19,11924.245561643835
서울특별시,용산구,이태원1동,서울특별시 용산구 이태원1동,11170650,20,11993.393260273973
서울특별시,용산구,이태원1동,서울특별시 용산구 이태원1동,11170650,21,12123.969506849315
서울특별시,용산구,이태원1동,서울특별시 용산구 이태원1동,11170650,22,12182.028191780822
서울특별시,용산구,이태원1동,서울특별시 용산구 이태원1동,11170650,23,12222.241506849316
서울특별시,용산구,이태원2동,서울특별시 용산구 이태원2동,11170660,00,10205.192794520548
서울특별시,용산구,이태원2동,서울특별시 용산구 이태원2동,11170660,01,10144.510410958903
서울특별시,용산구,이태원2동,서울특별시 용산구 이태원2동,11170660,02,10085.194273972604
서울특별시,용산구,이태원2동,서울특별시 용산구 이태원2동,11170660,03,10068.092876712328
서울특별시,용산구,이태원2동,서울특별시 용산구 이태원2동,11170660,04,10087.65295890411
서울특별시,용산구,이태원2동,서울특별시 용산구 이태원2동,11170660,05,10112.220849315068
서울특별시,용산구,이태원2동,서울특별시 용산구 이태원2동,11170660,06,10251.529397260274
서울특별시,용산구,이태원2동,서울특별시 용산구 이태원2동,11170660,07,10448.05205479452
서울특별시,용산구,이태원2동,서울특별시 용산구 이태원2동,11170660,08,10569.547780821918
서울특별시,용산구,이태원2동,서울특별시 용산구 이태원2동,11170660,09,10554.104383561644
서울특별시,용산구,이태원2동,서울특별시 용산구 이태원2동,11170660,10,10712.699863013699
서울특별시,용산구,이태원2동,서울특별시 용산구 이태원2동,11170660,11,10970.273260273972
서울특별시,용산구,이태원2동,서울특별시 용산구 이태원2동,11170660,12,11215.606575342466
서울특별시,용산구,이태원2동,서울특별시 용산구 이태원2동,11170660,13,11331.996602739726
서울특별시,용산구,이태원2동,서울특별시 용산구 이태원2동,11170660,14,11467.157589041097
서울특별시,용산구,이태원2동,서울특별시 용산구 이태원2동,11170660,15,11558.035424657533
서울특별시,용산구,이태원2동,서울특별시 용산구 이태원2동,11170660,16,11541.955753424656
서울특별시,용산구,이태원2동,서울특별시 용산구 이태원2동,11170660,17,11529.468684931508
서울특별시,용산구,이태원2동,서울특별시 용산구 이태원2동,11170660,18,11436.993095890411
서울특별시,용산구,이태원2동,서울특별시 용산구 이태원2동,11170660,19,11321.430767123287
서울특별시,용산구,이태원2동,서울특별시 용산구 이태원2동,11170660,20,11168.896136986301
서울특별시,용산구,이태원2동,서울특별시 용산구 이태원2동,11170660,21,10955.01693150685
서울특별시,용산구,이태원2동,서울특별시 용산구 이태원2동,11170660,22,10738.215424657534
서울특별시,용산구,이태원2동,서울특별시 용산구 이태원2동,11170660,23,10513.596438356164
서울특별시,용산구,청파동,서울특별시 용산구 청파동,11170555,00,22228.05167123288
서울특별시,용산구,청파동,서울특별시 용산구 청파동,11170555,01,22234.736356164383
서울특별시,용산구,청파동,서울특별시 용산구 청파동,11170555,02,22232.568547945204
서울특별시,용산구,청파동,서울특별시 용산구 청파동,11170555,03,22240.7722739726
서울특별시,용산구,청파동,서울특별시 용산구 청파동,11170555,04,22241.296547945207
서울특별시,용산구,청파동,서울특별시 용산구 청파동,11170555,05,22249.945150684933
서울특별시,용산구,청파동,서울특별시 용산구 청파동,11170555,06,22313.546356164385
서울특별시,용산구,청파동,서울특별시 용산구 청파동,11170555,07,22576.708
서울특별시,용산구,청파동,서울특별시 용산구 청파동,11170555,08,23639.469342465756
서울특별시,용산구,청파동,서울특별시 용산구 청파동,11170555,09,24594.83821917808
서울특별시,용산구,청파동,서울특별시 용산구 청파동,11170555,10,25633.168
서울특별시,용산구,청파동,서울특별시 용산구 청파동,11170555,11,26222.334219178083
서울특별시,용산구,청파동,서울특별시 용산구 청파동,11170555,12,26634.9822739726
서울특별시,용산구,청파동,서울특별시 용산구 청파동,11170555,13,26761.005589041095
서울특별시,용산구,청파동,서울특별시 용산구 청파동,11170555,14,26613.336931506852
서울특별시,용산구,청파동,서울특별시 용산구 청파동,11170555,15,26352.176082191778
서울특별시,용산구,청파동,서울특별시 용산구 청파동,11170555,16,25785.286328767124
서울특별시,용산구,청파동,서울특별시 용산구 청파동,11170555,17,25002.610219178085
서울특별시,용산구,청파동,서울특별시 용산구 청파동,11170555,18,24372.02416438356
서울특별시,용산구,청파동,서울특별시 용산구 청파동,11170555,19,23928.486493150685
서울특별시,용산구,청파동,서울특별시 용산구 청파동,11170555,20,23664.630794520548
서울특별시,용산구,청파동,서울특별시 용산구 청파동,11170555,21,23408.053589041097
서울특별시,용산구,청파동,서울특별시 용산구 청파동,11170555,22,23021.465260273973
서울특별시,용산구,청파동,서울특별시 용산구 청파동,11170555,23,22594.862547945206
서울특별시,용산구,한강로동,서울특별시 용산구 한강로동,11170625,00,30376.258328767122
서울특별시,용산구,한강로동,서울특별시 용산구 한강로동,11170625,01,29450.887753424657
서울특별시,용산구,한강로동,서울특별시 용산구 한강로동,11170625,02,28612.693479452053
서울특별시,용산구,한강로동,서울특별시 용산구 한강로동,11170625,03,28185.54216438356
서울특별시,용산구,한강로동,서울특별시 용산구 한강로동,11170625,04,28079.332383561643
서울특별시,용산구,한강로동,서울특별시 용산구 한강로동,11170625,05,28688.813561643834
서울특별시,용산구,한강로동,서울특별시 용산구 한강로동,11170625,06,30657.074383561645
서울특별시,용산구,한강로동,서울특별시 용산구 한강로동,11170625,07,35512.36117808219
서울특별시,용산구,한강로동,서울특별시 용산구 한강로동,11170625,08,45125.45060273973
서울특별시,용산구,한강로동,서울특별시 용산구 한강로동,11170625,09,56909.406547945204
서울특별시,용산구,한강로동,서울특별시 용산구 한강로동,11170625,10,65510.58482191781
서울특별시,용산구,한강로동,서울특별시 용산구 한강로동,11170625,11,71997.37747945206
서울특별시,용산구,한강로동,서울특별시 용산구 한강로동,11170625,12,78156.95610958904
서울특별시,용산구,한강로동,서울특별시 용산구 한강로동,11170625,13,83013.56526027397
서울특별시,용산구,한강로동,서울특별시 용산구 한강로동,11170625,14,86023.20205479451
서울특별시,용산구,한강로동,서울특별시 용산구 한강로동,11170625,15,87234.4141369863
서울특별시,용산구,한강로동,서울특별시 용산구 한강로동,11170625,16,86770.89797260275
서울특별시,용산구,한강로동,서울특별시 용산구 한강로동,11170625,17,84329.59468493151
서울특별시,용산구,한강로동,서울특별시 용산구 한강로동,11170625,18,79613.19728767124
서울특별시,용산구,한강로동,서울특별시 용산구 한강로동,11170625,19,70778.3897260274
서울특별시,용산구,한강로동,서울특별시 용산구 한강로동,11170625,20,62475.28221917809
서울특별시,용산구,한강로동,서울특별시 용산구 한강로동,11170625,21,54071.85553424658
서울특별시,용산구,한강로동,서울특별시 용산구 한강로동,11170625,22,44644.89794520548
서울특별시,용산구,한강로동,서울특별시 용산구 한강로동,11170625,23,37393.97043835617
서울특별시,용산구,한남동,서울특별시 용산구 한남동,11170685,00,20028.910410958903
서울특별시,용산구,한남동,서울특별시 용산구 한남동,11170685,01,19735.123315068493
서울특별시,용산구,한남동,서울특별시 용산구 한남동,11170685,02,19358.378630136987
서울특별시,용산구,한남동,서울특별시 용산구 한남동,11170685,03,18979.385753424656
서울특별시,용산구,한남동,서울특별시 용산구 한남동,11170685,04,18671.7038630137
서울특별시,용산구,한남동,서울특별시 용산구 한남동,11170685,05,18622.005369863014
서울특별시,용산구,한남동,서울특별시 용산구 한남동,11170685,06,19083.277479452056
서울특별시,용산구,한남동,서울특별시 용산구 한남동,11170685,07,20972.013589041097
서울특별시,용산구,한남동,서울특별시 용산구 한남동,11170685,08,24040.90084931507
서울특별시,용산구,한남동,서울특별시 용산구 한남동,11170685,09,27859.274328767126
서울특별시,용산구,한남동,서울특별시 용산구 한남동,11170685,10,30653.81956164384
서울특별시,용산구,한남동,서울특별시 용산구 한남동,11170685,11,32510.468958904108
서울특별시,용산구,한남동,서울특별시 용산구 한남동,11170685,12,33833.91068493151
서울특별시,용산구,한남동,서울특별시 용산구 한남동,11170685,13,35583.099424657536
서울특별시,용산구,한남동,서울특별시 용산구 한남동,11170685,14,36689.06049315068
서울특별시,용산구,한남동,서울특별시 용산구 한남동,11170685,15,36899.25432876712
서울특별시,용산구,한남동,서울특별시 용산구 한남동,11170685,16,36326.27720547945
서울특별시,용산구,한남동,서울특별시 용산구 한남동,11170685,17,35365.029534246576
서울특별시,용산구,한남동,서울특별시 용산구 한남동,11170685,18,33867.700657534246
서울특별시,용산구,한남동,서울특별시 용산구 한남동,11170685,19,31568.40567123288
서울특별시,용산구,한남동,서울특별시 용산구 한남동,11170685,20,28926.303917808218
서울특별시,용산구,한남동,서울특별시 용산구 한남동,11170685,21,26499.20791780822
서울특별시,용산구,한남동,서울특별시 용산구 한남동,11170685,22,23953.576767123286
서울특별시,용산구,한남동,서울특별시 용산구 한남동,11170685,23,21518.680465753427
서울특별시,용산구,효창동,서울특별시 용산구 효창동,11170580,00,9665.56597260274
서울특별시,용산구,효창동,서울특별시 용산구 효창동,11170580,01,9692.366191780822
서울특별시,용산구,효창동,서울특별시 용산구 효창동,11170580,02,9721.884246575342
서울특별시,용산구,효창동,서울특별시 용산구 효창동,11170580,03,9758.455835616438
서울특별시,용산구,효창동,서울특별시 용산구 효창동,11170580,04,9787.608684931507
서울특별시,용산구,효창동,서울특별시 용산구 효창동,11170580,05,9801.862191780823
서울특별시,용산구,효창동,서울특별시 용산구 효창동,11170580,06,9796.830301369862
서울특별시,용산구,효창동,서울특별시 용산구 효창동,11170580,07,9868.03597260274
서울특별시,용산구,효창동,서울특별시 용산구 효창동,11170580,08,10000.866712328767
서울특별시,용산구,효창동,서울특별시 용산구 효창동,11170580,09,10054.387287671232
서울특별시,용산구,효창동,서울특별시 용산구 효창동,11170580,10,10245.601780821917
서울특별시,용산구,효창동,서울특별시 용산구 효창동,11170580,11,10193.38106849315
서울특별시,용산구,효창동,서울특별시 용산구 효창동,11170580,12,10159.780219178081
서울특별시,용산구,효창동,서울특별시 용산구 효창동,11170580,13,10249.472219178082
서울특별시,용산구,효창동,서울특별시 용산구 효창동,11170580,14,10295.819506849315
서울특별시,용산구,효창동,서울특별시 용산구 효창동,11170580,15,10260.387972602739
서울특별시,용산구,효창동,서울특별시 용산구 효창동,11170580,16,10074.407589041097
서울특별시,용산구,효창동,서울특별시 용산구 효창동,11170580,17,9649.454438356164
서울특별시,용산구,효창동,서울특별시 용산구 효창동,11170580,18,9218.453643835617
서울특별시,용산구,효창동,서울특별시 용산구 효창동,11170580,19,8952.282958904108
서울특별시,용산구,효창동,서울특별시 용산구 효창동,11170580,20,9049.699506849314
서울특별시,용산구,효창동,서울특별시 용산구 효창동,11170580,21,9258.22909589041
서울특별시,용산구,효창동,서울특별시 용산구 효창동,11170580,22,9483.117945205478
서울특별시,용산구,효창동,서울특별시 용산구 효창동,11170580,23,9634.389205479452
서울특별시,용산구,후암동,서울특별시 용산구 후암동,11170510,00,13146.581397260274
서울특별시,용산구,후암동,서울특별시 용산구 후암동,11170510,01,13207.99715068493
서울특별시,용산구,후암동,서울특별시 용산구 후암동,11170510,02,13252.214410958903
서울특별시,용산구,후암동,서울특별시 용산구 후암동,11170510,03,13288.35002739726
서울특별시,용산구,후암동,서울특별시 용산구 후암동,11170510,04,13313.815397260274
서울특별시,용산구,후암동,서울특별시 용산구 후암동,11170510,05,13324.447643835616
서울특별시,용산구,후암동,서울특별시 용산구 후암동,11170510,06,13287.273232876714
서울특별시,용산구,후암동,서울특별시 용산구 후암동,11170510,07,13214.962383561642
서울특별시,용산구,후암동,서울특별시 용산구 후암동,11170510,08,12708.25797260274
서울특별시,용산구,후암동,서울특별시 용산구 후암동,11170510,09,12084.616356164383
서울특별시,용산구,후암동,서울특별시 용산구 후암동,11170510,10,11688.395589041094
서울특별시,용산구,후암동,서울특별시 용산구 후암동,11170510,11,11682.592657534247
서울특별시,용산구,후암동,서울특별시 용산구 후암동,11170510,12,12020.235315068492
서울특별시,용산구,후암동,서울특별시 용산구 후암동,11170510,13,11759.465068493151
서울특별시,용산구,후암동,서울특별시 용산구 후암동,11170510,14,11718.49994520548
서울특별시,용산구,후암동,서울특별시 용산구 후암동,11170510,15,11694.64690410959
서울특별시,용산구,후암동,서울특별시 용산구 후암동,11170510,16,11621.203479452053
서울특별시,용산구,후암동,서울특별시 용산구 후암동,11170510,17,11619.769287671234
서울특별시,용산구,후암동,서울특별시 용산구 후암동,11170510,18,11904.983178082193
서울특별시,용산구,후암동,서울특별시 용산구 후암동,11170510,19,12230.587945205478
서울특별시,용산구,후암동,서울특별시 용산구 후암동,11170510,20,12398.115424657533
서울특별시,용산구,후암동,서울특별시 용산구 후암동,11170510,21,12634.567232876712
서울특별시,용산구,후암동,서울특별시 용산구 후암동,11170510,22,12876.312602739725
서울특별시,용산구,후암동,서울특별시 용산구 후암동,11170510,23,13046.699534246576
서울특별시,은평구,갈현1동,서울특별시 은평구 갈현1동,11380551,00,19208.379945205477
서울특별시,은평구,갈현1동,서울특별시 은평구 갈현1동,11380551,01,18977.02405479452
서울특별시,은평구,갈현1동,서울특별시 은평구 갈현1동,11380551,02,18620.34276712329
서울특별시,은평구,갈현1동,서울특별시 은평구 갈현1동,11380551,03,18284.820602739725
서울특별시,은평구,갈현1동,서울특별시 은평구 갈현1동,11380551,04,18022.030986301368
서울특별시,은평구,갈현1동,서울특별시 은평구 갈현1동,11380551,05,17926.348712328767
서울특별시,은평구,갈현1동,서울특별시 은평구 갈현1동,11380551,06,17629.913424657534
서울특별시,은평구,갈현1동,서울특별시 은평구 갈현1동,11380551,07,17799.919452054794
서울특별시,은평구,갈현1동,서울특별시 은평구 갈현1동,11380551,08,18357.107315068493
서울특별시,은평구,갈현1동,서울특별시 은평구 갈현1동,11380551,09,18409.53323287671
서울특별시,은평구,갈현1동,서울특별시 은평구 갈현1동,11380551,10,18541.44202739726
서울특별시,은평구,갈현1동,서울특별시 은평구 갈현1동,11380551,11,18719.70219178082
서울특별시,은평구,갈현1동,서울특별시 은평구 갈현1동,11380551,12,18910.070027397258
서울특별시,은평구,갈현1동,서울특별시 은평구 갈현1동,11380551,13,18955.133808219176
서울특별시,은평구,갈현1동,서울특별시 은평구 갈현1동,11380551,14,19185.281424657533
서울특별시,은평구,갈현1동,서울특별시 은평구 갈현1동,11380551,15,19341.03504109589
서울특별시,은평구,갈현1동,서울특별시 은평구 갈현1동,11380551,16,19463.32304109589
서울특별시,은평구,갈현1동,서울특별시 은평구 갈현1동,11380551,17,19743.604438356164
서울특별시,은평구,갈현1동,서울특별시 은평구 갈현1동,11380551,18,20587.153698630136
서울특별시,은평구,갈현1동,서울특별시 은평구 갈현1동,11380551,19,21546.012547945207
서울특별시,은평구,갈현1동,서울특별시 은평구 갈현1동,11380551,20,21617.40567123288
서울특별시,은평구,갈현1동,서울특별시 은평구 갈현1동,11380551,21,21339.04331506849
서울특별시,은평구,갈현1동,서울특별시 은평구 갈현1동,11380551,22,20808.371534246577
서울특별시,은평구,갈현1동,서울특별시 은평구 갈현1동,11380551,23,20246.416465753424
서울특별시,은평구,갈현2동,서울특별시 은평구 갈현2동,11380552,00,27155.641534246577
서울특별시,은평구,갈현2동,서울특별시 은평구 갈현2동,11380552,01,27257.43380821918
서울특별시,은평구,갈현2동,서울특별시 은평구 갈현2동,11380552,02,27239.038328767125
서울특별시,은평구,갈현2동,서울특별시 은평구 갈현2동,11380552,03,27230.393863013698
서울특별시,은평구,갈현2동,서울특별시 은평구 갈현2동,11380552,04,27251.700630136987
서울특별시,은평구,갈현2동,서울특별시 은평구 갈현2동,11380552,05,27224.95287671233
서울특별시,은평구,갈현2동,서울특별시 은평구 갈현2동,11380552,06,26868.689479452056
서울특별시,은평구,갈현2동,서울특별시 은평구 갈현2동,11380552,07,26564.69723287671
서울특별시,은평구,갈현2동,서울특별시 은평구 갈현2동,11380552,08,25836.890410958906
서울특별시,은평구,갈현2동,서울특별시 은평구 갈현2동,11380552,09,24186.14312328767
서울특별시,은평구,갈현2동,서울특별시 은평구 갈현2동,11380552,10,23331.59284931507
서울특별시,은평구,갈현2동,서울특별시 은평구 갈현2동,11380552,11,22765.23402739726
서울특별시,은평구,갈현2동,서울특별시 은평구 갈현2동,11380552,12,22462.462054794523
서울특별시,은평구,갈현2동,서울특별시 은평구 갈현2동,11380552,13,22208.142493150684
서울특별시,은평구,갈현2동,서울특별시 은평구 갈현2동,11380552,14,22061.03726027397
서울특별시,은평구,갈현2동,서울특별시 은평구 갈현2동,11380552,15,22190.459369863012
서울특별시,은평구,갈현2동,서울특별시 은평구 갈현2동,11380552,16,22537.85709589041
서울특별시,은평구,갈현2동,서울특별시 은평구 갈현2동,11380552,17,23068.845369863015
서울특별시,은평구,갈현2동,서울특별시 은평구 갈현2동,11380552,18,23960.667123287672
서울특별시,은평구,갈현2동,서울특별시 은평구 갈현2동,11380552,19,25305.400657534246
서울특별시,은평구,갈현2동,서울특별시 은평구 갈현2동,11380552,20,26089.211479452053
서울특별시,은평구,갈현2동,서울특별시 은평구 갈현2동,11380552,21,26614.82701369863
서울특별시,은평구,갈현2동,서울특별시 은평구 갈현2동,11380552,22,26800.965424657537
서울특별시,은평구,갈현2동,서울특별시 은평구 갈현2동,11380552,23,27042.683561643837
서울특별시,은평구,구산동,서울특별시 은평구 구산동,11380560,00,33924.52238356164
서울특별시,은평구,구산동,서울특별시 은평구 구산동,11380560,01,34170.22895890411
서울특별시,은평구,구산동,서울특별시 은평구 구산동,11380560,02,34336.26610958904
서울특별시,은평구,구산동,서울특별시 은평구 구산동,11380560,03,34442.996
서울특별시,은평구,구산동,서울특별시 은평구 구산동,11380560,04,34465.231753424654
서울특별시,은평구,구산동,서울특별시 은평구 구산동,11380560,05,34239.07019178082
서울특별시,은평구,구산동,서울특별시 은평구 구산동,11380560,06,33958.28709589041
서울특별시,은평구,구산동,서울특별시 은평구 구산동,11380560,07,33731.010684931505
서울특별시,은평구,구산동,서울특별시 은평구 구산동,11380560,08,33254.54197260274
서울특별시,은평구,구산동,서울특별시 은평구 구산동,11380560,09,31749.505287671233
서울특별시,은평구,구산동,서울특별시 은평구 구산동,11380560,10,30564.771452054796
서울특별시,은평구,구산동,서울특별시 은평구 구산동,11380560,11,29790.61126027397
서울특별시,은평구,구산동,서울특별시 은평구 구산동,11380560,12,29318.83989041096
서울특별시,은평구,구산동,서울특별시 은평구 구산동,11380560,13,28950.41219178082
서울특별시,은평구,구산동,서울특별시 은평구 구산동,11380560,14,28757.861643835615
서울특별시,은평구,구산동,서울특별시 은평구 구산동,11380560,15,28665.808657534246
서울특별시,은평구,구산동,서울특별시 은평구 구산동,11380560,16,28562.63695890411
서울특별시,은평구,구산동,서울특별시 은평구 구산동,11380560,17,28533.499643835614
서울특별시,은평구,구산동,서울특별시 은평구 구산동,11380560,18,28965.078876712327
서울특별시,은평구,구산동,서울특별시 은평구 구산동,11380560,19,29965.978273972603
서울특별시,은평구,구산동,서울특별시 은평구 구산동,11380560,20,30866.544794520545
서울특별시,은평구,구산동,서울특별시 은평구 구산동,11380560,21,31697.41621917808
서울특별시,은평구,구산동,서울특별시 은평구 구산동,11380560,22,32428.428493150685
서울특별시,은평구,구산동,서울특별시 은평구 구산동,11380560,23,33055.85687671233
서울특별시,은평구,녹번동,서울특별시 은평구 녹번동,11380510,00,41937.57484931507
서울특별시,은평구,녹번동,서울특별시 은평구 녹번동,11380510,01,42074.182082191786
서울특별시,은평구,녹번동,서울특별시 은평구 녹번동,11380510,02,42136.554876712325
서울특별시,은평구,녹번동,서울특별시 은평구 녹번동,11380510,03,42136.285397260275
서울특별시,은평구,녹번동,서울특별시 은평구 녹번동,11380510,04,42130.97493150685
서울특별시,은평구,녹번동,서울특별시 은평구 녹번동,11380510,05,42155.50353424657
서울특별시,은평구,녹번동,서울특별시 은평구 녹번동,11380510,06,41840.65010958904
서울특별시,은평구,녹번동,서울특별시 은평구 녹번동,11380510,07,41258.274547945206
서울특별시,은평구,녹번동,서울특별시 은평구 녹번동,11380510,08,39947.75915068493
서울특별시,은평구,녹번동,서울특별시 은평구 녹번동,11380510,09,39368.086438356164
서울특별시,은평구,녹번동,서울특별시 은평구 녹번동,11380510,10,38496.16868493151
서울특별시,은평구,녹번동,서울특별시 은평구 녹번동,11380510,11,37819.69205479452
서울특별시,은평구,녹번동,서울특별시 은평구 녹번동,11380510,12,37140.107945205484
서울특별시,은평구,녹번동,서울특별시 은평구 녹번동,11380510,13,36892.38367123288
서울특별시,은평구,녹번동,서울특별시 은평구 녹번동,11380510,14,36622.77665753425
서울특별시,은평구,녹번동,서울특별시 은평구 녹번동,11380510,15,36586.21356164383
서울특별시,은평구,녹번동,서울특별시 은평구 녹번동,11380510,16,36993.952849315065
서울특별시,은평구,녹번동,서울특별시 은평구 녹번동,11380510,17,37369.39950684932
서울특별시,은평구,녹번동,서울특별시 은평구 녹번동,11380510,18,38013.97605479452
서울특별시,은평구,녹번동,서울특별시 은평구 녹번동,11380510,19,38985.82564383562
서울특별시,은평구,녹번동,서울특별시 은평구 녹번동,11380510,20,39908.05936986301
서울특별시,은평구,녹번동,서울특별시 은평구 녹번동,11380510,21,40546.08791780822
서울특별시,은평구,녹번동,서울특별시 은평구 녹번동,11380510,22,41104.61093150685
서울특별시,은평구,녹번동,서울특별시 은평구 녹번동,11380510,23,41574.96904109589
서울특별시,은평구,대조동,서울특별시 은평구 대조동,11380570,00,33558.02304109589
서울특별시,은평구,대조동,서울특별시 은평구 대조동,11380570,01,33386.5726849315
서울특별시,은평구,대조동,서울특별시 은평구 대조동,11380570,02,33297.89531506849
서울특별시,은평구,대조동,서울특별시 은평구 대조동,11380570,03,33292.199534246574
서울특별시,은평구,대조동,서울특별시 은평구 대조동,11380570,04,33299.457835616435
서울특별시,은평구,대조동,서울특별시 은평구 대조동,11380570,05,33331.67876712329
서울특별시,은평구,대조동,서울특별시 은평구 대조동,11380570,06,33494.20191780822
서울특별시,은평구,대조동,서울특별시 은평구 대조동,11380570,07,33498.772520547944
서울특별시,은평구,대조동,서울특별시 은평구 대조동,11380570,08,33393.42553424658
서울특별시,은평구,대조동,서울특별시 은평구 대조동,11380570,09,33022.3837260274
서울특별시,은평구,대조동,서울특별시 은평구 대조동,11380570,10,33355.67802739726
서울특별시,은평구,대조동,서울특별시 은평구 대조동,11380570,11,33762.354630136986
서울특별시,은평구,대조동,서울특별시 은평구 대조동,11380570,12,33859.64728767123
서울특별시,은평구,대조동,서울특별시 은평구 대조동,11380570,13,33817.708739726026
서울특별시,은평구,대조동,서울특별시 은평구 대조동,11380570,14,33986.98594520548
서울특별시,은평구,대조동,서울특별시 은평구 대조동,11380570,15,34084.51052054794
서울특별시,은평구,대조동,서울특별시 은평구 대조동,11380570,16,34022.95419178082
서울특별시,은평구,대조동,서울특별시 은평구 대조동,11380570,17,33599.6978630137
서울특별시,은평구,대조동,서울특별시 은평구 대조동,11380570,18,33409.104301369865
서울특별시,은평구,대조동,서울특별시 은평구 대조동,11380570,19,33645.707726027395
서울특별시,은평구,대조동,서울특별시 은평구 대조동,11380570,20,33521.99520547945
서울특별시,은평구,대조동,서울특별시 은평구 대조동,11380570,21,33493.5477260274
서울특별시,은평구,대조동,서울특별시 은평구 대조동,11380570,22,33667.7635890411
서울특별시,은평구,대조동,서울특별시 은평구 대조동,11380570,23,33946.904356164385
서울특별시,은평구,불광1동,서울특별시 은평구 불광1동,11380520,00,36874.01561643835
서울특별시,은평구,불광1동,서울특별시 은평구 불광1동,11380520,01,37214.858191780826
서울특별시,은평구,불광1동,서울특별시 은평구 불광1동,11380520,02,37372.69863013698
서울특별시,은평구,불광1동,서울특별시 은평구 불광1동,11380520,03,37437.23126027397
서울특별시,은평구,불광1동,서울특별시 은평구 불광1동,11380520,04,37457.12980821918
서울특별시,은평구,불광1동,서울특별시 은평구 불광1동,11380520,05,37352.325479452054
서울특별시,은평구,불광1동,서울특별시 은평구 불광1동,11380520,06,37028.593342465756
서울특별시,은평구,불광1동,서울특별시 은평구 불광1동,11380520,07,36162.359698630135
서울특별시,은평구,불광1동,서울특별시 은평구 불광1동,11380520,08,34577.3597260274
서울특별시,은평구,불광1동,서울특별시 은평구 불광1동,11380520,09,32898.58123287671
서울특별시,은평구,불광1동,서울특별시 은평구 불광1동,11380520,10,31864.240356164384
서울특별시,은평구,불광1동,서울특별시 은평구 불광1동,11380520,11,31254.519342465755
서울특별시,은평구,불광1동,서울특별시 은평구 불광1동,11380520,12,30691.420876712327
서울특별시,은평구,불광1동,서울특별시 은평구 불광1동,11380520,13,30322.006465753424
서울특별시,은평구,불광1동,서울특별시 은평구 불광1동,11380520,14,30138.74090410959
서울특별시,은평구,불광1동,서울특별시 은평구 불광1동,11380520,15,30227.27602739726
서울특별시,은평구,불광1동,서울특별시 은평구 불광1동,11380520,16,30544.670000000002
서울특별시,은평구,불광1동,서울특별시 은평구 불광1동,11380520,17,30928.527506849314
서울특별시,은평구,불광1동,서울특별시 은평구 불광1동,11380520,18,31691.506547945206
서울특별시,은평구,불광1동,서울특별시 은평구 불광1동,11380520,19,32840.85312328767
서울특별시,은평구,불광1동,서울특별시 은평구 불광1동,11380520,20,33707.69320547945
서울특별시,은평구,불광1동,서울특별시 은평구 불광1동,11380520,21,34571.31679452055
서울특별시,은평구,불광1동,서울특별시 은평구 불광1동,11380520,22,35491.71331506849
서울특별시,은평구,불광1동,서울특별시 은평구 불광1동,11380520,23,36124.09879452055
서울특별시,은평구,불광2동,서울특별시 은평구 불광2동,11380530,00,30517.234575342463
서울특별시,은평구,불광2동,서울특별시 은평구 불광2동,11380530,01,30832.29493150685
서울특별시,은평구,불광2동,서울특별시 은평구 불광2동,11380530,02,30926.95890410959
서울특별시,은평구,불광2동,서울특별시 은평구 불광2동,11380530,03,30967.535945205476
서울특별시,은평구,불광2동,서울특별시 은평구 불광2동,11380530,04,30971.227315068496
서울특별시,은평구,불광2동,서울특별시 은평구 불광2동,11380530,05,30753.384794520545
서울특별시,은평구,불광2동,서울특별시 은평구 불광2동,11380530,06,30334.813643835616
서울특별시,은평구,불광2동,서울특별시 은평구 불광2동,11380530,07,29619.553726027396
서울특별시,은평구,불광2동,서울특별시 은평구 불광2동,11380530,08,28854.498410958902
서울특별시,은평구,불광2동,서울특별시 은평구 불광2동,11380530,09,27390.689726027398
서울특별시,은평구,불광2동,서울특별시 은평구 불광2동,11380530,10,26521.907315068493
서울특별시,은평구,불광2동,서울특별시 은평구 불광2동,11380530,11,26064.727260273972
서울특별시,은평구,불광2동,서울특별시 은평구 불광2동,11380530,12,25614.22079452055
서울특별시,은평구,불광2동,서울특별시 은평구 불광2동,11380530,13,25185.462356164382
서울특별시,은평구,불광2동,서울특별시 은평구 불광2동,11380530,14,24833.474136986304
서울특별시,은평구,불광2동,서울특별시 은평구 불광2동,11380530,15,24661.403753424656
서울특별시,은평구,불광2동,서울특별시 은평구 불광2동,11380530,16,24739.96268493151
서울특별시,은평구,불광2동,서울특별시 은평구 불광2동,11380530,17,25086.9361369863
서울특별시,은평구,불광2동,서울특별시 은평구 불광2동,11380530,18,25935.966410958903
서울특별시,은평구,불광2동,서울특별시 은평구 불광2동,11380530,19,27182.28961643836
서울특별시,은평구,불광2동,서울특별시 은평구 불광2동,11380530,20,28021.113753424655
서울특별시,은평구,불광2동,서울특별시 은평구 불광2동,11380530,21,28674.73687671233
서울특별시,은평구,불광2동,서울특별시 은평구 불광2동,11380530,22,29364.899397260273
서울특별시,은평구,불광2동,서울특별시 은평구 불광2동,11380530,23,29856.709424657533
서울특별시,은평구,수색동,서울특별시 은평구 수색동,11380650,00,21918.24909589041
서울특별시,은평구,수색동,서울특별시 은평구 수색동,11380650,01,21907.588191780822
서울특별시,은평구,수색동,서울특별시 은평구 수색동,11380650,02,21905.21183561644
서울특별시,은평구,수색동,서울특별시 은평구 수색동,11380650,03,21935.430739726027
서울특별시,은평구,수색동,서울특별시 은평구 수색동,11380650,04,22023.022
서울특별시,은평구,수색동,서울특별시 은평구 수색동,11380650,05,22052.280109589043
서울특별시,은평구,수색동,서울특별시 은평구 수색동,11380650,06,22229.306493150685
서울특별시,은평구,수색동,서울특별시 은평구 수색동,11380650,07,21947.910630136987
서울특별시,은평구,수색동,서울특별시 은평구 수색동,11380650,08,20872.25476712329
서울특별시,은평구,수색동,서울특별시 은평구 수색동,11380650,09,19609.366602739727
서울특별시,은평구,수색동,서울특별시 은평구 수색동,11380650,10,18831.380876712326
서울특별시,은평구,수색동,서울특별시 은평구 수색동,11380650,11,18439.13912328767
서울특별시,은평구,수색동,서울특별시 은평구 수색동,11380650,12,18140.166246575343
서울특별시,은평구,수색동,서울특별시 은평구 수색동,11380650,13,17961.5497260274
서울특별시,은평구,수색동,서울특별시 은평구 수색동,11380650,14,17840.932520547947
서울특별시,은평구,수색동,서울특별시 은평구 수색동,11380650,15,17876.403260273975
서울특별시,은평구,수색동,서울특별시 은평구 수색동,11380650,16,18071.483589041094
서울특별시,은평구,수색동,서울특별시 은평구 수색동,11380650,17,18331.69495890411
서울특별시,은평구,수색동,서울특별시 은평구 수색동,11380650,18,18856.681561643836
서울특별시,은평구,수색동,서울특별시 은평구 수색동,11380650,19,19511.509835616438
서울특별시,은평구,수색동,서울특별시 은평구 수색동,11380650,20,20101.647287671232
서울특별시,은평구,수색동,서울특별시 은평구 수색동,11380650,21,20676.806191780823
서울특별시,은평구,수색동,서울특별시 은평구 수색동,11380650,22,21235.824575342464
서울특별시,은평구,수색동,서울특별시 은평구 수색동,11380650,23,21701.89378082192
서울특별시,은평구,신사1동,서울특별시 은평구 신사1동,11380631,00,27329.10608219178
서울특별시,은평구,신사1동,서울특별시 은평구 신사1동,11380631,01,27701.379397260276
서울특별시,은평구,신사1동,서울특별시 은평구 신사1동,11380631,02,27765.78698630137
서울특별시,은평구,신사1동,서울특별시 은평구 신사1동,11380631,03,27780.66369863014
서울특별시,은평구,신사1동,서울특별시 은평구 신사1동,11380631,04,27761.714273972604
서울특별시,은평구,신사1동,서울특별시 은평구 신사1동,11380631,05,27581.9541369863
서울특별시,은평구,신사1동,서울특별시 은평구 신사1동,11380631,06,27208.62180821918
서울특별시,은평구,신사1동,서울특별시 은평구 신사1동,11380631,07,26373.543671232874
서울특별시,은평구,신사1동,서울특별시 은평구 신사1동,11380631,08,24824.320520547946
서울특별시,은평구,신사1동,서울특별시 은평구 신사1동,11380631,09,22915.367369863012
서울특별시,은평구,신사1동,서울특별시 은평구 신사1동,11380631,10,21697.396630136984
서울특별시,은평구,신사1동,서울특별시 은평구 신사1동,11380631,11,21014.920410958905
서울특별시,은평구,신사1동,서울특별시 은평구 신사1동,11380631,12,20604.880575342468
서울특별시,은평구,신사1동,서울특별시 은평구 신사1동,11380631,13,20334.73482191781
서울특별시,은평구,신사1동,서울특별시 은평구 신사1동,11380631,14,20251.938109589042
서울특별시,은평구,신사1동,서울특별시 은평구 신사1동,11380631,15,20420.128794520548
서울특별시,은평구,신사1동,서울특별시 은평구 신사1동,11380631,16,20906.044410958904
서울특별시,은평구,신사1동,서울특별시 은평구 신사1동,11380631,17,21602.73687671233
서울특별시,은평구,신사1동,서울특별시 은평구 신사1동,11380631,18,22585.91879452055
서울특별시,은평구,신사1동,서울특별시 은평구 신사1동,11380631,19,23813.536027397262
서울특별시,은평구,신사1동,서울특별시 은평구 신사1동,11380631,20,24756.645671232876
서울특별시,은평구,신사1동,서울특별시 은평구 신사1동,11380631,21,25544.28989041096
서울특별시,은평구,신사1동,서울특별시 은평구 신사1동,11380631,22,26301.62698630137
서울특별시,은평구,신사1동,서울특별시 은평구 신사1동,11380631,23,26766.359315068494
서울특별시,은평구,신사2동,서울특별시 은평구 신사2동,11380632,00,20729.858575342467
서울특별시,은평구,신사2동,서울특별시 은평구 신사2동,11380632,01,20998.54010958904
서울특별시,은평구,신사2동,서울특별시 은평구 신사2동,11380632,02,21150.103424657533
서울특별시,은평구,신사2동,서울특별시 은평구 신사2동,11380632,03,21225.0378630137
서울특별시,은평구,신사2동,서울특별시 은평구 신사2동,11380632,04,21239.61775342466
서울특별시,은평구,신사2동,서울특별시 은평구 신사2동,11380632,05,21130.39597260274
서울특별시,은평구,신사2동,서울특별시 은평구 신사2동,11380632,06,20816.354219178083
서울특별시,은평구,신사2동,서울특별시 은평구 신사2동,11380632,07,20547.038246575343
서울특별시,은평구,신사2동,서울특별시 은평구 신사2동,11380632,08,19944.58298630137
서울특별시,은평구,신사2동,서울특별시 은평구 신사2동,11380632,09,18545.186328767122
서울특별시,은평구,신사2동,서울특별시 은평구 신사2동,11380632,10,17583.86205479452
서울특별시,은평구,신사2동,서울특별시 은평구 신사2동,11380632,11,17013.045452054794
서울특별시,은평구,신사2동,서울특별시 은평구 신사2동,11380632,12,16554.75895890411
서울특별시,은평구,신사2동,서울특별시 은평구 신사2동,11380632,13,16227.662739726029
서울특별시,은평구,신사2동,서울특별시 은평구 신사2동,11380632,14,16027.532794520548
서울특별시,은평구,신사2동,서울특별시 은평구 신사2동,11380632,15,15967.486082191781
서울특별시,은평구,신사2동,서울특별시 은평구 신사2동,11380632,16,15981.22175342466
서울특별시,은평구,신사2동,서울특별시 은평구 신사2동,11380632,17,16023.292821917808
서울특별시,은평구,신사2동,서울특별시 은평구 신사2동,11380632,18,16456.675205479452
서울특별시,은평구,신사2동,서울특별시 은평구 신사2동,11380632,19,17358.76704109589
서울특별시,은평구,신사2동,서울특별시 은평구 신사2동,11380632,20,18121.506739726028
서울특별시,은평구,신사2동,서울특별시 은평구 신사2동,11380632,21,18849.970547945206
서울특별시,은평구,신사2동,서울특별시 은평구 신사2동,11380632,22,19574.221671232877
서울특별시,은평구,신사2동,서울특별시 은평구 신사2동,11380632,23,20097.914767123286
서울특별시,은평구,역촌동,서울특별시 은평구 역촌동,11380625,00,49509.95413698631
서울특별시,은평구,역촌동,서울특별시 은평구 역촌동,11380625,01,49667.04693150685
서울특별시,은평구,역촌동,서울특별시 은평구 역촌동,11380625,02,49745.62556164383
서울특별시,은평구,역촌동,서울특별시 은평구 역촌동,11380625,03,49787.139753424664
서울특별시,은평구,역촌동,서울특별시 은평구 역촌동,11380625,04,49788.929698630134
서울특별시,은평구,역촌동,서울특별시 은평구 역촌동,11380625,05,49502.74084931507
서울특별시,은평구,역촌동,서울특별시 은평구 역촌동,11380625,06,48931.410465753426
서울특별시,은평구,역촌동,서울특별시 은평구 역촌동,11380625,07,47783.153369863016
서울특별시,은평구,역촌동,서울특별시 은평구 역촌동,11380625,08,45598.44852054795
서울특별시,은평구,역촌동,서울특별시 은평구 역촌동,11380625,09,43080.12347945206
서울특별시,은평구,역촌동,서울특별시 은평구 역촌동,11380625,10,42065.89835616438
서울특별시,은평구,역촌동,서울특별시 은평구 역촌동,11380625,11,41508.24991780822
서울특별시,은평구,역촌동,서울특별시 은평구 역촌동,11380625,12,41066.5646849315
서울특별시,은평구,역촌동,서울특별시 은평구 역촌동,11380625,13,40587.38189041096
서울특별시,은평구,역촌동,서울특별시 은평구 역촌동,11380625,14,40187.63161643835
서울특별시,은평구,역촌동,서울특별시 은평구 역촌동,11380625,15,40479.30126027398
서울특별시,은평구,역촌동,서울특별시 은평구 역촌동,11380625,16,41295.02690410959
서울특별시,은평구,역촌동,서울특별시 은평구 역촌동,11380625,17,42323.33361643836
서울특별시,은평구,역촌동,서울특별시 은평구 역촌동,11380625,18,43674.873342465755
서울특별시,은평구,역촌동,서울특별시 은평구 역촌동,11380625,19,45483.72421917808
서울특별시,은평구,역촌동,서울특별시 은평구 역촌동,11380625,20,46780.082794520546
서울특별시,은평구,역촌동,서울특별시 은평구 역촌동,11380625,21,47711.65556164384
서울특별시,은평구,역촌동,서울특별시 은평구 역촌동,11380625,22,48462.32767123288
서울특별시,은평구,역촌동,서울특별시 은평구 역촌동,11380625,23,49020.08742465753
서울특별시,은평구,응암1동,서울특별시 은평구 응암1동,11380580,00,32220.83882191781
서울특별시,은평구,응암1동,서울특별시 은평구 응암1동,11380580,01,32464.045561643838
서울특별시,은평구,응암1동,서울특별시 은평구 응암1동,11380580,02,32613.513205479452
서울특별시,은평구,응암1동,서울특별시 은평구 응암1동,11380580,03,32697.58279452055
서울특별시,은평구,응암1동,서울특별시 은평구 응암1동,11380580,04,32745.015808219177
서울특별시,은평구,응암1동,서울특별시 은평구 응암1동,11380580,05,32744.73095890411
서울특별시,은평구,응암1동,서울특별시 은평구 응암1동,11380580,06,32509.53391780822
서울특별시,은평구,응암1동,서울특별시 은평구 응암1동,11380580,07,31737.72306849315
서울특별시,은평구,응암1동,서울특별시 은평구 응암1동,11380580,08,30323.091287671235
서울특별시,은평구,응암1동,서울특별시 은평구 응암1동,11380580,09,28687.41473972603
서울특별시,은평구,응암1동,서울특별시 은평구 응암1동,11380580,10,28125.626739726027
서울특별시,은평구,응암1동,서울특별시 은평구 응암1동,11380580,11,27644.57315068493
서울특별시,은평구,응암1동,서울특별시 은평구 응암1동,11380580,12,27262.59709589041
서울특별시,은평구,응암1동,서울특별시 은평구 응암1동,11380580,13,26791.754465753427
서울특별시,은평구,응암1동,서울특별시 은평구 응암1동,11380580,14,26617.445726027396
서울특별시,은평구,응암1동,서울특별시 은평구 응암1동,11380580,15,26697.74761643836
서울특별시,은평구,응암1동,서울특별시 은평구 응암1동,11380580,16,27138.137424657536
서울특별시,은평구,응암1동,서울특별시 은평구 응암1동,11380580,17,27791.653726027394
서울특별시,은평구,응암1동,서울특별시 은평구 응암1동,11380580,18,28743.38104109589
서울특별시,은평구,응암1동,서울특별시 은평구 응암1동,11380580,19,30021.63616438356
서울특별시,은평구,응암1동,서울특별시 은평구 응암1동,11380580,20,30574.28517808219
서울특별시,은평구,응암1동,서울특별시 은평구 응암1동,11380580,21,30906.34410958904
서울특별시,은평구,응암1동,서울특별시 은평구 응암1동,11380580,22,31133.44994520548
서울특별시,은평구,응암1동,서울특별시 은평구 응암1동,11380580,23,31433.861150684934
서울특별시,은평구,응암2동,서울특별시 은평구 응암2동,11380590,00,25794.009780821918
서울특별시,은평구,응암2동,서울특별시 은평구 응암2동,11380590,01,26019.85361643836
서울특별시,은평구,응암2동,서울특별시 은평구 응암2동,11380590,02,26226.091890410957
서울특별시,은평구,응암2동,서울특별시 은평구 응암2동,11380590,03,26312.974356164385
서울특별시,은평구,응암2동,서울특별시 은평구 응암2동,11380590,04,26311.917342465753
서울특별시,은평구,응암2동,서울특별시 은평구 응암2동,11380590,05,26144.87394520548
서울특별시,은평구,응암2동,서울특별시 은평구 응암2동,11380590,06,25839.291123287672
서울특별시,은평구,응암2동,서울특별시 은평구 응암2동,11380590,07,25079.987945205477
서울특별시,은평구,응암2동,서울특별시 은평구 응암2동,11380590,08,23400.64416438356
서울특별시,은평구,응암2동,서울특별시 은평구 응암2동,11380590,09,21369.076493150686
서울특별시,은평구,응암2동,서울특별시 은평구 응암2동,11380590,10,19982.481369863013
서울특별시,은평구,응암2동,서울특별시 은평구 응암2동,11380590,11,19115.400191780824
서울특별시,은평구,응암2동,서울특별시 은평구 응암2동,11380590,12,18521.328328767122
서울특별시,은평구,응암2동,서울특별시 은평구 응암2동,11380590,13,18186.350520547945
서울특별시,은평구,응암2동,서울특별시 은평구 응암2동,11380590,14,17955.65389041096
서울특별시,은평구,응암2동,서울특별시 은평구 응암2동,11380590,15,17993.903424657536
서울특별시,은평구,응암2동,서울특별시 은평구 응암2동,11380590,16,18237.716082191782
서울특별시,은평구,응암2동,서울특별시 은평구 응암2동,11380590,17,18681.731972602738
서울특별시,은평구,응암2동,서울특별시 은평구 응암2동,11380590,18,19577.393726027396
서울특별시,은평구,응암2동,서울특별시 은평구 응암2동,11380590,19,20909.68098630137
서울특별시,은평구,응암2동,서울특별시 은평구 응암2동,11380590,20,22088.95336986301
서울특별시,은평구,응암2동,서울특별시 은평구 응암2동,11380590,21,23144.555643835618
서울특별시,은평구,응암2동,서울특별시 은평구 응암2동,11380590,22,24106.240273972602
서울특별시,은평구,응암2동,서울특별시 은평구 응암2동,11380590,23,24769.89232876712
서울특별시,은평구,응암3동,서울특별시 은평구 응암3동,11380600,00,23700.059671232873
서울특별시,은평구,응암3동,서울특별시 은평구 응암3동,11380600,01,23447.91317808219
서울특별시,은평구,응암3동,서울특별시 은평구 응암3동,11380600,02,23169.058136986303
서울특별시,은평구,응암3동,서울특별시 은평구 응암3동,11380600,03,23017.475068493153
서울특별시,은평구,응암3동,서울특별시 은평구 응암3동,11380600,04,22942.095616438357
서울특별시,은평구,응암3동,서울특별시 은평구 응암3동,11380600,05,22926.791123287672
서울특별시,은평구,응암3동,서울특별시 은평구 응암3동,11380600,06,22884.248383561644
서울특별시,은평구,응암3동,서울특별시 은평구 응암3동,11380600,07,22725.716821917806
서울특별시,은평구,응암3동,서울특별시 은평구 응암3동,11380600,08,22337.08131506849
서울특별시,은평구,응암3동,서울특별시 은평구 응암3동,11380600,09,22100.856684931507
서울특별시,은평구,응암3동,서울특별시 은평구 응암3동,11380600,10,22191.73394520548
서울특별시,은평구,응암3동,서울특별시 은평구 응암3동,11380600,11,22310.848876712327
서울특별시,은평구,응암3동,서울특별시 은평구 응암3동,11380600,12,22396.188739726025
서울특별시,은평구,응암3동,서울특별시 은평구 응암3동,11380600,13,22327.095945205478
서울특별시,은평구,응암3동,서울특별시 은평구 응암3동,11380600,14,22558.752
서울특별시,은평구,응암3동,서울특별시 은평구 응암3동,11380600,15,22676.924493150687
서울특별시,은평구,응암3동,서울특별시 은평구 응암3동,11380600,16,22945.346602739726
서울특별시,은평구,응암3동,서울특별시 은평구 응암3동,11380600,17,23162.77276712329
서울특별시,은평구,응암3동,서울특별시 은평구 응암3동,11380600,18,23623.449589041094
서울특별시,은평구,응암3동,서울특별시 은평구 응암3동,11380600,19,24259.38693150685
서울특별시,은평구,응암3동,서울특별시 은평구 응암3동,11380600,20,24463.80117808219
서울특별시,은평구,응암3동,서울특별시 은평구 응암3동,11380600,21,24365.87983561644
서울특별시,은평구,응암3동,서울특별시 은평구 응암3동,11380600,22,24306.581287671233
서울특별시,은평구,응암3동,서울특별시 은평구 응암3동,11380600,23,24315.658602739728
서울특별시,은평구,증산동,서울특별시 은평구 증산동,11380640,00,15124.828904109589
서울특별시,은평구,증산동,서울특별시 은평구 증산동,11380640,01,15384.527890410958
서울특별시,은평구,증산동,서울특별시 은평구 증산동,11380640,02,15528.967150684932
서울특별시,은평구,증산동,서울특별시 은평구 증산동,11380640,03,15586.175726027397
서울특별시,은평구,증산동,서울특별시 은평구 증산동,11380640,04,15597.579506849313
서울특별시,은평구,증산동,서울특별시 은평구 증산동,11380640,05,15453.931205479452
서울특별시,은평구,증산동,서울특별시 은평구 증산동,11380640,06,15333.689013698631
서울특별시,은평구,증산동,서울특별시 은평구 증산동,11380640,07,14761.892136986302
서울특별시,은평구,증산동,서울특별시 은평구 증산동,11380640,08,13963.498493150686
서울특별시,은평구,증산동,서울특별시 은평구 증산동,11380640,09,12842.757917808218
서울특별시,은평구,증산동,서울특별시 은평구 증산동,11380640,10,12068.431150684932
서울특별시,은평구,증산동,서울특별시 은평구 증산동,11380640,11,11655.355452054795
서울특별시,은평구,증산동,서울특별시 은평구 증산동,11380640,12,11375.079397260273
서울특별시,은평구,증산동,서울특별시 은평구 증산동,11380640,13,11154.447589041096
서울특별시,은평구,증산동,서울특별시 은평구 증산동,11380640,14,11069.657698630137
서울특별시,은평구,증산동,서울특별시 은평구 증산동,11380640,15,11105.116301369864
서울특별시,은평구,증산동,서울특별시 은평구 증산동,11380640,16,11263.354136986301
서울특별시,은평구,증산동,서울특별시 은평구 증산동,11380640,17,11511.562191780822
서울특별시,은평구,증산동,서울특별시 은평구 증산동,11380640,18,11957.543671232877
서울특별시,은평구,증산동,서울특별시 은평구 증산동,11380640,19,12606.584986301368
서울특별시,은평구,증산동,서울특별시 은평구 증산동,11380640,20,13106.214493150685
서울특별시,은평구,증산동,서울특별시 은평구 증산동,11380640,21,13591.517698630138
서울특별시,은평구,증산동,서울특별시 은평구 증산동,11380640,22,14144.893369863014
서울특별시,은평구,증산동,서울특별시 은평구 증산동,11380640,23,14568.51805479452
서울특별시,은평구,진관동,서울특별시 은평구 진관동,11380690,00,60404.72506849315
서울특별시,은평구,진관동,서울특별시 은평구 진관동,11380690,01,60449.665315068494
서울특별시,은평구,진관동,서울특별시 은평구 진관동,11380690,02,60531.15358904109
서울특별시,은평구,진관동,서울특별시 은평구 진관동,11380690,03,60610.94720547945
서울특별시,은평구,진관동,서울특별시 은평구 진관동,11380690,04,60737.783917808214
서울특별시,은평구,진관동,서울특별시 은평구 진관동,11380690,05,60952.62890410959
서울특별시,은평구,진관동,서울특별시 은평구 진관동,11380690,06,61473.984739726024
서울특별시,은평구,진관동,서울특별시 은평구 진관동,11380690,07,62016.718794520544
서울특별시,은평구,진관동,서울특별시 은평구 진관동,11380690,08,61833.417863013696
서울특별시,은평구,진관동,서울특별시 은평구 진관동,11380690,09,60612.87980821918
서울특별시,은평구,진관동,서울특별시 은평구 진관동,11380690,10,60925.66816438356
서울특별시,은평구,진관동,서울특별시 은평구 진관동,11380690,11,61660.852849315066
서울특별시,은평구,진관동,서울특별시 은평구 진관동,11380690,12,62204.24065753425
서울특별시,은평구,진관동,서울특별시 은평구 진관동,11380690,13,62616.35356164384
서울특별시,은평구,진관동,서울특별시 은평구 진관동,11380690,14,63279.08238356165
서울특별시,은평구,진관동,서울특별시 은평구 진관동,11380690,15,62975.78813698631
서울특별시,은평구,진관동,서울특별시 은평구 진관동,11380690,16,61965.8814520548
서울특별시,은평구,진관동,서울특별시 은평구 진관동,11380690,17,60519.98490410959
서울특별시,은평구,진관동,서울특별시 은평구 진관동,11380690,18,59751.71290410959
서울특별시,은평구,진관동,서울특별시 은평구 진관동,11380690,19,60509.65353424657
서울특별시,은평구,진관동,서울특별시 은평구 진관동,11380690,20,60494.29068493151
서울특별시,은평구,진관동,서울특별시 은평구 진관동,11380690,21,60102.20315068493
서울특별시,은평구,진관동,서울특별시 은평구 진관동,11380690,22,59907.94926027398
서울특별시,은평구,진관동,서울특별시 은평구 진관동,11380690,23,59985.05005479452
서울특별시,종로구,가회동,서울특별시 종로구 가회동,11110600,00,4145.753315068493
서울특별시,종로구,가회동,서울특별시 종로구 가회동,11110600,01,4137.209972602739
서울특별시,종로구,가회동,서울특별시 종로구 가회동,11110600,02,4132.012630136986
서울특별시,종로구,가회동,서울특별시 종로구 가회동,11110600,03,4142.866684931507
서울특별시,종로구,가회동,서울특별시 종로구 가회동,11110600,04,4178.145479452055
서울특별시,종로구,가회동,서울특별시 종로구 가회동,11110600,05,4271.656191780822
서울특별시,종로구,가회동,서울특별시 종로구 가회동,11110600,06,4640.565479452054
서울특별시,종로구,가회동,서울특별시 종로구 가회동,11110600,07,6778.421698630137
서울특별시,종로구,가회동,서울특별시 종로구 가회동,11110600,08,9394.943397260273
서울특별시,종로구,가회동,서울특별시 종로구 가회동,11110600,09,11383.586876712328
서울특별시,종로구,가회동,서울특별시 종로구 가회동,11110600,10,12916.648739726028
서울특별시,종로구,가회동,서울특별시 종로구 가회동,11110600,11,14144.81794520548
서울특별시,종로구,가회동,서울특별시 종로구 가회동,11110600,12,15114.32501369863
서울특별시,종로구,가회동,서울특별시 종로구 가회동,11110600,13,15732.207178082192
서울특별시,종로구,가회동,서울특별시 종로구 가회동,11110600,14,15953.60002739726
서울특별시,종로구,가회동,서울특별시 종로구 가회동,11110600,15,15728.963753424656
서울특별시,종로구,가회동,서울특별시 종로구 가회동,11110600,16,15006.679260273972
서울특별시,종로구,가회동,서울특별시 종로구 가회동,11110600,17,13795.770821917808
서울특별시,종로구,가회동,서울특별시 종로구 가회동,11110600,18,11339.153397260274
서울특별시,종로구,가회동,서울특별시 종로구 가회동,11110600,19,8694.402876712329
서울특별시,종로구,가회동,서울특별시 종로구 가회동,11110600,20,7023.00104109589
서울특별시,종로구,가회동,서울특별시 종로구 가회동,11110600,21,5870.099698630137
서울특별시,종로구,가회동,서울특별시 종로구 가회동,11110600,22,4982.2438630136985
서울특별시,종로구,가회동,서울특별시 종로구 가회동,11110600,23,4465.0036986301375
서울특별시,종로구,교남동,서울특별시 종로구 교남동,11110580,00,10560.692493150684
서울특별시,종로구,교남동,서울특별시 종로구 교남동,11110580,01,10602.566547945205
서울특별시,종로구,교남동,서울특별시 종로구 교남동,11110580,02,10633.655369863014
서울특별시,종로구,교남동,서울특별시 종로구 교남동,11110580,03,10650.07983561644
서울특별시,종로구,교남동,서울특별시 종로구 교남동,11110580,04,10671.53098630137
서울특별시,종로구,교남동,서울특별시 종로구 교남동,11110580,05,10745.984602739725
서울특별시,종로구,교남동,서울특별시 종로구 교남동,11110580,06,10964.10898630137
서울특별시,종로구,교남동,서울특별시 종로구 교남동,11110580,07,11546.584794520548
서울특별시,종로구,교남동,서울특별시 종로구 교남동,11110580,08,12741.285260273973
서울특별시,종로구,교남동,서울특별시 종로구 교남동,11110580,09,13650.854246575342
서울특별시,종로구,교남동,서울특별시 종로구 교남동,11110580,10,13979.332520547945
서울특별시,종로구,교남동,서울특별시 종로구 교남동,11110580,11,13927.157479452057
서울특별시,종로구,교남동,서울특별시 종로구 교남동,11110580,12,13669.0741369863
서울특별시,종로구,교남동,서울특별시 종로구 교남동,11110580,13,13741.522657534246
서울특별시,종로구,교남동,서울특별시 종로구 교남동,11110580,14,13895.888383561643
서울특별시,종로구,교남동,서울특별시 종로구 교남동,11110580,15,13695.018602739727
서울특별시,종로구,교남동,서울특별시 종로구 교남동,11110580,16,13186.036712328769
서울특별시,종로구,교남동,서울특별시 종로구 교남동,11110580,17,12526.204219178082
서울특별시,종로구,교남동,서울특별시 종로구 교남동,11110580,18,11748.770575342465
서울특별시,종로구,교남동,서울특별시 종로구 교남동,11110580,19,11040.187397260273
서울특별시,종로구,교남동,서울특별시 종로구 교남동,11110580,20,10705.706273972603
서울특별시,종로구,교남동,서울특별시 종로구 교남동,11110580,21,10582.859643835616
서울특별시,종로구,교남동,서울특별시 종로구 교남동,11110580,22,10512.060164383562
서울특별시,종로구,교남동,서울특별시 종로구 교남동,11110580,23,10426.722657534247
서울특별시,종로구,무악동,서울특별시 종로구 무악동,11110570,00,4774.220712328767
서울특별시,종로구,무악동,서울특별시 종로구 무악동,11110570,01,4786.44197260274
서울특별시,종로구,무악동,서울특별시 종로구 무악동,11110570,02,4788.530767123288
서울특별시,종로구,무악동,서울특별시 종로구 무악동,11110570,03,4794.930602739726
서울특별시,종로구,무악동,서울특별시 종로구 무악동,11110570,04,4851.958849315069
서울특별시,종로구,무악동,서울특별시 종로구 무악동,11110570,05,4876.899452054795
서울특별시,종로구,무악동,서울특별시 종로구 무악동,11110570,06,4922.484547945206
서울특별시,종로구,무악동,서울특별시 종로구 무악동,11110570,07,5093.767068493151
서울특별시,종로구,무악동,서울특별시 종로구 무악동,11110570,08,5184.649424657534
서울특별시,종로구,무악동,서울특별시 종로구 무악동,11110570,09,5241.301178082192
서울특별시,종로구,무악동,서울특별시 종로구 무악동,11110570,10,5481.711863013699
서울특별시,종로구,무악동,서울특별시 종로구 무악동,11110570,11,5439.090383561644
서울특별시,종로구,무악동,서울특별시 종로구 무악동,11110570,12,5240.723808219178
서울특별시,종로구,무악동,서울특별시 종로구 무악동,11110570,13,5109.934438356165
서울특별시,종로구,무악동,서울특별시 종로구 무악동,11110570,14,5184.822164383562
서울특별시,종로구,무악동,서울특별시 종로구 무악동,11110570,15,5107.298958904109
서울특별시,종로구,무악동,서울특별시 종로구 무악동,11110570,16,4969.756575342465
서울특별시,종로구,무악동,서울특별시 종로구 무악동,11110570,17,4763.27709589041
서울특별시,종로구,무악동,서울특별시 종로구 무악동,11110570,18,4589.474082191781
서울특별시,종로구,무악동,서울특별시 종로구 무악동,11110570,19,4591.907917808219
서울특별시,종로구,무악동,서울특별시 종로구 무악동,11110570,20,4644.285972602739
서울특별시,종로구,무악동,서울특별시 종로구 무악동,11110570,21,4688.826136986301
서울특별시,종로구,무악동,서울특별시 종로구 무악동,11110570,22,4783.241342465753
서울특별시,종로구,무악동,서울특별시 종로구 무악동,11110570,23,4793.174684931507
서울특별시,종로구,부암동,서울특별시 종로구 부암동,11110550,00,10963.809178082192
서울특별시,종로구,부암동,서울특별시 종로구 부암동,11110550,01,10970.358547945205
서울특별시,종로구,부암동,서울특별시 종로구 부암동,11110550,02,10895.940410958905
서울특별시,종로구,부암동,서울특별시 종로구 부암동,11110550,03,10871.350739726027
서울특별시,종로구,부암동,서울특별시 종로구 부암동,11110550,04,10877.831589041096
서울특별시,종로구,부암동,서울특별시 종로구 부암동,11110550,05,10894.681726027398
서울특별시,종로구,부암동,서울특별시 종로구 부암동,11110550,06,11053.553397260275
서울특별시,종로구,부암동,서울특별시 종로구 부암동,11110550,07,11181.329232876713
서울특별시,종로구,부암동,서울특별시 종로구 부암동,11110550,08,11515.936027397262
서울특별시,종로구,부암동,서울특별시 종로구 부암동,11110550,09,11800.698575342467
서울특별시,종로구,부암동,서울특별시 종로구 부암동,11110550,10,12345.39391780822
서울특별시,종로구,부암동,서울특별시 종로구 부암동,11110550,11,12989.232136986302
서울특별시,종로구,부암동,서울특별시 종로구 부암동,11110550,12,13498.267972602738
서울특별시,종로구,부암동,서울특별시 종로구 부암동,11110550,13,13774.27690410959
서울특별시,종로구,부암동,서울특별시 종로구 부암동,11110550,14,13850.834219178083
서울특별시,종로구,부암동,서울특별시 종로구 부암동,11110550,15,13646.296849315067
서울특별시,종로구,부암동,서울특별시 종로구 부암동,11110550,16,13190.154986301372
서울특별시,종로구,부암동,서울특별시 종로구 부암동,11110550,17,12493.326246575343
서울특별시,종로구,부암동,서울특별시 종로구 부암동,11110550,18,11699.925178082192
서울특별시,종로구,부암동,서울특별시 종로구 부암동,11110550,19,11134.238219178083
서울특별시,종로구,부암동,서울특별시 종로구 부암동,11110550,20,10866.717424657534
서울특별시,종로구,부암동,서울특별시 종로구 부암동,11110550,21,10780.20890410959
서울특별시,종로구,부암동,서울특별시 종로구 부암동,11110550,22,10917.838931506849
서울특별시,종로구,부암동,서울특별시 종로구 부암동,11110550,23,11086.952027397261
서울특별시,종로구,사직동,서울특별시 종로구 사직동,11110530,00,12417.368246575343
서울특별시,종로구,사직동,서울특별시 종로구 사직동,11110530,01,12154.40397260274
서울특별시,종로구,사직동,서울특별시 종로구 사직동,11110530,02,11874.312684931507
서울특별시,종로구,사직동,서울특별시 종로구 사직동,11110530,03,11748.116164383562
서울특별시,종로구,사직동,서울특별시 종로구 사직동,11110530,04,11765.675561643835
서울특별시,종로구,사직동,서울특별시 종로구 사직동,11110530,05,12316.318821917808
서울특별시,종로구,사직동,서울특별시 종로구 사직동,11110530,06,14102.406438356164
서울특별시,종로구,사직동,서울특별시 종로구 사직동,11110530,07,17839.25690410959
서울특별시,종로구,사직동,서울특별시 종로구 사직동,11110530,08,26581.674383561643
서울특별시,종로구,사직동,서울특별시 종로구 사직동,11110530,09,39268.90123287671
서울특별시,종로구,사직동,서울특별시 종로구 사직동,11110530,10,44650.56115068493
서울특별시,종로구,사직동,서울특별시 종로구 사직동,11110530,11,48867.25997260274
서울특별시,종로구,사직동,서울특별시 종로구 사직동,11110530,12,51975.395726027404
서울특별시,종로구,사직동,서울특별시 종로구 사직동,11110530,13,54346.7581369863
서울특별시,종로구,사직동,서울특별시 종로구 사직동,11110530,14,55424.49726027397
서울특별시,종로구,사직동,서울특별시 종로구 사직동,11110530,15,54859.495095890416
서울특별시,종로구,사직동,서울특별시 종로구 사직동,11110530,16,53478.34871232877
서울특별시,종로구,사직동,서울특별시 종로구 사직동,11110530,17,50815.56668493151
서울특별시,종로구,사직동,서울특별시 종로구 사직동,11110530,18,45308.595972602736
서울특별시,종로구,사직동,서울특별시 종로구 사직동,11110530,19,35822.50095890411
서울특별시,종로구,사직동,서울특별시 종로구 사직동,11110530,20,29553.0517260274
서울특별시,종로구,사직동,서울특별시 종로구 사직동,11110530,21,24638.186575342464
서울특별시,종로구,사직동,서울특별시 종로구 사직동,11110530,22,19579.790246575343
서울특별시,종로구,사직동,서울특별시 종로구 사직동,11110530,23,15812.099287671233
서울특별시,종로구,삼청동,서울특별시 종로구 삼청동,11110540,00,2790.551780821918
서울특별시,종로구,삼청동,서울특별시 종로구 삼청동,11110540,01,2780.351150684932
서울특별시,종로구,삼청동,서울특별시 종로구 삼청동,11110540,02,2774.9279452054793
서울특별시,종로구,삼청동,서울특별시 종로구 삼청동,11110540,03,2779.9177534246573
서울특별시,종로구,삼청동,서울특별시 종로구 삼청동,11110540,04,2790.6944657534245
서울특별시,종로구,삼청동,서울특별시 종로구 삼청동,11110540,05,2876.462821917808
서울특별시,종로구,삼청동,서울특별시 종로구 삼청동,11110540,06,3065.0357534246577
서울특별시,종로구,삼청동,서울특별시 종로구 삼청동,11110540,07,3571.844410958904
서울특별시,종로구,삼청동,서울특별시 종로구 삼청동,11110540,08,4291.504054794521
서울특별시,종로구,삼청동,서울특별시 종로구 삼청동,11110540,09,5390.917342465754
서울특별시,종로구,삼청동,서울특별시 종로구 삼청동,11110540,10,6458.879123287671
서울특별시,종로구,삼청동,서울특별시 종로구 삼청동,11110540,11,7735.153452054794
서울특별시,종로구,삼청동,서울특별시 종로구 삼청동,11110540,12,8874.84709589041
서울특별시,종로구,삼청동,서울특별시 종로구 삼청동,11110540,13,9286.712712328768
서울특별시,종로구,삼청동,서울특별시 종로구 삼청동,11110540,14,9708.546383561645
서울특별시,종로구,삼청동,서울특별시 종로구 삼청동,11110540,15,9786.884356164384
서울특별시,종로구,삼청동,서울특별시 종로구 삼청동,11110540,16,9472.104794520548
서울특별시,종로구,삼청동,서울특별시 종로구 삼청동,11110540,17,8394.690794520548
서울특별시,종로구,삼청동,서울특별시 종로구 삼청동,11110540,18,7064.941534246575
서울특별시,종로구,삼청동,서울특별시 종로구 삼청동,11110540,19,5530.979424657534
서울특별시,종로구,삼청동,서울특별시 종로구 삼청동,11110540,20,4464.073616438356
서울특별시,종로구,삼청동,서울특별시 종로구 삼청동,11110540,21,3717.3892328767124
서울특별시,종로구,삼청동,서울특별시 종로구 삼청동,11110540,22,3244.1174246575347
서울특별시,종로구,삼청동,서울특별시 종로구 삼청동,11110540,23,2996.6878356164384
서울특별시,종로구,숭인1동,서울특별시 종로구 숭인1동,11110700,00,6496.223698630137
서울특별시,종로구,숭인1동,서울특별시 종로구 숭인1동,11110700,01,6525.003369863014
서울특별시,종로구,숭인1동,서울특별시 종로구 숭인1동,11110700,02,6542.9808219178085
서울특별시,종로구,숭인1동,서울특별시 종로구 숭인1동,11110700,03,6563.088246575342
서울특별시,종로구,숭인1동,서울특별시 종로구 숭인1동,11110700,04,6582.883479452055
서울특별시,종로구,숭인1동,서울특별시 종로구 숭인1동,11110700,05,6571.701205479452
서울특별시,종로구,숭인1동,서울특별시 종로구 숭인1동,11110700,06,6579.221643835616
서울특별시,종로구,숭인1동,서울특별시 종로구 숭인1동,11110700,07,6619.149506849315
서울특별시,종로구,숭인1동,서울특별시 종로구 숭인1동,11110700,08,6548.062493150685
서울특별시,종로구,숭인1동,서울특별시 종로구 숭인1동,11110700,09,6453.152219178082
서울특별시,종로구,숭인1동,서울특별시 종로구 숭인1동,11110700,10,6455.275808219178
서울특별시,종로구,숭인1동,서울특별시 종로구 숭인1동,11110700,11,6537.159534246575
서울특별시,종로구,숭인1동,서울특별시 종로구 숭인1동,11110700,12,6641.33802739726
서울특별시,종로구,숭인1동,서울특별시 종로구 숭인1동,11110700,13,6644.774849315068
서울특별시,종로구,숭인1동,서울특별시 종로구 숭인1동,11110700,14,6618.9521917808215
서울특별시,종로구,숭인1동,서울특별시 종로구 숭인1동,11110700,15,6552.897342465752
서울특별시,종로구,숭인1동,서울특별시 종로구 숭인1동,11110700,16,6559.084301369863
서울특별시,종로구,숭인1동,서울특별시 종로구 숭인1동,11110700,17,6539.447561643835
서울특별시,종로구,숭인1동,서울특별시 종로구 숭인1동,11110700,18,6568.435123287671
서울특별시,종로구,숭인1동,서울특별시 종로구 숭인1동,11110700,19,6556.290821917808
서울특별시,종로구,숭인1동,서울특별시 종로구 숭인1동,11110700,20,6458.0813150684935
서울특별시,종로구,숭인1동,서울특별시 종로구 숭인1동,11110700,21,6383.426191780822
서울특별시,종로구,숭인1동,서울특별시 종로구 숭인1동,11110700,22,6412.4194794520545
서울특별시,종로구,숭인1동,서울특별시 종로구 숭인1동,11110700,23,6476.03093150685
서울특별시,종로구,숭인2동,서울특별시 종로구 숭인2동,11110710,00,9823.591561643836
서울특별시,종로구,숭인2동,서울특별시 종로구 숭인2동,11110710,01,9831.30915068493
서울특별시,종로구,숭인2동,서울특별시 종로구 숭인2동,11110710,02,9840.790821917808
서울특별시,종로구,숭인2동,서울특별시 종로구 숭인2동,11110710,03,9865.860273972603
서울특별시,종로구,숭인2동,서울특별시 종로구 숭인2동,11110710,04,9896.280547945205
서울특별시,종로구,숭인2동,서울특별시 종로구 숭인2동,11110710,05,10018.145424657534
서울특별시,종로구,숭인2동,서울특별시 종로구 숭인2동,11110710,06,10225.62402739726
서울특별시,종로구,숭인2동,서울특별시 종로구 숭인2동,11110710,07,10598.772849315068
서울특별시,종로구,숭인2동,서울특별시 종로구 숭인2동,11110710,08,11406.842876712328
서울특별시,종로구,숭인2동,서울특별시 종로구 숭인2동,11110710,09,12238.428219178082
서울특별시,종로구,숭인2동,서울특별시 종로구 숭인2동,11110710,10,13104.206328767123
서울특별시,종로구,숭인2동,서울특별시 종로구 숭인2동,11110710,11,14006.312630136987
서울특별시,종로구,숭인2동,서울특별시 종로구 숭인2동,11110710,12,14769.387479452054
서울특별시,종로구,숭인2동,서울특별시 종로구 숭인2동,11110710,13,15432.853945205481
서울특별시,종로구,숭인2동,서울특별시 종로구 숭인2동,11110710,14,15751.619726027398
서울특별시,종로구,숭인2동,서울특별시 종로구 숭인2동,11110710,15,15605.544575342465
서울특별시,종로구,숭인2동,서울특별시 종로구 숭인2동,11110710,16,14870.510356164385
서울특별시,종로구,숭인2동,서울특별시 종로구 숭인2동,11110710,17,13592.46490410959
서울특별시,종로구,숭인2동,서울특별시 종로구 숭인2동,11110710,18,12050.707808219177
서울특별시,종로구,숭인2동,서울특별시 종로구 숭인2동,11110710,19,10747.854219178082
서울특별시,종로구,숭인2동,서울특별시 종로구 숭인2동,11110710,20,10098.290602739726
서울특별시,종로구,숭인2동,서울특별시 종로구 숭인2동,11110710,21,9918.369561643836
서울특별시,종로구,숭인2동,서울특별시 종로구 숭인2동,11110710,22,9923.653726027396
서울특별시,종로구,숭인2동,서울특별시 종로구 숭인2동,11110710,23,9941.519123287671
서울특별시,종로구,이화동,서울특별시 종로구 이화동,11110640,00,11541.16717808219
서울특별시,종로구,이화동,서울특별시 종로구 이화동,11110640,01,11412.640767123288
서울특별시,종로구,이화동,서울특별시 종로구 이화동,11110640,02,11224.03498630137
서울특별시,종로구,이화동,서울특별시 종로구 이화동,11110640,03,11072.907561643835
서울특별시,종로구,이화동,서울특별시 종로구 이화동,11110640,04,10943.472575342466
서울특별시,종로구,이화동,서울특별시 종로구 이화동,11110640,05,11132.125424657534
서울특별시,종로구,이화동,서울특별시 종로구 이화동,11110640,06,11952.343260273972
서울특별시,종로구,이화동,서울특별시 종로구 이화동,11110640,07,14519.001315068494
서울특별시,종로구,이화동,서울특별시 종로구 이화동,11110640,08,19839.29701369863
서울특별시,종로구,이화동,서울특별시 종로구 이화동,11110640,09,27851.667780821917
서울특별시,종로구,이화동,서울특별시 종로구 이화동,11110640,10,32914.999726027396
서울특별시,종로구,이화동,서울특별시 종로구 이화동,11110640,11,35268.77635616438
서울특별시,종로구,이화동,서울특별시 종로구 이화동,11110640,12,36579.237205479454
서울특별시,종로구,이화동,서울특별시 종로구 이화동,11110640,13,39807.240986301375
서울특별시,종로구,이화동,서울특별시 종로구 이화동,11110640,14,42567.349616438354
서울특별시,종로구,이화동,서울특별시 종로구 이화동,11110640,15,43234.43473972603
서울특별시,종로구,이화동,서울특별시 종로구 이화동,11110640,16,41149.15871232877
서울특별시,종로구,이화동,서울특별시 종로구 이화동,11110640,17,37556.99
서울특별시,종로구,이화동,서울특별시 종로구 이화동,11110640,18,32897.85276712329
서울특별시,종로구,이화동,서울특별시 종로구 이화동,11110640,19,28651.45506849315
서울특별시,종로구,이화동,서울특별시 종로구 이화동,11110640,20,25545.26408219178
서울특별시,종로구,이화동,서울특별시 종로구 이화동,11110640,21,22041.87002739726
서울특별시,종로구,이화동,서울특별시 종로구 이화동,11110640,22,18249.512602739724
서울특별시,종로구,이화동,서울특별시 종로구 이화동,11110640,23,14550.573561643834
서울특별시,종로구,종로1.2.3.4가동,서울특별시 종로구 종로1.2.3.4가동,11110615,00,23666.840438356165
서울특별시,종로구,종로1.2.3.4가동,서울특별시 종로구 종로1.2.3.4가동,11110615,01,22410.74997260274
서울특별시,종로구,종로1.2.3.4가동,서울특별시 종로구 종로1.2.3.4가동,11110615,02,21060.95879452055
서울특별시,종로구,종로1.2.3.4가동,서울특별시 종로구 종로1.2.3.4가동,11110615,03,20048.496684931506
서울특별시,종로구,종로1.2.3.4가동,서울특별시 종로구 종로1.2.3.4가동,11110615,04,19517.847397260273
서울특별시,종로구,종로1.2.3.4가동,서울특별시 종로구 종로1.2.3.4가동,11110615,05,20103.85293150685
서울특별시,종로구,종로1.2.3.4가동,서울특별시 종로구 종로1.2.3.4가동,11110615,06,22801.654465753425
서울특별시,종로구,종로1.2.3.4가동,서울특별시 종로구 종로1.2.3.4가동,11110615,07,30779.494493150687
서울특별시,종로구,종로1.2.3.4가동,서울특별시 종로구 종로1.2.3.4가동,11110615,08,51850.32073972603
서울특별시,종로구,종로1.2.3.4가동,서울특별시 종로구 종로1.2.3.4가동,11110615,09,82692.8782739726
서울특별시,종로구,종로1.2.3.4가동,서울특별시 종로구 종로1.2.3.4가동,11110615,10,100767.82950684932
서울특별시,종로구,종로1.2.3.4가동,서울특별시 종로구 종로1.2.3.4가동,11110615,11,115094.84463013698
서울특별시,종로구,종로1.2.3.4가동,서울특별시 종로구 종로1.2.3.4가동,11110615,12,126347.48465753424
서울특별시,종로구,종로1.2.3.4가동,서울특별시 종로구 종로1.2.3.4가동,11110615,13,133881.9824931507
서울특별시,종로구,종로1.2.3.4가동,서울특별시 종로구 종로1.2.3.4가동,11110615,14,138772.81169863013
서울특별시,종로구,종로1.2.3.4가동,서울특별시 종로구 종로1.2.3.4가동,11110615,15,139085.44175342467
서울특별시,종로구,종로1.2.3.4가동,서울특별시 종로구 종로1.2.3.4가동,11110615,16,135166.52583561643
서울특별시,종로구,종로1.2.3.4가동,서울특별시 종로구 종로1.2.3.4가동,11110615,17,127762.66652054795
서울특별시,종로구,종로1.2.3.4가동,서울특별시 종로구 종로1.2.3.4가동,11110615,18,114526.84742465754
서울특별시,종로구,종로1.2.3.4가동,서울특별시 종로구 종로1.2.3.4가동,11110615,19,91616.12128767124
서울특별시,종로구,종로1.2.3.4가동,서울특별시 종로구 종로1.2.3.4가동,11110615,20,74303.00243835617
서울특별시,종로구,종로1.2.3.4가동,서울특별시 종로구 종로1.2.3.4가동,11110615,21,59938.14276712329
서울특별시,종로구,종로1.2.3.4가동,서울특별시 종로구 종로1.2.3.4가동,11110615,22,45253.06290410959
서울특별시,종로구,종로1.2.3.4가동,서울특별시 종로구 종로1.2.3.4가동,11110615,23,34064.31547945205
서울특별시,종로구,종로5.6가동,서울특별시 종로구 종로5.6가동,11110630,00,7562.70394520548
서울특별시,종로구,종로5.6가동,서울특별시 종로구 종로5.6가동,11110630,01,7507.1343835616435
서울특별시,종로구,종로5.6가동,서울특별시 종로구 종로5.6가동,11110630,02,7431.856876712328
서울특별시,종로구,종로5.6가동,서울특별시 종로구 종로5.6가동,11110630,03,7362.138273972603
서울특별시,종로구,종로5.6가동,서울특별시 종로구 종로5.6가동,11110630,04,7338.251315068493
서울특별시,종로구,종로5.6가동,서울특별시 종로구 종로5.6가동,11110630,05,7571.673424657533
서울특별시,종로구,종로5.6가동,서울특별시 종로구 종로5.6가동,11110630,06,8281.694767123287
서울특별시,종로구,종로5.6가동,서울특별시 종로구 종로5.6가동,11110630,07,10101.533260273973
서울특별시,종로구,종로5.6가동,서울특별시 종로구 종로5.6가동,11110630,08,14250.619835616439
서울특별시,종로구,종로5.6가동,서울특별시 종로구 종로5.6가동,11110630,09,19934.867589041096
서울특별시,종로구,종로5.6가동,서울특별시 종로구 종로5.6가동,11110630,10,24422.051424657533
서울특별시,종로구,종로5.6가동,서울특별시 종로구 종로5.6가동,11110630,11,28104.725342465754
서울특별시,종로구,종로5.6가동,서울특별시 종로구 종로5.6가동,11110630,12,30948.806191780823
서울특별시,종로구,종로5.6가동,서울특별시 종로구 종로5.6가동,11110630,13,32636.684191780823
서울특별시,종로구,종로5.6가동,서울특별시 종로구 종로5.6가동,11110630,14,33274.208958904106
서울특별시,종로구,종로5.6가동,서울특별시 종로구 종로5.6가동,11110630,15,32627.198410958903
서울특별시,종로구,종로5.6가동,서울특별시 종로구 종로5.6가동,11110630,16,30566.1101369863
서울특별시,종로구,종로5.6가동,서울특별시 종로구 종로5.6가동,11110630,17,27016.93315068493
서울특별시,종로구,종로5.6가동,서울특별시 종로구 종로5.6가동,11110630,18,21902.89975342466
서울특별시,종로구,종로5.6가동,서울특별시 종로구 종로5.6가동,11110630,19,16929.17084931507
서울특별시,종로구,종로5.6가동,서울특별시 종로구 종로5.6가동,11110630,20,13604.931671232876
서울특별시,종로구,종로5.6가동,서울특별시 종로구 종로5.6가동,11110630,21,11424.567561643837
서울특별시,종로구,종로5.6가동,서울특별시 종로구 종로5.6가동,11110630,22,9716.299726027397
서울특별시,종로구,종로5.6가동,서울특별시 종로구 종로5.6가동,11110630,23,8565.759753424658
서울특별시,종로구,창신1동,서울특별시 종로구 창신1동,11110670,00,6124.171287671233
서울특별시,종로구,창신1동,서울특별시 종로구 창신1동,11110670,01,6054.836356164384
서울특별시,종로구,창신1동,서울특별시 종로구 창신1동,11110670,02,5934.638410958904
서울특별시,종로구,창신1동,서울특별시 종로구 창신1동,11110670,03,5835.292794520548
서울특별시,종로구,창신1동,서울특별시 종로구 창신1동,11110670,04,5751.722821917809
서울특별시,종로구,창신1동,서울특별시 종로구 창신1동,11110670,05,5774.697534246576
서울특별시,종로구,창신1동,서울특별시 종로구 창신1동,11110670,06,5831.856821917809
서울특별시,종로구,창신1동,서울특별시 종로구 창신1동,11110670,07,6254.819232876713
서울특별시,종로구,창신1동,서울특별시 종로구 창신1동,11110670,08,7125.693534246576
서울특별시,종로구,창신1동,서울특별시 종로구 창신1동,11110670,09,8338.90698630137
서울특별시,종로구,창신1동,서울특별시 종로구 창신1동,11110670,10,9461.073260273974
서울특별시,종로구,창신1동,서울특별시 종로구 창신1동,11110670,11,10224.509561643836
서울특별시,종로구,창신1동,서울특별시 종로구 창신1동,11110670,12,10664.79901369863
서울특별시,종로구,창신1동,서울특별시 종로구 창신1동,11110670,13,11002.78005479452
서울특별시,종로구,창신1동,서울특별시 종로구 창신1동,11110670,14,11185.24509589041
서울특별시,종로구,창신1동,서울특별시 종로구 창신1동,11110670,15,11052.507835616438
서울특별시,종로구,창신1동,서울특별시 종로구 창신1동,11110670,16,10562.354821917808
서울특별시,종로구,창신1동,서울특별시 종로구 창신1동,11110670,17,9788.053095890411
서울특별시,종로구,창신1동,서울특별시 종로구 창신1동,11110670,18,8816.432328767123
서울특별시,종로구,창신1동,서울특별시 종로구 창신1동,11110670,19,7885.535643835616
서울특별시,종로구,창신1동,서울특별시 종로구 창신1동,11110670,20,7090.616739726027
서울특별시,종로구,창신1동,서울특별시 종로구 창신1동,11110670,21,6481.6727671232875
서울특별시,종로구,창신1동,서울특별시 종로구 창신1동,11110670,22,6163.605205479452
서울특별시,종로구,창신1동,서울특별시 종로구 창신1동,11110670,23,6213.377917808219
서울특별시,종로구,창신2동,서울특별시 종로구 창신2동,11110680,00,6605.302465753424
서울특별시,종로구,창신2동,서울특별시 종로구 창신2동,11110680,01,6607.5298356164385
서울특별시,종로구,창신2동,서울특별시 종로구 창신2동,11110680,02,6608.248876712329
서울특별시,종로구,창신2동,서울특별시 종로구 창신2동,11110680,03,6607.083561643835
서울특별시,종로구,창신2동,서울특별시 종로구 창신2동,11110680,04,6593.355315068493
서울특별시,종로구,창신2동,서울특별시 종로구 창신2동,11110680,05,6547.84895890411
서울특별시,종로구,창신2동,서울특별시 종로구 창신2동,11110680,06,6466.957315068493
서울특별시,종로구,창신2동,서울특별시 종로구 창신2동,11110680,07,6377.392219178083
서울특별시,종로구,창신2동,서울특별시 종로구 창신2동,11110680,08,6171.35704109589
서울특별시,종로구,창신2동,서울특별시 종로구 창신2동,11110680,09,5842.065643835616
서울특별시,종로구,창신2동,서울특별시 종로구 창신2동,11110680,10,5622.510904109589
서울특별시,종로구,창신2동,서울특별시 종로구 창신2동,11110680,11,5529.506493150685
서울특별시,종로구,창신2동,서울특별시 종로구 창신2동,11110680,12,5483.675863013698
서울특별시,종로구,창신2동,서울특별시 종로구 창신2동,11110680,13,5485.150191780822
서울특별시,종로구,창신2동,서울특별시 종로구 창신2동,11110680,14,5504.4947123287675
서울특별시,종로구,창신2동,서울특별시 종로구 창신2동,11110680,15,5580.445561643835
서울특별시,종로구,창신2동,서울특별시 종로구 창신2동,11110680,16,5668.285753424658
서울특별시,종로구,창신2동,서울특별시 종로구 창신2동,11110680,17,5743.009479452055
서울특별시,종로구,창신2동,서울특별시 종로구 창신2동,11110680,18,5873.14098630137
서울특별시,종로구,창신2동,서울특별시 종로구 창신2동,11110680,19,6063.627424657534
서울특별시,종로구,창신2동,서울특별시 종로구 창신2동,11110680,20,6239.226684931507
서울특별시,종로구,창신2동,서울특별시 종로구 창신2동,11110680,21,6387.39
서울특별시,종로구,창신2동,서울특별시 종로구 창신2동,11110680,22,6521.806904109589
서울특별시,종로구,창신2동,서울특별시 종로구 창신2동,11110680,23,6600.75904109589
서울특별시,종로구,창신3동,서울특별시 종로구 창신3동,11110690,00,5353.6278356164385
서울특별시,종로구,창신3동,서울특별시 종로구 창신3동,11110690,01,5364.4056438356165
서울특별시,종로구,창신3동,서울특별시 종로구 창신3동,11110690,02,5380.136356164384
서울특별시,종로구,창신3동,서울특별시 종로구 창신3동,11110690,03,5392.1171780821915
서울특별시,종로구,창신3동,서울특별시 종로구 창신3동,11110690,04,5412.923780821918
서울특별시,종로구,창신3동,서울특별시 종로구 창신3동,11110690,05,5410.570520547945
서울특별시,종로구,창신3동,서울특별시 종로구 창신3동,11110690,06,5384.82205479452
서울특별시,종로구,창신3동,서울특별시 종로구 창신3동,11110690,07,5330.728273972603
서울특별시,종로구,창신3동,서울특별시 종로구 창신3동,11110690,08,5099.858904109589
서울특별시,종로구,창신3동,서울특별시 종로구 창신3동,11110690,09,4804.707424657534
서울특별시,종로구,창신3동,서울특별시 종로구 창신3동,11110690,10,4555.033369863014
서울특별시,종로구,창신3동,서울특별시 종로구 창신3동,11110690,11,4470.338931506849
서울특별시,종로구,창신3동,서울특별시 종로구 창신3동,11110690,12,4415.149342465754
서울특별시,종로구,창신3동,서울특별시 종로구 창신3동,11110690,13,4380.100821917808
서울특별시,종로구,창신3동,서울특별시 종로구 창신3동,11110690,14,4378.493095890411
서울특별시,종로구,창신3동,서울특별시 종로구 창신3동,11110690,15,4428.29498630137
서울특별시,종로구,창신3동,서울특별시 종로구 창신3동,11110690,16,4515.201178082191
서울특별시,종로구,창신3동,서울특별시 종로구 창신3동,11110690,17,4616.260904109589
서울특별시,종로구,창신3동,서울특별시 종로구 창신3동,11110690,18,4788.807945205479
서울특별시,종로구,창신3동,서울특별시 종로구 창신3동,11110690,19,4953.533479452055
서울특별시,종로구,창신3동,서울특별시 종로구 창신3동,11110690,20,5126.525369863014
서울특별시,종로구,창신3동,서울특별시 종로구 창신3동,11110690,21,5200.903369863014
서울특별시,종로구,창신3동,서울특별시 종로구 창신3동,11110690,22,5281.694410958904
서울특별시,종로구,창신3동,서울특별시 종로구 창신3동,11110690,23,5334.94898630137
서울특별시,종로구,청운효자동,서울특별시 종로구 청운효자동,11110515,00,13759.601753424657
서울특별시,종로구,청운효자동,서울특별시 종로구 청운효자동,11110515,01,13752.185260273973
서울특별시,종로구,청운효자동,서울특별시 종로구 청운효자동,11110515,02,13743.714164383562
서울특별시,종로구,청운효자동,서울특별시 종로구 청운효자동,11110515,03,13758.115726027398
서울특별시,종로구,청운효자동,서울특별시 종로구 청운효자동,11110515,04,13779.354410958906
서울특별시,종로구,청운효자동,서울특별시 종로구 청운효자동,11110515,05,13832.656383561643
서울특별시,종로구,청운효자동,서울특별시 종로구 청운효자동,11110515,06,14121.977753424657
서울특별시,종로구,청운효자동,서울특별시 종로구 청운효자동,11110515,07,14951.349671232876
서울특별시,종로구,청운효자동,서울특별시 종로구 청운효자동,11110515,08,16684.21219178082
서울특별시,종로구,청운효자동,서울특별시 종로구 청운효자동,11110515,09,18594.52835616438
서울특별시,종로구,청운효자동,서울특별시 종로구 청운효자동,11110515,10,20623.405479452056
서울특별시,종로구,청운효자동,서울특별시 종로구 청운효자동,11110515,11,22050.73704109589
서울특별시,종로구,청운효자동,서울특별시 종로구 청운효자동,11110515,12,23209.404876712328
서울특별시,종로구,청운효자동,서울특별시 종로구 청운효자동,11110515,13,23813.458438356163
서울특별시,종로구,청운효자동,서울특별시 종로구 청운효자동,11110515,14,24287.89895890411
서울특별시,종로구,청운효자동,서울특별시 종로구 청운효자동,11110515,15,24315.697863013702
서울특별시,종로구,청운효자동,서울특별시 종로구 청운효자동,11110515,16,23165.17098630137
서울특별시,종로구,청운효자동,서울특별시 종로구 청운효자동,11110515,17,21069.814465753425
서울특별시,종로구,청운효자동,서울특별시 종로구 청운효자동,11110515,18,18866.727863013697
서울특별시,종로구,청운효자동,서울특별시 종로구 청운효자동,11110515,19,17177.430602739725
서울특별시,종로구,청운효자동,서울특별시 종로구 청운효자동,11110515,20,15964.627534246574
서울특별시,종로구,청운효자동,서울특별시 종로구 청운효자동,11110515,21,14946.924438356164
서울특별시,종로구,청운효자동,서울특별시 종로구 청운효자동,11110515,22,14249.982767123287
서울특별시,종로구,청운효자동,서울특별시 종로구 청운효자동,11110515,23,13919.228520547946
서울특별시,종로구,평창동,서울특별시 종로구 평창동,11110560,00,19135.91032876712
서울특별시,종로구,평창동,서울특별시 종로구 평창동,11110560,01,19306.163232876712
서울특별시,종로구,평창동,서울특별시 종로구 평창동,11110560,02,19410.169287671233
서울특별시,종로구,평창동,서울특별시 종로구 평창동,11110560,03,19444.05838356164
서울특별시,종로구,평창동,서울특별시 종로구 평창동,11110560,04,19456.96893150685
서울특별시,종로구,평창동,서울특별시 종로구 평창동,11110560,05,19480.52706849315
서울특별시,종로구,평창동,서울특별시 종로구 평창동,11110560,06,19379.609589041094
서울특별시,종로구,평창동,서울특별시 종로구 평창동,11110560,07,19371.252356164383
서울특별시,종로구,평창동,서울특별시 종로구 평창동,11110560,08,19497.31295890411
서울특별시,종로구,평창동,서울특별시 종로구 평창동,11110560,09,19200.89410958904
서울특별시,종로구,평창동,서울특별시 종로구 평창동,11110560,10,19062.765397260275
서울특별시,종로구,평창동,서울특별시 종로구 평창동,11110560,11,19010.704602739726
서울특별시,종로구,평창동,서울특별시 종로구 평창동,11110560,12,18888.93315068493
서울특별시,종로구,평창동,서울특별시 종로구 평창동,11110560,13,18596.413232876712
서울특별시,종로구,평창동,서울특별시 종로구 평창동,11110560,14,18238.591780821916
서울특별시,종로구,평창동,서울특별시 종로구 평창동,11110560,15,17948.452547945206
서울특별시,종로구,평창동,서울특별시 종로구 평창동,11110560,16,17615.64290410959
서울특별시,종로구,평창동,서울특별시 종로구 평창동,11110560,17,17313.853424657533
서울특별시,종로구,평창동,서울특별시 종로구 평창동,11110560,18,17065.77109589041
서울특별시,종로구,평창동,서울특별시 종로구 평창동,11110560,19,17208.331561643834
서울특별시,종로구,평창동,서울특별시 종로구 평창동,11110560,20,17520.31284931507
서울특별시,종로구,평창동,서울특별시 종로구 평창동,11110560,21,17895.151534246575
서울특별시,종로구,평창동,서울특별시 종로구 평창동,11110560,22,18294.397726027397
서울특별시,종로구,평창동,서울특별시 종로구 평창동,11110560,23,18589.14936986301
서울특별시,종로구,혜화동,서울특별시 종로구 혜화동,11110650,00,20218.724547945207
서울특별시,종로구,혜화동,서울특별시 종로구 혜화동,11110650,01,20081.46323287671
서울특별시,종로구,혜화동,서울특별시 종로구 혜화동,11110650,02,19876.151424657535
서울특별시,종로구,혜화동,서울특별시 종로구 혜화동,11110650,03,19733.879205479454
서울특별시,종로구,혜화동,서울특별시 종로구 혜화동,11110650,04,19641.50232876712
서울특별시,종로구,혜화동,서울특별시 종로구 혜화동,11110650,05,19615.140520547946
서울특별시,종로구,혜화동,서울특별시 종로구 혜화동,11110650,06,19668.445917808218
서울특별시,종로구,혜화동,서울특별시 종로구 혜화동,11110650,07,19859.98301369863
서울특별시,종로구,혜화동,서울특별시 종로구 혜화동,11110650,08,20533.19698630137
서울특별시,종로구,혜화동,서울특별시 종로구 혜화동,11110650,09,21636.968410958903
서울특별시,종로구,혜화동,서울특별시 종로구 혜화동,11110650,10,22843.947589041098
서울특별시,종로구,혜화동,서울특별시 종로구 혜화동,11110650,11,24191.559287671236
서울특별시,종로구,혜화동,서울특별시 종로구 혜화동,11110650,12,26088.49794520548
서울특별시,종로구,혜화동,서울특별시 종로구 혜화동,11110650,13,26759.721232876713
서울특별시,종로구,혜화동,서울특별시 종로구 혜화동,11110650,14,27225.722602739726
서울특별시,종로구,혜화동,서울특별시 종로구 혜화동,11110650,15,27547.165671232877
서울특별시,종로구,혜화동,서울특별시 종로구 혜화동,11110650,16,27743.72695890411
서울특별시,종로구,혜화동,서울특별시 종로구 혜화동,11110650,17,27818.58495890411
서울특별시,종로구,혜화동,서울특별시 종로구 혜화동,11110650,18,28202.54197260274
서울특별시,종로구,혜화동,서울특별시 종로구 혜화동,11110650,19,27770.437452054794
서울특별시,종로구,혜화동,서울특별시 종로구 혜화동,11110650,20,26866.978547945204
서울특별시,종로구,혜화동,서울특별시 종로구 혜화동,11110650,21,25559.321150684933
서울특별시,종로구,혜화동,서울특별시 종로구 혜화동,11110650,22,23638.281534246576
서울특별시,종로구,혜화동,서울특별시 종로구 혜화동,11110650,23,21868.079671232877
서울특별시,중구,광희동,서울특별시 중구 광희동,11140590,00,12159.31509589041
서울특별시,중구,광희동,서울특별시 중구 광희동,11140590,01,11826.483424657536
서울특별시,중구,광희동,서울특별시 중구 광희동,11140590,02,11251.18391780822
서울특별시,중구,광희동,서울특별시 중구 광희동,11140590,03,10880.30104109589
서울특별시,중구,광희동,서울특별시 중구 광희동,11140590,04,10645.467095890412
서울특별시,중구,광희동,서울특별시 중구 광희동,11140590,05,10380.27202739726
서울특별시,중구,광희동,서울특별시 중구 광희동,11140590,06,11013.536547945205
서울특별시,중구,광희동,서울특별시 중구 광희동,11140590,07,13244.217123287672
서울특별시,중구,광희동,서울특별시 중구 광희동,11140590,08,18895.10594520548
서울특별시,중구,광희동,서울특별시 중구 광희동,11140590,09,26023.95378082192
서울특별시,중구,광희동,서울특별시 중구 광희동,11140590,10,30334.500164383564
서울특별시,중구,광희동,서울특별시 중구 광희동,11140590,11,33714.47106849315
서울특별시,중구,광희동,서울특별시 중구 광희동,11140590,12,36100.48446575343
서울특별시,중구,광희동,서울특별시 중구 광희동,11140590,13,37870.811863013696
서울특별시,중구,광희동,서울특별시 중구 광희동,11140590,14,38842.07079452055
서울특별시,중구,광희동,서울특별시 중구 광희동,11140590,15,38646.373780821916
서울특별시,중구,광희동,서울특별시 중구 광희동,11140590,16,37153.48410958904
서울특별시,중구,광희동,서울특별시 중구 광희동,11140590,17,34673.5855890411
서울특별시,중구,광희동,서울특별시 중구 광희동,11140590,18,30192.210465753426
서울특별시,중구,광희동,서울특별시 중구 광희동,11140590,19,24229.86591780822
서울특별시,중구,광희동,서울특별시 중구 광희동,11140590,20,20885.081342465754
서울특별시,중구,광희동,서울특별시 중구 광희동,11140590,21,18335.43591780822
서울특별시,중구,광희동,서울특별시 중구 광희동,11140590,22,16111.661041095891
서울특별시,중구,광희동,서울특별시 중구 광희동,11140590,23,14515.40005479452
서울특별시,중구,다산동,서울특별시 중구 다산동,11140625,00,13630.202164383561
서울특별시,중구,다산동,서울특별시 중구 다산동,11140625,01,13685.075534246576
서울특별시,중구,다산동,서울특별시 중구 다산동,11140625,02,13714.040301369863
서울특별시,중구,다산동,서울특별시 중구 다산동,11140625,03,13718.664630136986
서울특별시,중구,다산동,서울특별시 중구 다산동,11140625,04,13714.827643835615
서울특별시,중구,다산동,서울특별시 중구 다산동,11140625,05,13709.65504109589
서울특별시,중구,다산동,서울특별시 중구 다산동,11140625,06,13642.468109589043
서울특별시,중구,다산동,서울특별시 중구 다산동,11140625,07,13771.48991780822
서울특별시,중구,다산동,서울특별시 중구 다산동,11140625,08,14453.817835616437
서울특별시,중구,다산동,서울특별시 중구 다산동,11140625,09,15372.047863013699
서울특별시,중구,다산동,서울특별시 중구 다산동,11140625,10,15604.71391780822
서울특별시,중구,다산동,서울특별시 중구 다산동,11140625,11,15589.523726027397
서울특별시,중구,다산동,서울특별시 중구 다산동,11140625,12,15334.826356164383
서울특별시,중구,다산동,서울특별시 중구 다산동,11140625,13,15393.227534246575
서울특별시,중구,다산동,서울특별시 중구 다산동,11140625,14,15308.07408219178
서울특별시,중구,다산동,서울특별시 중구 다산동,11140625,15,15198.239095890409
서울특별시,중구,다산동,서울특별시 중구 다산동,11140625,16,15000.317424657535
서울특별시,중구,다산동,서울특별시 중구 다산동,11140625,17,14790.40416438356
서울특별시,중구,다산동,서울특별시 중구 다산동,11140625,18,14563.77797260274
서울특별시,중구,다산동,서울특별시 중구 다산동,11140625,19,14104.711342465753
서울특별시,중구,다산동,서울특별시 중구 다산동,11140625,20,13828.93098630137
서울특별시,중구,다산동,서울특별시 중구 다산동,11140625,21,13841.298520547945
서울특별시,중구,다산동,서울특별시 중구 다산동,11140625,22,13880.400273972602
서울특별시,중구,다산동,서울특별시 중구 다산동,11140625,23,13879.84202739726
서울특별시,중구,동화동,서울특별시 중구 동화동,11140665,00,14715.846082191782
서울특별시,중구,동화동,서울특별시 중구 동화동,11140665,01,14844.083561643836
서울특별시,중구,동화동,서울특별시 중구 동화동,11140665,02,14890.53909589041
서울특별시,중구,동화동,서울특별시 중구 동화동,11140665,03,14916.013917808219
서울특별시,중구,동화동,서울특별시 중구 동화동,11140665,04,14923.926246575342
서울특별시,중구,동화동,서울특별시 중구 동화동,11140665,05,14902.671726027396
서울특별시,중구,동화동,서울특별시 중구 동화동,11140665,06,14849.327232876714
서울특별시,중구,동화동,서울특별시 중구 동화동,11140665,07,14662.067643835617
서울특별시,중구,동화동,서울특별시 중구 동화동,11140665,08,14326.828027397261
서울특별시,중구,동화동,서울특별시 중구 동화동,11140665,09,14159.805095890411
서울특별시,중구,동화동,서울특별시 중구 동화동,11140665,10,13884.358301369864
서울특별시,중구,동화동,서울특별시 중구 동화동,11140665,11,13689.448794520547
서울특별시,중구,동화동,서울특별시 중구 동화동,11140665,12,13556.674547945206
서울특별시,중구,동화동,서울특별시 중구 동화동,11140665,13,13534.200410958905
서울특별시,중구,동화동,서울특별시 중구 동화동,11140665,14,13490.163835616439
서울특별시,중구,동화동,서울특별시 중구 동화동,11140665,15,13559.0701369863
서울특별시,중구,동화동,서울특별시 중구 동화동,11140665,16,13690.796246575343
서울특별시,중구,동화동,서울특별시 중구 동화동,11140665,17,13869.733479452054
서울특별시,중구,동화동,서울특별시 중구 동화동,11140665,18,14100.382849315069
서울특별시,중구,동화동,서울특별시 중구 동화동,11140665,19,14212.76408219178
서울특별시,중구,동화동,서울특별시 중구 동화동,11140665,20,14148.019205479452
서울특별시,중구,동화동,서울특별시 중구 동화동,11140665,21,14259.04306849315
서울특별시,중구,동화동,서울특별시 중구 동화동,11140665,22,14512.78405479452
서울특별시,중구,동화동,서울특별시 중구 동화동,11140665,23,14619.396136986301
서울특별시,중구,명동,서울특별시 중구 명동,11140550,00,8915.597616438356
서울특별시,중구,명동,서울특별시 중구 명동,11140550,01,8504.461397260275
서울특별시,중구,명동,서울특별시 중구 명동,11140550,02,8159.748273972603
서울특별시,중구,명동,서울특별시 중구 명동,11140550,03,8020.046438356165
서울특별시,중구,명동,서울특별시 중구 명동,11140550,04,8041.259589041096
서울특별시,중구,명동,서울특별시 중구 명동,11140550,05,8774.03312328767
서울특별시,중구,명동,서울특별시 중구 명동,11140550,06,11225.879315068494
서울특별시,중구,명동,서울특별시 중구 명동,11140550,07,18933.935534246575
서울특별시,중구,명동,서울특별시 중구 명동,11140550,08,38811.25715068493
서울특별시,중구,명동,서울특별시 중구 명동,11140550,09,62715.70780821918
서울특별시,중구,명동,서울특별시 중구 명동,11140550,10,74078.5821369863
서울특별시,중구,명동,서울특별시 중구 명동,11140550,11,81178.81572602739
서울특별시,중구,명동,서울특별시 중구 명동,11140550,12,87274.61054794521
서울특별시,중구,명동,서울특별시 중구 명동,11140550,13,92340.24742465754
서울특별시,중구,명동,서울특별시 중구 명동,11140550,14,93873.6575890411
서울특별시,중구,명동,서울특별시 중구 명동,11140550,15,92587.84172602739
서울특별시,중구,명동,서울특별시 중구 명동,11140550,16,88646.91643835616
서울특별시,중구,명동,서울특별시 중구 명동,11140550,17,82384.44728767124
서울특별시,중구,명동,서울특별시 중구 명동,11140550,18,70469.52082191782
서울특별시,중구,명동,서울특별시 중구 명동,11140550,19,51306.29671232877
서울특별시,중구,명동,서울특별시 중구 명동,11140550,20,38171.72961643836
서울특별시,중구,명동,서울특별시 중구 명동,11140550,21,28038.729342465755
서울특별시,중구,명동,서울특별시 중구 명동,11140550,22,19530.30794520548
서울특별시,중구,명동,서울특별시 중구 명동,11140550,23,13713.97693150685
서울특별시,중구,소공동,서울특별시 중구 소공동,11140520,00,6785.1949041095895
서울특별시,중구,소공동,서울특별시 중구 소공동,11140520,01,6514.630876712329
서울특별시,중구,소공동,서울특별시 중구 소공동,11140520,02,6268.946986301369
서울특별시,중구,소공동,서울특별시 중구 소공동,11140520,03,6155.280109589042
서울특별시,중구,소공동,서울특별시 중구 소공동,11140520,04,6220.028876712329
서울특별시,중구,소공동,서울특별시 중구 소공동,11140520,05,6998.60397260274
서울특별시,중구,소공동,서울특별시 중구 소공동,11140520,06,9003.222164383562
서울특별시,중구,소공동,서울특별시 중구 소공동,11140520,07,14469.877041095891
서울특별시,중구,소공동,서울특별시 중구 소공동,11140520,08,30714.93501369863
서울특별시,중구,소공동,서울특별시 중구 소공동,11140520,09,50873.21378082192
서울특별시,중구,소공동,서울특별시 중구 소공동,11140520,10,58195.9958630137
서울특별시,중구,소공동,서울특별시 중구 소공동,11140520,11,62553.30287671233
서울특별시,중구,소공동,서울특별시 중구 소공동,11140520,12,65531.82531506849
서울특별시,중구,소공동,서울특별시 중구 소공동,11140520,13,68513.7738630137
서울특별시,중구,소공동,서울특별시 중구 소공동,11140520,14,69717.93739726028
서울특별시,중구,소공동,서울특별시 중구 소공동,11140520,15,68599.136
서울특별시,중구,소공동,서울특별시 중구 소공동,11140520,16,65363.521643835615
서울특별시,중구,소공동,서울특별시 중구 소공동,11140520,17,60022.20690410959
서울특별시,중구,소공동,서울특별시 중구 소공동,11140520,18,50323.009452054794
서울특별시,중구,소공동,서울특별시 중구 소공동,11140520,19,34016.663452054796
서울특별시,중구,소공동,서울특별시 중구 소공동,11140520,20,24587.051287671235
서울특별시,중구,소공동,서울특별시 중구 소공동,11140520,21,18391.846082191783
서울특별시,중구,소공동,서울특별시 중구 소공동,11140520,22,12972.162630136987
서울특별시,중구,소공동,서울특별시 중구 소공동,11140520,23,9530.235835616439
서울특별시,중구,신당5동,서울특별시 중구 신당5동,11140650,00,10799.802465753424
서울특별시,중구,신당5동,서울특별시 중구 신당5동,11140650,01,10788.014027397261
서울특별시,중구,신당5동,서울특별시 중구 신당5동,11140650,02,10748.62893150685
서울특별시,중구,신당5동,서울특별시 중구 신당5동,11140650,03,10710.55490410959
서울특별시,중구,신당5동,서울특별시 중구 신당5동,11140650,04,10687.081068493151
서울특별시,중구,신당5동,서울특별시 중구 신당5동,11140650,05,10674.460328767123
서울특별시,중구,신당5동,서울특별시 중구 신당5동,11140650,06,10595.003205479452
서울특별시,중구,신당5동,서울특별시 중구 신당5동,11140650,07,10525.628849315068
서울특별시,중구,신당5동,서울특별시 중구 신당5동,11140650,08,10400.289780821919
서울특별시,중구,신당5동,서울특별시 중구 신당5동,11140650,09,10093.671808219178
서울특별시,중구,신당5동,서울특별시 중구 신당5동,11140650,10,9968.208684931507
서울특별시,중구,신당5동,서울특별시 중구 신당5동,11140650,11,9992.06906849315
서울특별시,중구,신당5동,서울특별시 중구 신당5동,11140650,12,10149.927150684933
서울특별시,중구,신당5동,서울특별시 중구 신당5동,11140650,13,10024.678328767122
서울특별시,중구,신당5동,서울특별시 중구 신당5동,11140650,14,9975.9178630137
서울특별시,중구,신당5동,서울특별시 중구 신당5동,11140650,15,10000.513369863012
서울특별시,중구,신당5동,서울특별시 중구 신당5동,11140650,16,10150.353643835617
서울특별시,중구,신당5동,서울특별시 중구 신당5동,11140650,17,10503.254547945206
서울특별시,중구,신당5동,서울특별시 중구 신당5동,11140650,18,11041.595452054795
서울특별시,중구,신당5동,서울특별시 중구 신당5동,11140650,19,11475.555808219178
서울특별시,중구,신당5동,서울특별시 중구 신당5동,11140650,20,11454.817506849315
서울특별시,중구,신당5동,서울특별시 중구 신당5동,11140650,21,11369.751890410958
서울특별시,중구,신당5동,서울특별시 중구 신당5동,11140650,22,11226.599671232876
서울특별시,중구,신당5동,서울특별시 중구 신당5동,11140650,23,10977.410657534247
서울특별시,중구,신당동,서울특별시 중구 신당동,11140615,00,15424.800904109588
서울특별시,중구,신당동,서울특별시 중구 신당동,11140615,01,15147.2298630137
서울특별시,중구,신당동,서울특별시 중구 신당동,11140615,02,14583.106219178084
서울특별시,중구,신당동,서울특별시 중구 신당동,11140615,03,13837.885671232876
서울특별시,중구,신당동,서울특별시 중구 신당동,11140615,04,12993.023698630139
서울특별시,중구,신당동,서울특별시 중구 신당동,11140615,05,11774.03
서울특별시,중구,신당동,서울특별시 중구 신당동,11140615,06,11386.394383561645
서울특별시,중구,신당동,서울특별시 중구 신당동,11140615,07,11955.222767123287
서울특별시,중구,신당동,서울특별시 중구 신당동,11140615,08,13809.512712328766
서울특별시,중구,신당동,서울특별시 중구 신당동,11140615,09,16632.674794520546
서울특별시,중구,신당동,서울특별시 중구 신당동,11140615,10,18220.81082191781
서울특별시,중구,신당동,서울특별시 중구 신당동,11140615,11,19032.08126027397
서울특별시,중구,신당동,서울특별시 중구 신당동,11140615,12,19000.67578082192
서울특별시,중구,신당동,서울특별시 중구 신당동,11140615,13,18797.328383561646
서울특별시,중구,신당동,서울특별시 중구 신당동,11140615,14,18789.25863013699
서울특별시,중구,신당동,서울특별시 중구 신당동,11140615,15,18492.49895890411
서울특별시,중구,신당동,서울특별시 중구 신당동,11140615,16,17660.1701369863
서울특별시,중구,신당동,서울특별시 중구 신당동,11140615,17,16635.78893150685
서울특별시,중구,신당동,서울특별시 중구 신당동,11140615,18,15861.758657534247
서울특별시,중구,신당동,서울특별시 중구 신당동,11140615,19,15347.89093150685
서울특별시,중구,신당동,서울특별시 중구 신당동,11140615,20,16448.860246575343
서울특별시,중구,신당동,서울특별시 중구 신당동,11140615,21,16511.009534246576
서울특별시,중구,신당동,서울특별시 중구 신당동,11140615,22,16231.64794520548
서울특별시,중구,신당동,서울특별시 중구 신당동,11140615,23,15830.08693150685
서울특별시,중구,약수동,서울특별시 중구 약수동,11140635,00,16518.88580821918
서울특별시,중구,약수동,서울특별시 중구 약수동,11140635,01,16489.769342465752
서울특별시,중구,약수동,서울특별시 중구 약수동,11140635,02,16465.10410958904
서울특별시,중구,약수동,서울특별시 중구 약수동,11140635,03,16457.273479452055
서울특별시,중구,약수동,서울특별시 중구 약수동,11140635,04,16450.00526027397
서울특별시,중구,약수동,서울특별시 중구 약수동,11140635,05,16404.816273972603
서울특별시,중구,약수동,서울특별시 중구 약수동,11140635,06,16369.401479452055
서울특별시,중구,약수동,서울특별시 중구 약수동,11140635,07,16175.209095890412
서울특별시,중구,약수동,서울특별시 중구 약수동,11140635,08,15532.813260273972
서울특별시,중구,약수동,서울특별시 중구 약수동,11140635,09,15000.748136986302
서울특별시,중구,약수동,서울특별시 중구 약수동,11140635,10,14706.01805479452
서울특별시,중구,약수동,서울특별시 중구 약수동,11140635,11,14694.268493150685
서울특별시,중구,약수동,서울특별시 중구 약수동,11140635,12,14901.345205479452
서울특별시,중구,약수동,서울특별시 중구 약수동,11140635,13,14676.238794520548
서울특별시,중구,약수동,서울특별시 중구 약수동,11140635,14,14553.954219178082
서울특별시,중구,약수동,서울특별시 중구 약수동,11140635,15,14585.713589041095
서울특별시,중구,약수동,서울특별시 중구 약수동,11140635,16,14785.566575342466
서울특별시,중구,약수동,서울특별시 중구 약수동,11140635,17,15202.187917808218
서울특별시,중구,약수동,서울특별시 중구 약수동,11140635,18,15881.036465753423
서울특별시,중구,약수동,서울특별시 중구 약수동,11140635,19,16315.148465753426
서울특별시,중구,약수동,서울특별시 중구 약수동,11140635,20,16410.94810958904
서울특별시,중구,약수동,서울특별시 중구 약수동,11140635,21,16515.616273972602
서울특별시,중구,약수동,서울특별시 중구 약수동,11140635,22,16664.26115068493
서울특별시,중구,약수동,서울특별시 중구 약수동,11140635,23,16657.42098630137
서울특별시,중구,을지로동,서울특별시 중구 을지로동,11140605,00,5876.121999999999
서울특별시,중구,을지로동,서울특별시 중구 을지로동,11140605,01,5429.730465753425
서울특별시,중구,을지로동,서울특별시 중구 을지로동,11140605,02,5044.307013698631
서울특별시,중구,을지로동,서울특별시 중구 을지로동,11140605,03,4834.247863013698
서울특별시,중구,을지로동,서울특별시 중구 을지로동,11140605,04,4792.557123287672
서울특별시,중구,을지로동,서울특별시 중구 을지로동,11140605,05,5030.95101369863
서울특별시,중구,을지로동,서울특별시 중구 을지로동,11140605,06,6054.239698630137
서울특별시,중구,을지로동,서울특별시 중구 을지로동,11140605,07,8517.98706849315
서울특별시,중구,을지로동,서울특별시 중구 을지로동,11140605,08,14958.12498630137
서울특별시,중구,을지로동,서울특별시 중구 을지로동,11140605,09,22470.110849315068
서울특별시,중구,을지로동,서울특별시 중구 을지로동,11140605,10,26082.906958904106
서울특별시,중구,을지로동,서울특별시 중구 을지로동,11140605,11,28448.552493150684
서울특별시,중구,을지로동,서울특별시 중구 을지로동,11140605,12,29638.150986301367
서울특별시,중구,을지로동,서울특별시 중구 을지로동,11140605,13,30590.61183561644
서울특별시,중구,을지로동,서울특별시 중구 을지로동,11140605,14,30999.339479452054
서울특별시,중구,을지로동,서울특별시 중구 을지로동,11140605,15,30742.63501369863
서울특별시,중구,을지로동,서울특별시 중구 을지로동,11140605,16,29859.906
서울특별시,중구,을지로동,서울특별시 중구 을지로동,11140605,17,28603.8455890411
서울특별시,중구,을지로동,서울특별시 중구 을지로동,11140605,18,25920.043041095887
서울특별시,중구,을지로동,서울특별시 중구 을지로동,11140605,19,20525.983260273973
서울특별시,중구,을지로동,서울특별시 중구 을지로동,11140605,20,16958.58068493151
서울특별시,중구,을지로동,서울특별시 중구 을지로동,11140605,21,14293.312958904111
서울특별시,중구,을지로동,서울특별시 중구 을지로동,11140605,22,11468.56197260274
서울특별시,중구,을지로동,서울특별시 중구 을지로동,11140605,23,8932.970958904109
서울특별시,중구,장충동,서울특별시 중구 장충동,11140580,00,6378.9578904109585
서울특별시,중구,장충동,서울특별시 중구 장충동,11140580,01,6355.915315068492
서울특별시,중구,장충동,서울특별시 중구 장충동,11140580,02,6337.884493150685
서울특별시,중구,장충동,서울특별시 중구 장충동,11140580,03,6326.826849315068
서울특별시,중구,장충동,서울특별시 중구 장충동,11140580,04,6354.039479452055
서울특별시,중구,장충동,서울특별시 중구 장충동,11140580,05,6503.205671232876
서울특별시,중구,장충동,서울특별시 중구 장충동,11140580,06,7004.632438356164
서울특별시,중구,장충동,서울특별시 중구 장충동,11140580,07,8089.237945205479
서울특별시,중구,장충동,서울특별시 중구 장충동,11140580,08,10441.35501369863
서울특별시,중구,장충동,서울특별시 중구 장충동,11140580,09,13247.949068493152
서울특별시,중구,장충동,서울특별시 중구 장충동,11140580,10,14863.973561643834
서울특별시,중구,장충동,서울특별시 중구 장충동,11140580,11,15919.363095890412
서울특별시,중구,장충동,서울특별시 중구 장충동,11140580,12,16926.880136986303
서울특별시,중구,장충동,서울특별시 중구 장충동,11140580,13,17598.71794520548
서울특별시,중구,장충동,서울특별시 중구 장충동,11140580,14,17945.43010958904
서울특별시,중구,장충동,서울특별시 중구 장충동,11140580,15,17630.656767123288
서울특별시,중구,장충동,서울특별시 중구 장충동,11140580,16,16966.63016438356
서울특별시,중구,장충동,서울특별시 중구 장충동,11140580,17,16153.126712328767
서울특별시,중구,장충동,서울특별시 중구 장충동,11140580,18,14491.374328767122
서울특별시,중구,장충동,서울특별시 중구 장충동,11140580,19,12345.033506849313
서울특별시,중구,장충동,서울특별시 중구 장충동,11140580,20,10839.015671232877
서울특별시,중구,장충동,서울특별시 중구 장충동,11140580,21,9393.485643835616
서울특별시,중구,장충동,서울특별시 중구 장충동,11140580,22,7951.557561643836
서울특별시,중구,장충동,서울특별시 중구 장충동,11140580,23,6936.9122191780825
서울특별시,중구,중림동,서울특별시 중구 중림동,11140680,00,12231.676000000001
서울특별시,중구,중림동,서울특별시 중구 중림동,11140680,01,12215.169205479451
서울특별시,중구,중림동,서울특별시 중구 중림동,11140680,02,12195.08019178082
서울특별시,중구,중림동,서울특별시 중구 중림동,11140680,03,12196.251123287671
서울특별시,중구,중림동,서울특별시 중구 중림동,11140680,04,12226.79202739726
서울특별시,중구,중림동,서울특별시 중구 중림동,11140680,05,12269.983643835618
서울특별시,중구,중림동,서울특별시 중구 중림동,11140680,06,12359.71202739726
서울특별시,중구,중림동,서울특별시 중구 중림동,11140680,07,12590.623205479451
서울특별시,중구,중림동,서울특별시 중구 중림동,11140680,08,13284.27383561644
서울특별시,중구,중림동,서울특별시 중구 중림동,11140680,09,13959.204246575342
서울특별시,중구,중림동,서울특별시 중구 중림동,11140680,10,14143.915698630139
서울특별시,중구,중림동,서울특별시 중구 중림동,11140680,11,14326.120273972603
서울특별시,중구,중림동,서울특별시 중구 중림동,11140680,12,14477.433643835617
서울특별시,중구,중림동,서울특별시 중구 중림동,11140680,13,14410.902356164384
서울특별시,중구,중림동,서울특별시 중구 중림동,11140680,14,14388.116767123289
서울특별시,중구,중림동,서울특별시 중구 중림동,11140680,15,14338.270657534247
서울특별시,중구,중림동,서울특별시 중구 중림동,11140680,16,14269.885150684931
서울특별시,중구,중림동,서울특별시 중구 중림동,11140680,17,14178.396191780823
서울특별시,중구,중림동,서울특별시 중구 중림동,11140680,18,14002.454356164382
서울특별시,중구,중림동,서울특별시 중구 중림동,11140680,19,13400.582191780823
서울특별시,중구,중림동,서울특별시 중구 중림동,11140680,20,13094.924383561645
서울특별시,중구,중림동,서울특별시 중구 중림동,11140680,21,12949.630876712328
서울특별시,중구,중림동,서울특별시 중구 중림동,11140680,22,12753.865698630138
서울특별시,중구,중림동,서울특별시 중구 중림동,11140680,23,12545.147452054794
서울특별시,중구,청구동,서울특별시 중구 청구동,11140645,00,6666.692356164383
서울특별시,중구,청구동,서울특별시 중구 청구동,11140645,01,6928.83906849315
서울특별시,중구,청구동,서울특별시 중구 청구동,11140645,02,6999.560301369863
서울특별시,중구,청구동,서울특별시 중구 청구동,11140645,03,7020.006602739726
서울특별시,중구,청구동,서울특별시 중구 청구동,11140645,04,7015.894410958904
서울특별시,중구,청구동,서울특별시 중구 청구동,11140645,05,7058.592191780822
서울특별시,중구,청구동,서울특별시 중구 청구동,11140645,06,6839.66701369863
서울특별시,중구,청구동,서울특별시 중구 청구동,11140645,07,6649.15197260274
서울특별시,중구,청구동,서울특별시 중구 청구동,11140645,08,6616.187643835617
서울특별시,중구,청구동,서울특별시 중구 청구동,11140645,09,6704.035808219178
서울특별시,중구,청구동,서울특별시 중구 청구동,11140645,10,6722.847561643835
서울특별시,중구,청구동,서울특별시 중구 청구동,11140645,11,6773.6221917808225
서울특별시,중구,청구동,서울특별시 중구 청구동,11140645,12,6866.262246575343
서울특별시,중구,청구동,서울특별시 중구 청구동,11140645,13,6809.979753424657
서울특별시,중구,청구동,서울특별시 중구 청구동,11140645,14,6714.664849315068
서울특별시,중구,청구동,서울특별시 중구 청구동,11140645,15,6636.433698630137
서울특별시,중구,청구동,서울특별시 중구 청구동,11140645,16,6667.063232876712
서울특별시,중구,청구동,서울특별시 중구 청구동,11140645,17,6711.286273972603
서울특별시,중구,청구동,서울특별시 중구 청구동,11140645,18,6802.450739726028
서울특별시,중구,청구동,서울특별시 중구 청구동,11140645,19,6801.383780821918
서울특별시,중구,청구동,서울특별시 중구 청구동,11140645,20,6690.277397260274
서울특별시,중구,청구동,서울특별시 중구 청구동,11140645,21,6669.183863013698
서울특별시,중구,청구동,서울특별시 중구 청구동,11140645,22,6621.0682465753425
서울특별시,중구,청구동,서울특별시 중구 청구동,11140645,23,6550.880684931507
서울특별시,중구,필동,서울특별시 중구 필동,11140570,00,6821.762191780823
서울특별시,중구,필동,서울특별시 중구 필동,11140570,01,6579.037780821918
서울특별시,중구,필동,서울특별시 중구 필동,11140570,02,6336.033534246576
서울특별시,중구,필동,서울특별시 중구 필동,11140570,03,6134.925397260274
서울특별시,중구,필동,서울특별시 중구 필동,11140570,04,5992.433863013698
서울특별시,중구,필동,서울특별시 중구 필동,11140570,05,6050.769589041096
서울특별시,중구,필동,서울특별시 중구 필동,11140570,06,6577.381808219177
서울특별시,중구,필동,서울특별시 중구 필동,11140570,07,7958.658328767124
서울특별시,중구,필동,서울특별시 중구 필동,11140570,08,12023.005616438355
서울특별시,중구,필동,서울특별시 중구 필동,11140570,09,18489.59191780822
서울특별시,중구,필동,서울특별시 중구 필동,11140570,10,22313.159452054795
서울특별시,중구,필동,서울특별시 중구 필동,11140570,11,25044.12904109589
서울특별시,중구,필동,서울특별시 중구 필동,11140570,12,26868.628602739725
서울특별시,중구,필동,서울특별시 중구 필동,11140570,13,27403.23002739726
서울특별시,중구,필동,서울특별시 중구 필동,11140570,14,27612.7981369863
서울특별시,중구,필동,서울특별시 중구 필동,11140570,15,27227.03665753425
서울특별시,중구,필동,서울특별시 중구 필동,11140570,16,26120.736
서울특별시,중구,필동,서울특별시 중구 필동,11140570,17,24585.732136986302
서울특별시,중구,필동,서울특별시 중구 필동,11140570,18,21976.02602739726
서울특별시,중구,필동,서울특별시 중구 필동,11140570,19,17675.00306849315
서울특별시,중구,필동,서울특별시 중구 필동,11140570,20,15041.678684931507
서울특별시,중구,필동,서울특별시 중구 필동,11140570,21,12780.750876712329
서울특별시,중구,필동,서울특별시 중구 필동,11140570,22,10481.563945205478
서울특별시,중구,필동,서울특별시 중구 필동,11140570,23,8687.648712328766
서울특별시,중구,황학동,서울특별시 중구 황학동,11140670,00,13304.102191780821
서울특별시,중구,황학동,서울특별시 중구 황학동,11140670,01,13363.811369863015
서울특별시,중구,황학동,서울특별시 중구 황학동,11140670,02,13455.90989041096
서울특별시,중구,황학동,서울특별시 중구 황학동,11140670,03,13513.133150684931
서울특별시,중구,황학동,서울특별시 중구 황학동,11140670,04,13592.898630136986
서울특별시,중구,황학동,서울특별시 중구 황학동,11140670,05,13716.86312328767
서울특별시,중구,황학동,서울특별시 중구 황학동,11140670,06,13663.259150684931
서울특별시,중구,황학동,서울특별시 중구 황학동,11140670,07,13593.110712328767
서울특별시,중구,황학동,서울특별시 중구 황학동,11140670,08,13278.793315068491
서울특별시,중구,황학동,서울특별시 중구 황학동,11140670,09,12604.038684931507
서울특별시,중구,황학동,서울특별시 중구 황학동,11140670,10,12373.606520547944
서울특별시,중구,황학동,서울특별시 중구 황학동,11140670,11,12363.271945205479
서울특별시,중구,황학동,서울특별시 중구 황학동,11140670,12,12464.845041095892
서울특별시,중구,황학동,서울특별시 중구 황학동,11140670,13,12496.042739726026
서울특별시,중구,황학동,서울특별시 중구 황학동,11140670,14,12504.20293150685
서울특별시,중구,황학동,서울특별시 중구 황학동,11140670,15,12512.413205479454
서울특별시,중구,황학동,서울특별시 중구 황학동,11140670,16,12509.373260273973
서울특별시,중구,황학동,서울특별시 중구 황학동,11140670,17,12554.516520547946
서울특별시,중구,황학동,서울특별시 중구 황학동,11140670,18,12721.266575342464
서울특별시,중구,황학동,서울특별시 중구 황학동,11140670,19,12975.426273972602
서울특별시,중구,황학동,서울특별시 중구 황학동,11140670,20,13120.084356164383
서울특별시,중구,황학동,서울특별시 중구 황학동,11140670,21,13259.847342465755
서울특별시,중구,황학동,서울특별시 중구 황학동,11140670,22,13372.441342465752
서울특별시,중구,황학동,서울특별시 중구 황학동,11140670,23,13338.98180821918
서울특별시,중구,회현동,서울특별시 중구 회현동,11140540,00,8388.017342465753
서울특별시,중구,회현동,서울특별시 중구 회현동,11140540,01,8192.368191780823
서울특별시,중구,회현동,서울특별시 중구 회현동,11140540,02,7985.561671232877
서울특별시,중구,회현동,서울특별시 중구 회현동,11140540,03,7845.815863013699
서울특별시,중구,회현동,서울특별시 중구 회현동,11140540,04,7864.475835616438
서울특별시,중구,회현동,서울특별시 중구 회현동,11140540,05,8589.522383561643
서울특별시,중구,회현동,서울특별시 중구 회현동,11140540,06,10494.881150684932
서울특별시,중구,회현동,서울특별시 중구 회현동,11140540,07,14946.994739726028
서울특별시,중구,회현동,서울특별시 중구 회현동,11140540,08,26551.62479452055
서울특별시,중구,회현동,서울특별시 중구 회현동,11140540,09,41999.807232876716
서울특별시,중구,회현동,서울특별시 중구 회현동,11140540,10,50782.419397260266
서울특별시,중구,회현동,서울특별시 중구 회현동,11140540,11,57006.924602739724
서울특별시,중구,회현동,서울특별시 중구 회현동,11140540,12,61399.09315068493
서울특별시,중구,회현동,서울특별시 중구 회현동,11140540,13,64911.37139726027
서울특별시,중구,회현동,서울특별시 중구 회현동,11140540,14,65898.13323287672
서울특별시,중구,회현동,서울특별시 중구 회현동,11140540,15,64756.47961643835
서울특별시,중구,회현동,서울특별시 중구 회현동,11140540,16,61093.67947945206
서울특별시,중구,회현동,서울특별시 중구 회현동,11140540,17,54758.68860273973
서울특별시,중구,회현동,서울특별시 중구 회현동,11140540,18,44054.26197260274
서울특별시,중구,회현동,서울특별시 중구 회현동,11140540,19,30854.491863013696
서울특별시,중구,회현동,서울특별시 중구 회현동,11140540,20,22273.91071232877
서울특별시,중구,회현동,서울특별시 중구 회현동,11140540,21,16855.33893150685
서울특별시,중구,회현동,서울특별시 중구 회현동,11140540,22,13224.874657534247
서울특별시,중구,회현동,서울특별시 중구 회현동,11140540,23,10977.613698630137
서울특별시,중랑구,망우3동,서울특별시 중랑구 망우3동,11260660,00,12591.030712328768
서울특별시,중랑구,망우3동,서울특별시 중랑구 망우3동,11260660,01,12823.084794520548
서울특별시,중랑구,망우3동,서울특별시 중랑구 망우3동,11260660,02,12931.976849315068
서울특별시,중랑구,망우3동,서울특별시 중랑구 망우3동,11260660,03,12996.962493150684
서울특별시,중랑구,망우3동,서울특별시 중랑구 망우3동,11260660,04,12999.553123287671
서울특별시,중랑구,망우3동,서울특별시 중랑구 망우3동,11260660,05,12872.832356164383
서울특별시,중랑구,망우3동,서울특별시 중랑구 망우3동,11260660,06,12632.853945205481
서울특별시,중랑구,망우3동,서울특별시 중랑구 망우3동,11260660,07,12306.016575342464
서울특별시,중랑구,망우3동,서울특별시 중랑구 망우3동,11260660,08,12143.740712328768
서울특별시,중랑구,망우3동,서울특별시 중랑구 망우3동,11260660,09,11775.368547945205
서울특별시,중랑구,망우3동,서울특별시 중랑구 망우3동,11260660,10,11377.348356164382
서울특별시,중랑구,망우3동,서울특별시 중랑구 망우3동,11260660,11,11172.52389041096
서울특별시,중랑구,망우3동,서울특별시 중랑구 망우3동,11260660,12,11098.8241369863
서울특별시,중랑구,망우3동,서울특별시 중랑구 망우3동,11260660,13,11029.831452054794
서울특별시,중랑구,망우3동,서울특별시 중랑구 망우3동,11260660,14,10916.451726027397
서울특별시,중랑구,망우3동,서울특별시 중랑구 망우3동,11260660,15,10878.60095890411
서울특별시,중랑구,망우3동,서울특별시 중랑구 망우3동,11260660,16,10922.982876712329
서울특별시,중랑구,망우3동,서울특별시 중랑구 망우3동,11260660,17,11074.02512328767
서울특별시,중랑구,망우3동,서울특별시 중랑구 망우3동,11260660,18,11282.376684931507
서울특별시,중랑구,망우3동,서울특별시 중랑구 망우3동,11260660,19,11502.25797260274
서울특별시,중랑구,망우3동,서울특별시 중랑구 망우3동,11260660,20,11677.79693150685
서울특별시,중랑구,망우3동,서울특별시 중랑구 망우3동,11260660,21,11913.745534246576
서울특별시,중랑구,망우3동,서울특별시 중랑구 망우3동,11260660,22,12148.021232876712
서울특별시,중랑구,망우3동,서울특별시 중랑구 망우3동,11260660,23,12288.64098630137
서울특별시,중랑구,망우본동,서울특별시 중랑구 망우본동,11260655,00,43443.913643835614
서울특별시,중랑구,망우본동,서울특별시 중랑구 망우본동,11260655,01,43538.6942739726
서울특별시,중랑구,망우본동,서울특별시 중랑구 망우본동,11260655,02,43529.108191780826
서울특별시,중랑구,망우본동,서울특별시 중랑구 망우본동,11260655,03,43509.498
서울특별시,중랑구,망우본동,서울특별시 중랑구 망우본동,11260655,04,43461.34057534247
서울특별시,중랑구,망우본동,서울특별시 중랑구 망우본동,11260655,05,43354.339561643836
서울특별시,중랑구,망우본동,서울특별시 중랑구 망우본동,11260655,06,43444.310547945206
서울특별시,중랑구,망우본동,서울특별시 중랑구 망우본동,11260655,07,43536.36679452055
서울특별시,중랑구,망우본동,서울특별시 중랑구 망우본동,11260655,08,43806.54816438356
서울특별시,중랑구,망우본동,서울특별시 중랑구 망우본동,11260655,09,42754.413315068494
서울특별시,중랑구,망우본동,서울특별시 중랑구 망우본동,11260655,10,42203.37063013698
서울특별시,중랑구,망우본동,서울특별시 중랑구 망우본동,11260655,11,42018.19038356165
서울특별시,중랑구,망우본동,서울특별시 중랑구 망우본동,11260655,12,41750.17273972603
서울특별시,중랑구,망우본동,서울특별시 중랑구 망우본동,11260655,13,41298.9994520548
서울특별시,중랑구,망우본동,서울특별시 중랑구 망우본동,11260655,14,40990.94402739726
서울특별시,중랑구,망우본동,서울특별시 중랑구 망우본동,11260655,15,40714.663561643836
서울특별시,중랑구,망우본동,서울특별시 중랑구 망우본동,11260655,16,40356.11482191781
서울특별시,중랑구,망우본동,서울특별시 중랑구 망우본동,11260655,17,40274.76194520548
서울특별시,중랑구,망우본동,서울특별시 중랑구 망우본동,11260655,18,40714.14147945205
서울특별시,중랑구,망우본동,서울특별시 중랑구 망우본동,11260655,19,41546.03602739726
서울특별시,중랑구,망우본동,서울특별시 중랑구 망우본동,11260655,20,41979.69835616439
서울특별시,중랑구,망우본동,서울특별시 중랑구 망우본동,11260655,21,42376.45780821918
서울특별시,중랑구,망우본동,서울특별시 중랑구 망우본동,11260655,22,42733.94849315068
서울특별시,중랑구,망우본동,서울특별시 중랑구 망우본동,11260655,23,43124.70295890411
서울특별시,중랑구,면목2동,서울특별시 중랑구 면목2동,11260520,00,26912.707616438354
서울특별시,중랑구,면목2동,서울특별시 중랑구 면목2동,11260520,01,27022.867726027398
서울특별시,중랑구,면목2동,서울특별시 중랑구 면목2동,11260520,02,27084.54221917808
서울특별시,중랑구,면목2동,서울특별시 중랑구 면목2동,11260520,03,27132.832876712328
서울특별시,중랑구,면목2동,서울특별시 중랑구 면목2동,11260520,04,27147.671452054794
서울특별시,중랑구,면목2동,서울특별시 중랑구 면목2동,11260520,05,27064.15301369863
서울특별시,중랑구,면목2동,서울특별시 중랑구 면목2동,11260520,06,26727.968
서울특별시,중랑구,면목2동,서울특별시 중랑구 면목2동,11260520,07,26218.56564383562
서울특별시,중랑구,면목2동,서울특별시 중랑구 면목2동,11260520,08,25367.734520547943
서울특별시,중랑구,면목2동,서울특별시 중랑구 면목2동,11260520,09,24442.177068493154
서울특별시,중랑구,면목2동,서울특별시 중랑구 면목2동,11260520,10,23817.458438356163
서울특별시,중랑구,면목2동,서울특별시 중랑구 면목2동,11260520,11,23555.952410958907
서울특별시,중랑구,면목2동,서울특별시 중랑구 면목2동,11260520,12,23300.149287671233
서울특별시,중랑구,면목2동,서울특별시 중랑구 면목2동,11260520,13,23054.751397260272
서울특별시,중랑구,면목2동,서울특별시 중랑구 면목2동,11260520,14,22876.61405479452
서울특별시,중랑구,면목2동,서울특별시 중랑구 면목2동,11260520,15,22886.292684931508
서울특별시,중랑구,면목2동,서울특별시 중랑구 면목2동,11260520,16,23192.356
서울특별시,중랑구,면목2동,서울특별시 중랑구 면목2동,11260520,17,23556.21454794521
서울특별시,중랑구,면목2동,서울특별시 중랑구 면목2동,11260520,18,24063.238575342464
서울특별시,중랑구,면목2동,서울특별시 중랑구 면목2동,11260520,19,24640.830547945206
서울특별시,중랑구,면목2동,서울특별시 중랑구 면목2동,11260520,20,25127.935506849317
서울특별시,중랑구,면목2동,서울특별시 중랑구 면목2동,11260520,21,25638.662520547947
서울특별시,중랑구,면목2동,서울특별시 중랑구 면목2동,11260520,22,26137.235369863014
서울특별시,중랑구,면목2동,서울특별시 중랑구 면목2동,11260520,23,26486.39084931507
서울특별시,중랑구,면목3.8동,서울특별시 중랑구 면목3.8동,11260575,00,26124.800547945204
서울특별시,중랑구,면목3.8동,서울특별시 중랑구 면목3.8동,11260575,01,26209.13635616438
서울특별시,중랑구,면목3.8동,서울특별시 중랑구 면목3.8동,11260575,02,25999.17312328767
서울특별시,중랑구,면목3.8동,서울특별시 중랑구 면목3.8동,11260575,03,25886.038082191782
서울특별시,중랑구,면목3.8동,서울특별시 중랑구 면목3.8동,11260575,04,25856.6098630137
서울특별시,중랑구,면목3.8동,서울특별시 중랑구 면목3.8동,11260575,05,25809.21701369863
서울특별시,중랑구,면목3.8동,서울특별시 중랑구 면목3.8동,11260575,06,25638.29024657534
서울특별시,중랑구,면목3.8동,서울특별시 중랑구 면목3.8동,11260575,07,25371.590493150685
서울특별시,중랑구,면목3.8동,서울특별시 중랑구 면목3.8동,11260575,08,25574.307561643836
서울특별시,중랑구,면목3.8동,서울특별시 중랑구 면목3.8동,11260575,09,25951.466246575343
서울특별시,중랑구,면목3.8동,서울특별시 중랑구 면목3.8동,11260575,10,26410.26095890411
서울특별시,중랑구,면목3.8동,서울특별시 중랑구 면목3.8동,11260575,11,26905.039205479454
서울특별시,중랑구,면목3.8동,서울특별시 중랑구 면목3.8동,11260575,12,27152.35978082192
서울특별시,중랑구,면목3.8동,서울특별시 중랑구 면목3.8동,11260575,13,27286.485287671236
서울특별시,중랑구,면목3.8동,서울특별시 중랑구 면목3.8동,11260575,14,27262.96473972603
서울특별시,중랑구,면목3.8동,서울특별시 중랑구 면목3.8동,11260575,15,27141.519342465755
서울특별시,중랑구,면목3.8동,서울특별시 중랑구 면목3.8동,11260575,16,26944.920493150687
서울특별시,중랑구,면목3.8동,서울특별시 중랑구 면목3.8동,11260575,17,26819.377369863014
서울특별시,중랑구,면목3.8동,서울특별시 중랑구 면목3.8동,11260575,18,27036.385698630136
서울특별시,중랑구,면목3.8동,서울특별시 중랑구 면목3.8동,11260575,19,27346.994438356167
서울특별시,중랑구,면목3.8동,서울특별시 중랑구 면목3.8동,11260575,20,27169.575835616437
서울특별시,중랑구,면목3.8동,서울특별시 중랑구 면목3.8동,11260575,21,26923.956219178082
서울특별시,중랑구,면목3.8동,서울특별시 중랑구 면목3.8동,11260575,22,26698.856602739725
서울특별시,중랑구,면목3.8동,서울특별시 중랑구 면목3.8동,11260575,23,26574.40824657534
서울특별시,중랑구,면목4동,서울특별시 중랑구 면목4동,11260540,00,18666.462794520547
서울특별시,중랑구,면목4동,서울특별시 중랑구 면목4동,11260540,01,18825.10608219178
서울특별시,중랑구,면목4동,서울특별시 중랑구 면목4동,11260540,02,18816.424164383563
서울특별시,중랑구,면목4동,서울특별시 중랑구 면목4동,11260540,03,18809.24002739726
서울특별시,중랑구,면목4동,서울특별시 중랑구 면목4동,11260540,04,18842.15873972603
서울특별시,중랑구,면목4동,서울특별시 중랑구 면목4동,11260540,05,18790.31934246575
서울특별시,중랑구,면목4동,서울특별시 중랑구 면목4동,11260540,06,18639.004657534246
서울특별시,중랑구,면목4동,서울특별시 중랑구 면목4동,11260540,07,18284.987506849317
서울특별시,중랑구,면목4동,서울특별시 중랑구 면목4동,11260540,08,17868.758219178082
서울특별시,중랑구,면목4동,서울특별시 중랑구 면목4동,11260540,09,17126.002739726027
서울특별시,중랑구,면목4동,서울특별시 중랑구 면목4동,11260540,10,16529.34915068493
서울특별시,중랑구,면목4동,서울특별시 중랑구 면목4동,11260540,11,16098.01101369863
서울특별시,중랑구,면목4동,서울특별시 중랑구 면목4동,11260540,12,15821.635424657534
서울특별시,중랑구,면목4동,서울특별시 중랑구 면목4동,11260540,13,15675.895260273972
서울특별시,중랑구,면목4동,서울특별시 중랑구 면목4동,11260540,14,15596.267178082191
서울특별시,중랑구,면목4동,서울특별시 중랑구 면목4동,11260540,15,15588.07701369863
서울특별시,중랑구,면목4동,서울특별시 중랑구 면목4동,11260540,16,15721.0081369863
서울특별시,중랑구,면목4동,서울특별시 중랑구 면목4동,11260540,17,15933.279753424658
서울특별시,중랑구,면목4동,서울특별시 중랑구 면목4동,11260540,18,16261.683095890412
서울특별시,중랑구,면목4동,서울특별시 중랑구 면목4동,11260540,19,16855.415287671232
서울특별시,중랑구,면목4동,서울특별시 중랑구 면목4동,11260540,20,17300.836794520546
서울특별시,중랑구,면목4동,서울특별시 중랑구 면목4동,11260540,21,17738.310493150686
서울특별시,중랑구,면목4동,서울특별시 중랑구 면목4동,11260540,22,18148.18520547945
서울특별시,중랑구,면목4동,서울특별시 중랑구 면목4동,11260540,23,18512.895315068494
서울특별시,중랑구,면목5동,서울특별시 중랑구 면목5동,11260550,00,14671.05605479452
서울특별시,중랑구,면목5동,서울특별시 중랑구 면목5동,11260550,01,14770.83816438356
서울특별시,중랑구,면목5동,서울특별시 중랑구 면목5동,11260550,02,14860.787123287671
서울특별시,중랑구,면목5동,서울특별시 중랑구 면목5동,11260550,03,14906.351835616439
서울특별시,중랑구,면목5동,서울특별시 중랑구 면목5동,11260550,04,14919.203753424657
서울특별시,중랑구,면목5동,서울특별시 중랑구 면목5동,11260550,05,14826.302465753426
서울특별시,중랑구,면목5동,서울특별시 중랑구 면목5동,11260550,06,14593.326849315068
서울특별시,중랑구,면목5동,서울특별시 중랑구 면목5동,11260550,07,14241.415835616439
서울특별시,중랑구,면목5동,서울특별시 중랑구 면목5동,11260550,08,13376.547205479454
서울특별시,중랑구,면목5동,서울특별시 중랑구 면목5동,11260550,09,12334.231780821916
서울특별시,중랑구,면목5동,서울특별시 중랑구 면목5동,11260550,10,11733.094164383561
서울특별시,중랑구,면목5동,서울특별시 중랑구 면목5동,11260550,11,11357.534109589042
서울특별시,중랑구,면목5동,서울특별시 중랑구 면목5동,11260550,12,11144.560493150686
서울특별시,중랑구,면목5동,서울특별시 중랑구 면목5동,11260550,13,11053.449095890412
서울특별시,중랑구,면목5동,서울특별시 중랑구 면목5동,11260550,14,11061.150219178082
서울특별시,중랑구,면목5동,서울특별시 중랑구 면목5동,11260550,15,11231.145753424658
서울특별시,중랑구,면목5동,서울특별시 중랑구 면목5동,11260550,16,11419.982684931507
서울특별시,중랑구,면목5동,서울특별시 중랑구 면목5동,11260550,17,11602.37904109589
서울특별시,중랑구,면목5동,서울특별시 중랑구 면목5동,11260550,18,11938.756712328768
서울특별시,중랑구,면목5동,서울특별시 중랑구 면목5동,11260550,19,12530.929424657535
서울특별시,중랑구,면목5동,서울특별시 중랑구 면목5동,11260550,20,13140.615369863015
서울특별시,중랑구,면목5동,서울특별시 중랑구 면목5동,11260550,21,13670.915287671232
서울특별시,중랑구,면목5동,서울특별시 중랑구 면목5동,11260550,22,14115.867342465754
서울특별시,중랑구,면목5동,서울특별시 중랑구 면목5동,11260550,23,14428.250301369864
서울특별시,중랑구,면목7동,서울특별시 중랑구 면목7동,11260570,00,24069.60616438356
서울특별시,중랑구,면목7동,서울특별시 중랑구 면목7동,11260570,01,24244.258602739726
서울특별시,중랑구,면목7동,서울특별시 중랑구 면목7동,11260570,02,24453.55616438356
서울특별시,중랑구,면목7동,서울특별시 중랑구 면목7동,11260570,03,24573.50194520548
서울특별시,중랑구,면목7동,서울특별시 중랑구 면목7동,11260570,04,24585.60898630137
서울특별시,중랑구,면목7동,서울특별시 중랑구 면목7동,11260570,05,24426.45298630137
서울특별시,중랑구,면목7동,서울특별시 중랑구 면목7동,11260570,06,23950.49024657534
서울특별시,중랑구,면목7동,서울특별시 중랑구 면목7동,11260570,07,23337.594520547944
서울특별시,중랑구,면목7동,서울특별시 중랑구 면목7동,11260570,08,21901.965315068494
서울특별시,중랑구,면목7동,서울특별시 중랑구 면목7동,11260570,09,20200.526520547945
서울특별시,중랑구,면목7동,서울특별시 중랑구 면목7동,11260570,10,19109.62605479452
서울특별시,중랑구,면목7동,서울특별시 중랑구 면목7동,11260570,11,18483.002
서울특별시,중랑구,면목7동,서울특별시 중랑구 면목7동,11260570,12,18093.919506849314
서울특별시,중랑구,면목7동,서울특별시 중랑구 면목7동,11260570,13,17825.176602739724
서울특별시,중랑구,면목7동,서울특별시 중랑구 면목7동,11260570,14,17657.278410958905
서울특별시,중랑구,면목7동,서울특별시 중랑구 면목7동,11260570,15,17719.632575342464
서울특별시,중랑구,면목7동,서울특별시 중랑구 면목7동,11260570,16,18042.977315068492
서울특별시,중랑구,면목7동,서울특별시 중랑구 면목7동,11260570,17,18499.33698630137
서울특별시,중랑구,면목7동,서울특별시 중랑구 면목7동,11260570,18,19291.304301369863
서울특별시,중랑구,면목7동,서울특별시 중랑구 면목7동,11260570,19,20421.53117808219
서울특별시,중랑구,면목7동,서울특별시 중랑구 면목7동,11260570,20,21271.73016438356
서울특별시,중랑구,면목7동,서울특별시 중랑구 면목7동,11260570,21,22094.251561643836
서울특별시,중랑구,면목7동,서울특별시 중랑구 면목7동,11260570,22,22853.41895890411
서울특별시,중랑구,면목7동,서울특별시 중랑구 면목7동,11260570,23,23371.33556164384
서울특별시,중랑구,면목본동,서울특별시 중랑구 면목본동,11260565,00,38501.30216438356
서울특별시,중랑구,면목본동,서울특별시 중랑구 면목본동,11260565,01,38585.7173150685
서울특별시,중랑구,면목본동,서울특별시 중랑구 면목본동,11260565,02,38655.01284931507
서울특별시,중랑구,면목본동,서울특별시 중랑구 면목본동,11260565,03,38712.89750684932
서울특별시,중랑구,면목본동,서울특별시 중랑구 면목본동,11260565,04,38773.54161643836
서울특별시,중랑구,면목본동,서울특별시 중랑구 면목본동,11260565,05,38764.464958904115
서울특별시,중랑구,면목본동,서울특별시 중랑구 면목본동,11260565,06,38197.971479452055
서울특별시,중랑구,면목본동,서울특별시 중랑구 면목본동,11260565,07,37337.84517808219
서울특별시,중랑구,면목본동,서울특별시 중랑구 면목본동,11260565,08,35854.193561643835
서울특별시,중랑구,면목본동,서울특별시 중랑구 면목본동,11260565,09,33966.760027397264
서울특별시,중랑구,면목본동,서울특별시 중랑구 면목본동,11260565,10,33031.790602739726
서울특별시,중랑구,면목본동,서울특별시 중랑구 면목본동,11260565,11,32608.698575342467
서울특별시,중랑구,면목본동,서울특별시 중랑구 면목본동,11260565,12,32455.76682191781
서울특별시,중랑구,면목본동,서울특별시 중랑구 면목본동,11260565,13,32065.89731506849
서울특별시,중랑구,면목본동,서울특별시 중랑구 면목본동,11260565,14,31828.84709589041
서울특별시,중랑구,면목본동,서울특별시 중랑구 면목본동,11260565,15,32074.309260273974
서울특별시,중랑구,면목본동,서울특별시 중랑구 면목본동,11260565,16,32622.32879452055
서울특별시,중랑구,면목본동,서울특별시 중랑구 면목본동,11260565,17,33298.40597260274
서울특별시,중랑구,면목본동,서울특별시 중랑구 면목본동,11260565,18,34275.48312328767
서울특별시,중랑구,면목본동,서울특별시 중랑구 면목본동,11260565,19,35741.05978082192
서울특별시,중랑구,면목본동,서울특별시 중랑구 면목본동,11260565,20,36421.96720547945
서울특별시,중랑구,면목본동,서울특별시 중랑구 면목본동,11260565,21,36960.42076712329
서울특별시,중랑구,면목본동,서울특별시 중랑구 면목본동,11260565,22,37603.09547945205
서울특별시,중랑구,면목본동,서울특별시 중랑구 면목본동,11260565,23,38059.293671232874
서울특별시,중랑구,묵1동,서울특별시 중랑구 묵1동,11260620,00,33689.1853150685
서울특별시,중랑구,묵1동,서울특별시 중랑구 묵1동,11260620,01,33876.954547945206
서울특별시,중랑구,묵1동,서울특별시 중랑구 묵1동,11260620,02,34048.416630136984
서울특별시,중랑구,묵1동,서울특별시 중랑구 묵1동,11260620,03,34121.004493150685
서울특별시,중랑구,묵1동,서울특별시 중랑구 묵1동,11260620,04,34124.076794520544
서울특별시,중랑구,묵1동,서울특별시 중랑구 묵1동,11260620,05,34064.32816438356
서울특별시,중랑구,묵1동,서울특별시 중랑구 묵1동,11260620,06,33691.69698630137
서울특별시,중랑구,묵1동,서울특별시 중랑구 묵1동,11260620,07,33010.00698630137
서울특별시,중랑구,묵1동,서울특별시 중랑구 묵1동,11260620,08,31737.78849315069
서울특별시,중랑구,묵1동,서울특별시 중랑구 묵1동,11260620,09,29727.65619178082
서울특별시,중랑구,묵1동,서울특별시 중랑구 묵1동,11260620,10,28541.86515068493
서울특별시,중랑구,묵1동,서울특별시 중랑구 묵1동,11260620,11,27847.73073972603
서울특별시,중랑구,묵1동,서울특별시 중랑구 묵1동,11260620,12,27381.049643835613
서울특별시,중랑구,묵1동,서울특별시 중랑구 묵1동,11260620,13,26942.765863013698
서울특별시,중랑구,묵1동,서울특별시 중랑구 묵1동,11260620,14,26689.386273972603
서울특별시,중랑구,묵1동,서울특별시 중랑구 묵1동,11260620,15,26692.516438356164
서울특별시,중랑구,묵1동,서울특별시 중랑구 묵1동,11260620,16,26954.778849315066
서울특별시,중랑구,묵1동,서울특별시 중랑구 묵1동,11260620,17,27383.75704109589
서울특별시,중랑구,묵1동,서울특별시 중랑구 묵1동,11260620,18,28279.180657534245
서울특별시,중랑구,묵1동,서울특별시 중랑구 묵1동,11260620,19,29729.302273972604
서울특별시,중랑구,묵1동,서울특별시 중랑구 묵1동,11260620,20,30817.074493150685
서울특별시,중랑구,묵1동,서울특별시 중랑구 묵1동,11260620,21,31680.177863013698
서울특별시,중랑구,묵1동,서울특별시 중랑구 묵1동,11260620,22,32433.533479452057
서울특별시,중랑구,묵1동,서울특별시 중랑구 묵1동,11260620,23,32982.49698630137
서울특별시,중랑구,묵2동,서울특별시 중랑구 묵2동,11260630,00,24577.014328767124
서울특별시,중랑구,묵2동,서울특별시 중랑구 묵2동,11260630,01,24710.66112328767
서울특별시,중랑구,묵2동,서울특별시 중랑구 묵2동,11260630,02,24831.35509589041
서울특별시,중랑구,묵2동,서울특별시 중랑구 묵2동,11260630,03,24823.58783561644
서울특별시,중랑구,묵2동,서울특별시 중랑구 묵2동,11260630,04,24780.99876712329
서울특별시,중랑구,묵2동,서울특별시 중랑구 묵2동,11260630,05,24539.23432876712
서울특별시,중랑구,묵2동,서울특별시 중랑구 묵2동,11260630,06,24180.74882191781
서울특별시,중랑구,묵2동,서울특별시 중랑구 묵2동,11260630,07,23670.64904109589
서울특별시,중랑구,묵2동,서울특별시 중랑구 묵2동,11260630,08,22707.886328767123
서울특별시,중랑구,묵2동,서울특별시 중랑구 묵2동,11260630,09,21897.32720547945
서울특별시,중랑구,묵2동,서울특별시 중랑구 묵2동,11260630,10,21465.981616438356
서울특별시,중랑구,묵2동,서울특별시 중랑구 묵2동,11260630,11,21311.72704109589
서울특별시,중랑구,묵2동,서울특별시 중랑구 묵2동,11260630,12,21228.689232876714
서울특별시,중랑구,묵2동,서울특별시 중랑구 묵2동,11260630,13,21090.74605479452
서울특별시,중랑구,묵2동,서울특별시 중랑구 묵2동,11260630,14,21044.029041095888
서울특별시,중랑구,묵2동,서울특별시 중랑구 묵2동,11260630,15,21166.46882191781
서울특별시,중랑구,묵2동,서울특별시 중랑구 묵2동,11260630,16,21418.62997260274
서울특별시,중랑구,묵2동,서울특별시 중랑구 묵2동,11260630,17,21747.64005479452
서울특별시,중랑구,묵2동,서울특별시 중랑구 묵2동,11260630,18,22245.50005479452
서울특별시,중랑구,묵2동,서울특별시 중랑구 묵2동,11260630,19,22922.503698630135
서울특별시,중랑구,묵2동,서울특별시 중랑구 묵2동,11260630,20,23291.851917808217
서울특별시,중랑구,묵2동,서울특별시 중랑구 묵2동,11260630,21,23532.848328767126
서울특별시,중랑구,묵2동,서울특별시 중랑구 묵2동,11260630,22,23838.224109589042
서울특별시,중랑구,묵2동,서울특별시 중랑구 묵2동,11260630,23,24041.986684931508
서울특별시,중랑구,상봉1동,서울특별시 중랑구 상봉1동,11260580,00,21162.496219178083
서울특별시,중랑구,상봉1동,서울특별시 중랑구 상봉1동,11260580,01,21291.837315068493
서울특별시,중랑구,상봉1동,서울특별시 중랑구 상봉1동,11260580,02,21403.84715068493
서울특별시,중랑구,상봉1동,서울특별시 중랑구 상봉1동,11260580,03,21470.4518630137
서울특별시,중랑구,상봉1동,서울특별시 중랑구 상봉1동,11260580,04,21526.011397260274
서울특별시,중랑구,상봉1동,서울특별시 중랑구 상봉1동,11260580,05,21480.65928767123
서울특별시,중랑구,상봉1동,서울특별시 중랑구 상봉1동,11260580,06,21228.696684931507
서울특별시,중랑구,상봉1동,서울특별시 중랑구 상봉1동,11260580,07,20864.12980821918
서울특별시,중랑구,상봉1동,서울특별시 중랑구 상봉1동,11260580,08,20063.620493150687
서울특별시,중랑구,상봉1동,서울특별시 중랑구 상봉1동,11260580,09,18772.927972602738
서울특별시,중랑구,상봉1동,서울특별시 중랑구 상봉1동,11260580,10,18260.96482191781
서울특별시,중랑구,상봉1동,서울특별시 중랑구 상봉1동,11260580,11,18288.891287671235
서울특별시,중랑구,상봉1동,서울특별시 중랑구 상봉1동,11260580,12,18371.421671232878
서울특별시,중랑구,상봉1동,서울특별시 중랑구 상봉1동,11260580,13,18314.922712328767
서울특별시,중랑구,상봉1동,서울특별시 중랑구 상봉1동,11260580,14,18153.58802739726
서울특별시,중랑구,상봉1동,서울특별시 중랑구 상봉1동,11260580,15,18183.891753424658
서울특별시,중랑구,상봉1동,서울특별시 중랑구 상봉1동,11260580,16,18405.32254794521
서울특별시,중랑구,상봉1동,서울특별시 중랑구 상봉1동,11260580,17,18719.11391780822
서울특별시,중랑구,상봉1동,서울특별시 중랑구 상봉1동,11260580,18,19152.28235616438
서울특별시,중랑구,상봉1동,서울특별시 중랑구 상봉1동,11260580,19,19763.644904109588
서울특별시,중랑구,상봉1동,서울특별시 중랑구 상봉1동,11260580,20,20128.2621369863
서울특별시,중랑구,상봉1동,서울특별시 중랑구 상봉1동,11260580,21,20325.01789041096
서울특별시,중랑구,상봉1동,서울특별시 중랑구 상봉1동,11260580,22,20449.10183561644
서울특별시,중랑구,상봉1동,서울특별시 중랑구 상봉1동,11260580,23,20714.642410958906
서울특별시,중랑구,상봉2동,서울특별시 중랑구 상봉2동,11260590,00,25187.034410958906
서울특별시,중랑구,상봉2동,서울특별시 중랑구 상봉2동,11260590,01,24852.934767123286
서울특별시,중랑구,상봉2동,서울특별시 중랑구 상봉2동,11260590,02,24490.89704109589
서울특별시,중랑구,상봉2동,서울특별시 중랑구 상봉2동,11260590,03,24197.742383561646
서울특별시,중랑구,상봉2동,서울특별시 중랑구 상봉2동,11260590,04,23989.792136986303
서울특별시,중랑구,상봉2동,서울특별시 중랑구 상봉2동,11260590,05,23960.287342465756
서울특별시,중랑구,상봉2동,서울특별시 중랑구 상봉2동,11260590,06,23961.362958904112
서울특별시,중랑구,상봉2동,서울특별시 중랑구 상봉2동,11260590,07,24022.817479452056
서울특별시,중랑구,상봉2동,서울특별시 중랑구 상봉2동,11260590,08,23939.25380821918
서울특별시,중랑구,상봉2동,서울특별시 중랑구 상봉2동,11260590,09,24160.952520547944
서울특별시,중랑구,상봉2동,서울특별시 중랑구 상봉2동,11260590,10,25526.259945205482
서울특별시,중랑구,상봉2동,서울특별시 중랑구 상봉2동,11260590,11,26524.62712328767
서울특별시,중랑구,상봉2동,서울특별시 중랑구 상봉2동,11260590,12,26983.371643835617
서울특별시,중랑구,상봉2동,서울특별시 중랑구 상봉2동,11260590,13,27307.220547945206
서울특별시,중랑구,상봉2동,서울특별시 중랑구 상봉2동,11260590,14,27643.83046575342
서울특별시,중랑구,상봉2동,서울특별시 중랑구 상봉2동,11260590,15,27816.150328767122
서울특별시,중랑구,상봉2동,서울특별시 중랑구 상봉2동,11260590,16,27763.011452054794
서울특별시,중랑구,상봉2동,서울특별시 중랑구 상봉2동,11260590,17,27656.298
서울특별시,중랑구,상봉2동,서울특별시 중랑구 상봉2동,11260590,18,27959.15920547945
서울특별시,중랑구,상봉2동,서울특별시 중랑구 상봉2동,11260590,19,28481.345095890414
서울특별시,중랑구,상봉2동,서울특별시 중랑구 상봉2동,11260590,20,28423.318356164382
서울특별시,중랑구,상봉2동,서울특별시 중랑구 상봉2동,11260590,21,27712.81904109589
서울특별시,중랑구,상봉2동,서울특별시 중랑구 상봉2동,11260590,22,26564.54021917808
서울특별시,중랑구,상봉2동,서울특별시 중랑구 상봉2동,11260590,23,26136.619506849314
서울특별시,중랑구,신내1동,서울특별시 중랑구 신내1동,11260680,00,39802.30336986302
서울특별시,중랑구,신내1동,서울특별시 중랑구 신내1동,11260680,01,39836.40145205479
서울특별시,중랑구,신내1동,서울특별시 중랑구 신내1동,11260680,02,39843.983643835614
서울특별시,중랑구,신내1동,서울특별시 중랑구 신내1동,11260680,03,39918.67780821918
서울특별시,중랑구,신내1동,서울특별시 중랑구 신내1동,11260680,04,40062.63887671233
서울특별시,중랑구,신내1동,서울특별시 중랑구 신내1동,11260680,05,40099.33747945206
서울특별시,중랑구,신내1동,서울특별시 중랑구 신내1동,11260680,06,40021.21178082192
서울특별시,중랑구,신내1동,서울특별시 중랑구 신내1동,11260680,07,39751.41761643835
서울특별시,중랑구,신내1동,서울특별시 중랑구 신내1동,11260680,08,39534.39194520548
서울특별시,중랑구,신내1동,서울특별시 중랑구 신내1동,11260680,09,39389.00893150685
서울특별시,중랑구,신내1동,서울특별시 중랑구 신내1동,11260680,10,39038.60605479452
서울특별시,중랑구,신내1동,서울특별시 중랑구 신내1동,11260680,11,38825.682082191786
서울특별시,중랑구,신내1동,서울특별시 중랑구 신내1동,11260680,12,38634.62890410959
서울특별시,중랑구,신내1동,서울특별시 중랑구 신내1동,11260680,13,38645.6398630137
서울특별시,중랑구,신내1동,서울특별시 중랑구 신내1동,11260680,14,38631.369452054794
서울특별시,중랑구,신내1동,서울특별시 중랑구 신내1동,11260680,15,38742.555232876715
서울특별시,중랑구,신내1동,서울특별시 중랑구 신내1동,11260680,16,39140.332246575344
서울특별시,중랑구,신내1동,서울특별시 중랑구 신내1동,11260680,17,39265.51989041096
서울특별시,중랑구,신내1동,서울특별시 중랑구 신내1동,11260680,18,38820.09906849315
서울특별시,중랑구,신내1동,서울특별시 중랑구 신내1동,11260680,19,38918.71641095891
서울특별시,중랑구,신내1동,서울특별시 중랑구 신내1동,11260680,20,39270.13679452055
서울특별시,중랑구,신내1동,서울특별시 중랑구 신내1동,11260680,21,39491.021095890406
서울특별시,중랑구,신내1동,서울특별시 중랑구 신내1동,11260680,22,39821.97016438356
서울특별시,중랑구,신내1동,서울특별시 중랑구 신내1동,11260680,23,39868.79284931507
서울특별시,중랑구,신내2동,서울특별시 중랑구 신내2동,11260690,00,19188.660301369862
서울특별시,중랑구,신내2동,서울특별시 중랑구 신내2동,11260690,01,19320.54602739726
서울특별시,중랑구,신내2동,서울특별시 중랑구 신내2동,11260690,02,19331.340465753423
서울특별시,중랑구,신내2동,서울특별시 중랑구 신내2동,11260690,03,19332.68298630137
서울특별시,중랑구,신내2동,서울특별시 중랑구 신내2동,11260690,04,19332.9081369863
서울특별시,중랑구,신내2동,서울특별시 중랑구 신내2동,11260690,05,19271.870575342466
서울특별시,중랑구,신내2동,서울특별시 중랑구 신내2동,11260690,06,19197.64098630137
서울특별시,중랑구,신내2동,서울특별시 중랑구 신내2동,11260690,07,18945.259643835616
서울특별시,중랑구,신내2동,서울특별시 중랑구 신내2동,11260690,08,18758.484191780823
서울특별시,중랑구,신내2동,서울특별시 중랑구 신내2동,11260690,09,18401.03210958904
서울특별시,중랑구,신내2동,서울특별시 중랑구 신내2동,11260690,10,17974.037424657534
서울특별시,중랑구,신내2동,서울특별시 중랑구 신내2동,11260690,11,17591.438547945207
서울특별시,중랑구,신내2동,서울특별시 중랑구 신내2동,11260690,12,17231.38301369863
서울특별시,중랑구,신내2동,서울특별시 중랑구 신내2동,11260690,13,17103.435999999998
서울특별시,중랑구,신내2동,서울특별시 중랑구 신내2동,11260690,14,17142.458383561643
서울특별시,중랑구,신내2동,서울특별시 중랑구 신내2동,11260690,15,17189.541424657535
서울특별시,중랑구,신내2동,서울특별시 중랑구 신내2동,11260690,16,17411.661260273973
서울특별시,중랑구,신내2동,서울특별시 중랑구 신내2동,11260690,17,17538.1041369863
서울특별시,중랑구,신내2동,서울특별시 중랑구 신내2동,11260690,18,17786.586767123288
서울특별시,중랑구,신내2동,서울특별시 중랑구 신내2동,11260690,19,18099.545424657535
서울특별시,중랑구,신내2동,서울특별시 중랑구 신내2동,11260690,20,18487.415534246575
서울특별시,중랑구,신내2동,서울특별시 중랑구 신내2동,11260690,21,18742.542301369864
서울특별시,중랑구,신내2동,서울특별시 중랑구 신내2동,11260690,22,18891.754191780823
서울특별시,중랑구,신내2동,서울특별시 중랑구 신내2동,11260690,23,19103.483643835618
서울특별시,중랑구,중화1동,서울특별시 중랑구 중화1동,11260600,00,19464.59301369863
서울특별시,중랑구,중화1동,서울특별시 중랑구 중화1동,11260600,01,19513.298493150687
서울특별시,중랑구,중화1동,서울특별시 중랑구 중화1동,11260600,02,19544.931643835615
서울특별시,중랑구,중화1동,서울특별시 중랑구 중화1동,11260600,03,19560.82575342466
서울특별시,중랑구,중화1동,서울특별시 중랑구 중화1동,11260600,04,19570.992931506848
서울특별시,중랑구,중화1동,서울특별시 중랑구 중화1동,11260600,05,19474.443315068493
서울특별시,중랑구,중화1동,서울특별시 중랑구 중화1동,11260600,06,19288.191671232875
서울특별시,중랑구,중화1동,서울특별시 중랑구 중화1동,11260600,07,19039.81906849315
서울특별시,중랑구,중화1동,서울특별시 중랑구 중화1동,11260600,08,18888.60189041096
서울특별시,중랑구,중화1동,서울특별시 중랑구 중화1동,11260600,09,18298.229369863013
서울특별시,중랑구,중화1동,서울특별시 중랑구 중화1동,11260600,10,17816.341369863014
서울특별시,중랑구,중화1동,서울특별시 중랑구 중화1동,11260600,11,17568.981753424658
서울특별시,중랑구,중화1동,서울특별시 중랑구 중화1동,11260600,12,17339.03208219178
서울특별시,중랑구,중화1동,서울특별시 중랑구 중화1동,11260600,13,17098.484136986302
서울특별시,중랑구,중화1동,서울특별시 중랑구 중화1동,11260600,14,16953.16819178082
서울특별시,중랑구,중화1동,서울특별시 중랑구 중화1동,11260600,15,16912.72101369863
서울특별시,중랑구,중화1동,서울특별시 중랑구 중화1동,11260600,16,17006.99909589041
서울특별시,중랑구,중화1동,서울특별시 중랑구 중화1동,11260600,17,17177.570273972604
서울특별시,중랑구,중화1동,서울특별시 중랑구 중화1동,11260600,18,17456.499643835617
서울특별시,중랑구,중화1동,서울특별시 중랑구 중화1동,11260600,19,17944.26912328767
서울특별시,중랑구,중화1동,서울특별시 중랑구 중화1동,11260600,20,18302.182520547947
서울특별시,중랑구,중화1동,서울특별시 중랑구 중화1동,11260600,21,18662.478630136986
서울특별시,중랑구,중화1동,서울특별시 중랑구 중화1동,11260600,22,18970.90106849315
서울특별시,중랑구,중화1동,서울특별시 중랑구 중화1동,11260600,23,19267.040684931504
서울특별시,중랑구,중화2동,서울특별시 중랑구 중화2동,11260610,00,24792.13597260274
서울특별시,중랑구,중화2동,서울특별시 중랑구 중화2동,11260610,01,24858.86504109589
서울특별시,중랑구,중화2동,서울특별시 중랑구 중화2동,11260610,02,24930.665835616437
서울특별시,중랑구,중화2동,서울특별시 중랑구 중화2동,11260610,03,24977.18087671233
서울특별시,중랑구,중화2동,서울특별시 중랑구 중화2동,11260610,04,24982.83408219178
서울특별시,중랑구,중화2동,서울특별시 중랑구 중화2동,11260610,05,24876.404273972603
서울특별시,중랑구,중화2동,서울특별시 중랑구 중화2동,11260610,06,24475.108410958906
서울특별시,중랑구,중화2동,서울특별시 중랑구 중화2동,11260610,07,23961.19167123288
서울특별시,중랑구,중화2동,서울특별시 중랑구 중화2동,11260610,08,22883.080630136985
서울특별시,중랑구,중화2동,서울특별시 중랑구 중화2동,11260610,09,21544.477561643835
서울특별시,중랑구,중화2동,서울특별시 중랑구 중화2동,11260610,10,20822.272630136984
서울특별시,중랑구,중화2동,서울특별시 중랑구 중화2동,11260610,11,20554.501835616436
서울특별시,중랑구,중화2동,서울특별시 중랑구 중화2동,11260610,12,20421.644356164386
서울특별시,중랑구,중화2동,서울특별시 중랑구 중화2동,11260610,13,20263.912794520547
서울특별시,중랑구,중화2동,서울특별시 중랑구 중화2동,11260610,14,20148.781452054794
서울특별시,중랑구,중화2동,서울특별시 중랑구 중화2동,11260610,15,20324.497589041097
서울특별시,중랑구,중화2동,서울특별시 중랑구 중화2동,11260610,16,20696.75569863014
서울특별시,중랑구,중화2동,서울특별시 중랑구 중화2동,11260610,17,21238.25980821918
서울특별시,중랑구,중화2동,서울특별시 중랑구 중화2동,11260610,18,21984.16490410959
서울특별시,중랑구,중화2동,서울특별시 중랑구 중화2동,11260610,19,22849.486301369863
서울특별시,중랑구,중화2동,서울특별시 중랑구 중화2동,11260610,20,23391.094849315064
서울특별시,중랑구,중화2동,서울특별시 중랑구 중화2동,11260610,21,23805.08701369863
서울특별시,중랑구,중화2동,서울특별시 중랑구 중화2동,11260610,22,24206.77720547945
서울특별시,중랑구,중화2동,서울특별시 중랑구 중화2동,11260610,23,24453.077671232877
